customer_id,churn_target,tenure_months,tenure_segment,preferred_login_device,city_tier,warehouse_to_home_km,preferred_payment_mode,gender,app_session_hours_30d,registered_devices_count,preferred_order_category,satisfaction_score,marital_status,address_count,complain_status_30d,order_amount_hike_percent,coupons_used_count,order_count_12m,recency_days,total_monetary_cashback,promo_transaction_ratio,dw_inserted_at
50001,1,4,1. Junior User (1-6 Months),Mobile Phone,3,6,Debit Card,female,3,3,Laptop & Accessory,2,Single,9,1,11,1,1,5,160,1,6/6/2026 9:09
50002,1,0,0. New User (<1 Month),Mobile Phone,1,8,UPI,male,3,4,Mobile Phone,3,Single,7,1,15,0,1,0,121,0,6/6/2026 9:09
50003,1,0,0. New User (<1 Month),Mobile Phone,1,30,Debit Card,male,2,4,Mobile Phone,3,Single,6,1,14,0,1,3,120,0,6/6/2026 9:09
50004,1,0,0. New User (<1 Month),Mobile Phone,3,15,Debit Card,male,2,4,Laptop & Accessory,5,Single,8,0,23,0,1,3,134,0,6/6/2026 9:09
50005,1,0,0. New User (<1 Month),Mobile Phone,1,12,Credit Card,male,0,3,Mobile Phone,5,Single,3,0,11,1,1,3,130,1,6/6/2026 9:09
50006,1,0,0. New User (<1 Month),Computer,1,22,Debit Card,female,3,5,Mobile Phone,5,Single,2,1,22,4,6,7,139,0.67,6/6/2026 9:09
50007,1,0,0. New User (<1 Month),Mobile Phone,3,11,Cash on Delivery,male,2,3,Laptop & Accessory,2,Divorced,4,0,14,0,1,0,121,0,6/6/2026 9:09
50008,1,0,0. New User (<1 Month),Mobile Phone,1,6,Credit Card,male,3,3,Mobile Phone,2,Divorced,3,1,16,2,2,0,123,1,6/6/2026 9:09
50009,1,13,3. Core Loyal (>1 Year),Mobile Phone,3,9,E wallet,male,0,4,Mobile Phone,3,Divorced,2,1,14,0,1,2,127,0,6/6/2026 9:09
50010,1,0,0. New User (<1 Month),Mobile Phone,1,31,Debit Card,male,2,5,Mobile Phone,3,Single,2,0,12,1,1,1,123,1,6/6/2026 9:09
50011,1,4,1. Junior User (1-6 Months),Mobile Phone,1,18,Cash on Delivery,female,2,3,Others,3,Divorced,2,0,0,9,15,8,295,0.6,6/6/2026 9:09
50012,1,11,2. Mid-Loyal (7-12 Months),Mobile Phone,1,6,Debit Card,male,3,4,Fashion,3,Single,10,1,13,0,1,0,154,0,6/6/2026 9:09
50013,1,0,0. New User (<1 Month),Mobile Phone,1,11,Cash on Delivery,male,2,3,Mobile Phone,3,Single,2,1,13,2,2,2,134,1,6/6/2026 9:09
50014,1,0,0. New User (<1 Month),Mobile Phone,1,15,Credit Card,male,3,4,Mobile Phone,3,Divorced,1,1,17,0,1,0,134,0,6/6/2026 9:09
50015,1,9,2. Mid-Loyal (7-12 Months),Mobile Phone,3,15,Credit Card,male,3,4,Fashion,2,Single,2,0,16,0,4,7,196,0,6/6/2026 9:09
50016,1,0,0. New User (<1 Month),Mobile Phone,2,12,UPI,male,3,3,Mobile Phone,5,Married,5,1,22,1,1,2,121,1,6/6/2026 9:09
50017,1,0,0. New User (<1 Month),Computer,1,12,Debit Card,female,0,4,Mobile Phone,2,Single,2,1,18,1,1,0,129,1,6/6/2026 9:09
50018,1,0,0. New User (<1 Month),Mobile Phone,3,11,E wallet,male,2,4,Laptop & Accessory,3,Single,2,1,11,1,1,3,157,1,6/6/2026 9:09
50019,1,0,0. New User (<1 Month),Computer,1,13,Debit Card,male,3,5,Laptop & Accessory,3,Single,2,1,24,1,1,6,161,1,6/6/2026 9:09
50020,1,19,3. Core Loyal (>1 Year),Mobile Phone,1,20,Debit Card,female,3,3,Mobile Phone,4,Divorced,10,1,18,1,4,3,150,0.25,6/6/2026 9:09
50021,1,0,0. New User (<1 Month),Mobile Phone,3,12,Debit Card,male,3,5,Laptop & Accessory,3,Divorced,5,1,18,6,7,7,162,0.86,6/6/2026 9:09
50022,1,20,3. Core Loyal (>1 Year),Mobile Phone,1,29,Credit Card,female,3,3,Fashion,2,Divorced,2,0,12,11,15,6,203,0.73,6/6/2026 9:09
50023,1,0,0. New User (<1 Month),Mobile Phone,3,28,E wallet,male,2,3,Mobile Phone,3,Single,2,1,19,0,1,0,117,0,6/6/2026 9:09
50024,1,0,0. New User (<1 Month),Mobile Phone,3,26,Debit Card,female,3,5,Laptop & Accessory,3,Divorced,4,1,11,1,2,2,146,0.5,6/6/2026 9:09
50025,1,14,3. Core Loyal (>1 Year),Computer,1,14,Debit Card,male,2,5,Fashion,2,Single,3,0,15,0,1,3,207,0,6/6/2026 9:09
50026,1,0,0. New User (<1 Month),Mobile Phone,1,15,Credit Card,female,2,3,Mobile Phone,5,Single,8,0,22,1,1,4,142,1,6/6/2026 9:09
50027,0,8,2. Mid-Loyal (7-12 Months),Mobile Phone,3,6,E wallet,male,3,3,Fashion,4,Divorced,2,0,13,1,1,6,173,1,6/6/2026 9:09
50028,0,0,0. New User (<1 Month),Mobile Phone,3,12,E wallet,male,2,3,Laptop & Accessory,3,Divorced,3,1,20,0,4,5,123,0,6/6/2026 9:09
50029,0,18,3. Core Loyal (>1 Year),Mobile Phone,1,-1,Debit Card,male,2,3,Laptop & Accessory,4,Married,9,0,18,1,1,15,123,1,6/6/2026 9:09
50030,0,5,1. Junior User (1-6 Months),Computer,3,14,E wallet,female,2,3,Fashion,2,Single,2,0,14,2,3,7,190,0.67,6/6/2026 9:09
50031,0,2,1. Junior User (1-6 Months),Computer,1,6,Cash on Delivery,male,2,3,Laptop & Accessory,3,Divorced,2,0,13,0,1,9,143,0,6/6/2026 9:09
50032,0,0,0. New User (<1 Month),Mobile Phone,1,13,Credit Card,male,2,4,Laptop & Accessory,3,Divorced,3,0,17,1,1,0,161,1,6/6/2026 9:09
50033,0,30,3. Core Loyal (>1 Year),Mobile Phone,1,15,Credit Card,female,3,4,Mobile Phone,4,Divorced,5,1,20,1,1,0,133,1,6/6/2026 9:09
50034,0,13,3. Core Loyal (>1 Year),Mobile Phone,3,10,E wallet,male,3,4,Fashion,2,Divorced,8,0,11,2,2,11,209,1,6/6/2026 9:09
50035,0,0,0. New User (<1 Month),Computer,3,8,E wallet,female,3,3,Mobile Phone,3,Divorced,7,0,18,1,1,2,122,1,6/6/2026 9:09
50036,0,0,0. New User (<1 Month),Mobile Phone,1,-1,Credit Card,male,3,3,Mobile Phone,2,Divorced,2,0,24,0,2,2,123,0,6/6/2026 9:09
50037,0,0,0. New User (<1 Month),Computer,1,15,Credit Card,male,2,3,Mobile Phone,4,Married,7,0,18,0,2,2,120,0,6/6/2026 9:09
50038,0,1,1. Junior User (1-6 Months),Mobile Phone,1,27,Credit Card,male,0,3,Mobile Phone,2,Divorced,2,0,11,0,1,2,127,0,6/6/2026 9:09
50039,0,30,3. Core Loyal (>1 Year),Mobile Phone,1,30,Debit Card,male,2,2,Fashion,2,Married,4,1,16,1,1,4,194,1,6/6/2026 9:09
50040,0,0,0. New User (<1 Month),Computer,1,-1,Credit Card,male,3,4,Mobile Phone,3,Married,2,1,15,0,1,1,126,0,6/6/2026 9:09
50041,0,23,3. Core Loyal (>1 Year),Mobile Phone,1,17,Debit Card,female,2,3,Others,4,Single,4,0,0,2,4,4,299,0.5,6/6/2026 9:09
50042,0,14,3. Core Loyal (>1 Year),Mobile Phone,1,-1,Debit Card,male,2,3,Mobile Phone,3,Married,5,0,12,1,1,8,125,1,6/6/2026 9:09
50043,0,3,1. Junior User (1-6 Months),Mobile Phone,3,11,Debit Card,female,2,3,Fashion,2,Divorced,3,0,12,2,7,4,194,0.29,6/6/2026 9:09
50044,0,11,2. Mid-Loyal (7-12 Months),Mobile Phone,3,6,Debit Card,female,2,4,Laptop & Accessory,2,Single,5,0,22,1,1,1,187,1,6/6/2026 9:09
50045,0,5,1. Junior User (1-6 Months),Mobile Phone,1,12,Debit Card,male,0,3,Mobile Phone,3,Single,4,0,20,0,1,4,130,0,6/6/2026 9:09
50046,0,0,0. New User (<1 Month),Mobile Phone,1,23,Cash on Delivery,male,0,3,Mobile Phone,4,Divorced,1,1,16,1,1,1,131,1,6/6/2026 9:09
50047,1,0,0. New User (<1 Month),Computer,3,-1,Cash on Delivery,female,3,5,Mobile Phone,5,Single,1,0,21,1,1,0,123,1,6/6/2026 9:09
50048,0,0,0. New User (<1 Month),Computer,1,9,Credit Card,male,1,3,Mobile Phone,4,Single,5,0,12,4,7,2,121,0.57,6/6/2026 9:09
50049,0,3,1. Junior User (1-6 Months),Computer,1,15,Credit Card,male,0,3,Laptop & Accessory,5,Married,2,0,11,0,6,10,131,0,6/6/2026 9:09
50050,0,18,3. Core Loyal (>1 Year),Mobile Phone,3,10,Debit Card,female,1,3,Laptop & Accessory,5,Married,5,1,11,0,1,3,150,0,6/6/2026 9:09
50051,0,29,3. Core Loyal (>1 Year),Mobile Phone,1,14,Debit Card,female,3,3,Mobile Phone,5,Married,5,1,18,1,2,2,143,0.5,6/6/2026 9:09
50052,0,6,1. Junior User (1-6 Months),Mobile Phone,1,-1,Debit Card,male,2,3,Mobile Phone,2,Single,1,0,14,0,1,2,125,0,6/6/2026 9:09
50053,1,0,0. New User (<1 Month),Mobile Phone,1,8,Debit Card,male,2,4,Mobile Phone,2,Single,2,0,22,0,1,0,111,0,6/6/2026 9:09
50054,0,19,3. Core Loyal (>1 Year),Mobile Phone,3,6,E wallet,female,3,3,Fashion,5,Married,2,0,25,4,15,7,205,0.27,6/6/2026 9:09
50055,0,0,0. New User (<1 Month),Mobile Phone,1,15,Debit Card,female,3,3,Mobile Phone,2,Single,2,0,12,1,2,1,123,0.5,6/6/2026 9:09
50056,0,4,1. Junior User (1-6 Months),Mobile Phone,1,18,Credit Card,female,3,3,Mobile Phone,2,Divorced,9,1,23,1,1,2,139,1,6/6/2026 9:09
50057,0,0,0. New User (<1 Month),Mobile Phone,1,33,Credit Card,female,3,3,Mobile Phone,4,Single,3,0,15,1,1,2,123,1,6/6/2026 9:09
50058,1,4,1. Junior User (1-6 Months),Mobile Phone,3,26,E wallet,female,0,3,Mobile Phone,4,Single,2,1,22,0,1,2,131,0,6/6/2026 9:09
50059,0,23,3. Core Loyal (>1 Year),Mobile Phone,1,6,Credit Card,male,2,4,Mobile Phone,3,Divorced,3,0,15,0,1,2,137,0,6/6/2026 9:09
50060,0,26,3. Core Loyal (>1 Year),Mobile Phone,1,19,Credit Card,female,2,2,Laptop & Accessory,5,Married,2,0,11,1,1,3,145,1,6/6/2026 9:09
50061,0,6,1. Junior User (1-6 Months),Mobile Phone,1,20,Credit Card,female,0,3,Mobile Phone,4,Divorced,2,0,13,0,1,6,128,0,6/6/2026 9:09
50062,0,13,3. Core Loyal (>1 Year),Mobile Phone,1,10,Credit Card,female,2,3,Others,3,Divorced,2,0,14,0,9,9,290,0,6/6/2026 9:09
50063,0,28,3. Core Loyal (>1 Year),Mobile Phone,1,20,Credit Card,male,3,2,Others,4,Single,9,0,11,0,2,15,287,0,6/6/2026 9:09
50064,0,7,2. Mid-Loyal (7-12 Months),Computer,1,8,Debit Card,male,2,4,Laptop & Accessory,3,Divorced,2,0,17,0,1,9,195,0,6/6/2026 9:09
50065,0,24,3. Core Loyal (>1 Year),Mobile Phone,1,9,Credit Card,female,3,3,Grocery,4,Single,4,0,18,0,0,0,237,0,6/6/2026 9:09
50066,0,25,3. Core Loyal (>1 Year),Mobile Phone,1,6,Debit Card,male,3,4,Others,3,Divorced,1,0,0,1,11,9,300,0.09,6/6/2026 9:09
50067,0,0,0. New User (<1 Month),Mobile Phone,1,15,Credit Card,female,2,3,Mobile Phone,4,Single,2,0,16,1,1,3,123,1,6/6/2026 9:09
50068,1,0,0. New User (<1 Month),Mobile Phone,1,29,Debit Card,male,2,4,Laptop & Accessory,3,Divorced,4,1,13,1,1,1,159,1,6/6/2026 9:09
50069,0,0,0. New User (<1 Month),Computer,1,13,Credit Card,male,2,2,Mobile Phone,2,Married,5,0,14,0,2,2,121,0,6/6/2026 9:09
50070,0,18,3. Core Loyal (>1 Year),Computer,1,8,Credit Card,male,3,4,Grocery,2,Divorced,10,0,23,0,11,8,268,0,6/6/2026 9:09
50071,0,10,2. Mid-Loyal (7-12 Months),Mobile Phone,1,27,Debit Card,male,3,2,Mobile Phone,5,Divorced,2,1,12,0,1,7,136,0,6/6/2026 9:09
50072,0,8,2. Mid-Loyal (7-12 Months),Computer,1,8,Credit Card,female,2,3,Laptop & Accessory,4,Single,6,0,11,1,1,2,144,1,6/6/2026 9:09
50073,0,15,3. Core Loyal (>1 Year),Computer,1,27,Credit Card,female,2,3,Laptop & Accessory,3,Married,3,0,16,0,1,2,153,0,6/6/2026 9:09
50074,0,11,2. Mid-Loyal (7-12 Months),Mobile Phone,1,8,Debit Card,male,2,3,Laptop & Accessory,3,Divorced,10,0,14,0,1,0,166,0,6/6/2026 9:09
50075,0,11,2. Mid-Loyal (7-12 Months),Mobile Phone,1,35,Cash on Delivery,male,2,3,Laptop & Accessory,2,Divorced,4,0,18,0,1,7,163,0,6/6/2026 9:09
50076,0,0,0. New User (<1 Month),Computer,1,6,Cash on Delivery,male,2,4,Laptop & Accessory,5,Divorced,6,0,19,0,2,0,143,0,6/6/2026 9:09
50077,0,22,3. Core Loyal (>1 Year),Computer,1,24,Debit Card,male,3,3,Laptop & Accessory,2,Married,2,1,15,0,1,7,168,0,6/6/2026 9:09
50078,0,7,2. Mid-Loyal (7-12 Months),Computer,1,16,Credit Card,male,2,3,Mobile Phone,3,Married,2,1,17,2,2,0,138,1,6/6/2026 9:09
50079,0,13,3. Core Loyal (>1 Year),Mobile Phone,1,25,Credit Card,male,0,3,Laptop & Accessory,2,Divorced,9,1,15,1,3,7,127,0.33,6/6/2026 9:09
50080,1,1,1. Junior User (1-6 Months),Mobile Phone,1,35,Credit Card,male,3,3,Laptop & Accessory,5,Divorced,8,1,19,0,1,0,167,0,6/6/2026 9:09
50081,1,0,0. New User (<1 Month),Mobile Phone,3,33,E wallet,female,2,3,Fashion,2,Divorced,2,0,22,1,1,9,176,1,6/6/2026 9:09
50082,0,0,0. New User (<1 Month),Mobile Phone,1,-1,Debit Card,male,2,2,Mobile Phone,4,Married,2,1,16,0,2,2,123,0,6/6/2026 9:09
50083,0,0,0. New User (<1 Month),Computer,1,24,Credit Card,female,3,3,Mobile Phone,2,Single,2,0,13,1,1,7,122,1,6/6/2026 9:09
50084,0,13,3. Core Loyal (>1 Year),Computer,1,15,Debit Card,male,3,4,Laptop & Accessory,2,Divorced,10,0,14,1,1,2,149,1,6/6/2026 9:09
50085,0,19,3. Core Loyal (>1 Year),Mobile Phone,1,6,Credit Card,male,3,3,Fashion,5,Married,8,0,16,0,1,3,194,0,6/6/2026 9:09
50086,1,0,0. New User (<1 Month),Mobile Phone,3,10,Credit Card,male,2,5,Fashion,2,Divorced,2,0,11,7,9,8,204,0.78,6/6/2026 9:09
50087,0,3,1. Junior User (1-6 Months),Computer,1,6,Debit Card,male,2,4,Fashion,3,Single,2,0,22,2,5,8,185,0.4,6/6/2026 9:09
50088,0,0,0. New User (<1 Month),Computer,3,26,Debit Card,female,2,3,Laptop & Accessory,3,Single,2,0,14,1,1,7,200,1,6/6/2026 9:09
50089,0,24,3. Core Loyal (>1 Year),Mobile Phone,1,14,Debit Card,male,2,4,Fashion,4,Divorced,6,0,16,1,4,-1,225,0.25,6/6/2026 9:09
50090,1,0,0. New User (<1 Month),Mobile Phone,1,-1,Cash on Delivery,female,2,3,Mobile Phone,5,Single,6,1,11,1,1,4,127,1,6/6/2026 9:09
50091,0,14,3. Core Loyal (>1 Year),Mobile Phone,3,12,Debit Card,female,3,3,Fashion,2,Single,4,1,18,0,0,0,236,0,6/6/2026 9:09
50092,1,0,0. New User (<1 Month),Computer,3,32,E wallet,female,2,4,Laptop & Accessory,5,Single,6,0,15,0,1,1,167,0,6/6/2026 9:09
50093,1,0,0. New User (<1 Month),Mobile Phone,1,6,Cash on Delivery,male,2,3,Mobile Phone,3,Single,1,0,14,0,1,5,121,0,6/6/2026 9:09
50094,0,18,3. Core Loyal (>1 Year),Computer,3,12,Credit Card,female,2,4,Fashion,2,Single,7,0,12,12,12,8,189,1,6/6/2026 9:09
50095,0,27,3. Core Loyal (>1 Year),Mobile Phone,3,9,E wallet,female,2,3,Laptop & Accessory,5,Divorced,3,0,14,1,1,5,159,1,6/6/2026 9:09
50096,0,9,2. Mid-Loyal (7-12 Months),Mobile Phone,1,11,Debit Card,male,3,3,Laptop & Accessory,4,Single,9,0,16,0,3,7,159,0,6/6/2026 9:09
50097,0,6,1. Junior User (1-6 Months),Mobile Phone,1,-1,Credit Card,female,2,4,Mobile Phone,4,Divorced,7,0,21,0,1,1,126,0,6/6/2026 9:09
50098,0,10,2. Mid-Loyal (7-12 Months),Computer,1,17,UPI,male,2,3,Fashion,2,Married,2,1,14,0,1,-1,222,0,6/6/2026 9:09
50099,0,11,2. Mid-Loyal (7-12 Months),Mobile Phone,3,9,Debit Card,male,3,3,Fashion,3,Married,1,0,12,1,5,13,206,0.2,6/6/2026 9:09
50100,0,4,1. Junior User (1-6 Months),Computer,1,6,Credit Card,male,2,5,Laptop & Accessory,3,Divorced,1,0,12,1,1,4,143,1,6/6/2026 9:09
50101,0,0,0. New User (<1 Month),Mobile Phone,1,9,Debit Card,male,3,4,Mobile Phone,2,Divorced,4,0,17,0,1,0,122,0,6/6/2026 9:09
50102,0,10,2. Mid-Loyal (7-12 Months),Computer,3,10,E wallet,male,2,3,Mobile Phone,2,Married,5,0,17,1,5,8,0,0.2,6/6/2026 9:09
50103,0,2,1. Junior User (1-6 Months),Computer,3,6,Credit Card,female,2,3,Fashion,2,Divorced,2,0,14,4,4,1,179,1,6/6/2026 9:09
50104,0,8,2. Mid-Loyal (7-12 Months),Computer,3,6,E wallet,female,3,3,Fashion,3,Single,2,0,14,1,1,8,188,1,6/6/2026 9:09
50105,1,0,0. New User (<1 Month),Mobile Phone,1,-1,Credit Card,male,2,4,Mobile Phone,2,Single,2,1,13,0,1,1,124,0,6/6/2026 9:09
50106,0,25,3. Core Loyal (>1 Year),Mobile Phone,1,8,Debit Card,female,2,4,Mobile Phone,2,Single,8,0,15,0,2,2,132,0,6/6/2026 9:09
50107,0,15,3. Core Loyal (>1 Year),Mobile Phone,1,10,Cash on Delivery,male,2,3,Others,2,Divorced,2,0,0,0,11,15,292,0,6/6/2026 9:09
50108,0,0,0. New User (<1 Month),Mobile Phone,2,12,Credit Card,male,2,3,Mobile Phone,3,Divorced,9,0,17,2,2,2,123,1,6/6/2026 9:09
50109,0,23,3. Core Loyal (>1 Year),Mobile Phone,3,6,Credit Card,female,3,3,Others,2,Married,4,0,0,1,1,6,295,1,6/6/2026 9:09
50110,1,0,0. New User (<1 Month),Mobile Phone,1,-1,Credit Card,male,2,3,Mobile Phone,2,Divorced,6,1,13,0,1,4,124,0,6/6/2026 9:09
50111,0,16,3. Core Loyal (>1 Year),Mobile Phone,3,22,E wallet,female,3,3,Grocery,2,Divorced,6,1,22,0,0,9,261,0,6/6/2026 9:09
50112,1,0,0. New User (<1 Month),Mobile Phone,1,8,Debit Card,female,0,3,Mobile Phone,5,Divorced,8,0,20,1,1,7,127,1,6/6/2026 9:09
50113,0,25,3. Core Loyal (>1 Year),Computer,3,8,Debit Card,male,3,4,Others,3,Single,2,1,18,0,15,12,291,0,6/6/2026 9:09
50114,0,5,1. Junior User (1-6 Months),Mobile Phone,3,10,Debit Card,female,2,3,Mobile Phone,4,Divorced,3,0,11,1,1,2,139,1,6/6/2026 9:09
50115,1,0,0. New User (<1 Month),Mobile Phone,1,6,Debit Card,male,3,4,Mobile Phone,3,Single,1,1,14,1,1,2,137,1,6/6/2026 9:09
50116,0,0,0. New User (<1 Month),Mobile Phone,1,6,Credit Card,female,3,3,Mobile Phone,3,Married,8,0,14,0,1,2,122,0,6/6/2026 9:09
50117,0,5,1. Junior User (1-6 Months),Computer,3,32,E wallet,male,3,3,Laptop & Accessory,2,Divorced,1,0,18,1,2,2,145,0.5,6/6/2026 9:09
50118,0,14,3. Core Loyal (>1 Year),Mobile Phone,1,25,Debit Card,male,0,3,Laptop & Accessory,5,Married,3,0,16,1,1,0,131,1,6/6/2026 9:09
50119,0,13,3. Core Loyal (>1 Year),Mobile Phone,1,30,Cash on Delivery,male,3,3,Laptop & Accessory,2,Married,2,0,17,2,4,7,133,0.5,6/6/2026 9:09
50120,0,18,3. Core Loyal (>1 Year),Mobile Phone,1,6,UPI,male,3,2,Others,2,Divorced,1,0,0,1,1,7,292,1,6/6/2026 9:09
50121,0,4,1. Junior User (1-6 Months),Computer,1,9,Credit Card,male,3,3,Fashion,3,Married,10,0,12,1,0,2,237,0,6/6/2026 9:09
50122,0,6,1. Junior User (1-6 Months),Mobile Phone,1,11,Debit Card,female,0,4,Mobile Phone,2,Divorced,2,0,13,0,1,2,129,0,6/6/2026 9:09
50123,0,7,2. Mid-Loyal (7-12 Months),Mobile Phone,1,8,Debit Card,male,2,4,Laptop & Accessory,5,Divorced,7,0,13,0,5,9,160,0,6/6/2026 9:09
50124,0,10,2. Mid-Loyal (7-12 Months),Mobile Phone,1,6,Credit Card,female,2,4,Mobile Phone,5,Divorced,3,0,14,1,1,2,139,1,6/6/2026 9:09
50125,0,18,3. Core Loyal (>1 Year),Computer,1,13,Debit Card,male,3,2,Laptop & Accessory,3,Divorced,5,0,17,0,1,2,164,0,6/6/2026 9:09
50126,1,0,0. New User (<1 Month),Computer,1,16,Credit Card,male,3,3,Fashion,3,Married,7,0,11,1,1,0,200,1,6/6/2026 9:09
50127,0,12,2. Mid-Loyal (7-12 Months),Computer,1,8,Cash on Delivery,female,3,3,Fashion,3,Single,1,0,25,10,11,-1,209,0.91,6/6/2026 9:09
50128,0,2,1. Junior User (1-6 Months),Mobile Phone,1,-1,Debit Card,male,2,3,Mobile Phone,2,Single,2,0,19,0,1,5,123,0,6/6/2026 9:09
50129,0,15,3. Core Loyal (>1 Year),Mobile Phone,1,23,Debit Card,female,2,2,Laptop & Accessory,5,Single,4,1,13,0,1,2,165,0,6/6/2026 9:09
50130,0,2,1. Junior User (1-6 Months),Mobile Phone,3,26,E wallet,male,2,3,Laptop & Accessory,2,Married,3,0,14,1,1,2,169,1,6/6/2026 9:09
50131,0,0,0. New User (<1 Month),Mobile Phone,1,6,Debit Card,female,3,3,Laptop & Accessory,3,Divorced,1,0,12,1,1,2,149,1,6/6/2026 9:09
50132,0,15,3. Core Loyal (>1 Year),Mobile Phone,1,-1,Credit Card,female,2,4,Mobile Phone,5,Married,1,1,11,4,7,8,126,0.57,6/6/2026 9:09
50133,0,13,3. Core Loyal (>1 Year),Mobile Phone,1,8,Credit Card,male,2,3,Others,3,Married,1,0,0,0,3,9,294,0,6/6/2026 9:09
50134,0,24,3. Core Loyal (>1 Year),Mobile Phone,1,6,Debit Card,male,0,3,Mobile Phone,2,Divorced,2,0,11,1,1,0,127,1,6/6/2026 9:09
50135,1,0,0. New User (<1 Month),Computer,1,35,Credit Card,male,3,4,Mobile Phone,4,Single,1,0,11,1,1,4,135,1,6/6/2026 9:09
50136,0,5,1. Junior User (1-6 Months),Computer,1,13,Debit Card,male,0,2,Mobile Phone,4,Divorced,2,0,20,0,1,3,128,0,6/6/2026 9:09
50137,0,11,2. Mid-Loyal (7-12 Months),Computer,3,8,Debit Card,male,2,4,Laptop & Accessory,2,Divorced,4,0,18,6,7,5,152,0.86,6/6/2026 9:09
50138,0,0,0. New User (<1 Month),Mobile Phone,1,8,Cash on Delivery,male,2,4,Laptop & Accessory,5,Single,5,0,13,0,1,4,122,0,6/6/2026 9:09
50139,0,19,3. Core Loyal (>1 Year),Mobile Phone,3,8,Cash on Delivery,female,3,5,Grocery,4,Divorced,4,1,12,0,7,7,269,0,6/6/2026 9:09
50140,1,0,0. New User (<1 Month),Mobile Phone,1,8,Debit Card,male,3,3,Mobile Phone,3,Single,3,0,11,1,1,0,135,1,6/6/2026 9:09
50141,0,2,1. Junior User (1-6 Months),Mobile Phone,3,8,Credit Card,male,3,4,Laptop & Accessory,4,Divorced,3,0,19,0,1,0,166,0,6/6/2026 9:09
50142,0,4,1. Junior User (1-6 Months),Mobile Phone,1,29,Credit Card,male,3,4,Laptop & Accessory,2,Divorced,1,0,21,1,7,8,156,0.14,6/6/2026 9:09
50143,0,0,0. New User (<1 Month),Computer,1,11,Debit Card,male,2,2,Laptop & Accessory,5,Married,2,0,12,1,1,5,140,1,6/6/2026 9:09
50144,0,18,3. Core Loyal (>1 Year),Mobile Phone,1,26,Credit Card,male,3,3,Grocery,2,Divorced,1,1,14,0,0,10,235,0,6/6/2026 9:09
50145,0,9,2. Mid-Loyal (7-12 Months),Mobile Phone,1,12,Debit Card,male,2,3,Mobile Phone,2,Divorced,1,0,11,4,10,11,132,0.4,6/6/2026 9:09
50146,0,28,3. Core Loyal (>1 Year),Mobile Phone,1,6,Credit Card,male,2,3,Others,5,Single,1,1,14,0,4,13,290,0,6/6/2026 9:09
50147,1,10,2. Mid-Loyal (7-12 Months),Computer,1,35,Debit Card,male,2,3,Fashion,4,Divorced,2,1,12,5,9,-1,218,0.56,6/6/2026 9:09
50148,0,0,0. New User (<1 Month),Mobile Phone,1,15,Credit Card,male,3,3,Mobile Phone,2,Divorced,2,0,23,1,1,4,121,1,6/6/2026 9:09
50149,0,10,2. Mid-Loyal (7-12 Months),Mobile Phone,3,12,Credit Card,male,3,3,Laptop & Accessory,2,Divorced,5,0,14,0,1,1,165,0,6/6/2026 9:09
50150,0,0,0. New User (<1 Month),Mobile Phone,1,9,Credit Card,male,3,4,Mobile Phone,3,Single,2,0,17,1,1,0,132,1,6/6/2026 9:09
50151,0,10,2. Mid-Loyal (7-12 Months),Computer,1,6,Credit Card,female,0,3,Fashion,2,Married,3,1,18,0,0,2,236,0,6/6/2026 9:09
50152,0,2,1. Junior User (1-6 Months),Mobile Phone,1,28,Debit Card,female,3,2,Fashion,4,Married,8,0,18,5,6,-1,220,0.83,6/6/2026 9:09
50153,0,11,2. Mid-Loyal (7-12 Months),Mobile Phone,3,13,Credit Card,female,2,2,Laptop & Accessory,5,Married,2,1,24,0,7,7,156,0,6/6/2026 9:09
50154,0,0,0. New User (<1 Month),Computer,1,6,Debit Card,female,2,3,Laptop & Accessory,4,Married,2,0,20,0,1,4,164,0,6/6/2026 9:09
50155,0,23,3. Core Loyal (>1 Year),Mobile Phone,1,10,Debit Card,male,3,3,Others,4,Married,4,0,14,0,1,6,291,0,6/6/2026 9:09
50156,0,26,3. Core Loyal (>1 Year),Mobile Phone,1,9,Credit Card,male,2,3,Grocery,3,Divorced,4,1,16,0,1,3,276,0,6/6/2026 9:09
50157,0,15,3. Core Loyal (>1 Year),Mobile Phone,3,6,Debit Card,male,2,3,Laptop & Accessory,3,Divorced,2,0,25,4,11,6,149,0.36,6/6/2026 9:09
50158,0,2,1. Junior User (1-6 Months),Computer,3,8,Debit Card,male,2,3,Laptop & Accessory,2,Single,2,0,18,0,1,9,146,0,6/6/2026 9:09
50159,0,28,3. Core Loyal (>1 Year),Mobile Phone,1,26,Cash on Delivery,male,2,3,Laptop & Accessory,2,Divorced,4,1,19,1,1,8,154,1,6/6/2026 9:09
50160,0,0,0. New User (<1 Month),Computer,1,17,Credit Card,male,2,3,Laptop & Accessory,5,Divorced,2,1,13,2,3,3,147,0.67,6/6/2026 9:09
50161,0,0,0. New User (<1 Month),Mobile Phone,1,6,Debit Card,female,2,3,Mobile Phone,2,Single,2,0,12,1,5,7,121,0.2,6/6/2026 9:09
50162,1,7,2. Mid-Loyal (7-12 Months),Computer,1,30,Debit Card,male,0,3,Mobile Phone,3,Married,4,1,22,0,1,0,132,0,6/6/2026 9:09
50163,0,11,2. Mid-Loyal (7-12 Months),Mobile Phone,1,29,Debit Card,male,2,3,Laptop & Accessory,2,Married,10,0,14,0,1,2,157,0,6/6/2026 9:09
50164,1,0,0. New User (<1 Month),Mobile Phone,1,-1,Credit Card,male,2,3,Mobile Phone,4,Married,3,1,13,1,1,2,124,1,6/6/2026 9:09
50165,0,1,1. Junior User (1-6 Months),Mobile Phone,1,14,Debit Card,female,3,3,Mobile Phone,2,Single,2,0,21,0,1,2,133,0,6/6/2026 9:09
50166,0,22,3. Core Loyal (>1 Year),Computer,1,16,Debit Card,female,2,3,Others,5,Single,10,1,11,0,1,2,287,0,6/6/2026 9:09
50167,0,9,2. Mid-Loyal (7-12 Months),Mobile Phone,1,9,Cash on Delivery,male,1,3,Laptop & Accessory,4,Single,5,0,12,6,7,7,145,0.86,6/6/2026 9:09
50168,0,4,1. Junior User (1-6 Months),Computer,3,11,E wallet,female,0,3,Mobile Phone,4,Married,2,0,11,0,2,2,128,0,6/6/2026 9:09
50169,1,0,0. New User (<1 Month),Mobile Phone,3,10,E wallet,male,2,4,Laptop & Accessory,2,Single,2,1,12,7,7,4,158,1,6/6/2026 9:09
50170,0,10,2. Mid-Loyal (7-12 Months),Computer,1,-1,Credit Card,male,2,3,Mobile Phone,2,Divorced,2,1,12,0,1,2,123,0,6/6/2026 9:09
50171,0,15,3. Core Loyal (>1 Year),Computer,3,32,E wallet,female,3,3,Grocery,4,Divorced,6,0,14,2,0,8,235,0,6/6/2026 9:09
50172,1,0,0. New User (<1 Month),Mobile Phone,1,9,Debit Card,male,2,3,Mobile Phone,3,Single,2,0,13,0,1,0,114,0,6/6/2026 9:09
50173,0,8,2. Mid-Loyal (7-12 Months),Mobile Phone,3,22,E wallet,male,3,3,Fashion,4,Divorced,1,0,15,3,6,9,180,0.5,6/6/2026 9:09
50174,0,9,2. Mid-Loyal (7-12 Months),Computer,1,24,Debit Card,male,2,2,Mobile Phone,2,Divorced,5,0,18,0,1,0,137,0,6/6/2026 9:09
50175,0,24,3. Core Loyal (>1 Year),Mobile Phone,1,8,Credit Card,male,2,5,Laptop & Accessory,4,Married,6,0,18,0,1,2,155,0,6/6/2026 9:09
50176,0,14,3. Core Loyal (>1 Year),Mobile Phone,3,8,Debit Card,male,2,3,Grocery,4,Single,2,0,19,1,0,4,260,0,6/6/2026 9:09
50177,0,0,0. New User (<1 Month),Mobile Phone,3,16,Credit Card,female,3,4,Mobile Phone,3,Single,2,0,12,1,1,0,112,1,6/6/2026 9:09
50178,0,1,1. Junior User (1-6 Months),Mobile Phone,1,22,Credit Card,male,3,2,Laptop & Accessory,5,Single,1,0,19,0,1,7,157,0,6/6/2026 9:09
50179,0,4,1. Junior User (1-6 Months),Mobile Phone,3,13,Cash on Delivery,male,3,2,Laptop & Accessory,2,Divorced,5,0,11,3,7,7,169,0.43,6/6/2026 9:09
50180,0,12,2. Mid-Loyal (7-12 Months),Mobile Phone,1,6,Credit Card,male,2,2,Fashion,2,Married,1,0,17,3,3,7,196,1,6/6/2026 9:09
50181,0,9,2. Mid-Loyal (7-12 Months),Computer,1,30,Debit Card,female,2,3,Laptop & Accessory,4,Divorced,8,0,15,0,1,8,157,0,6/6/2026 9:09
50182,0,5,1. Junior User (1-6 Months),Mobile Phone,3,13,Debit Card,male,3,4,Laptop & Accessory,3,Divorced,2,0,14,1,4,8,155,0.25,6/6/2026 9:09
50183,0,11,2. Mid-Loyal (7-12 Months),Mobile Phone,1,31,Debit Card,female,2,4,Fashion,4,Divorced,4,0,17,1,1,-1,221,1,6/6/2026 9:09
50184,0,30,3. Core Loyal (>1 Year),Computer,1,6,Debit Card,male,2,5,Laptop & Accessory,3,Married,3,1,13,1,1,2,157,1,6/6/2026 9:09
50185,0,4,1. Junior User (1-6 Months),Mobile Phone,1,11,Cash on Delivery,male,2,3,Mobile Phone,2,Divorced,1,1,12,0,1,3,148,0,6/6/2026 9:09
50186,0,4,1. Junior User (1-6 Months),Mobile Phone,2,8,UPI,male,3,4,Laptop & Accessory,5,Divorced,4,0,12,0,1,0,164,0,6/6/2026 9:09
50187,0,18,3. Core Loyal (>1 Year),Computer,1,13,Debit Card,male,3,3,Fashion,5,Married,2,0,18,5,9,11,152,0.56,6/6/2026 9:09
50188,0,4,1. Junior User (1-6 Months),Mobile Phone,1,8,Debit Card,male,0,3,Mobile Phone,2,Married,1,1,18,1,2,2,127,0.5,6/6/2026 9:09
50189,0,6,1. Junior User (1-6 Months),Computer,1,11,Debit Card,female,3,3,Fashion,4,Divorced,7,0,11,2,8,-1,219,0.25,6/6/2026 9:09
50190,0,12,2. Mid-Loyal (7-12 Months),Mobile Phone,1,16,Credit Card,male,2,3,Grocery,5,Divorced,2,1,14,0,11,10,271,0,6/6/2026 9:09
50191,0,16,3. Core Loyal (>1 Year),Computer,1,-1,Debit Card,female,2,3,Mobile Phone,2,Single,1,0,19,0,1,7,125,0,6/6/2026 9:09
50192,0,22,3. Core Loyal (>1 Year),Mobile Phone,1,6,Cash on Delivery,female,2,4,Grocery,3,Single,8,1,12,1,0,7,240,0,6/6/2026 9:09
50193,1,15,3. Core Loyal (>1 Year),Mobile Phone,1,14,Credit Card,male,2,4,Laptop & Accessory,4,Divorced,3,0,15,7,7,7,149,1,6/6/2026 9:09
50194,0,0,0. New User (<1 Month),Mobile Phone,1,-1,Debit Card,female,2,3,Mobile Phone,4,Single,2,1,12,0,1,2,125,0,6/6/2026 9:09
50195,0,5,1. Junior User (1-6 Months),Mobile Phone,3,14,Cash on Delivery,female,3,4,Laptop & Accessory,4,Divorced,2,1,11,6,11,9,152,0.55,6/6/2026 9:09
50196,0,0,0. New User (<1 Month),Mobile Phone,3,8,Debit Card,male,3,3,Laptop & Accessory,3,Single,2,1,11,1,1,4,145,1,6/6/2026 9:09
50197,0,4,1. Junior User (1-6 Months),Mobile Phone,3,13,E wallet,male,3,3,Laptop & Accessory,2,Married,5,0,12,0,1,7,175,0,6/6/2026 9:09
50198,0,5,1. Junior User (1-6 Months),Mobile Phone,1,8,Credit Card,female,3,2,Laptop & Accessory,2,Single,8,0,16,1,1,7,151,1,6/6/2026 9:09
50199,1,0,0. New User (<1 Month),Mobile Phone,1,8,Credit Card,male,2,5,Mobile Phone,2,Divorced,6,1,13,2,2,2,135,1,6/6/2026 9:09
50200,0,3,1. Junior User (1-6 Months),Mobile Phone,1,34,Credit Card,female,3,3,Laptop & Accessory,2,Divorced,2,0,13,0,1,9,158,0,6/6/2026 9:09
50201,0,4,1. Junior User (1-6 Months),Computer,1,13,Debit Card,female,2,4,Fashion,3,Divorced,2,0,24,3,8,9,189,0.38,6/6/2026 9:09
50202,0,12,2. Mid-Loyal (7-12 Months),Computer,1,5,Credit Card,male,2,4,Others,2,Divorced,2,0,0,9,13,3,293,0.69,6/6/2026 9:09
50203,1,2,1. Junior User (1-6 Months),Mobile Phone,3,9,Credit Card,female,2,3,Laptop & Accessory,3,Divorced,5,1,18,1,1,0,152,1,6/6/2026 9:09
50204,0,6,1. Junior User (1-6 Months),Computer,3,16,E wallet,male,2,4,Laptop & Accessory,2,Single,4,0,14,1,1,1,147,1,6/6/2026 9:09
50205,0,20,3. Core Loyal (>1 Year),Mobile Phone,1,11,Debit Card,male,2,3,Others,3,Divorced,5,0,11,0,1,1,283,0,6/6/2026 9:09
50206,0,16,3. Core Loyal (>1 Year),Computer,1,16,Debit Card,female,2,4,Laptop & Accessory,3,Married,2,0,11,0,1,0,153,0,6/6/2026 9:09
50207,0,0,0. New User (<1 Month),Computer,3,6,E wallet,male,3,3,Laptop & Accessory,4,Divorced,1,1,13,0,1,4,163,0,6/6/2026 9:09
50208,0,27,3. Core Loyal (>1 Year),Computer,1,26,Debit Card,female,2,3,Laptop & Accessory,3,Single,4,0,12,1,1,3,149,1,6/6/2026 9:09
50209,0,16,3. Core Loyal (>1 Year),Mobile Phone,1,13,Debit Card,female,2,3,Fashion,5,Divorced,9,0,16,1,1,0,200,1,6/6/2026 9:09
50210,0,18,3. Core Loyal (>1 Year),Mobile Phone,1,14,UPI,male,3,3,Laptop & Accessory,2,Divorced,10,0,14,7,9,8,137,0.78,6/6/2026 9:09
50211,0,13,3. Core Loyal (>1 Year),Mobile Phone,3,6,Credit Card,male,2,5,Laptop & Accessory,2,Divorced,3,1,22,1,1,2,175,1,6/6/2026 9:09
50212,1,0,0. New User (<1 Month),Mobile Phone,1,14,UPI,male,3,5,Mobile Phone,5,Divorced,2,1,11,1,1,7,121,1,6/6/2026 9:09
50213,0,2,1. Junior User (1-6 Months),Mobile Phone,1,15,UPI,male,1,4,Mobile Phone,2,Single,1,0,17,2,2,2,140,1,6/6/2026 9:09
50214,0,3,1. Junior User (1-6 Months),Mobile Phone,3,11,E wallet,female,1,4,Laptop & Accessory,3,Married,2,0,13,0,1,2,161,0,6/6/2026 9:09
50215,0,0,0. New User (<1 Month),Mobile Phone,3,14,E wallet,female,2,3,Laptop & Accessory,4,Divorced,2,0,18,0,1,7,162,0,6/6/2026 9:09
50216,0,10,2. Mid-Loyal (7-12 Months),Mobile Phone,1,11,Credit Card,male,3,3,Laptop & Accessory,2,Married,8,0,16,0,1,4,163,0,6/6/2026 9:09
50217,0,11,2. Mid-Loyal (7-12 Months),Mobile Phone,1,21,Debit Card,male,3,4,Fashion,2,Married,1,1,14,1,2,-1,215,0.5,6/6/2026 9:09
50218,0,4,1. Junior User (1-6 Months),Mobile Phone,1,13,Credit Card,female,2,3,Fashion,2,Single,2,1,14,2,4,10,171,0.5,6/6/2026 9:09
50219,0,2,1. Junior User (1-6 Months),Mobile Phone,3,16,E wallet,female,2,4,Laptop & Accessory,4,Married,2,1,14,0,1,7,183,0,6/6/2026 9:09
50220,0,8,2. Mid-Loyal (7-12 Months),Mobile Phone,1,11,Cash on Delivery,male,3,3,Fashion,4,Single,1,0,13,0,1,13,181,0,6/6/2026 9:09
50221,0,0,0. New User (<1 Month),Mobile Phone,1,32,Debit Card,male,0,3,Mobile Phone,2,Married,2,0,12,1,1,2,129,1,6/6/2026 9:09
50222,0,14,3. Core Loyal (>1 Year),Mobile Phone,1,12,Credit Card,male,3,4,Laptop & Accessory,4,Single,7,1,15,1,1,2,160,1,6/6/2026 9:09
50223,0,20,3. Core Loyal (>1 Year),Computer,3,10,Credit Card,male,0,3,Laptop & Accessory,3,Single,4,0,19,0,1,0,130,0,6/6/2026 9:09
50224,0,15,3. Core Loyal (>1 Year),Mobile Phone,1,29,Debit Card,female,2,3,Grocery,2,Single,3,0,14,0,0,0,260,0,6/6/2026 9:09
50225,0,2,1. Junior User (1-6 Months),Computer,3,8,Debit Card,male,3,3,Laptop & Accessory,3,Divorced,2,0,14,1,1,2,146,1,6/6/2026 9:09
50226,0,15,3. Core Loyal (>1 Year),Mobile Phone,2,8,Cash on Delivery,male,0,3,Mobile Phone,3,Married,1,1,11,1,1,0,127,1,6/6/2026 9:09
50227,0,5,1. Junior User (1-6 Months),Mobile Phone,1,-1,Credit Card,female,3,3,Mobile Phone,4,Divorced,2,0,13,0,1,7,124,0,6/6/2026 9:09
50228,0,21,3. Core Loyal (>1 Year),Mobile Phone,3,35,Credit Card,female,3,3,Fashion,3,Divorced,4,0,21,0,1,-1,225,0,6/6/2026 9:09
50229,0,10,2. Mid-Loyal (7-12 Months),Mobile Phone,1,12,Credit Card,male,2,2,Laptop & Accessory,5,Married,5,1,13,2,6,7,160,0.33,6/6/2026 9:09
50230,0,3,1. Junior User (1-6 Months),Computer,3,31,Cash on Delivery,female,2,3,Laptop & Accessory,3,Divorced,8,1,12,1,2,2,147,0.5,6/6/2026 9:09
50231,0,0,0. New User (<1 Month),Mobile Phone,3,6,Debit Card,male,2,3,Laptop & Accessory,3,Divorced,2,0,17,2,7,7,153,0.29,6/6/2026 9:09
50232,0,15,3. Core Loyal (>1 Year),Mobile Phone,1,8,UPI,male,3,4,Laptop & Accessory,2,Single,4,0,23,0,1,0,168,0,6/6/2026 9:09
50233,1,0,0. New User (<1 Month),Computer,3,6,Cash on Delivery,female,2,4,Mobile Phone,4,Single,2,1,11,1,1,2,122,1,6/6/2026 9:09
50234,0,9,2. Mid-Loyal (7-12 Months),Computer,3,6,Credit Card,female,2,3,Laptop & Accessory,2,Single,5,0,15,1,1,0,167,1,6/6/2026 9:09
50235,0,9,2. Mid-Loyal (7-12 Months),Computer,3,9,Credit Card,male,2,4,Fashion,2,Divorced,5,0,11,0,1,12,197,0,6/6/2026 9:09
50236,0,30,3. Core Loyal (>1 Year),Mobile Phone,1,6,Credit Card,male,2,3,Laptop & Accessory,3,Divorced,3,0,11,1,1,2,168,1,6/6/2026 9:09
50237,0,0,0. New User (<1 Month),Mobile Phone,1,16,Debit Card,female,2,2,Mobile Phone,3,Divorced,4,1,13,0,1,7,122,0,6/6/2026 9:09
50238,0,0,0. New User (<1 Month),Computer,3,-1,Credit Card,male,2,3,Mobile Phone,2,Single,2,0,24,0,2,2,126,0,6/6/2026 9:09
50239,1,0,0. New User (<1 Month),Mobile Phone,3,11,E wallet,female,0,3,Mobile Phone,3,Single,2,1,13,1,1,0,129,1,6/6/2026 9:09
50240,0,10,2. Mid-Loyal (7-12 Months),Mobile Phone,1,16,Credit Card,female,3,3,Mobile Phone,5,Divorced,7,0,20,1,1,3,135,1,6/6/2026 9:09
50241,0,19,3. Core Loyal (>1 Year),Computer,1,13,Credit Card,female,1,3,Laptop & Accessory,3,Divorced,3,0,14,0,1,0,153,0,6/6/2026 9:09
50242,1,4,1. Junior User (1-6 Months),Computer,3,10,E wallet,male,2,3,Laptop & Accessory,4,Single,2,0,18,7,7,7,194,1,6/6/2026 9:09
50243,0,23,3. Core Loyal (>1 Year),Mobile Phone,1,16,Cash on Delivery,male,3,4,Fashion,2,Single,7,0,15,0,1,3,205,0,6/6/2026 9:09
50244,1,3,1. Junior User (1-6 Months),Mobile Phone,3,28,E wallet,male,3,4,Laptop & Accessory,3,Divorced,3,1,12,1,1,0,164,1,6/6/2026 9:09
50245,0,4,1. Junior User (1-6 Months),Mobile Phone,1,-1,Debit Card,male,2,4,Mobile Phone,4,Single,1,1,16,1,2,2,127,0.5,6/6/2026 9:09
50246,1,0,0. New User (<1 Month),Mobile Phone,3,18,Debit Card,female,0,2,Mobile Phone,4,Single,2,0,15,0,1,0,127,0,6/6/2026 9:09
50247,0,0,0. New User (<1 Month),Mobile Phone,1,29,Debit Card,male,2,3,Mobile Phone,2,Single,10,0,16,1,1,2,122,1,6/6/2026 9:09
50248,0,8,2. Mid-Loyal (7-12 Months),Mobile Phone,1,15,Debit Card,male,3,4,Laptop & Accessory,4,Single,10,0,19,1,1,0,165,1,6/6/2026 9:09
50249,0,0,0. New User (<1 Month),Mobile Phone,1,6,Credit Card,male,2,3,Mobile Phone,4,Married,2,0,11,0,1,4,138,0,6/6/2026 9:09
50250,0,1,1. Junior User (1-6 Months),Mobile Phone,3,15,Debit Card,male,3,3,Laptop & Accessory,2,Single,2,0,16,1,1,7,153,1,6/6/2026 9:09
50251,0,22,3. Core Loyal (>1 Year),Mobile Phone,1,13,UPI,male,2,4,Fashion,3,Single,9,0,24,1,1,0,145,1,6/6/2026 9:09
50252,0,24,3. Core Loyal (>1 Year),Mobile Phone,3,20,Debit Card,female,2,3,Laptop & Accessory,2,Divorced,5,0,11,0,1,7,149,0,6/6/2026 9:09
50253,0,9,2. Mid-Loyal (7-12 Months),Mobile Phone,1,-1,Debit Card,female,3,3,Mobile Phone,3,Divorced,5,0,13,1,2,2,125,0.5,6/6/2026 9:09
50254,1,0,0. New User (<1 Month),Computer,3,25,E wallet,male,3,2,Laptop & Accessory,2,Single,9,1,13,1,1,4,153,1,6/6/2026 9:09
50255,0,28,3. Core Loyal (>1 Year),Mobile Phone,1,8,Debit Card,female,3,3,Grocery,2,Single,3,1,13,0,1,2,267,0,6/6/2026 9:09
50256,0,0,0. New User (<1 Month),Mobile Phone,3,16,E wallet,female,3,3,Laptop & Accessory,3,Married,2,1,12,0,1,3,143,0,6/6/2026 9:09
50257,0,3,1. Junior User (1-6 Months),Mobile Phone,3,-1,Cash on Delivery,male,3,3,Mobile Phone,4,Divorced,2,0,18,1,1,0,125,1,6/6/2026 9:09
50258,1,0,0. New User (<1 Month),Computer,1,9,Cash on Delivery,male,0,3,Mobile Phone,5,Single,1,0,22,0,1,4,131,0,6/6/2026 9:09
50259,0,0,0. New User (<1 Month),Mobile Phone,1,17,Credit Card,female,2,3,Mobile Phone,4,Divorced,2,0,13,1,1,2,122,1,6/6/2026 9:09
50260,0,9,2. Mid-Loyal (7-12 Months),Mobile Phone,3,8,Credit Card,male,3,4,Fashion,3,Divorced,2,0,13,9,9,0,176,1,6/6/2026 9:09
50261,1,0,0. New User (<1 Month),Computer,1,10,Cash on Delivery,male,2,3,Mobile Phone,2,Single,19,1,23,1,1,0,123,1,6/6/2026 9:09
50262,0,10,2. Mid-Loyal (7-12 Months),Mobile Phone,1,20,Debit Card,female,0,3,Mobile Phone,5,Married,2,0,12,3,12,17,130,0.25,6/6/2026 9:09
50263,0,13,3. Core Loyal (>1 Year),Mobile Phone,3,8,E wallet,female,2,3,Laptop & Accessory,4,Married,8,0,12,0,1,3,157,0,6/6/2026 9:09
50264,0,15,3. Core Loyal (>1 Year),Mobile Phone,1,-1,Debit Card,female,3,3,Mobile Phone,5,Married,4,0,16,1,1,2,126,1,6/6/2026 9:09
50265,0,10,2. Mid-Loyal (7-12 Months),Mobile Phone,1,16,Debit Card,male,2,3,Laptop & Accessory,4,Single,3,1,12,0,1,1,142,0,6/6/2026 9:09
50266,0,16,3. Core Loyal (>1 Year),Mobile Phone,1,18,Debit Card,male,2,4,Grocery,4,Married,2,0,11,0,0,9,243,0,6/6/2026 9:09
50267,0,13,3. Core Loyal (>1 Year),Mobile Phone,1,8,Credit Card,female,3,4,Laptop & Accessory,3,Divorced,7,0,22,1,1,0,134,1,6/6/2026 9:09
50268,0,27,3. Core Loyal (>1 Year),Mobile Phone,1,11,Credit Card,male,2,3,Others,5,Divorced,5,0,0,1,1,2,294,1,6/6/2026 9:09
50269,0,7,2. Mid-Loyal (7-12 Months),Computer,3,10,E wallet,female,3,3,Laptop & Accessory,3,Divorced,10,0,15,1,1,2,165,1,6/6/2026 9:09
50270,0,4,1. Junior User (1-6 Months),Mobile Phone,1,13,Credit Card,female,2,3,Laptop & Accessory,5,Divorced,2,0,12,3,3,12,143,1,6/6/2026 9:09
50271,0,0,0. New User (<1 Month),Computer,1,27,Credit Card,male,3,3,Mobile Phone,2,Divorced,8,0,20,0,1,2,123,0,6/6/2026 9:09
50272,0,16,3. Core Loyal (>1 Year),Mobile Phone,1,14,UPI,female,3,3,Laptop & Accessory,3,Married,5,1,14,0,1,2,145,0,6/6/2026 9:09
50273,0,0,0. New User (<1 Month),Mobile Phone,3,10,Debit Card,female,2,4,Laptop & Accessory,2,Single,2,1,11,0,1,3,145,0,6/6/2026 9:09
50274,0,10,2. Mid-Loyal (7-12 Months),Computer,1,31,Credit Card,female,3,3,Laptop & Accessory,3,Divorced,4,1,15,3,10,7,144,0.3,6/6/2026 9:09
50275,0,0,0. New User (<1 Month),Mobile Phone,1,6,Debit Card,male,3,4,Mobile Phone,5,Divorced,2,0,12,0,3,2,122,0,6/6/2026 9:09
50276,0,12,2. Mid-Loyal (7-12 Months),Computer,1,6,Debit Card,male,2,3,Others,3,Married,2,1,14,0,1,6,292,0,6/6/2026 9:09
50277,0,29,3. Core Loyal (>1 Year),Computer,3,12,Debit Card,female,2,2,Grocery,5,Divorced,10,0,11,2,0,7,232,0,6/6/2026 9:09
50278,0,3,1. Junior User (1-6 Months),Mobile Phone,3,18,Cash on Delivery,female,2,3,Laptop & Accessory,3,Single,1,0,11,3,4,4,166,0.75,6/6/2026 9:09
50279,0,14,3. Core Loyal (>1 Year),Mobile Phone,3,6,E wallet,male,2,2,Fashion,5,Divorced,2,0,16,1,1,7,184,1,6/6/2026 9:09
50280,0,1,1. Junior User (1-6 Months),Mobile Phone,1,23,Credit Card,male,3,3,Laptop & Accessory,5,Married,2,0,12,0,1,8,146,0,6/6/2026 9:09
50281,1,0,0. New User (<1 Month),Mobile Phone,1,9,Credit Card,male,3,3,Mobile Phone,5,Divorced,6,0,13,1,1,2,140,1,6/6/2026 9:09
50282,0,25,3. Core Loyal (>1 Year),Mobile Phone,1,9,Credit Card,male,2,4,Fashion,3,Divorced,3,1,14,0,1,4,180,0,6/6/2026 9:09
50283,0,18,3. Core Loyal (>1 Year),Mobile Phone,1,-1,Debit Card,male,3,3,Mobile Phone,2,Divorced,4,0,21,1,1,2,127,1,6/6/2026 9:09
50284,0,25,3. Core Loyal (>1 Year),Mobile Phone,1,10,Debit Card,female,1,3,Grocery,2,Divorced,3,0,13,0,1,4,266,0,6/6/2026 9:09
50285,0,15,3. Core Loyal (>1 Year),Computer,1,35,Debit Card,female,3,3,Laptop & Accessory,3,Married,3,0,11,1,1,2,146,1,6/6/2026 9:09
50286,0,3,1. Junior User (1-6 Months),Mobile Phone,1,8,Debit Card,female,2,5,Laptop & Accessory,2,Single,3,0,20,0,1,2,161,0,6/6/2026 9:09
50287,0,30,3. Core Loyal (>1 Year),Mobile Phone,1,13,Debit Card,female,2,3,Others,5,Divorced,6,0,0,0,11,10,296,0,6/6/2026 9:09
50288,0,19,3. Core Loyal (>1 Year),Mobile Phone,1,24,Credit Card,female,2,3,Laptop & Accessory,3,Married,3,0,14,0,1,8,148,0,6/6/2026 9:09
50289,0,15,3. Core Loyal (>1 Year),Computer,1,34,Cash on Delivery,female,2,4,Laptop & Accessory,2,Divorced,1,0,11,0,1,4,145,0,6/6/2026 9:09
50290,1,0,0. New User (<1 Month),Mobile Phone,3,6,Cash on Delivery,female,3,3,Mobile Phone,4,Single,2,1,16,1,1,4,132,1,6/6/2026 9:09
50291,1,0,0. New User (<1 Month),Computer,3,-1,E wallet,female,2,5,Mobile Phone,3,Married,1,0,16,1,1,0,124,1,6/6/2026 9:09
50292,0,0,0. New User (<1 Month),Computer,1,8,Debit Card,male,2,3,Mobile Phone,2,Divorced,2,1,23,1,1,0,117,1,6/6/2026 9:09
50293,0,13,3. Core Loyal (>1 Year),Mobile Phone,3,8,Debit Card,female,3,3,Others,3,Divorced,1,0,14,0,1,12,280,0,6/6/2026 9:09
50294,0,0,0. New User (<1 Month),Mobile Phone,1,29,Debit Card,female,0,3,Mobile Phone,2,Married,2,0,22,1,1,2,129,1,6/6/2026 9:09
50295,0,0,0. New User (<1 Month),Computer,1,9,Debit Card,male,2,3,Mobile Phone,2,Divorced,5,0,15,0,1,4,121,0,6/6/2026 9:09
50296,0,2,1. Junior User (1-6 Months),Mobile Phone,1,9,Credit Card,male,3,4,Fashion,3,Divorced,2,0,18,1,1,-1,219,1,6/6/2026 9:09
50297,1,0,0. New User (<1 Month),Mobile Phone,1,-1,Cash on Delivery,female,3,4,Mobile Phone,4,Divorced,6,0,16,0,1,1,125,0,6/6/2026 9:09
50298,1,0,0. New User (<1 Month),Mobile Phone,2,-1,Cash on Delivery,male,2,4,Mobile Phone,2,Single,2,0,12,1,1,0,126,1,6/6/2026 9:09
50299,0,3,1. Junior User (1-6 Months),Computer,3,28,UPI,female,3,3,Fashion,5,Divorced,1,0,11,2,7,8,184,0.29,6/6/2026 9:09
50300,0,30,3. Core Loyal (>1 Year),Mobile Phone,3,35,E wallet,male,2,4,Grocery,2,Married,4,0,12,0,0,0,241,0,6/6/2026 9:09
50301,0,23,3. Core Loyal (>1 Year),Mobile Phone,1,35,Debit Card,male,2,4,Grocery,3,Divorced,1,0,15,0,15,7,270,0,6/6/2026 9:09
50302,0,3,1. Junior User (1-6 Months),Computer,1,-1,Credit Card,female,2,3,Mobile Phone,2,Single,1,0,14,5,6,7,126,0.83,6/6/2026 9:09
50303,0,30,3. Core Loyal (>1 Year),Computer,3,34,E wallet,female,3,4,Fashion,5,Divorced,5,0,19,13,13,11,203,1,6/6/2026 9:09
50304,0,20,3. Core Loyal (>1 Year),Mobile Phone,1,8,Credit Card,female,3,3,Laptop & Accessory,2,Married,6,0,13,0,1,4,151,0,6/6/2026 9:09
50305,0,19,3. Core Loyal (>1 Year),Mobile Phone,1,8,Debit Card,male,2,3,Grocery,3,Divorced,7,0,13,0,1,1,279,0,6/6/2026 9:09
50306,0,8,2. Mid-Loyal (7-12 Months),Mobile Phone,1,28,Debit Card,male,2,5,Mobile Phone,3,Single,1,0,15,2,4,3,142,0.5,6/6/2026 9:09
50307,0,27,3. Core Loyal (>1 Year),Mobile Phone,1,14,Debit Card,female,2,3,Laptop & Accessory,3,Single,8,0,11,1,1,0,138,1,6/6/2026 9:09
50308,0,7,2. Mid-Loyal (7-12 Months),Mobile Phone,1,8,Debit Card,male,0,4,Mobile Phone,3,Married,4,0,12,5,5,7,128,1,6/6/2026 9:09
50309,0,19,3. Core Loyal (>1 Year),Mobile Phone,3,16,E wallet,female,3,4,Fashion,2,Divorced,3,1,19,1,1,2,191,1,6/6/2026 9:09
50310,0,4,1. Junior User (1-6 Months),Mobile Phone,1,15,Debit Card,male,2,3,Fashion,4,Married,2,0,25,1,1,8,206,1,6/6/2026 9:09
50311,1,0,0. New User (<1 Month),Mobile Phone,1,21,Credit Card,male,2,3,Fashion,3,Divorced,8,1,12,0,0,7,236,0,6/6/2026 9:09
50312,1,0,0. New User (<1 Month),Mobile Phone,1,16,Credit Card,male,2,5,Mobile Phone,2,Married,8,0,13,0,1,3,134,0,6/6/2026 9:09
50313,0,3,1. Junior User (1-6 Months),Mobile Phone,3,13,E wallet,male,0,3,Mobile Phone,4,Single,1,0,14,1,1,2,130,1,6/6/2026 9:09
50314,0,8,2. Mid-Loyal (7-12 Months),Mobile Phone,1,22,Debit Card,male,3,3,Fashion,3,Divorced,5,1,12,0,1,0,176,0,6/6/2026 9:09
50315,1,0,0. New User (<1 Month),Computer,1,26,Debit Card,male,3,3,Fashion,3,Divorced,4,0,12,1,1,0,198,1,6/6/2026 9:09
50316,1,0,0. New User (<1 Month),Computer,2,29,UPI,female,2,3,Fashion,5,Married,10,1,15,1,1,2,200,1,6/6/2026 9:09
50317,0,0,0. New User (<1 Month),Computer,1,11,UPI,male,3,3,Mobile Phone,3,Divorced,5,0,17,2,2,0,121,1,6/6/2026 9:09
50318,0,9,2. Mid-Loyal (7-12 Months),Computer,3,16,Credit Card,male,2,3,Fashion,2,Single,2,0,14,1,9,7,200,0.11,6/6/2026 9:09
50319,1,0,0. New User (<1 Month),Computer,1,10,Cash on Delivery,male,2,4,Mobile Phone,3,Single,6,0,16,1,1,2,139,1,6/6/2026 9:09
50320,0,21,3. Core Loyal (>1 Year),Mobile Phone,3,8,E wallet,female,2,3,Laptop & Accessory,2,Divorced,3,0,14,4,6,7,141,0.67,6/6/2026 9:09
50321,0,28,3. Core Loyal (>1 Year),Mobile Phone,3,24,Debit Card,female,2,3,Grocery,4,Single,4,0,23,0,7,7,268,0,6/6/2026 9:09
50322,0,14,3. Core Loyal (>1 Year),Computer,3,16,Debit Card,male,2,3,Laptop & Accessory,2,Single,8,0,14,0,1,10,162,0,6/6/2026 9:09
50323,0,8,2. Mid-Loyal (7-12 Months),Mobile Phone,3,6,E wallet,male,2,3,Laptop & Accessory,3,Divorced,10,0,11,3,6,9,147,0.5,6/6/2026 9:09
50324,0,13,3. Core Loyal (>1 Year),Mobile Phone,1,12,Debit Card,female,3,3,Grocery,3,Single,8,0,15,4,0,13,232,0,6/6/2026 9:09
50325,0,12,2. Mid-Loyal (7-12 Months),Computer,1,14,Debit Card,female,2,3,Mobile Phone,3,Divorced,2,0,11,0,1,7,138,0,6/6/2026 9:09
50326,0,4,1. Junior User (1-6 Months),Mobile Phone,3,8,Debit Card,male,3,3,Laptop & Accessory,2,Single,5,1,13,1,1,5,166,1,6/6/2026 9:09
50327,0,15,3. Core Loyal (>1 Year),Mobile Phone,1,30,Credit Card,male,2,3,Fashion,5,Divorced,2,1,21,4,5,8,174,0.8,6/6/2026 9:09
50328,0,18,3. Core Loyal (>1 Year),Mobile Phone,3,8,UPI,male,3,3,Laptop & Accessory,4,Divorced,1,0,19,3,3,7,148,1,6/6/2026 9:09
50329,1,0,0. New User (<1 Month),Computer,2,23,Debit Card,female,0,3,Mobile Phone,3,Married,1,1,11,0,1,0,127,0,6/6/2026 9:09
50330,0,2,1. Junior User (1-6 Months),Mobile Phone,1,25,Cash on Delivery,male,2,3,Laptop & Accessory,2,Married,5,0,12,0,1,2,143,0,6/6/2026 9:09
50331,0,6,1. Junior User (1-6 Months),Mobile Phone,1,6,Credit Card,female,3,2,Grocery,3,Married,5,0,19,0,1,5,262,0,6/6/2026 9:09
50332,0,0,0. New User (<1 Month),Mobile Phone,3,13,Debit Card,male,2,4,Fashion,2,Married,10,0,21,1,1,-1,216,1,6/6/2026 9:09
50333,1,0,0. New User (<1 Month),Computer,3,11,E wallet,male,3,3,Mobile Phone,4,Single,2,1,14,1,1,0,119,1,6/6/2026 9:09
50334,0,13,3. Core Loyal (>1 Year),Computer,3,34,UPI,male,2,5,Fashion,5,Married,4,0,15,1,1,-1,209,1,6/6/2026 9:09
50335,0,14,3. Core Loyal (>1 Year),Computer,1,8,UPI,female,3,4,Laptop & Accessory,3,Single,3,1,17,0,1,7,168,0,6/6/2026 9:09
50336,0,0,0. New User (<1 Month),Mobile Phone,3,35,Credit Card,male,2,3,Laptop & Accessory,3,Married,6,0,12,1,1,0,143,1,6/6/2026 9:09
50337,0,8,2. Mid-Loyal (7-12 Months),Mobile Phone,3,6,Credit Card,female,3,3,Laptop & Accessory,3,Single,2,0,16,0,1,3,149,0,6/6/2026 9:09
50338,0,7,2. Mid-Loyal (7-12 Months),Mobile Phone,3,27,Debit Card,male,3,2,Laptop & Accessory,2,Single,2,0,12,5,5,7,153,1,6/6/2026 9:09
50339,1,0,0. New User (<1 Month),Mobile Phone,1,-1,Cash on Delivery,male,3,5,Mobile Phone,2,Single,2,1,18,1,1,0,123,1,6/6/2026 9:09
50340,0,10,2. Mid-Loyal (7-12 Months),Mobile Phone,1,6,Cash on Delivery,female,2,3,Fashion,2,Single,5,0,17,1,1,2,175,1,6/6/2026 9:09
50341,0,19,3. Core Loyal (>1 Year),Computer,1,24,Credit Card,female,2,3,Fashion,3,Divorced,6,0,11,1,1,2,205,1,6/6/2026 9:09
50342,0,14,3. Core Loyal (>1 Year),Mobile Phone,3,8,Debit Card,female,3,3,Grocery,5,Divorced,8,0,16,0,11,8,266,0,6/6/2026 9:09
50343,0,10,2. Mid-Loyal (7-12 Months),Computer,3,15,Credit Card,male,3,3,Fashion,4,Married,2,0,13,6,7,7,188,0.86,6/6/2026 9:09
50344,0,25,3. Core Loyal (>1 Year),Mobile Phone,1,12,Cash on Delivery,male,3,3,Laptop & Accessory,5,Married,4,1,12,2,6,9,156,0.33,6/6/2026 9:09
50345,1,0,0. New User (<1 Month),Computer,3,17,UPI,male,2,2,Laptop & Accessory,3,Divorced,9,0,12,1,1,2,147,1,6/6/2026 9:09
50346,0,0,0. New User (<1 Month),Computer,3,-1,Credit Card,male,2,3,Mobile Phone,2,Divorced,1,0,13,0,2,1,124,0,6/6/2026 9:09
50347,0,11,2. Mid-Loyal (7-12 Months),Mobile Phone,1,16,Credit Card,female,3,3,Laptop & Accessory,3,Divorced,4,0,19,1,1,0,198,1,6/6/2026 9:09
50348,0,10,2. Mid-Loyal (7-12 Months),Mobile Phone,1,6,Debit Card,female,3,3,Laptop & Accessory,4,Divorced,7,0,12,3,4,3,164,0.75,6/6/2026 9:09
50349,0,22,3. Core Loyal (>1 Year),Mobile Phone,1,24,Debit Card,male,2,4,Others,3,Married,2,1,0,0,1,9,295,0,6/6/2026 9:09
50350,0,0,0. New User (<1 Month),Mobile Phone,1,29,Credit Card,male,0,2,Mobile Phone,2,Divorced,2,1,11,0,1,4,127,0,6/6/2026 9:09
50351,0,0,0. New User (<1 Month),Mobile Phone,3,34,E wallet,male,3,3,Laptop & Accessory,4,Divorced,2,0,20,1,1,4,163,1,6/6/2026 9:09
50352,0,0,0. New User (<1 Month),Mobile Phone,1,23,UPI,male,3,4,Mobile Phone,4,Divorced,2,0,21,1,1,0,121,1,6/6/2026 9:09
50353,0,23,3. Core Loyal (>1 Year),Computer,2,9,Credit Card,male,2,3,Others,4,Divorced,2,0,11,0,10,7,282,0,6/6/2026 9:09
50354,0,0,0. New User (<1 Month),Mobile Phone,3,19,Credit Card,male,2,3,Mobile Phone,3,Divorced,2,0,11,1,1,6,121,1,6/6/2026 9:09
50355,1,0,0. New User (<1 Month),Computer,1,13,Debit Card,female,0,3,Mobile Phone,3,Divorced,2,1,16,0,1,2,129,0,6/6/2026 9:09
50356,1,0,0. New User (<1 Month),Computer,3,18,Debit Card,male,3,4,Mobile Phone,5,Divorced,2,0,18,1,1,0,120,1,6/6/2026 9:09
50357,0,7,2. Mid-Loyal (7-12 Months),Mobile Phone,1,6,Debit Card,male,2,4,Mobile Phone,2,Divorced,2,1,13,0,1,3,136,0,6/6/2026 9:09
50358,1,0,0. New User (<1 Month),Mobile Phone,3,19,Credit Card,male,2,3,Laptop & Accessory,5,Married,3,0,17,0,1,2,142,0,6/6/2026 9:09
50359,0,8,2. Mid-Loyal (7-12 Months),Mobile Phone,1,31,UPI,male,2,4,Laptop & Accessory,2,Single,5,0,14,0,1,2,137,0,6/6/2026 9:09
50360,0,4,1. Junior User (1-6 Months),Mobile Phone,3,12,Credit Card,male,3,2,Laptop & Accessory,2,Married,5,0,22,3,5,7,155,0.6,6/6/2026 9:09
50361,0,0,0. New User (<1 Month),Mobile Phone,1,12,Credit Card,female,3,4,Mobile Phone,3,Married,1,0,12,1,1,3,122,1,6/6/2026 9:09
50362,0,10,2. Mid-Loyal (7-12 Months),Mobile Phone,3,8,E wallet,male,3,3,Laptop & Accessory,3,Divorced,5,1,11,0,1,0,196,0,6/6/2026 9:09
50363,0,0,0. New User (<1 Month),Mobile Phone,1,6,Debit Card,female,0,4,Mobile Phone,4,Single,2,0,13,1,1,0,128,1,6/6/2026 9:09
50364,0,15,3. Core Loyal (>1 Year),Mobile Phone,1,8,Debit Card,female,2,3,Laptop & Accessory,2,Divorced,2,0,13,2,2,2,141,1,6/6/2026 9:09
50365,0,16,3. Core Loyal (>1 Year),Mobile Phone,1,12,UPI,male,2,4,Grocery,2,Married,5,1,14,0,1,0,266,0,6/6/2026 9:09
50366,0,11,2. Mid-Loyal (7-12 Months),Mobile Phone,1,-1,Debit Card,female,2,3,Mobile Phone,5,Single,4,0,17,1,1,0,126,1,6/6/2026 9:09
50367,0,16,3. Core Loyal (>1 Year),Computer,1,15,Credit Card,male,3,3,Laptop & Accessory,3,Married,4,1,13,2,4,7,157,0.5,6/6/2026 9:09
50368,0,21,3. Core Loyal (>1 Year),Mobile Phone,1,6,Debit Card,female,2,4,Grocery,5,Divorced,8,0,11,0,0,2,254,0,6/6/2026 9:09
50369,0,17,3. Core Loyal (>1 Year),Mobile Phone,2,6,Debit Card,female,2,4,Laptop & Accessory,3,Single,5,0,11,1,1,2,160,1,6/6/2026 9:09
50370,0,7,2. Mid-Loyal (7-12 Months),Mobile Phone,3,-1,Cash on Delivery,female,2,3,Mobile Phone,3,Married,2,1,18,1,1,6,126,1,6/6/2026 9:09
50371,1,0,0. New User (<1 Month),Mobile Phone,3,8,E wallet,male,0,3,Mobile Phone,5,Married,1,0,11,0,1,2,130,0,6/6/2026 9:09
50372,0,0,0. New User (<1 Month),Mobile Phone,3,28,Cash on Delivery,male,2,3,Mobile Phone,3,Single,2,0,11,1,1,2,134,1,6/6/2026 9:09
50373,0,17,3. Core Loyal (>1 Year),Mobile Phone,1,9,UPI,male,2,3,Others,2,Divorced,5,1,0,1,1,1,295,1,6/6/2026 9:09
50374,0,0,0. New User (<1 Month),Mobile Phone,1,12,Credit Card,male,0,3,Mobile Phone,3,Divorced,1,0,20,2,2,2,128,1,6/6/2026 9:09
50375,0,6,1. Junior User (1-6 Months),Mobile Phone,3,14,E wallet,male,2,3,Laptop & Accessory,3,Married,1,0,12,1,1,2,171,1,6/6/2026 9:09
50376,0,5,1. Junior User (1-6 Months),Mobile Phone,1,15,Debit Card,female,3,3,Laptop & Accessory,2,Divorced,2,1,12,1,1,5,163,1,6/6/2026 9:09
50377,0,0,0. New User (<1 Month),Computer,1,9,Credit Card,female,3,3,Mobile Phone,3,Married,2,0,20,1,1,0,121,1,6/6/2026 9:09
50378,0,26,3. Core Loyal (>1 Year),Mobile Phone,3,6,Credit Card,female,2,3,Laptop & Accessory,5,Single,8,0,20,6,8,10,184,0.75,6/6/2026 9:09
50379,0,7,2. Mid-Loyal (7-12 Months),Mobile Phone,1,6,Debit Card,male,0,3,Mobile Phone,2,Divorced,2,0,12,6,8,8,127,0.75,6/6/2026 9:09
50380,1,8,2. Mid-Loyal (7-12 Months),Computer,3,32,Debit Card,female,3,3,Laptop & Accessory,5,Divorced,3,0,14,0,1,0,143,0,6/6/2026 9:09
50381,0,0,0. New User (<1 Month),Mobile Phone,1,12,Debit Card,female,3,3,Mobile Phone,2,Divorced,2,1,13,0,1,2,127,0,6/6/2026 9:09
50382,0,10,2. Mid-Loyal (7-12 Months),Mobile Phone,1,9,UPI,male,2,3,Fashion,3,Divorced,2,0,15,6,7,8,194,0.86,6/6/2026 9:09
50383,0,2,1. Junior User (1-6 Months),Mobile Phone,3,9,Credit Card,female,3,3,Laptop & Accessory,3,Divorced,2,0,14,0,1,2,156,0,6/6/2026 9:09
50384,0,8,2. Mid-Loyal (7-12 Months),Mobile Phone,1,12,Debit Card,male,2,5,Laptop & Accessory,2,Single,2,0,13,11,11,8,166,1,6/6/2026 9:09
50385,0,6,1. Junior User (1-6 Months),Computer,1,12,Debit Card,male,1,3,Laptop & Accessory,2,Married,4,0,23,4,4,7,177,1,6/6/2026 9:09
50386,0,27,3. Core Loyal (>1 Year),Mobile Phone,2,25,Credit Card,male,2,3,Fashion,4,Divorced,3,0,15,3,7,1,207,0.43,6/6/2026 9:09
50387,0,9,2. Mid-Loyal (7-12 Months),Mobile Phone,1,15,Credit Card,male,2,4,Laptop & Accessory,4,Married,3,1,11,1,1,2,188,1,6/6/2026 9:09
50388,0,0,0. New User (<1 Month),Mobile Phone,1,9,Credit Card,male,2,4,Mobile Phone,2,Single,1,0,13,0,1,1,120,0,6/6/2026 9:09
50389,1,0,0. New User (<1 Month),Mobile Phone,1,16,Credit Card,male,2,3,Mobile Phone,3,Single,2,1,11,0,1,1,110,0,6/6/2026 9:09
50390,1,0,0. New User (<1 Month),Computer,1,9,Debit Card,male,3,3,Mobile Phone,5,Single,2,1,11,9,9,7,133,1,6/6/2026 9:09
50391,0,0,0. New User (<1 Month),Computer,1,9,Debit Card,male,2,4,Mobile Phone,3,Divorced,2,0,18,1,1,0,113,1,6/6/2026 9:09
50392,0,0,0. New User (<1 Month),Mobile Phone,1,10,Credit Card,male,0,2,Mobile Phone,5,Divorced,3,0,16,0,1,2,128,0,6/6/2026 9:09
50393,0,0,0. New User (<1 Month),Mobile Phone,3,14,Debit Card,male,2,2,Laptop & Accessory,4,Divorced,1,0,22,0,1,2,149,0,6/6/2026 9:09
50394,0,11,2. Mid-Loyal (7-12 Months),Mobile Phone,3,13,E wallet,female,2,4,Laptop & Accessory,2,Single,1,0,20,1,1,5,140,1,6/6/2026 9:09
50395,0,2,1. Junior User (1-6 Months),Computer,1,6,Debit Card,male,0,5,Mobile Phone,2,Married,2,0,18,2,2,8,127,1,6/6/2026 9:09
50396,0,21,3. Core Loyal (>1 Year),Mobile Phone,3,8,E wallet,male,2,2,Laptop & Accessory,4,Divorced,4,0,12,2,2,2,181,1,6/6/2026 9:09
50397,0,0,0. New User (<1 Month),Computer,3,9,Credit Card,female,3,2,Laptop & Accessory,2,Married,2,1,20,1,1,4,146,1,6/6/2026 9:09
50398,0,10,2. Mid-Loyal (7-12 Months),Mobile Phone,1,16,Debit Card,male,3,2,Mobile Phone,2,Single,4,0,17,1,1,0,147,1,6/6/2026 9:09
50399,0,23,3. Core Loyal (>1 Year),Mobile Phone,1,34,Credit Card,male,3,2,Mobile Phone,3,Divorced,2,1,11,3,3,8,132,1,6/6/2026 9:09
50400,0,7,2. Mid-Loyal (7-12 Months),Mobile Phone,1,15,Credit Card,female,2,4,Fashion,4,Single,2,0,14,4,7,7,186,0.57,6/6/2026 9:09
50401,1,0,0. New User (<1 Month),Mobile Phone,3,9,Debit Card,female,3,3,Laptop & Accessory,3,Single,10,0,14,1,2,0,146,0.5,6/6/2026 9:09
50402,0,12,2. Mid-Loyal (7-12 Months),Mobile Phone,1,8,Cash on Delivery,female,3,4,Laptop & Accessory,3,Single,2,0,11,2,11,10,146,0.18,6/6/2026 9:09
50403,0,5,1. Junior User (1-6 Months),Mobile Phone,3,16,E wallet,male,2,3,Laptop & Accessory,2,Single,2,0,12,0,1,8,154,0,6/6/2026 9:09
50404,1,13,3. Core Loyal (>1 Year),Computer,3,14,Cash on Delivery,male,2,3,Laptop & Accessory,3,Divorced,4,1,14,1,1,3,168,1,6/6/2026 9:09
50405,0,11,2. Mid-Loyal (7-12 Months),Mobile Phone,1,6,Debit Card,female,2,2,Laptop & Accessory,2,Single,1,0,13,1,1,8,176,1,6/6/2026 9:09
50406,0,0,0. New User (<1 Month),Mobile Phone,1,6,Debit Card,female,3,3,Fashion,5,Divorced,2,0,11,1,1,7,174,1,6/6/2026 9:09
50407,0,5,1. Junior User (1-6 Months),Mobile Phone,1,9,Debit Card,female,2,3,Fashion,2,Single,4,0,15,3,7,-1,212,0.43,6/6/2026 9:09
50408,0,20,3. Core Loyal (>1 Year),Mobile Phone,3,20,E wallet,male,2,3,Laptop & Accessory,5,Single,3,0,12,0,1,7,150,0,6/6/2026 9:09
50409,0,13,3. Core Loyal (>1 Year),Computer,3,11,Debit Card,male,2,4,Fashion,5,Divorced,6,1,21,0,1,12,205,0,6/6/2026 9:09
50410,0,26,3. Core Loyal (>1 Year),Mobile Phone,1,13,Debit Card,male,2,2,Grocery,3,Divorced,4,0,19,0,0,3,248,0,6/6/2026 9:09
50411,0,14,3. Core Loyal (>1 Year),Mobile Phone,2,16,UPI,male,3,4,Others,2,Married,4,0,15,0,12,6,291,0,6/6/2026 9:09
50412,0,30,3. Core Loyal (>1 Year),Mobile Phone,3,22,E wallet,male,2,3,Laptop & Accessory,5,Single,9,0,14,1,2,2,154,0.5,6/6/2026 9:09
50413,0,0,0. New User (<1 Month),Computer,1,16,Debit Card,male,2,3,Fashion,5,Married,2,0,21,1,1,7,188,1,6/6/2026 9:09
50414,0,14,3. Core Loyal (>1 Year),Mobile Phone,2,6,UPI,male,2,4,Others,3,Divorced,2,0,12,0,2,10,292,0,6/6/2026 9:09
50415,0,23,3. Core Loyal (>1 Year),Mobile Phone,3,14,E wallet,male,2,3,Mobile Phone,4,Divorced,8,0,15,1,2,2,139,0.5,6/6/2026 9:09
50416,1,0,0. New User (<1 Month),Mobile Phone,1,6,Debit Card,female,3,5,Mobile Phone,4,Single,8,1,13,1,3,7,122,0.33,6/6/2026 9:09
50417,0,9,2. Mid-Loyal (7-12 Months),Computer,1,14,Debit Card,female,3,2,Fashion,5,Divorced,10,0,14,0,1,-1,217,0,6/6/2026 9:09
50418,0,11,2. Mid-Loyal (7-12 Months),Mobile Phone,1,6,Debit Card,female,2,3,Fashion,3,Single,5,1,14,0,1,0,179,0,6/6/2026 9:09
50419,0,17,3. Core Loyal (>1 Year),Computer,1,30,Credit Card,male,2,5,Mobile Phone,3,Single,3,0,14,0,1,4,137,0,6/6/2026 9:09
50420,0,20,3. Core Loyal (>1 Year),Computer,3,9,Credit Card,female,2,3,Grocery,3,Married,10,1,12,7,0,13,238,0,6/6/2026 9:09
50421,0,3,1. Junior User (1-6 Months),Mobile Phone,3,33,E wallet,male,2,3,Laptop & Accessory,2,Married,8,0,23,4,7,7,153,0.57,6/6/2026 9:09
50422,0,2,1. Junior User (1-6 Months),Mobile Phone,3,-1,Debit Card,male,2,3,Mobile Phone,3,Single,2,0,11,0,1,0,126,0,6/6/2026 9:09
50423,1,5,1. Junior User (1-6 Months),Computer,1,25,Credit Card,male,0,2,Mobile Phone,3,Married,7,1,12,2,2,2,128,1,6/6/2026 9:09
50424,0,16,3. Core Loyal (>1 Year),Computer,3,21,Debit Card,male,2,4,Laptop & Accessory,2,Divorced,4,0,18,0,2,2,168,0,6/6/2026 9:09
50425,0,7,2. Mid-Loyal (7-12 Months),Mobile Phone,1,14,Credit Card,female,3,3,Laptop & Accessory,3,Single,4,0,11,1,4,3,161,0.25,6/6/2026 9:09
50426,0,0,0. New User (<1 Month),Mobile Phone,1,-1,Credit Card,male,2,3,Mobile Phone,5,Divorced,2,0,14,0,1,2,125,0,6/6/2026 9:09
50427,0,12,2. Mid-Loyal (7-12 Months),Mobile Phone,2,9,UPI,female,2,2,Laptop & Accessory,4,Divorced,10,0,15,3,3,6,164,1,6/6/2026 9:09
50428,0,29,3. Core Loyal (>1 Year),Mobile Phone,1,15,Credit Card,male,2,3,Grocery,2,Divorced,8,0,11,0,1,-1,211,0,6/6/2026 9:09
50429,0,13,3. Core Loyal (>1 Year),Mobile Phone,1,-1,Credit Card,female,2,4,Mobile Phone,2,Single,1,1,20,2,2,3,123,1,6/6/2026 9:09
50430,0,0,0. New User (<1 Month),Mobile Phone,1,13,Credit Card,female,2,4,Laptop & Accessory,5,Single,9,0,19,1,1,7,168,1,6/6/2026 9:09
50431,0,0,0. New User (<1 Month),Mobile Phone,3,16,E wallet,male,2,3,Mobile Phone,4,Married,2,0,14,0,2,2,123,0,6/6/2026 9:09
50432,0,26,3. Core Loyal (>1 Year),Mobile Phone,1,-1,Debit Card,male,2,3,Laptop & Accessory,2,Single,3,0,17,1,2,2,125,0.5,6/6/2026 9:09
50433,0,8,2. Mid-Loyal (7-12 Months),Computer,1,8,Debit Card,female,3,3,Laptop & Accessory,5,Married,3,0,11,0,1,0,151,0,6/6/2026 9:09
50434,0,5,1. Junior User (1-6 Months),Computer,1,30,Debit Card,male,3,3,Laptop & Accessory,2,Divorced,2,0,15,2,4,7,153,0.5,6/6/2026 9:09
50435,0,11,2. Mid-Loyal (7-12 Months),Mobile Phone,1,8,Credit Card,male,0,3,Mobile Phone,3,Divorced,7,1,13,0,1,1,131,0,6/6/2026 9:09
50436,0,7,2. Mid-Loyal (7-12 Months),Mobile Phone,1,14,Debit Card,female,2,3,Laptop & Accessory,5,Married,4,0,14,1,1,0,151,1,6/6/2026 9:09
50437,0,25,3. Core Loyal (>1 Year),Mobile Phone,3,9,E wallet,male,2,4,Grocery,5,Divorced,2,0,11,0,1,16,269,0,6/6/2026 9:09
50438,1,0,0. New User (<1 Month),Mobile Phone,1,6,UPI,male,0,3,Mobile Phone,2,Single,2,1,13,5,7,8,127,0.71,6/6/2026 9:09
50439,0,0,0. New User (<1 Month),Mobile Phone,3,32,Credit Card,female,2,3,Laptop & Accessory,2,Single,2,0,23,0,1,4,162,0,6/6/2026 9:09
50440,0,18,3. Core Loyal (>1 Year),Mobile Phone,3,8,Cash on Delivery,male,2,5,Laptop & Accessory,3,Single,1,0,13,0,3,1,166,0,6/6/2026 9:09
50441,0,0,0. New User (<1 Month),Mobile Phone,1,16,Credit Card,male,3,2,Mobile Phone,3,Single,2,0,18,1,1,2,135,1,6/6/2026 9:09
50442,1,10,2. Mid-Loyal (7-12 Months),Computer,3,33,Debit Card,female,3,1,Laptop & Accessory,3,Single,5,1,12,1,1,3,164,1,6/6/2026 9:09
50443,0,7,2. Mid-Loyal (7-12 Months),Mobile Phone,3,8,UPI,male,2,3,Laptop & Accessory,2,Single,2,0,22,0,1,4,163,0,6/6/2026 9:09
50444,1,18,3. Core Loyal (>1 Year),Mobile Phone,1,8,Credit Card,male,3,3,Others,5,Divorced,6,1,0,1,1,4,299,1,6/6/2026 9:09
50445,0,9,2. Mid-Loyal (7-12 Months),Computer,3,14,Debit Card,male,3,4,Fashion,5,Single,2,0,15,0,1,9,176,0,6/6/2026 9:09
50446,0,25,3. Core Loyal (>1 Year),Computer,1,25,Credit Card,male,2,3,Mobile Phone,2,Divorced,1,0,18,1,1,2,143,1,6/6/2026 9:09
50447,0,0,0. New User (<1 Month),Computer,1,6,Debit Card,female,3,5,Mobile Phone,2,Married,4,0,14,2,2,0,144,1,6/6/2026 9:09
50448,0,2,1. Junior User (1-6 Months),Mobile Phone,1,33,Credit Card,female,3,3,Laptop & Accessory,3,Divorced,5,0,12,1,1,1,143,1,6/6/2026 9:09
50449,1,0,0. New User (<1 Month),Mobile Phone,3,14,Cash on Delivery,male,2,4,Laptop & Accessory,5,Single,7,0,17,1,1,2,153,1,6/6/2026 9:09
50450,0,7,2. Mid-Loyal (7-12 Months),Mobile Phone,1,6,Debit Card,female,3,1,Mobile Phone,2,Single,3,0,16,0,1,3,133,0,6/6/2026 9:09
50451,0,27,3. Core Loyal (>1 Year),Mobile Phone,1,25,Credit Card,female,3,3,Laptop & Accessory,5,Married,10,1,11,0,1,4,155,0,6/6/2026 9:09
50452,0,2,1. Junior User (1-6 Months),Computer,3,5,E wallet,male,2,3,Laptop & Accessory,2,Divorced,1,0,19,0,1,1,143,0,6/6/2026 9:09
50453,0,10,2. Mid-Loyal (7-12 Months),Mobile Phone,1,16,Debit Card,female,0,3,Mobile Phone,5,Married,1,1,13,3,4,3,128,0.75,6/6/2026 9:09
50454,0,11,2. Mid-Loyal (7-12 Months),Computer,1,8,Debit Card,female,3,1,Laptop & Accessory,5,Single,7,1,12,4,4,12,160,1,6/6/2026 9:09
50455,0,7,2. Mid-Loyal (7-12 Months),Mobile Phone,1,8,Credit Card,female,2,4,Mobile Phone,5,Single,2,0,11,1,1,3,144,1,6/6/2026 9:09
50456,0,8,2. Mid-Loyal (7-12 Months),Mobile Phone,3,-1,Debit Card,female,3,3,Mobile Phone,2,Divorced,2,0,16,0,1,2,126,0,6/6/2026 9:09
50457,0,3,1. Junior User (1-6 Months),Mobile Phone,1,6,Debit Card,male,2,5,Mobile Phone,3,Divorced,4,0,21,1,1,2,138,1,6/6/2026 9:09
50458,0,13,3. Core Loyal (>1 Year),Computer,1,8,Credit Card,female,2,1,Laptop & Accessory,4,Divorced,2,0,24,0,3,7,142,0,6/6/2026 9:09
50459,0,7,2. Mid-Loyal (7-12 Months),Mobile Phone,3,14,Debit Card,female,3,3,Laptop & Accessory,5,Divorced,6,0,17,1,1,2,165,1,6/6/2026 9:09
50460,0,15,3. Core Loyal (>1 Year),Computer,1,14,Debit Card,male,3,3,Others,2,Married,2,0,13,0,14,9,284,0,6/6/2026 9:09
50461,1,0,0. New User (<1 Month),Mobile Phone,1,12,Debit Card,male,3,1,Mobile Phone,5,Divorced,2,1,21,1,1,0,116,1,6/6/2026 9:09
50462,0,0,0. New User (<1 Month),Computer,1,15,Debit Card,male,0,4,Mobile Phone,4,Married,2,0,11,1,1,0,127,1,6/6/2026 9:09
50463,0,25,3. Core Loyal (>1 Year),Mobile Phone,1,17,Debit Card,female,0,3,Laptop & Accessory,3,Divorced,9,0,20,1,1,4,131,1,6/6/2026 9:09
50464,0,23,3. Core Loyal (>1 Year),Mobile Phone,1,8,Credit Card,male,3,3,Grocery,3,Divorced,6,0,16,0,1,3,276,0,6/6/2026 9:09
50465,1,0,0. New User (<1 Month),Mobile Phone,1,-1,Debit Card,female,2,4,Mobile Phone,5,Divorced,2,1,11,0,1,0,123,0,6/6/2026 9:09
50466,0,6,1. Junior User (1-6 Months),Mobile Phone,1,13,Credit Card,male,2,3,Fashion,3,Divorced,1,0,11,0,3,-1,217,0,6/6/2026 9:09
50467,1,0,0. New User (<1 Month),Mobile Phone,3,22,E wallet,female,3,3,Laptop & Accessory,5,Single,6,0,15,1,1,2,153,1,6/6/2026 9:09
50468,0,20,3. Core Loyal (>1 Year),Mobile Phone,1,8,UPI,female,2,3,Grocery,2,Divorced,2,1,11,0,3,0,268,0,6/6/2026 9:09
50469,0,9,2. Mid-Loyal (7-12 Months),Mobile Phone,1,6,UPI,female,2,3,Laptop & Accessory,4,Divorced,1,0,15,0,1,5,152,0,6/6/2026 9:09
50470,0,2,1. Junior User (1-6 Months),Mobile Phone,1,29,Debit Card,male,0,1,Mobile Phone,3,Divorced,2,0,24,1,1,7,127,1,6/6/2026 9:09
50471,1,20,3. Core Loyal (>1 Year),Mobile Phone,1,8,Debit Card,male,2,3,Others,4,Single,8,1,0,5,13,8,292,0.38,6/6/2026 9:09
50472,0,8,2. Mid-Loyal (7-12 Months),Mobile Phone,1,-1,Debit Card,female,2,1,Mobile Phone,3,Single,4,0,13,0,2,2,125,0,6/6/2026 9:09
50473,0,15,3. Core Loyal (>1 Year),Mobile Phone,1,6,Debit Card,female,2,4,Laptop & Accessory,2,Divorced,10,1,13,0,1,2,161,0,6/6/2026 9:09
50474,1,0,0. New User (<1 Month),Mobile Phone,1,8,Credit Card,male,2,3,Mobile Phone,3,Single,7,0,17,0,2,1,144,0,6/6/2026 9:09
50475,0,0,0. New User (<1 Month),Mobile Phone,2,19,UPI,male,2,3,Mobile Phone,4,Divorced,4,0,13,1,1,4,121,1,6/6/2026 9:09
50476,0,5,1. Junior User (1-6 Months),Mobile Phone,1,10,Debit Card,female,3,4,Laptop & Accessory,3,Divorced,2,0,12,1,6,8,162,0.17,6/6/2026 9:09
50477,0,13,3. Core Loyal (>1 Year),Computer,1,22,Credit Card,male,2,4,Laptop & Accessory,3,Single,7,0,14,1,1,0,151,1,6/6/2026 9:09
50478,0,3,1. Junior User (1-6 Months),Mobile Phone,1,8,Credit Card,female,2,4,Laptop & Accessory,2,Single,6,1,24,1,1,0,169,1,6/6/2026 9:09
50479,0,0,0. New User (<1 Month),Mobile Phone,1,8,Debit Card,female,3,4,Mobile Phone,3,Single,2,0,14,1,1,0,123,1,6/6/2026 9:09
50480,0,15,3. Core Loyal (>1 Year),Mobile Phone,1,35,Debit Card,male,3,3,Laptop & Accessory,4,Divorced,2,0,13,2,7,8,144,0.29,6/6/2026 9:09
50481,0,11,2. Mid-Loyal (7-12 Months),Computer,1,18,Debit Card,male,2,4,Laptop & Accessory,5,Married,3,0,15,1,1,2,163,1,6/6/2026 9:09
50482,0,7,2. Mid-Loyal (7-12 Months),Computer,1,-1,Debit Card,female,3,4,Mobile Phone,2,Single,2,0,16,1,1,3,126,1,6/6/2026 9:09
50483,1,12,2. Mid-Loyal (7-12 Months),Mobile Phone,3,17,E wallet,female,2,3,Fashion,2,Divorced,2,0,18,0,7,7,177,0,6/6/2026 9:09
50484,1,18,3. Core Loyal (>1 Year),Mobile Phone,3,8,Credit Card,male,2,3,Laptop & Accessory,2,Single,5,0,16,0,7,3,152,0,6/6/2026 9:09
50485,0,16,3. Core Loyal (>1 Year),Mobile Phone,1,20,Debit Card,male,3,3,Grocery,5,Divorced,7,0,24,0,1,0,272,0,6/6/2026 9:09
50486,0,0,0. New User (<1 Month),Mobile Phone,1,11,Cash on Delivery,male,2,4,Fashion,2,Married,2,1,16,0,1,-1,228,0,6/6/2026 9:09
50487,0,8,2. Mid-Loyal (7-12 Months),Mobile Phone,1,13,UPI,male,2,3,Fashion,3,Single,4,0,21,0,1,6,202,0,6/6/2026 9:09
50488,0,1,1. Junior User (1-6 Months),Mobile Phone,3,8,E wallet,female,2,3,Laptop & Accessory,4,Divorced,2,1,20,7,7,5,148,1,6/6/2026 9:09
50489,0,7,2. Mid-Loyal (7-12 Months),Mobile Phone,2,9,UPI,male,2,3,Mobile Phone,2,Divorced,1,0,19,1,1,2,137,1,6/6/2026 9:09
50490,1,0,0. New User (<1 Month),Computer,1,-1,Credit Card,female,2,4,Mobile Phone,3,Divorced,2,1,14,0,1,7,124,0,6/6/2026 9:09
50491,0,0,0. New User (<1 Month),Computer,1,9,Credit Card,male,2,3,Mobile Phone,2,Divorced,2,0,11,1,1,0,117,1,6/6/2026 9:09
50492,0,24,3. Core Loyal (>1 Year),Mobile Phone,3,32,E wallet,female,3,3,Grocery,3,Divorced,3,0,14,0,4,17,263,0,6/6/2026 9:09
50493,0,17,3. Core Loyal (>1 Year),Mobile Phone,1,10,Credit Card,male,2,3,Laptop & Accessory,4,Single,10,0,12,1,2,3,159,0.5,6/6/2026 9:09
50494,0,0,0. New User (<1 Month),Mobile Phone,1,8,Credit Card,male,3,1,Mobile Phone,5,Single,8,0,13,1,1,1,134,1,6/6/2026 9:09
50495,0,6,1. Junior User (1-6 Months),Mobile Phone,3,6,Credit Card,male,2,1,Laptop & Accessory,5,Married,2,0,22,0,1,8,140,0,6/6/2026 9:09
50496,0,8,2. Mid-Loyal (7-12 Months),Mobile Phone,1,-1,Credit Card,female,2,4,Mobile Phone,5,Single,2,0,11,1,1,1,126,1,6/6/2026 9:09
50497,0,9,2. Mid-Loyal (7-12 Months),Mobile Phone,3,6,Debit Card,male,2,3,Laptop & Accessory,2,Divorced,2,1,14,2,4,11,162,0.5,6/6/2026 9:09
50498,0,5,1. Junior User (1-6 Months),Mobile Phone,3,19,Debit Card,male,3,3,Laptop & Accessory,2,Married,3,0,11,0,1,3,144,0,6/6/2026 9:09
50499,0,3,1. Junior User (1-6 Months),Computer,1,11,Debit Card,male,3,4,Mobile Phone,2,Married,10,0,12,0,1,3,138,0,6/6/2026 9:09
50500,0,26,3. Core Loyal (>1 Year),Mobile Phone,3,13,E wallet,female,3,4,Fashion,2,Divorced,8,1,18,0,1,-1,209,0,6/6/2026 9:09
50501,0,18,3. Core Loyal (>1 Year),Mobile Phone,3,15,E wallet,male,3,3,Fashion,5,Married,5,1,12,1,1,2,208,1,6/6/2026 9:09
50502,0,5,1. Junior User (1-6 Months),Mobile Phone,1,14,Credit Card,female,3,1,Laptop & Accessory,3,Divorced,6,0,12,1,1,3,152,1,6/6/2026 9:09
50503,0,25,3. Core Loyal (>1 Year),Computer,1,31,Credit Card,female,2,4,Grocery,2,Divorced,4,0,22,0,0,0,238,0,6/6/2026 9:09
50504,0,10,2. Mid-Loyal (7-12 Months),Mobile Phone,3,22,E wallet,male,3,4,Laptop & Accessory,3,Married,5,0,19,1,1,0,163,1,6/6/2026 9:09
50505,0,1,1. Junior User (1-6 Months),Mobile Phone,2,14,Credit Card,male,3,4,Mobile Phone,2,Married,2,0,13,0,1,4,149,0,6/6/2026 9:09
50506,0,0,0. New User (<1 Month),Mobile Phone,1,6,Debit Card,male,2,4,Laptop & Accessory,2,Divorced,7,0,22,2,2,2,148,1,6/6/2026 9:09
50507,0,17,3. Core Loyal (>1 Year),Mobile Phone,1,14,Debit Card,male,0,1,Mobile Phone,2,Divorced,3,1,24,1,1,2,128,1,6/6/2026 9:09
50508,0,15,3. Core Loyal (>1 Year),Computer,1,-1,Credit Card,male,2,3,Mobile Phone,2,Single,6,1,14,0,2,2,125,0,6/6/2026 9:09
50509,0,9,2. Mid-Loyal (7-12 Months),Mobile Phone,2,-1,Debit Card,male,3,4,Mobile Phone,5,Divorced,1,0,21,1,1,3,123,1,6/6/2026 9:09
50510,0,0,0. New User (<1 Month),Mobile Phone,3,9,UPI,male,3,3,Laptop & Accessory,5,Divorced,2,1,18,1,1,3,142,1,6/6/2026 9:09
50511,0,8,2. Mid-Loyal (7-12 Months),Mobile Phone,1,15,Debit Card,female,3,4,Fashion,3,Divorced,2,1,20,2,5,15,207,0.4,6/6/2026 9:09
50512,1,0,0. New User (<1 Month),Computer,1,31,Debit Card,female,3,3,Mobile Phone,4,Married,2,1,19,0,7,8,120,0,6/6/2026 9:09
50513,0,5,1. Junior User (1-6 Months),Computer,1,6,Debit Card,male,3,3,Mobile Phone,2,Married,1,0,12,0,1,2,123,0,6/6/2026 9:09
50514,0,0,0. New User (<1 Month),Mobile Phone,3,10,E wallet,male,2,4,Laptop & Accessory,5,Divorced,2,0,12,1,1,3,143,1,6/6/2026 9:09
50515,0,22,3. Core Loyal (>1 Year),Mobile Phone,1,6,Cash on Delivery,female,2,3,Mobile Phone,5,Divorced,3,0,16,1,1,2,136,1,6/6/2026 9:09
50516,0,0,0. New User (<1 Month),Computer,1,10,Debit Card,male,0,4,Mobile Phone,2,Divorced,1,0,17,0,3,4,132,0,6/6/2026 9:09
50517,0,5,1. Junior User (1-6 Months),Computer,3,11,Debit Card,male,2,3,Laptop & Accessory,4,Divorced,2,0,14,2,5,3,165,0.4,6/6/2026 9:09
50518,0,11,2. Mid-Loyal (7-12 Months),Mobile Phone,3,15,E wallet,male,0,4,Mobile Phone,4,Divorced,1,0,19,0,1,2,129,0,6/6/2026 9:09
50519,0,15,3. Core Loyal (>1 Year),Mobile Phone,1,9,Debit Card,female,3,1,Laptop & Accessory,2,Divorced,3,1,13,0,1,3,152,0,6/6/2026 9:09
50520,0,4,1. Junior User (1-6 Months),Mobile Phone,1,-1,Debit Card,male,2,3,Mobile Phone,2,Divorced,4,1,19,1,1,2,124,1,6/6/2026 9:09
50521,1,0,0. New User (<1 Month),Mobile Phone,3,6,Credit Card,female,0,4,Mobile Phone,3,Married,7,1,19,0,1,2,128,0,6/6/2026 9:09
50522,0,26,3. Core Loyal (>1 Year),Mobile Phone,3,14,E wallet,male,3,3,Grocery,2,Divorced,6,0,14,0,2,-1,218,0,6/6/2026 9:09
50523,0,8,2. Mid-Loyal (7-12 Months),Mobile Phone,1,31,Cash on Delivery,male,3,4,Fashion,4,Divorced,4,0,16,3,4,8,209,0.75,6/6/2026 9:09
50524,0,10,2. Mid-Loyal (7-12 Months),Computer,3,27,Credit Card,female,0,3,Mobile Phone,2,Divorced,6,0,15,1,1,0,130,1,6/6/2026 9:09
50525,0,26,3. Core Loyal (>1 Year),Mobile Phone,1,29,Debit Card,female,3,3,Grocery,2,Single,7,0,18,2,0,8,243,0,6/6/2026 9:09
50526,0,16,3. Core Loyal (>1 Year),Computer,1,6,Debit Card,female,2,3,Laptop & Accessory,2,Divorced,5,0,13,1,2,2,156,0.5,6/6/2026 9:09
50527,0,20,3. Core Loyal (>1 Year),Mobile Phone,3,8,E wallet,female,2,3,Laptop & Accessory,2,Divorced,1,1,22,5,7,7,145,0.71,6/6/2026 9:09
50528,0,10,2. Mid-Loyal (7-12 Months),Computer,3,25,Credit Card,male,2,3,Fashion,4,Single,2,1,13,0,1,9,176,0,6/6/2026 9:09
50529,0,23,3. Core Loyal (>1 Year),Computer,1,8,Debit Card,male,3,3,Grocery,5,Married,2,0,11,0,14,7,279,0,6/6/2026 9:09
50530,0,12,2. Mid-Loyal (7-12 Months),Mobile Phone,2,8,Debit Card,female,2,4,Laptop & Accessory,2,Divorced,9,0,11,0,1,4,152,0,6/6/2026 9:09
50531,0,0,0. New User (<1 Month),Mobile Phone,2,9,UPI,male,2,3,Mobile Phone,4,Married,4,1,11,0,1,3,123,0,6/6/2026 9:09
50532,1,0,0. New User (<1 Month),Mobile Phone,1,31,Debit Card,male,0,3,Mobile Phone,2,Single,2,1,24,1,1,1,128,1,6/6/2026 9:09
50533,0,2,1. Junior User (1-6 Months),Mobile Phone,1,-1,Credit Card,female,3,4,Mobile Phone,2,Married,7,0,14,1,1,3,125,1,6/6/2026 9:09
50534,0,17,3. Core Loyal (>1 Year),Mobile Phone,1,-1,Debit Card,male,3,3,Mobile Phone,5,Divorced,2,1,13,2,7,1,126,0.29,6/6/2026 9:09
50535,0,1,1. Junior User (1-6 Months),Mobile Phone,3,11,Credit Card,male,3,3,Laptop & Accessory,2,Single,2,0,14,1,1,2,149,1,6/6/2026 9:09
50536,1,20,3. Core Loyal (>1 Year),Computer,1,-1,Debit Card,male,2,4,Mobile Phone,2,Married,10,1,14,0,1,0,124,0,6/6/2026 9:09
50537,0,16,3. Core Loyal (>1 Year),Mobile Phone,1,14,Debit Card,female,2,3,Laptop & Accessory,4,Married,5,0,21,1,1,0,148,1,6/6/2026 9:09
50538,1,0,0. New User (<1 Month),Mobile Phone,3,8,Credit Card,female,2,4,Mobile Phone,3,Single,2,0,13,0,1,2,120,0,6/6/2026 9:09
50539,1,0,0. New User (<1 Month),Mobile Phone,1,24,UPI,female,0,3,Mobile Phone,2,Single,2,0,19,1,1,0,127,1,6/6/2026 9:09
50540,0,9,2. Mid-Loyal (7-12 Months),Mobile Phone,1,20,Debit Card,male,3,3,Laptop & Accessory,2,Divorced,1,1,17,4,4,11,166,1,6/6/2026 9:09
50541,0,20,3. Core Loyal (>1 Year),Mobile Phone,3,8,Debit Card,female,3,4,Mobile Phone,2,Single,2,1,18,1,1,2,133,1,6/6/2026 9:09
50542,1,0,0. New User (<1 Month),Mobile Phone,1,9,Debit Card,female,2,3,Laptop & Accessory,3,Divorced,1,1,19,1,1,2,142,1,6/6/2026 9:09
50543,1,4,1. Junior User (1-6 Months),Mobile Phone,1,8,Debit Card,female,0,5,Mobile Phone,2,Married,5,1,13,0,1,0,128,0,6/6/2026 9:09
50544,0,1,1. Junior User (1-6 Months),Mobile Phone,1,-1,Credit Card,female,3,3,Mobile Phone,3,Married,6,0,18,2,2,2,124,1,6/6/2026 9:09
50545,1,2,1. Junior User (1-6 Months),Mobile Phone,1,-1,Credit Card,male,3,3,Mobile Phone,5,Divorced,8,1,21,1,2,2,124,0.5,6/6/2026 9:09
50546,0,0,0. New User (<1 Month),Mobile Phone,1,-1,Debit Card,female,3,3,Mobile Phone,3,Single,2,0,19,1,1,0,123,1,6/6/2026 9:09
50547,0,0,0. New User (<1 Month),Mobile Phone,1,16,Debit Card,male,2,3,Mobile Phone,4,Married,2,0,14,1,1,0,120,1,6/6/2026 9:09
50548,0,15,3. Core Loyal (>1 Year),Mobile Phone,3,20,Credit Card,female,3,4,Laptop & Accessory,3,Single,8,0,17,0,1,3,162,0,6/6/2026 9:09
50549,0,6,1. Junior User (1-6 Months),Mobile Phone,1,6,UPI,male,0,4,Mobile Phone,5,Single,4,1,11,0,1,2,128,0,6/6/2026 9:09
50550,0,30,3. Core Loyal (>1 Year),Mobile Phone,1,11,Cash on Delivery,female,2,4,Fashion,4,Married,3,1,13,1,1,4,206,1,6/6/2026 9:09
50551,0,4,1. Junior User (1-6 Months),Mobile Phone,3,-1,Debit Card,male,2,4,Mobile Phone,3,Divorced,4,0,15,3,5,2,123,0.6,6/6/2026 9:09
50552,0,8,2. Mid-Loyal (7-12 Months),Mobile Phone,1,27,Debit Card,female,2,3,Laptop & Accessory,2,Divorced,2,1,25,0,1,7,140,0,6/6/2026 9:09
50553,0,22,3. Core Loyal (>1 Year),Mobile Phone,1,14,UPI,female,2,3,Fashion,4,Divorced,5,0,11,0,1,7,174,0,6/6/2026 9:09
50554,0,0,0. New User (<1 Month),Mobile Phone,1,26,Credit Card,male,2,3,Mobile Phone,3,Divorced,5,0,17,0,1,0,123,0,6/6/2026 9:09
50555,0,4,1. Junior User (1-6 Months),Computer,3,26,E wallet,female,2,3,Laptop & Accessory,3,Divorced,2,0,13,1,1,0,169,1,6/6/2026 9:09
50556,0,9,2. Mid-Loyal (7-12 Months),Mobile Phone,1,13,UPI,male,3,3,Mobile Phone,2,Single,3,0,18,0,1,1,147,0,6/6/2026 9:09
50557,0,11,2. Mid-Loyal (7-12 Months),Mobile Phone,1,6,Cash on Delivery,female,3,3,Fashion,5,Divorced,2,0,13,3,0,11,236,0,6/6/2026 9:09
50558,0,5,1. Junior User (1-6 Months),Computer,1,-1,Debit Card,female,3,4,Mobile Phone,4,Divorced,7,0,20,1,1,2,123,1,6/6/2026 9:09
50559,1,0,0. New User (<1 Month),Mobile Phone,3,-1,E wallet,male,2,4,Mobile Phone,4,Divorced,2,1,18,0,1,0,124,0,6/6/2026 9:09
50560,0,13,3. Core Loyal (>1 Year),Mobile Phone,3,16,E wallet,male,3,4,Fashion,4,Married,3,0,12,1,1,0,197,1,6/6/2026 9:09
50561,0,0,0. New User (<1 Month),Computer,3,6,Credit Card,male,2,4,Laptop & Accessory,5,Single,2,0,12,1,1,7,143,1,6/6/2026 9:09
50562,0,14,3. Core Loyal (>1 Year),Mobile Phone,1,12,Credit Card,male,2,3,Mobile Phone,5,Single,3,1,13,1,2,17,147,0.5,6/6/2026 9:09
50563,0,9,2. Mid-Loyal (7-12 Months),Mobile Phone,1,-1,Credit Card,male,3,3,Mobile Phone,3,Single,5,0,21,2,3,9,125,0.67,6/6/2026 9:09
50564,1,0,0. New User (<1 Month),Mobile Phone,3,27,UPI,male,2,4,Mobile Phone,4,Single,2,1,13,0,1,0,121,0,6/6/2026 9:09
50565,1,0,0. New User (<1 Month),Mobile Phone,1,10,Cash on Delivery,male,0,3,Mobile Phone,5,Single,2,0,19,1,1,0,130,1,6/6/2026 9:09
50566,0,4,1. Junior User (1-6 Months),Mobile Phone,1,18,Credit Card,female,2,3,Laptop & Accessory,2,Divorced,1,1,11,0,8,5,159,0,6/6/2026 9:09
50567,0,13,3. Core Loyal (>1 Year),Computer,1,15,Credit Card,male,2,3,Mobile Phone,4,Married,9,1,14,0,1,0,136,0,6/6/2026 9:09
50568,0,5,1. Junior User (1-6 Months),Mobile Phone,1,9,Credit Card,female,3,3,Laptop & Accessory,5,Divorced,2,0,12,6,6,3,167,1,6/6/2026 9:09
50569,1,0,0. New User (<1 Month),Mobile Phone,3,9,Debit Card,male,2,4,Fashion,2,Divorced,2,1,11,3,3,7,203,1,6/6/2026 9:09
50570,0,6,1. Junior User (1-6 Months),Mobile Phone,1,6,Debit Card,female,2,4,Laptop & Accessory,2,Single,1,0,14,0,1,4,169,0,6/6/2026 9:09
50571,1,0,0. New User (<1 Month),Mobile Phone,3,6,Debit Card,male,2,4,Fashion,3,Divorced,6,0,11,1,11,7,206,0.09,6/6/2026 9:09
50572,0,18,3. Core Loyal (>1 Year),Computer,1,10,Debit Card,male,2,3,Laptop & Accessory,4,Divorced,2,0,12,1,1,8,144,1,6/6/2026 9:09
50573,0,0,0. New User (<1 Month),Computer,3,26,Cash on Delivery,female,2,3,Mobile Phone,2,Divorced,2,0,15,0,1,2,122,0,6/6/2026 9:09
50574,0,8,2. Mid-Loyal (7-12 Months),Mobile Phone,3,24,Credit Card,female,2,3,Laptop & Accessory,3,Divorced,2,0,16,1,1,0,146,1,6/6/2026 9:09
50575,0,25,3. Core Loyal (>1 Year),Mobile Phone,1,6,Debit Card,male,3,3,Grocery,2,Divorced,3,0,15,0,7,8,271,0,6/6/2026 9:09
50576,1,20,3. Core Loyal (>1 Year),Mobile Phone,1,-1,Cash on Delivery,male,2,3,Mobile Phone,3,Single,5,0,24,1,1,0,125,1,6/6/2026 9:09
50577,0,26,3. Core Loyal (>1 Year),Mobile Phone,3,8,Credit Card,male,2,3,Grocery,3,Married,7,0,13,2,0,2,249,0,6/6/2026 9:09
50578,0,3,1. Junior User (1-6 Months),Mobile Phone,3,14,UPI,male,3,3,Fashion,3,Married,6,0,11,4,7,7,173,0.57,6/6/2026 9:09
50579,0,11,2. Mid-Loyal (7-12 Months),Computer,3,16,Cash on Delivery,female,2,3,Laptop & Accessory,2,Single,2,1,13,0,1,3,157,0,6/6/2026 9:09
50580,0,8,2. Mid-Loyal (7-12 Months),Mobile Phone,3,9,Debit Card,male,3,3,Fashion,2,Married,7,0,13,0,1,8,178,0,6/6/2026 9:09
50581,0,12,2. Mid-Loyal (7-12 Months),Mobile Phone,3,8,Debit Card,male,2,1,Fashion,3,Single,1,0,18,1,1,7,179,1,6/6/2026 9:09
50582,1,3,1. Junior User (1-6 Months),Computer,3,30,Debit Card,female,3,1,Grocery,4,Single,5,1,16,1,0,0,232,0,6/6/2026 9:09
50583,0,20,3. Core Loyal (>1 Year),Computer,1,22,Credit Card,male,3,1,Laptop & Accessory,3,Married,2,1,19,0,2,7,151,0,6/6/2026 9:09
50584,0,9,2. Mid-Loyal (7-12 Months),Computer,3,14,Cash on Delivery,male,2,3,Laptop & Accessory,2,Married,5,0,13,1,1,7,151,1,6/6/2026 9:09
50585,1,0,0. New User (<1 Month),Computer,1,-1,Credit Card,male,2,4,Mobile Phone,5,Single,1,1,22,1,1,2,123,1,6/6/2026 9:09
50586,0,6,1. Junior User (1-6 Months),Computer,3,23,Debit Card,male,2,3,Grocery,3,Single,2,0,11,0,6,0,274,0,6/6/2026 9:09
50587,1,0,0. New User (<1 Month),Mobile Phone,1,-1,Debit Card,female,3,4,Mobile Phone,5,Single,7,1,20,1,1,0,124,1,6/6/2026 9:09
50588,0,6,1. Junior User (1-6 Months),Mobile Phone,1,19,Debit Card,female,2,3,Mobile Phone,2,Single,4,0,18,1,1,2,135,1,6/6/2026 9:09
50589,0,0,0. New User (<1 Month),Mobile Phone,1,6,Credit Card,female,3,3,Mobile Phone,2,Married,4,0,14,0,1,2,123,0,6/6/2026 9:09
50590,0,23,3. Core Loyal (>1 Year),Mobile Phone,1,6,Credit Card,male,3,3,Grocery,2,Married,10,0,22,0,1,3,274,0,6/6/2026 9:09
50591,0,6,1. Junior User (1-6 Months),Computer,1,6,UPI,female,2,1,Laptop & Accessory,4,Divorced,2,1,13,0,1,2,155,0,6/6/2026 9:09
50592,0,14,3. Core Loyal (>1 Year),Computer,1,15,Credit Card,male,3,3,Others,3,Married,3,0,0,1,1,11,294,1,6/6/2026 9:09
50593,0,0,0. New User (<1 Month),Mobile Phone,1,22,Cash on Delivery,female,0,3,Mobile Phone,4,Divorced,10,0,14,2,2,2,128,1,6/6/2026 9:09
50594,0,18,3. Core Loyal (>1 Year),Computer,1,29,Debit Card,male,2,3,Laptop & Accessory,5,Divorced,2,1,15,1,1,8,136,1,6/6/2026 9:09
50595,0,20,3. Core Loyal (>1 Year),Mobile Phone,3,10,Debit Card,female,2,3,Laptop & Accessory,2,Single,2,1,17,1,1,7,142,1,6/6/2026 9:09
50596,1,0,0. New User (<1 Month),Mobile Phone,1,28,Debit Card,female,2,3,Mobile Phone,3,Divorced,5,1,11,0,1,1,121,0,6/6/2026 9:09
50597,0,23,3. Core Loyal (>1 Year),Mobile Phone,1,30,Debit Card,male,3,3,Grocery,3,Divorced,4,1,18,0,0,5,240,0,6/6/2026 9:09
50598,0,11,2. Mid-Loyal (7-12 Months),Computer,1,16,Credit Card,male,0,3,Mobile Phone,3,Divorced,1,0,17,0,1,2,127,0,6/6/2026 9:09
50599,0,19,3. Core Loyal (>1 Year),Mobile Phone,1,13,Credit Card,male,3,3,Fashion,3,Married,7,0,13,0,1,7,208,0,6/6/2026 9:09
50600,0,0,0. New User (<1 Month),Mobile Phone,1,23,Credit Card,female,2,4,Laptop & Accessory,3,Married,2,0,15,2,3,2,144,0.67,6/6/2026 9:09
50601,1,0,0. New User (<1 Month),Mobile Phone,1,20,UPI,male,2,4,Mobile Phone,4,Married,2,1,24,1,1,2,137,1,6/6/2026 9:09
50602,0,4,1. Junior User (1-6 Months),Computer,1,6,Debit Card,female,3,3,Laptop & Accessory,5,Divorced,2,0,12,1,1,3,141,1,6/6/2026 9:09
50603,0,0,0. New User (<1 Month),Computer,1,11,Debit Card,male,3,3,Mobile Phone,2,Single,2,0,15,1,1,0,111,1,6/6/2026 9:09
50604,0,27,3. Core Loyal (>1 Year),Mobile Phone,1,23,Cash on Delivery,female,2,3,Fashion,3,Divorced,9,0,11,1,1,8,207,1,6/6/2026 9:09
50605,0,8,2. Mid-Loyal (7-12 Months),Mobile Phone,1,31,Credit Card,female,2,3,Fashion,3,Married,2,1,11,2,10,1,204,0.2,6/6/2026 9:09
50606,0,3,1. Junior User (1-6 Months),Mobile Phone,1,14,Debit Card,female,3,1,Fashion,5,Divorced,1,1,12,0,1,-1,214,0,6/6/2026 9:09
50607,1,0,0. New User (<1 Month),Mobile Phone,1,-1,Credit Card,female,3,4,Mobile Phone,5,Single,2,1,15,0,1,0,126,0,6/6/2026 9:09
50608,1,0,0. New User (<1 Month),Computer,1,-1,Credit Card,female,2,3,Mobile Phone,4,Single,1,0,17,0,1,2,124,0,6/6/2026 9:09
50609,0,0,0. New User (<1 Month),Mobile Phone,1,8,Credit Card,male,2,1,Laptop & Accessory,2,Divorced,2,0,12,1,1,3,155,1,6/6/2026 9:09
50610,0,0,0. New User (<1 Month),Mobile Phone,1,-1,Debit Card,male,3,5,Mobile Phone,5,Divorced,2,0,15,1,1,1,125,1,6/6/2026 9:09
50611,0,21,3. Core Loyal (>1 Year),Mobile Phone,1,12,Debit Card,male,3,4,Laptop & Accessory,3,Single,3,0,13,0,2,2,142,0,6/6/2026 9:09
50612,0,21,3. Core Loyal (>1 Year),Mobile Phone,1,10,Debit Card,male,3,4,Fashion,3,Single,8,0,14,1,4,-1,210,0.25,6/6/2026 9:09
50613,0,14,3. Core Loyal (>1 Year),Mobile Phone,1,13,Credit Card,female,2,3,Laptop & Accessory,3,Single,7,0,14,1,2,1,150,0.5,6/6/2026 9:09
50614,0,12,2. Mid-Loyal (7-12 Months),Mobile Phone,1,6,Debit Card,female,3,4,Grocery,2,Divorced,2,0,16,0,11,-1,227,0,6/6/2026 9:09
50615,0,0,0. New User (<1 Month),Mobile Phone,1,8,Debit Card,female,2,3,Laptop & Accessory,2,Divorced,1,0,18,0,2,2,142,0,6/6/2026 9:09
50616,0,8,2. Mid-Loyal (7-12 Months),Mobile Phone,1,16,UPI,male,2,3,Mobile Phone,2,Married,2,0,20,1,1,2,139,1,6/6/2026 9:09
50617,0,15,3. Core Loyal (>1 Year),Mobile Phone,3,11,E wallet,male,2,3,Others,3,Divorced,7,0,13,0,1,0,283,0,6/6/2026 9:09
50618,0,23,3. Core Loyal (>1 Year),Mobile Phone,1,-1,Debit Card,male,3,3,Mobile Phone,2,Divorced,5,0,18,1,1,0,124,1,6/6/2026 9:09
50619,0,30,3. Core Loyal (>1 Year),Mobile Phone,1,8,Debit Card,female,3,4,Grocery,2,Single,4,1,13,0,0,3,237,0,6/6/2026 9:09
50620,1,0,0. New User (<1 Month),Mobile Phone,1,17,Credit Card,female,3,5,Laptop & Accessory,4,Divorced,6,0,15,1,1,0,148,1,6/6/2026 9:09
50621,0,28,3. Core Loyal (>1 Year),Computer,1,24,Credit Card,male,3,3,Laptop & Accessory,4,Divorced,4,1,14,6,6,7,164,1,6/6/2026 9:09
50622,0,14,3. Core Loyal (>1 Year),Computer,1,13,Debit Card,female,2,5,Others,3,Married,2,0,0,1,5,10,300,0.2,6/6/2026 9:09
50623,0,11,2. Mid-Loyal (7-12 Months),Mobile Phone,3,9,Debit Card,male,2,3,Laptop & Accessory,2,Single,9,1,12,1,1,0,169,1,6/6/2026 9:09
50624,1,0,0. New User (<1 Month),Computer,3,35,Credit Card,male,3,5,Laptop & Accessory,5,Single,9,0,18,0,2,2,150,0,6/6/2026 9:09
50625,1,15,3. Core Loyal (>1 Year),Mobile Phone,3,8,E wallet,female,2,5,Others,2,Divorced,2,0,0,5,6,9,298,0.83,6/6/2026 9:09
50626,0,17,3. Core Loyal (>1 Year),Mobile Phone,3,34,Credit Card,female,2,1,Grocery,2,Divorced,4,1,18,1,0,11,233,0,6/6/2026 9:09
50627,0,23,3. Core Loyal (>1 Year),Computer,3,6,Debit Card,female,3,3,Laptop & Accessory,3,Divorced,1,0,12,1,1,13,163,1,6/6/2026 9:09
50628,1,0,0. New User (<1 Month),Mobile Phone,1,22,Debit Card,female,0,1,Mobile Phone,5,Single,2,0,16,15,15,14,127,1,6/6/2026 9:09
50629,0,12,2. Mid-Loyal (7-12 Months),Computer,1,28,Credit Card,female,2,3,Fashion,5,Single,2,1,13,1,2,8,209,0.5,6/6/2026 9:09
50630,0,6,1. Junior User (1-6 Months),Computer,3,-1,Debit Card,female,2,4,Mobile Phone,2,Single,1,0,19,2,2,2,123,1,6/6/2026 9:09
50631,0,18,3. Core Loyal (>1 Year),Mobile Phone,3,17,Debit Card,female,2,3,Grocery,2,Divorced,4,0,13,0,1,1,277,0,6/6/2026 9:09
50632,0,5,1. Junior User (1-6 Months),Computer,1,35,Credit Card,female,3,3,Mobile Phone,3,Single,10,0,12,5,7,7,140,0.71,6/6/2026 9:09
50633,0,7,2. Mid-Loyal (7-12 Months),Mobile Phone,3,6,E wallet,male,3,1,Laptop & Accessory,2,Married,1,0,11,1,1,9,197,1,6/6/2026 9:09
50634,0,30,3. Core Loyal (>1 Year),Mobile Phone,3,6,Cash on Delivery,male,3,3,Fashion,2,Divorced,4,1,14,0,1,-1,219,0,6/6/2026 9:09
50635,0,0,0. New User (<1 Month),Mobile Phone,2,30,Credit Card,male,2,3,Mobile Phone,4,Single,2,0,16,0,1,4,122,0,6/6/2026 9:09
50636,0,26,3. Core Loyal (>1 Year),Computer,3,8,E wallet,female,2,4,Fashion,4,Divorced,3,0,12,0,6,12,175,0,6/6/2026 9:09
50637,1,0,0. New User (<1 Month),Mobile Phone,1,21,UPI,male,2,3,Laptop & Accessory,3,Married,8,0,14,0,1,0,148,0,6/6/2026 9:09
50638,1,0,0. New User (<1 Month),Computer,1,8,Debit Card,male,2,3,Mobile Phone,5,Divorced,7,1,14,1,1,2,120,1,6/6/2026 9:09
50639,0,0,0. New User (<1 Month),Mobile Phone,3,16,Debit Card,female,2,3,Mobile Phone,3,Divorced,2,1,19,0,1,0,122,0,6/6/2026 9:09
50640,0,1,1. Junior User (1-6 Months),Mobile Phone,3,16,Credit Card,male,3,3,Mobile Phone,4,Divorced,2,0,22,1,1,0,111,1,6/6/2026 9:09
50641,0,11,2. Mid-Loyal (7-12 Months),Computer,1,9,UPI,male,0,3,Mobile Phone,3,Divorced,4,0,16,2,2,2,128,1,6/6/2026 9:09
50642,0,23,3. Core Loyal (>1 Year),Mobile Phone,1,8,Credit Card,male,3,3,Others,3,Divorced,3,1,0,7,7,7,292,1,6/6/2026 9:09
50643,0,10,2. Mid-Loyal (7-12 Months),Mobile Phone,1,9,UPI,female,2,3,Laptop & Accessory,4,Single,4,0,15,1,1,1,141,1,6/6/2026 9:09
50644,0,13,3. Core Loyal (>1 Year),Mobile Phone,3,32,E wallet,male,3,3,Laptop & Accessory,5,Divorced,2,0,14,5,7,5,184,0.71,6/6/2026 9:09
50645,0,0,0. New User (<1 Month),Computer,1,6,Credit Card,female,3,4,Mobile Phone,3,Married,2,0,13,1,1,3,120,1,6/6/2026 9:09
50646,0,19,3. Core Loyal (>1 Year),Mobile Phone,1,6,Credit Card,male,2,3,Others,2,Married,10,0,0,1,2,2,296,0.5,6/6/2026 9:09
50647,0,27,3. Core Loyal (>1 Year),Mobile Phone,3,8,Debit Card,female,2,4,Fashion,3,Divorced,7,0,11,6,7,0,207,0.86,6/6/2026 9:09
50648,0,29,3. Core Loyal (>1 Year),Computer,1,15,Credit Card,female,0,3,Mobile Phone,3,Divorced,3,0,19,0,1,3,129,0,6/6/2026 9:09
50649,0,9,2. Mid-Loyal (7-12 Months),Mobile Phone,1,18,Credit Card,female,2,4,Fashion,2,Single,1,0,11,5,7,8,189,0.71,6/6/2026 9:09
50650,0,28,3. Core Loyal (>1 Year),Computer,1,8,Credit Card,male,2,4,Grocery,5,Single,8,0,15,0,6,2,268,0,6/6/2026 9:09
50651,0,16,3. Core Loyal (>1 Year),Mobile Phone,3,31,Credit Card,male,3,4,Fashion,2,Married,6,0,13,1,0,0,234,0,6/6/2026 9:09
50652,1,0,0. New User (<1 Month),Computer,3,-1,E wallet,female,2,3,Mobile Phone,2,Single,2,1,14,0,1,2,123,0,6/6/2026 9:09
50653,1,0,0. New User (<1 Month),Mobile Phone,1,16,Debit Card,female,2,4,Mobile Phone,5,Single,2,0,13,1,1,0,114,1,6/6/2026 9:09
50654,0,19,3. Core Loyal (>1 Year),Mobile Phone,1,14,Debit Card,female,3,4,Laptop & Accessory,5,Married,9,1,23,1,1,7,146,1,6/6/2026 9:09
50655,1,14,3. Core Loyal (>1 Year),Mobile Phone,1,-1,Debit Card,male,2,3,Mobile Phone,3,Divorced,10,1,12,1,2,7,125,0.5,6/6/2026 9:09
50656,1,0,0. New User (<1 Month),Computer,1,30,Cash on Delivery,male,3,4,Fashion,5,Single,2,0,12,0,1,9,187,0,6/6/2026 9:09
50657,0,0,0. New User (<1 Month),Mobile Phone,1,6,Credit Card,male,2,4,Mobile Phone,5,Divorced,2,0,16,0,1,3,140,0,6/6/2026 9:09
50658,0,3,1. Junior User (1-6 Months),Mobile Phone,1,26,UPI,male,2,3,Laptop & Accessory,5,Divorced,1,0,15,1,1,2,200,1,6/6/2026 9:09
50659,0,14,3. Core Loyal (>1 Year),Mobile Phone,1,13,Cash on Delivery,female,2,1,Mobile Phone,3,Divorced,2,0,13,1,1,8,134,1,6/6/2026 9:09
50660,0,11,2. Mid-Loyal (7-12 Months),Mobile Phone,1,23,Debit Card,female,3,4,Fashion,3,Divorced,1,0,18,0,1,9,188,0,6/6/2026 9:09
50661,0,13,3. Core Loyal (>1 Year),Mobile Phone,1,26,Cash on Delivery,male,3,3,Fashion,2,Divorced,5,0,20,4,11,1,203,0.36,6/6/2026 9:09
50662,0,0,0. New User (<1 Month),Computer,1,14,Debit Card,male,2,5,Mobile Phone,3,Divorced,2,0,19,1,1,2,146,1,6/6/2026 9:09
50663,0,28,3. Core Loyal (>1 Year),Computer,1,8,Debit Card,male,3,3,Fashion,4,Divorced,4,0,18,1,1,-1,210,1,6/6/2026 9:09
50664,0,1,1. Junior User (1-6 Months),Mobile Phone,1,16,UPI,female,2,3,Laptop & Accessory,3,Single,4,0,13,1,1,7,137,1,6/6/2026 9:09
50665,1,7,2. Mid-Loyal (7-12 Months),Mobile Phone,2,6,Credit Card,male,3,4,Fashion,5,Divorced,10,0,14,2,3,6,205,0.67,6/6/2026 9:09
50666,0,6,1. Junior User (1-6 Months),Mobile Phone,1,11,Debit Card,male,2,4,Fashion,2,Married,5,0,15,0,1,2,171,0,6/6/2026 9:09
50667,1,0,0. New User (<1 Month),Mobile Phone,3,10,Cash on Delivery,male,2,3,Fashion,5,Single,1,1,22,3,4,7,196,0.75,6/6/2026 9:09
50668,1,0,0. New User (<1 Month),Computer,1,35,Credit Card,female,2,4,Laptop & Accessory,3,Single,2,0,22,3,3,8,145,1,6/6/2026 9:09
50669,0,0,0. New User (<1 Month),Mobile Phone,1,21,Debit Card,male,2,3,Mobile Phone,3,Married,2,0,16,2,2,2,122,1,6/6/2026 9:09
50670,0,7,2. Mid-Loyal (7-12 Months),Computer,1,9,Debit Card,male,2,3,Laptop & Accessory,2,Single,1,0,17,1,1,4,178,1,6/6/2026 9:09
50671,0,10,2. Mid-Loyal (7-12 Months),Mobile Phone,3,16,Debit Card,female,2,4,Laptop & Accessory,2,Married,3,1,14,0,1,0,167,0,6/6/2026 9:09
50672,1,0,0. New User (<1 Month),Mobile Phone,1,10,Cash on Delivery,male,2,3,Mobile Phone,2,Divorced,2,1,15,5,5,6,137,1,6/6/2026 9:09
50673,1,0,0. New User (<1 Month),Mobile Phone,1,-1,Credit Card,male,2,3,Mobile Phone,3,Married,2,0,20,1,1,0,124,1,6/6/2026 9:09
50674,1,0,0. New User (<1 Month),Mobile Phone,1,31,Credit Card,male,2,4,Mobile Phone,4,Single,5,1,20,0,2,2,123,0,6/6/2026 9:09
50675,0,15,3. Core Loyal (>1 Year),Mobile Phone,1,8,Credit Card,male,2,3,Grocery,5,Divorced,1,0,17,0,13,7,277,0,6/6/2026 9:09
50676,1,0,0. New User (<1 Month),Computer,1,-1,Credit Card,male,2,4,Mobile Phone,4,Married,2,0,15,0,1,0,126,0,6/6/2026 9:09
50677,1,13,3. Core Loyal (>1 Year),Computer,3,6,UPI,male,2,3,Laptop & Accessory,3,Single,4,1,14,0,1,0,147,0,6/6/2026 9:09
50678,0,6,1. Junior User (1-6 Months),Computer,3,13,Debit Card,female,1,3,Laptop & Accessory,4,Divorced,1,0,17,1,1,2,143,1,6/6/2026 9:09
50679,0,7,2. Mid-Loyal (7-12 Months),Computer,1,9,Debit Card,male,0,4,Mobile Phone,2,Divorced,4,0,17,1,1,0,130,1,6/6/2026 9:09
50680,0,21,3. Core Loyal (>1 Year),Computer,1,6,Credit Card,male,2,1,Grocery,2,Single,3,0,22,0,2,1,269,0,6/6/2026 9:09
50681,0,18,3. Core Loyal (>1 Year),Computer,3,15,Debit Card,female,3,4,Laptop & Accessory,3,Divorced,2,0,13,0,4,12,156,0,6/6/2026 9:09
50682,0,25,3. Core Loyal (>1 Year),Mobile Phone,1,13,Debit Card,male,2,3,Fashion,4,Single,8,0,19,3,4,0,204,0.75,6/6/2026 9:09
50683,0,11,2. Mid-Loyal (7-12 Months),Mobile Phone,3,16,E wallet,male,3,4,Fashion,3,Married,1,1,14,2,2,7,187,1,6/6/2026 9:09
50684,0,2,1. Junior User (1-6 Months),Mobile Phone,1,-1,Debit Card,female,3,3,Mobile Phone,2,Married,5,0,22,0,1,7,125,0,6/6/2026 9:09
50685,0,1,1. Junior User (1-6 Months),Mobile Phone,1,9,Credit Card,female,3,3,Fashion,4,Married,1,0,17,0,1,7,177,0,6/6/2026 9:09
50686,0,19,3. Core Loyal (>1 Year),Mobile Phone,3,9,E wallet,male,2,3,Grocery,3,Divorced,4,0,12,0,4,9,275,0,6/6/2026 9:09
50687,0,11,2. Mid-Loyal (7-12 Months),Mobile Phone,3,8,E wallet,male,2,3,Fashion,4,Single,8,0,16,1,1,0,174,1,6/6/2026 9:09
50688,0,16,3. Core Loyal (>1 Year),Computer,1,33,Debit Card,female,2,3,Fashion,5,Divorced,9,0,11,0,1,1,208,0,6/6/2026 9:09
50689,1,2,1. Junior User (1-6 Months),Computer,1,8,Debit Card,male,2,3,Grocery,2,Married,8,0,11,7,11,-1,222,0.64,6/6/2026 9:09
50690,0,13,3. Core Loyal (>1 Year),Mobile Phone,1,20,Credit Card,male,2,4,Others,3,Single,2,0,0,4,4,9,296,1,6/6/2026 9:09
50691,0,0,0. New User (<1 Month),Mobile Phone,1,6,Cash on Delivery,female,3,4,Mobile Phone,4,Single,2,1,11,0,2,2,121,0,6/6/2026 9:09
50692,0,12,2. Mid-Loyal (7-12 Months),Computer,1,15,Debit Card,male,3,3,Laptop & Accessory,4,Single,21,0,15,1,1,3,168,1,6/6/2026 9:09
50693,0,9,2. Mid-Loyal (7-12 Months),Computer,1,24,Debit Card,male,3,3,Laptop & Accessory,2,Single,3,0,20,1,1,9,178,1,6/6/2026 9:09
50694,0,4,1. Junior User (1-6 Months),Computer,3,26,Debit Card,male,0,1,Mobile Phone,2,Divorced,1,0,12,1,2,2,128,0.5,6/6/2026 9:09
50695,0,1,1. Junior User (1-6 Months),Mobile Phone,1,8,Debit Card,male,3,4,Mobile Phone,4,Divorced,1,0,17,0,1,4,132,0,6/6/2026 9:09
50696,0,8,2. Mid-Loyal (7-12 Months),Computer,3,17,E wallet,male,2,3,Laptop & Accessory,2,Married,2,0,11,0,1,2,150,0,6/6/2026 9:09
50697,0,22,3. Core Loyal (>1 Year),Mobile Phone,3,14,Cash on Delivery,male,2,4,Grocery,4,Divorced,7,0,17,1,2,-1,231,0.5,6/6/2026 9:09
50698,0,7,2. Mid-Loyal (7-12 Months),Computer,1,8,Debit Card,male,3,3,Laptop & Accessory,3,Single,3,0,11,1,1,2,140,1,6/6/2026 9:09
50699,0,2,1. Junior User (1-6 Months),Computer,1,16,Debit Card,female,3,3,Mobile Phone,4,Married,1,0,14,1,1,1,133,1,6/6/2026 9:09
50700,0,15,3. Core Loyal (>1 Year),Mobile Phone,1,35,Credit Card,male,2,5,Laptop & Accessory,2,Single,5,0,19,1,1,0,143,1,6/6/2026 9:09
50701,0,2,1. Junior User (1-6 Months),Mobile Phone,1,14,Credit Card,male,3,4,Laptop & Accessory,2,Divorced,2,1,13,0,1,2,151,0,6/6/2026 9:09
50702,0,11,2. Mid-Loyal (7-12 Months),Mobile Phone,2,6,UPI,male,0,1,Mobile Phone,3,Divorced,2,0,13,1,5,0,128,0.2,6/6/2026 9:09
50703,0,4,1. Junior User (1-6 Months),Computer,1,12,Debit Card,male,0,4,Mobile Phone,3,Married,2,1,14,1,1,2,127,1,6/6/2026 9:09
50704,1,0,0. New User (<1 Month),Computer,1,14,Credit Card,male,3,3,Mobile Phone,3,Single,2,0,12,0,1,0,119,0,6/6/2026 9:09
50705,1,0,0. New User (<1 Month),Mobile Phone,3,15,E wallet,female,3,3,Laptop & Accessory,5,Single,1,1,17,0,1,3,182,0,6/6/2026 9:09
50706,0,14,3. Core Loyal (>1 Year),Mobile Phone,1,18,Debit Card,male,2,3,Mobile Phone,2,Divorced,4,1,11,1,1,0,148,1,6/6/2026 9:09
50707,1,0,0. New User (<1 Month),Computer,1,-1,Credit Card,male,3,3,Mobile Phone,3,Divorced,2,0,12,2,2,2,126,1,6/6/2026 9:09
50708,0,10,2. Mid-Loyal (7-12 Months),Mobile Phone,1,31,Credit Card,female,2,4,Laptop & Accessory,2,Married,8,0,13,0,1,3,157,0,6/6/2026 9:09
50709,0,0,0. New User (<1 Month),Mobile Phone,1,-1,Debit Card,male,2,4,Mobile Phone,3,Divorced,2,0,13,2,2,2,125,1,6/6/2026 9:09
50710,0,7,2. Mid-Loyal (7-12 Months),Mobile Phone,3,15,Debit Card,female,3,3,Laptop & Accessory,3,Divorced,2,0,20,1,1,3,157,1,6/6/2026 9:09
50711,0,8,2. Mid-Loyal (7-12 Months),Mobile Phone,2,14,Cash on Delivery,male,3,3,Mobile Phone,3,Single,2,0,17,0,1,4,143,0,6/6/2026 9:09
50712,1,0,0. New User (<1 Month),Mobile Phone,3,29,Debit Card,female,2,4,Fashion,5,Divorced,2,0,13,0,3,10,173,0,6/6/2026 9:09
50713,0,13,3. Core Loyal (>1 Year),Computer,1,15,Credit Card,female,2,3,Fashion,3,Single,10,0,17,0,0,13,235,0,6/6/2026 9:09
50714,1,5,1. Junior User (1-6 Months),Computer,3,18,Debit Card,male,2,3,Grocery,5,Single,1,1,12,7,0,14,238,0,6/6/2026 9:09
50715,0,15,3. Core Loyal (>1 Year),Mobile Phone,3,10,E wallet,male,2,3,Laptop & Accessory,5,Single,8,0,13,1,1,5,152,1,6/6/2026 9:09
50716,0,0,0. New User (<1 Month),Mobile Phone,1,6,Credit Card,male,2,4,Mobile Phone,3,Divorced,7,0,12,1,1,7,123,1,6/6/2026 9:09
50717,0,0,0. New User (<1 Month),Mobile Phone,1,30,Credit Card,male,2,3,Mobile Phone,4,Single,9,0,22,1,1,2,136,1,6/6/2026 9:09
50718,1,0,0. New User (<1 Month),Mobile Phone,1,-1,Debit Card,female,3,3,Mobile Phone,2,Divorced,2,1,11,1,1,0,125,1,6/6/2026 9:09
50719,0,0,0. New User (<1 Month),Mobile Phone,1,9,Credit Card,male,2,1,Mobile Phone,2,Divorced,2,0,22,1,1,7,144,1,6/6/2026 9:09
50720,0,3,1. Junior User (1-6 Months),Mobile Phone,3,16,E wallet,male,3,4,Laptop & Accessory,3,Divorced,2,0,18,1,1,4,166,1,6/6/2026 9:09
50721,0,13,3. Core Loyal (>1 Year),Computer,1,32,Credit Card,female,3,4,Laptop & Accessory,2,Divorced,4,1,13,1,1,0,144,1,6/6/2026 9:09
50722,0,8,2. Mid-Loyal (7-12 Months),Mobile Phone,1,8,Debit Card,male,2,4,Fashion,4,Married,3,0,18,6,6,4,203,1,6/6/2026 9:09
50723,0,7,2. Mid-Loyal (7-12 Months),Computer,1,6,Credit Card,male,3,4,Laptop & Accessory,5,Single,1,0,20,1,4,9,153,0.25,6/6/2026 9:09
50724,0,8,2. Mid-Loyal (7-12 Months),Computer,1,-1,UPI,male,2,4,Mobile Phone,2,Divorced,2,0,13,2,2,2,124,1,6/6/2026 9:09
50725,1,6,1. Junior User (1-6 Months),Mobile Phone,3,15,E wallet,female,2,5,Laptop & Accessory,3,Single,9,0,13,1,1,3,153,1,6/6/2026 9:09
50726,0,5,1. Junior User (1-6 Months),Computer,3,8,Debit Card,female,0,3,Mobile Phone,5,Married,2,0,12,0,1,0,128,0,6/6/2026 9:09
50727,0,29,3. Core Loyal (>1 Year),Mobile Phone,1,10,Cash on Delivery,female,3,3,Others,5,Married,5,0,0,0,4,2,299,0,6/6/2026 9:09
50728,0,2,1. Junior User (1-6 Months),Mobile Phone,1,12,Credit Card,female,0,3,Mobile Phone,2,Divorced,2,0,13,0,1,8,131,0,6/6/2026 9:09
50729,0,0,0. New User (<1 Month),Mobile Phone,1,-1,Debit Card,male,2,3,Mobile Phone,5,Single,2,0,25,0,1,0,126,0,6/6/2026 9:09
50730,0,18,3. Core Loyal (>1 Year),Mobile Phone,1,13,Credit Card,female,2,3,Mobile Phone,3,Divorced,5,1,19,1,1,2,145,1,6/6/2026 9:09
50731,0,10,2. Mid-Loyal (7-12 Months),Mobile Phone,1,6,Debit Card,female,2,4,Laptop & Accessory,2,Divorced,2,0,13,3,3,11,165,1,6/6/2026 9:09
50732,0,0,0. New User (<1 Month),Mobile Phone,1,9,Debit Card,male,0,4,Mobile Phone,3,Single,2,0,12,0,1,2,130,0,6/6/2026 9:09
50733,1,7,2. Mid-Loyal (7-12 Months),Mobile Phone,1,16,Debit Card,male,0,3,Mobile Phone,3,Single,2,1,11,1,1,2,129,1,6/6/2026 9:09
50734,0,26,3. Core Loyal (>1 Year),Mobile Phone,1,13,Credit Card,female,2,3,Others,3,Married,4,0,18,0,4,7,286,0,6/6/2026 9:09
50735,0,0,0. New User (<1 Month),Mobile Phone,1,21,Debit Card,female,3,5,Mobile Phone,2,Divorced,1,1,18,1,1,3,122,1,6/6/2026 9:09
50736,1,0,0. New User (<1 Month),Computer,1,9,Debit Card,male,0,4,Mobile Phone,2,Divorced,1,1,11,0,1,0,129,0,6/6/2026 9:09
50737,0,19,3. Core Loyal (>1 Year),Mobile Phone,3,8,E wallet,female,3,3,Grocery,5,Divorced,9,0,23,0,15,9,270,0,6/6/2026 9:09
50738,0,0,0. New User (<1 Month),Computer,1,23,Debit Card,male,3,5,Mobile Phone,3,Single,3,0,13,1,1,0,123,1,6/6/2026 9:09
50739,0,6,1. Junior User (1-6 Months),Mobile Phone,2,8,UPI,male,2,3,Mobile Phone,3,Divorced,2,0,13,0,1,4,136,0,6/6/2026 9:09
50740,1,0,0. New User (<1 Month),Computer,1,11,Debit Card,male,3,4,Mobile Phone,5,Married,7,0,17,1,1,0,121,1,6/6/2026 9:09
50741,0,3,1. Junior User (1-6 Months),Mobile Phone,3,35,Debit Card,male,3,3,Laptop & Accessory,5,Married,9,0,19,1,1,3,141,1,6/6/2026 9:09
50742,0,13,3. Core Loyal (>1 Year),Computer,3,8,Credit Card,male,3,3,Laptop & Accessory,4,Divorced,6,0,12,1,1,0,143,1,6/6/2026 9:09
50743,0,23,3. Core Loyal (>1 Year),Computer,1,8,Credit Card,female,1,3,Grocery,5,Divorced,3,0,22,0,2,2,279,0,6/6/2026 9:09
50744,0,1,1. Junior User (1-6 Months),Mobile Phone,1,25,Credit Card,male,3,4,Mobile Phone,5,Divorced,2,0,12,1,3,3,132,0.33,6/6/2026 9:09
50745,0,19,3. Core Loyal (>1 Year),Mobile Phone,1,21,Debit Card,male,2,3,Others,4,Divorced,6,0,11,0,1,3,291,0,6/6/2026 9:09
50746,0,8,2. Mid-Loyal (7-12 Months),Mobile Phone,3,23,Debit Card,male,3,3,Laptop & Accessory,5,Divorced,4,1,15,1,1,7,190,1,6/6/2026 9:09
50747,1,0,0. New User (<1 Month),Mobile Phone,1,23,Debit Card,female,3,3,Mobile Phone,4,Divorced,2,0,13,0,1,0,122,0,6/6/2026 9:09
50748,0,6,1. Junior User (1-6 Months),Computer,3,31,Credit Card,female,2,3,Laptop & Accessory,3,Divorced,2,0,12,0,1,1,145,0,6/6/2026 9:09
50749,0,9,2. Mid-Loyal (7-12 Months),Mobile Phone,1,12,Debit Card,male,0,5,Mobile Phone,3,Married,2,0,14,0,1,7,127,0,6/6/2026 9:09
50750,0,3,1. Junior User (1-6 Months),Mobile Phone,1,13,Debit Card,male,2,3,Laptop & Accessory,3,Married,2,0,13,8,8,9,135,1,6/6/2026 9:09
50751,0,17,3. Core Loyal (>1 Year),Mobile Phone,1,35,UPI,male,2,3,Laptop & Accessory,2,Single,2,0,25,1,1,17,145,1,6/6/2026 9:09
50752,0,0,0. New User (<1 Month),Mobile Phone,3,27,E wallet,male,0,1,Mobile Phone,2,Single,2,0,17,0,2,2,127,0,6/6/2026 9:09
50753,0,19,3. Core Loyal (>1 Year),Mobile Phone,1,8,Cash on Delivery,male,2,3,Laptop & Accessory,2,Married,3,0,11,1,1,4,174,1,6/6/2026 9:09
50754,0,15,3. Core Loyal (>1 Year),Computer,2,8,Credit Card,male,3,1,Laptop & Accessory,5,Divorced,8,0,16,0,1,3,163,0,6/6/2026 9:09
50755,0,30,3. Core Loyal (>1 Year),Mobile Phone,3,13,E wallet,male,2,1,Laptop & Accessory,2,Married,1,1,18,0,1,9,152,0,6/6/2026 9:09
50756,0,5,1. Junior User (1-6 Months),Computer,1,19,UPI,female,0,4,Mobile Phone,4,Divorced,2,0,20,0,2,2,127,0,6/6/2026 9:09
50757,0,5,1. Junior User (1-6 Months),Computer,1,8,Debit Card,female,2,3,Laptop & Accessory,3,Single,5,1,14,1,1,7,150,1,6/6/2026 9:09
50758,0,9,2. Mid-Loyal (7-12 Months),Mobile Phone,1,6,Cash on Delivery,female,3,5,Fashion,5,Married,3,1,21,5,7,7,203,0.71,6/6/2026 9:09
50759,0,6,1. Junior User (1-6 Months),Mobile Phone,1,15,Credit Card,male,0,3,Mobile Phone,2,Divorced,1,0,13,1,4,10,128,0.25,6/6/2026 9:09
50760,0,13,3. Core Loyal (>1 Year),Mobile Phone,3,16,Cash on Delivery,female,2,4,Laptop & Accessory,4,Married,8,0,12,1,1,3,169,1,6/6/2026 9:09
50761,0,0,0. New User (<1 Month),Mobile Phone,3,16,Debit Card,male,2,3,Laptop & Accessory,2,Single,1,0,14,0,1,1,150,0,6/6/2026 9:09
50762,0,3,1. Junior User (1-6 Months),Mobile Phone,1,6,Credit Card,male,3,3,Mobile Phone,4,Divorced,1,1,21,1,5,7,136,0.2,6/6/2026 9:09
50763,0,15,3. Core Loyal (>1 Year),Computer,1,32,Credit Card,female,2,3,Fashion,5,Divorced,4,1,17,0,0,0,232,0,6/6/2026 9:09
50764,0,8,2. Mid-Loyal (7-12 Months),Computer,3,14,E wallet,female,3,4,Fashion,2,Divorced,5,1,11,2,4,12,204,0.5,6/6/2026 9:09
50765,0,0,0. New User (<1 Month),Mobile Phone,1,20,Debit Card,male,2,3,Mobile Phone,5,Divorced,2,1,14,2,6,8,122,0.33,6/6/2026 9:09
50766,0,27,3. Core Loyal (>1 Year),Computer,1,6,Debit Card,female,2,3,Fashion,3,Married,8,0,17,1,1,4,205,1,6/6/2026 9:09
50767,0,0,0. New User (<1 Month),Mobile Phone,1,8,Debit Card,female,3,1,Mobile Phone,2,Divorced,2,0,13,6,7,7,120,0.86,6/6/2026 9:09
50768,1,0,0. New User (<1 Month),Computer,1,16,Credit Card,female,3,4,Mobile Phone,4,Single,2,1,25,1,1,0,119,1,6/6/2026 9:09
50769,0,2,1. Junior User (1-6 Months),Mobile Phone,1,6,Debit Card,female,3,3,Mobile Phone,2,Married,2,0,15,0,1,2,138,0,6/6/2026 9:09
50770,0,27,3. Core Loyal (>1 Year),Mobile Phone,1,9,Debit Card,male,2,3,Grocery,2,Divorced,4,0,14,0,1,9,278,0,6/6/2026 9:09
50771,0,4,1. Junior User (1-6 Months),Mobile Phone,1,17,Credit Card,male,3,3,Laptop & Accessory,5,Divorced,2,1,12,0,1,1,168,0,6/6/2026 9:09
50772,0,4,1. Junior User (1-6 Months),Mobile Phone,1,30,Credit Card,female,3,4,Laptop & Accessory,5,Single,2,0,19,0,1,8,168,0,6/6/2026 9:09
50773,0,30,3. Core Loyal (>1 Year),Mobile Phone,3,9,Debit Card,female,2,4,Laptop & Accessory,2,Single,6,0,17,0,1,5,152,0,6/6/2026 9:09
50774,0,16,3. Core Loyal (>1 Year),Mobile Phone,1,9,Debit Card,male,3,5,Others,2,Divorced,4,0,0,1,1,7,297,1,6/6/2026 9:09
50775,0,22,3. Core Loyal (>1 Year),Mobile Phone,1,10,Credit Card,male,2,4,Others,3,Divorced,3,0,13,0,1,0,287,0,6/6/2026 9:09
50776,0,9,2. Mid-Loyal (7-12 Months),Computer,1,9,Cash on Delivery,male,2,3,Mobile Phone,4,Divorced,2,0,12,1,1,7,137,1,6/6/2026 9:09
50777,0,21,3. Core Loyal (>1 Year),Mobile Phone,1,-1,Cash on Delivery,male,3,1,Mobile Phone,4,Single,6,0,11,0,1,0,126,0,6/6/2026 9:09
50778,0,0,0. New User (<1 Month),Mobile Phone,1,-1,Debit Card,male,3,3,Mobile Phone,3,Married,2,0,11,1,1,3,125,1,6/6/2026 9:09
50779,0,2,1. Junior User (1-6 Months),Mobile Phone,1,13,Debit Card,male,2,3,Laptop & Accessory,2,Married,2,1,11,0,1,0,166,0,6/6/2026 9:09
50780,0,21,3. Core Loyal (>1 Year),Mobile Phone,1,6,Debit Card,male,3,4,Others,2,Single,7,0,12,0,1,0,283,0,6/6/2026 9:09
50781,0,2,1. Junior User (1-6 Months),Mobile Phone,1,6,Debit Card,female,2,4,Grocery,2,Married,4,0,14,0,1,7,261,0,6/6/2026 9:09
50782,0,7,2. Mid-Loyal (7-12 Months),Mobile Phone,1,-1,Cash on Delivery,female,2,1,Mobile Phone,3,Divorced,1,0,17,1,1,0,126,1,6/6/2026 9:09
50783,0,17,3. Core Loyal (>1 Year),Mobile Phone,3,11,E wallet,male,2,3,Others,4,Divorced,8,0,11,0,3,10,282,0,6/6/2026 9:09
50784,0,6,1. Junior User (1-6 Months),Mobile Phone,3,16,E wallet,male,2,1,Fashion,3,Married,1,1,14,1,1,8,184,1,6/6/2026 9:09
50785,0,0,0. New User (<1 Month),Mobile Phone,1,31,Debit Card,female,0,1,Mobile Phone,2,Single,2,1,12,1,1,1,130,1,6/6/2026 9:09
50786,0,0,0. New User (<1 Month),Mobile Phone,1,6,Debit Card,male,2,3,Mobile Phone,3,Divorced,2,0,22,0,1,1,112,0,6/6/2026 9:09
50787,1,0,0. New User (<1 Month),Computer,3,30,Debit Card,male,3,5,Mobile Phone,2,Single,2,1,14,1,1,0,111,1,6/6/2026 9:09
50788,0,0,0. New User (<1 Month),Mobile Phone,1,10,Debit Card,male,0,3,Mobile Phone,2,Single,2,1,20,0,2,2,129,0,6/6/2026 9:09
50789,1,8,2. Mid-Loyal (7-12 Months),Mobile Phone,3,8,E wallet,female,3,5,Others,4,Single,3,1,16,0,1,11,288,0,6/6/2026 9:09
50790,0,28,3. Core Loyal (>1 Year),Computer,1,14,Credit Card,male,2,4,Grocery,4,Married,2,1,15,3,0,0,236,0,6/6/2026 9:09
50791,1,0,0. New User (<1 Month),Computer,1,-1,Debit Card,female,2,4,Mobile Phone,3,Single,2,0,20,2,2,2,126,1,6/6/2026 9:09
50792,0,19,3. Core Loyal (>1 Year),Mobile Phone,3,10,E wallet,female,2,4,Others,4,Divorced,3,0,14,0,1,8,288,0,6/6/2026 9:09
50793,0,7,2. Mid-Loyal (7-12 Months),Mobile Phone,3,8,E wallet,female,2,3,Laptop & Accessory,5,Single,1,1,12,1,1,2,145,1,6/6/2026 9:09
50794,0,24,3. Core Loyal (>1 Year),Computer,3,15,Debit Card,male,2,3,Others,4,Married,5,1,0,2,11,10,298,0.18,6/6/2026 9:09
50795,0,30,3. Core Loyal (>1 Year),Mobile Phone,1,24,Credit Card,male,3,3,Fashion,2,Single,7,0,12,1,5,4,205,0.2,6/6/2026 9:09
50796,0,7,2. Mid-Loyal (7-12 Months),Computer,1,25,Credit Card,female,2,3,Laptop & Accessory,4,Married,5,0,13,3,5,10,144,0.6,6/6/2026 9:09
50797,0,0,0. New User (<1 Month),Computer,1,6,Credit Card,male,2,3,Mobile Phone,3,Single,1,1,11,0,1,2,122,0,6/6/2026 9:09
50798,0,17,3. Core Loyal (>1 Year),Mobile Phone,1,10,Debit Card,male,3,1,Others,5,Married,2,0,14,0,14,13,292,0,6/6/2026 9:09
50799,0,7,2. Mid-Loyal (7-12 Months),Computer,2,17,Debit Card,male,2,4,Laptop & Accessory,4,Divorced,5,0,11,0,1,8,145,0,6/6/2026 9:09
50800,0,8,2. Mid-Loyal (7-12 Months),Mobile Phone,1,12,Debit Card,male,3,3,Mobile Phone,3,Divorced,1,1,14,1,2,2,135,0.5,6/6/2026 9:09
50801,0,15,3. Core Loyal (>1 Year),Mobile Phone,1,-1,Credit Card,female,3,1,Laptop & Accessory,4,Divorced,7,1,16,0,1,0,124,0,6/6/2026 9:09
50802,0,16,3. Core Loyal (>1 Year),Mobile Phone,3,10,E wallet,female,2,4,Fashion,2,Single,4,0,14,10,15,17,202,0.67,6/6/2026 9:09
50803,0,9,2. Mid-Loyal (7-12 Months),Mobile Phone,1,8,Debit Card,female,2,3,Laptop & Accessory,4,Single,10,1,11,4,5,12,154,0.8,6/6/2026 9:09
50804,1,7,2. Mid-Loyal (7-12 Months),Mobile Phone,1,21,Credit Card,female,3,3,Fashion,2,Divorced,2,0,11,0,1,5,180,0,6/6/2026 9:09
50805,0,1,1. Junior User (1-6 Months),Computer,1,8,Debit Card,male,2,4,Mobile Phone,2,Divorced,2,1,12,2,2,2,139,1,6/6/2026 9:09
50806,0,24,3. Core Loyal (>1 Year),Computer,1,12,Credit Card,female,0,4,Mobile Phone,3,Single,1,0,14,7,7,7,128,1,6/6/2026 9:09
50807,0,3,1. Junior User (1-6 Months),Computer,1,15,Credit Card,female,3,3,Laptop & Accessory,3,Single,8,1,18,1,1,7,147,1,6/6/2026 9:09
50808,1,0,0. New User (<1 Month),Mobile Phone,1,13,Cash on Delivery,female,2,3,Mobile Phone,3,Married,4,1,13,1,7,7,133,0.14,6/6/2026 9:09
50809,0,0,0. New User (<1 Month),Mobile Phone,1,6,Cash on Delivery,male,2,3,Mobile Phone,5,Single,3,0,11,0,1,2,121,0,6/6/2026 9:09
50810,0,0,0. New User (<1 Month),Mobile Phone,1,6,Credit Card,female,2,3,Mobile Phone,4,Single,2,0,18,1,2,1,121,0.5,6/6/2026 9:09
50811,0,5,1. Junior User (1-6 Months),Mobile Phone,3,14,Credit Card,male,2,1,Laptop & Accessory,2,Divorced,2,0,15,0,1,8,162,0,6/6/2026 9:09
50812,0,18,3. Core Loyal (>1 Year),Computer,1,31,Credit Card,female,2,3,Others,4,Single,4,0,22,0,1,0,281,0,6/6/2026 9:09
50813,0,12,2. Mid-Loyal (7-12 Months),Mobile Phone,1,19,Credit Card,female,3,4,Grocery,4,Married,7,1,13,0,15,2,271,0,6/6/2026 9:09
50814,0,30,3. Core Loyal (>1 Year),Mobile Phone,1,-1,Debit Card,male,2,3,Mobile Phone,3,Married,2,0,12,2,2,2,124,1,6/6/2026 9:09
50815,1,0,0. New User (<1 Month),Mobile Phone,1,13,Debit Card,male,3,3,Laptop & Accessory,3,Divorced,2,0,18,1,1,1,149,1,6/6/2026 9:09
50816,1,2,1. Junior User (1-6 Months),Mobile Phone,1,29,Credit Card,male,3,3,Mobile Phone,5,Single,1,0,13,0,1,3,139,0,6/6/2026 9:09
50817,0,3,1. Junior User (1-6 Months),Mobile Phone,1,12,Cash on Delivery,female,2,4,Laptop & Accessory,2,Divorced,1,0,12,5,6,7,146,0.83,6/6/2026 9:09
50818,0,9,2. Mid-Loyal (7-12 Months),Mobile Phone,1,16,Cash on Delivery,female,3,3,Fashion,3,Divorced,4,0,12,0,1,7,171,0,6/6/2026 9:09
50819,0,19,3. Core Loyal (>1 Year),Mobile Phone,2,6,Debit Card,female,2,3,Mobile Phone,5,Single,7,0,12,3,5,7,134,0.6,6/6/2026 9:09
50820,0,1,1. Junior User (1-6 Months),Computer,1,6,Debit Card,female,2,5,Laptop & Accessory,2,Divorced,1,0,11,7,7,5,167,1,6/6/2026 9:09
50821,0,23,3. Core Loyal (>1 Year),Mobile Phone,1,34,Debit Card,female,2,3,Grocery,5,Divorced,5,1,11,0,1,2,269,0,6/6/2026 9:09
50822,1,3,1. Junior User (1-6 Months),Mobile Phone,3,31,E wallet,male,2,4,Fashion,4,Single,3,1,12,0,1,0,191,0,6/6/2026 9:09
50823,1,15,3. Core Loyal (>1 Year),Mobile Phone,3,11,Debit Card,male,3,3,Fashion,4,Single,10,1,19,5,7,7,184,0.71,6/6/2026 9:09
50824,0,3,1. Junior User (1-6 Months),Mobile Phone,1,23,Credit Card,female,3,3,Fashion,5,Divorced,2,1,23,0,1,-1,219,0,6/6/2026 9:09
50825,0,12,2. Mid-Loyal (7-12 Months),Mobile Phone,1,24,Debit Card,male,2,3,Laptop & Accessory,3,Single,1,0,11,0,1,7,145,0,6/6/2026 9:09
50826,0,4,1. Junior User (1-6 Months),Computer,3,8,Debit Card,female,2,3,Fashion,3,Married,2,1,19,3,9,6,199,0.33,6/6/2026 9:09
50827,0,14,3. Core Loyal (>1 Year),Computer,3,16,Credit Card,male,2,5,Laptop & Accessory,4,Single,2,0,13,3,11,9,162,0.27,6/6/2026 9:09
50828,1,0,0. New User (<1 Month),Computer,3,6,Debit Card,female,2,3,Mobile Phone,4,Single,2,1,11,1,2,2,123,0.5,6/6/2026 9:09
50829,1,7,2. Mid-Loyal (7-12 Months),Mobile Phone,1,-1,Debit Card,male,2,3,Mobile Phone,5,Divorced,5,0,12,1,1,2,124,1,6/6/2026 9:09
50830,0,15,3. Core Loyal (>1 Year),Computer,1,8,Debit Card,male,2,3,Grocery,3,Divorced,1,1,13,0,2,10,279,0,6/6/2026 9:09
50831,0,28,3. Core Loyal (>1 Year),Mobile Phone,1,8,Credit Card,female,2,5,Others,3,Divorced,5,0,14,0,9,11,292,0,6/6/2026 9:09
50832,0,29,3. Core Loyal (>1 Year),Mobile Phone,2,14,Debit Card,male,2,3,Others,4,Single,7,0,0,1,7,7,297,0.14,6/6/2026 9:09
50833,0,13,3. Core Loyal (>1 Year),Computer,1,22,Debit Card,male,3,3,Mobile Phone,3,Married,10,0,16,1,1,0,135,1,6/6/2026 9:09
50834,0,7,2. Mid-Loyal (7-12 Months),Mobile Phone,1,15,Debit Card,male,2,3,Fashion,2,Married,1,0,11,1,1,6,185,1,6/6/2026 9:09
50835,0,13,3. Core Loyal (>1 Year),Mobile Phone,1,8,Debit Card,male,3,3,Laptop & Accessory,2,Single,2,0,13,3,8,8,147,0.38,6/6/2026 9:09
50836,0,14,3. Core Loyal (>1 Year),Computer,3,6,E wallet,female,3,3,Laptop & Accessory,5,Married,1,0,17,0,1,7,141,0,6/6/2026 9:09
50837,0,8,2. Mid-Loyal (7-12 Months),Computer,1,10,Debit Card,male,2,3,Laptop & Accessory,3,Single,2,1,11,1,1,1,142,1,6/6/2026 9:09
50838,0,24,3. Core Loyal (>1 Year),Mobile Phone,2,11,Debit Card,male,2,3,Grocery,4,Married,2,1,11,1,0,10,240,0,6/6/2026 9:09
50839,0,11,2. Mid-Loyal (7-12 Months),Mobile Phone,3,8,Debit Card,female,2,3,Laptop & Accessory,5,Married,4,0,15,0,1,7,169,0,6/6/2026 9:09
50840,0,7,2. Mid-Loyal (7-12 Months),Mobile Phone,3,21,Credit Card,female,3,3,Laptop & Accessory,5,Single,2,0,12,1,9,6,161,0.11,6/6/2026 9:09
50841,0,0,0. New User (<1 Month),Mobile Phone,1,25,Credit Card,male,3,3,Mobile Phone,2,Divorced,4,0,11,1,1,2,137,1,6/6/2026 9:09
50842,1,20,3. Core Loyal (>1 Year),Mobile Phone,1,13,Credit Card,female,2,4,Fashion,5,Divorced,8,1,14,4,5,9,200,0.8,6/6/2026 9:09
50843,0,13,3. Core Loyal (>1 Year),Mobile Phone,1,-1,Debit Card,male,2,3,Mobile Phone,4,Divorced,4,0,22,1,1,3,124,1,6/6/2026 9:09
50844,0,9,2. Mid-Loyal (7-12 Months),Computer,3,13,E wallet,female,2,1,Laptop & Accessory,5,Divorced,3,0,16,5,6,13,146,0.83,6/6/2026 9:09
50845,0,21,3. Core Loyal (>1 Year),Mobile Phone,1,10,Debit Card,male,2,3,Fashion,2,Single,2,0,11,1,1,8,179,1,6/6/2026 9:09
50846,0,0,0. New User (<1 Month),Mobile Phone,3,-1,Credit Card,female,3,1,Mobile Phone,2,Divorced,9,0,14,1,1,0,125,1,6/6/2026 9:09
50847,0,24,3. Core Loyal (>1 Year),Mobile Phone,1,17,Cash on Delivery,female,2,4,Grocery,4,Single,4,0,16,0,1,-1,231,0,6/6/2026 9:09
50848,0,0,0. New User (<1 Month),Computer,1,6,Debit Card,female,3,3,Mobile Phone,2,Single,2,0,15,1,1,0,116,1,6/6/2026 9:09
50849,0,8,2. Mid-Loyal (7-12 Months),Mobile Phone,1,6,Credit Card,female,2,4,Laptop & Accessory,2,Divorced,1,0,12,1,1,0,154,1,6/6/2026 9:09
50850,0,0,0. New User (<1 Month),Computer,3,8,Debit Card,male,2,5,Laptop & Accessory,2,Single,4,0,20,1,1,0,151,1,6/6/2026 9:09
50851,1,18,3. Core Loyal (>1 Year),Mobile Phone,3,19,E wallet,male,2,1,Grocery,3,Single,7,1,17,2,0,8,237,0,6/6/2026 9:09
50852,0,29,3. Core Loyal (>1 Year),Mobile Phone,1,29,Debit Card,male,3,3,Grocery,4,Divorced,5,1,12,11,0,9,234,0,6/6/2026 9:09
50853,0,0,0. New User (<1 Month),Computer,1,32,Cash on Delivery,female,3,4,Mobile Phone,3,Married,2,0,20,1,1,0,120,1,6/6/2026 9:09
50854,0,13,3. Core Loyal (>1 Year),Mobile Phone,1,8,Credit Card,female,2,1,Laptop & Accessory,3,Married,6,0,20,5,11,8,164,0.45,6/6/2026 9:09
50855,0,7,2. Mid-Loyal (7-12 Months),Mobile Phone,1,35,Credit Card,male,2,3,Laptop & Accessory,3,Divorced,5,0,13,0,7,7,154,0,6/6/2026 9:09
50856,1,0,0. New User (<1 Month),Computer,3,8,Debit Card,female,0,4,Mobile Phone,2,Single,8,0,14,0,1,0,128,0,6/6/2026 9:09
50857,1,0,0. New User (<1 Month),Computer,3,24,E wallet,female,3,3,Laptop & Accessory,3,Divorced,1,1,18,3,3,2,146,1,6/6/2026 9:09
50858,0,11,2. Mid-Loyal (7-12 Months),Computer,1,-1,Debit Card,male,2,1,Mobile Phone,3,Married,2,0,11,0,1,3,126,0,6/6/2026 9:09
50859,0,7,2. Mid-Loyal (7-12 Months),Mobile Phone,1,8,Cash on Delivery,female,3,3,Laptop & Accessory,2,Single,2,0,11,1,4,11,167,0.25,6/6/2026 9:09
50860,0,1,1. Junior User (1-6 Months),Mobile Phone,3,32,Debit Card,male,2,4,Laptop & Accessory,5,Divorced,2,0,11,1,1,4,147,1,6/6/2026 9:09
50861,1,0,0. New User (<1 Month),Mobile Phone,1,28,Credit Card,male,3,3,Laptop & Accessory,3,Divorced,2,1,15,3,6,7,162,0.5,6/6/2026 9:09
50862,0,12,2. Mid-Loyal (7-12 Months),Mobile Phone,3,27,Debit Card,male,2,4,Laptop & Accessory,2,Divorced,4,1,12,0,1,4,161,0,6/6/2026 9:09
50863,0,24,3. Core Loyal (>1 Year),Computer,3,8,E wallet,male,2,3,Fashion,4,Divorced,3,0,11,0,3,2,206,0,6/6/2026 9:09
50864,0,14,3. Core Loyal (>1 Year),Computer,1,28,Debit Card,female,3,3,Laptop & Accessory,2,Married,4,1,14,0,3,3,155,0,6/6/2026 9:09
50865,0,10,2. Mid-Loyal (7-12 Months),Mobile Phone,1,10,Debit Card,male,0,3,Mobile Phone,3,Divorced,8,1,15,1,1,3,130,1,6/6/2026 9:09
50866,0,6,1. Junior User (1-6 Months),Computer,3,11,Debit Card,male,3,3,Laptop & Accessory,2,Divorced,7,0,13,1,1,2,200,1,6/6/2026 9:09
50867,0,5,1. Junior User (1-6 Months),Mobile Phone,3,8,E wallet,male,2,3,Laptop & Accessory,4,Divorced,1,1,13,0,1,2,141,0,6/6/2026 9:09
50868,0,12,2. Mid-Loyal (7-12 Months),Computer,1,31,Debit Card,male,3,3,Fashion,3,Divorced,4,0,21,0,1,5,209,0,6/6/2026 9:09
50869,0,0,0. New User (<1 Month),Mobile Phone,3,24,Debit Card,male,3,1,Laptop & Accessory,3,Divorced,3,0,11,0,1,2,162,0,6/6/2026 9:09
50870,0,25,3. Core Loyal (>1 Year),Computer,1,34,Credit Card,female,2,1,Grocery,3,Divorced,3,1,11,0,0,2,232,0,6/6/2026 9:09
50871,0,16,3. Core Loyal (>1 Year),Mobile Phone,1,12,Credit Card,female,3,4,Laptop & Accessory,3,Single,2,1,14,1,1,8,141,1,6/6/2026 9:09
50872,0,0,0. New User (<1 Month),Mobile Phone,3,16,E wallet,female,3,4,Laptop & Accessory,2,Divorced,2,1,11,2,4,4,158,0.5,6/6/2026 9:09
50873,1,0,0. New User (<1 Month),Mobile Phone,1,-1,Debit Card,female,2,3,Mobile Phone,3,Single,2,1,13,3,7,7,124,0.43,6/6/2026 9:09
50874,0,0,0. New User (<1 Month),Mobile Phone,1,8,Credit Card,male,2,4,Mobile Phone,2,Single,1,0,12,0,1,1,139,0,6/6/2026 9:09
50875,0,15,3. Core Loyal (>1 Year),Mobile Phone,2,16,UPI,female,2,3,Grocery,5,Divorced,1,0,14,0,1,9,268,0,6/6/2026 9:09
50876,0,25,3. Core Loyal (>1 Year),Mobile Phone,1,14,UPI,female,0,3,Mobile Phone,5,Divorced,10,0,13,1,1,4,130,1,6/6/2026 9:09
50877,0,10,2. Mid-Loyal (7-12 Months),Mobile Phone,1,17,Credit Card,female,3,3,Mobile Phone,3,Single,5,0,18,0,1,2,136,0,6/6/2026 9:09
50878,0,8,2. Mid-Loyal (7-12 Months),Computer,1,24,Debit Card,male,2,3,Fashion,2,Single,3,0,11,0,2,2,194,0,6/6/2026 9:09
50879,0,0,0. New User (<1 Month),Mobile Phone,1,6,Cash on Delivery,male,2,3,Mobile Phone,2,Divorced,5,0,11,1,1,2,132,1,6/6/2026 9:09
50880,0,0,0. New User (<1 Month),Mobile Phone,1,13,UPI,male,3,1,Mobile Phone,5,Single,1,0,12,1,1,7,136,1,6/6/2026 9:09
50881,0,2,1. Junior User (1-6 Months),Mobile Phone,2,23,UPI,male,2,4,Fashion,5,Single,2,0,13,0,1,9,180,0,6/6/2026 9:09
50882,1,0,0. New User (<1 Month),Computer,1,34,Debit Card,male,3,4,Laptop & Accessory,5,Single,4,0,20,0,1,3,143,0,6/6/2026 9:09
50883,1,0,0. New User (<1 Month),Computer,1,20,UPI,female,2,3,Fashion,2,Single,1,1,12,2,7,7,176,0.29,6/6/2026 9:09
50884,0,27,3. Core Loyal (>1 Year),Mobile Phone,1,6,Credit Card,female,2,3,Grocery,2,Single,7,0,19,0,12,7,273,0,6/6/2026 9:09
50885,0,30,3. Core Loyal (>1 Year),Mobile Phone,1,6,Credit Card,female,3,3,Others,5,Divorced,4,1,0,1,1,5,297,1,6/6/2026 9:09
50886,0,28,3. Core Loyal (>1 Year),Mobile Phone,1,6,Credit Card,male,2,1,Grocery,2,Married,3,0,13,1,0,0,247,0,6/6/2026 9:09
50887,0,9,2. Mid-Loyal (7-12 Months),Mobile Phone,3,9,E wallet,female,2,3,Laptop & Accessory,4,Single,4,1,16,0,1,1,193,0,6/6/2026 9:09
50888,1,0,0. New User (<1 Month),Computer,3,6,Debit Card,female,2,5,Mobile Phone,3,Single,2,0,12,1,1,0,114,1,6/6/2026 9:09
50889,0,3,1. Junior User (1-6 Months),Mobile Phone,3,13,E wallet,female,3,3,Laptop & Accessory,5,Married,8,0,14,1,1,2,148,1,6/6/2026 9:09
50890,0,4,1. Junior User (1-6 Months),Mobile Phone,1,14,Debit Card,female,3,3,Grocery,4,Single,4,0,11,0,1,0,264,0,6/6/2026 9:09
50891,0,7,2. Mid-Loyal (7-12 Months),Computer,1,6,UPI,male,0,3,Mobile Phone,5,Married,6,0,14,1,1,3,130,1,6/6/2026 9:09
50892,1,0,0. New User (<1 Month),Mobile Phone,1,14,Debit Card,female,2,4,Mobile Phone,4,Single,2,0,12,0,1,0,113,0,6/6/2026 9:09
50893,0,0,0. New User (<1 Month),Mobile Phone,1,17,Debit Card,male,3,3,Mobile Phone,5,Divorced,1,0,14,1,1,4,121,1,6/6/2026 9:09
50894,0,9,2. Mid-Loyal (7-12 Months),Mobile Phone,1,10,Debit Card,male,2,4,Laptop & Accessory,2,Single,2,0,16,1,1,8,158,1,6/6/2026 9:09
50895,0,9,2. Mid-Loyal (7-12 Months),Mobile Phone,3,22,E wallet,female,3,4,Laptop & Accessory,5,Divorced,5,0,13,1,1,2,156,1,6/6/2026 9:09
50896,0,20,3. Core Loyal (>1 Year),Mobile Phone,1,6,Cash on Delivery,male,3,3,Mobile Phone,2,Divorced,8,0,12,1,1,2,134,1,6/6/2026 9:09
50897,1,0,0. New User (<1 Month),Mobile Phone,3,15,Debit Card,male,3,4,Mobile Phone,5,Divorced,4,0,12,1,2,2,144,0.5,6/6/2026 9:09
50898,0,10,2. Mid-Loyal (7-12 Months),Computer,1,11,Cash on Delivery,male,2,1,Mobile Phone,3,Single,1,0,14,1,1,3,135,1,6/6/2026 9:09
50899,0,0,0. New User (<1 Month),Mobile Phone,1,6,Debit Card,female,2,3,Mobile Phone,5,Divorced,3,0,22,1,1,0,121,1,6/6/2026 9:09
50900,0,20,3. Core Loyal (>1 Year),Mobile Phone,1,8,Credit Card,female,2,3,Grocery,3,Divorced,4,0,19,0,5,6,272,0,6/6/2026 9:09
50901,0,0,0. New User (<1 Month),Mobile Phone,3,10,Credit Card,female,2,3,Laptop & Accessory,3,Divorced,2,1,12,1,1,3,142,1,6/6/2026 9:09
50902,0,5,1. Junior User (1-6 Months),Mobile Phone,3,13,E wallet,male,3,3,Laptop & Accessory,2,Divorced,5,0,12,1,1,3,192,1,6/6/2026 9:09
50903,0,7,2. Mid-Loyal (7-12 Months),Mobile Phone,1,6,Debit Card,female,2,4,Mobile Phone,4,Divorced,6,0,17,1,1,2,133,1,6/6/2026 9:09
50904,0,0,0. New User (<1 Month),Mobile Phone,1,11,Credit Card,male,2,1,Mobile Phone,3,Divorced,3,1,12,1,1,3,121,1,6/6/2026 9:09
50905,0,13,3. Core Loyal (>1 Year),Computer,1,15,UPI,male,2,3,Laptop & Accessory,3,Married,4,0,11,1,1,7,140,1,6/6/2026 9:09
50906,0,4,1. Junior User (1-6 Months),Mobile Phone,3,14,Debit Card,male,2,3,Fashion,2,Married,2,0,18,2,9,9,208,0.22,6/6/2026 9:09
50907,1,9,2. Mid-Loyal (7-12 Months),Mobile Phone,3,15,E wallet,male,2,3,Fashion,1,Married,5,0,11,0,4,3,201,0,6/6/2026 9:09
50908,1,2,1. Junior User (1-6 Months),Computer,1,8,Debit Card,female,2,4,Mobile Phone,5,Single,3,1,23,0,1,0,136,0,6/6/2026 9:09
50909,1,0,0. New User (<1 Month),Computer,1,6,Debit Card,female,3,1,Fashion,4,Single,2,0,11,3,4,7,174,0.75,6/6/2026 9:09
50910,0,18,3. Core Loyal (>1 Year),Mobile Phone,1,26,Credit Card,male,3,5,Fashion,5,Married,3,1,18,0,1,7,209,0,6/6/2026 9:09
50911,0,0,0. New User (<1 Month),Mobile Phone,2,14,Credit Card,female,3,1,Mobile Phone,4,Single,10,0,18,0,1,2,121,0,6/6/2026 9:09
50912,1,0,0. New User (<1 Month),Computer,1,8,Debit Card,male,3,3,Mobile Phone,1,Divorced,7,1,13,2,2,2,137,1,6/6/2026 9:09
50913,0,18,3. Core Loyal (>1 Year),Mobile Phone,1,35,Cash on Delivery,male,2,3,Fashion,1,Divorced,5,1,18,1,1,2,194,1,6/6/2026 9:09
50914,0,21,3. Core Loyal (>1 Year),Mobile Phone,3,13,E wallet,male,3,3,Laptop & Accessory,5,Married,5,0,11,1,2,2,155,0.5,6/6/2026 9:09
50915,1,0,0. New User (<1 Month),Mobile Phone,2,15,Cash on Delivery,female,0,3,Mobile Phone,3,Divorced,2,0,15,1,2,2,127,0.5,6/6/2026 9:09
50916,0,13,3. Core Loyal (>1 Year),Computer,1,14,Credit Card,male,2,4,Fashion,4,Married,3,0,11,1,0,8,238,0,6/6/2026 9:09
50917,0,1,1. Junior User (1-6 Months),Mobile Phone,3,11,Credit Card,male,2,3,Laptop & Accessory,5,Single,1,0,18,1,1,3,185,1,6/6/2026 9:09
50918,0,17,3. Core Loyal (>1 Year),Computer,1,11,Debit Card,male,0,4,Mobile Phone,3,Single,4,0,14,0,1,3,132,0,6/6/2026 9:09
50919,0,26,3. Core Loyal (>1 Year),Mobile Phone,1,8,Credit Card,male,2,1,Grocery,4,Single,5,0,12,0,8,8,266,0,6/6/2026 9:09
50920,0,22,3. Core Loyal (>1 Year),Mobile Phone,1,11,Cash on Delivery,male,3,3,Laptop & Accessory,3,Divorced,3,0,14,0,1,2,167,0,6/6/2026 9:09
50921,0,13,3. Core Loyal (>1 Year),Mobile Phone,1,-1,Credit Card,male,3,3,Mobile Phone,3,Married,3,0,14,0,1,2,123,0,6/6/2026 9:09
50922,0,17,3. Core Loyal (>1 Year),Mobile Phone,1,26,Debit Card,male,2,3,Mobile Phone,4,Single,2,0,13,1,1,3,134,1,6/6/2026 9:09
50923,0,6,1. Junior User (1-6 Months),Computer,3,13,Credit Card,male,2,3,Laptop & Accessory,5,Divorced,1,0,14,0,1,3,144,0,6/6/2026 9:09
50924,0,7,2. Mid-Loyal (7-12 Months),Mobile Phone,3,9,UPI,male,2,5,Laptop & Accessory,5,Single,4,0,18,2,3,12,148,0.67,6/6/2026 9:09
50925,0,3,1. Junior User (1-6 Months),Mobile Phone,3,22,Debit Card,male,3,3,Laptop & Accessory,3,Divorced,9,0,15,0,2,2,153,0,6/6/2026 9:09
50926,0,15,3. Core Loyal (>1 Year),Computer,1,15,Credit Card,female,3,3,Mobile Phone,1,Single,2,0,13,4,5,8,137,0.8,6/6/2026 9:09
50927,0,17,3. Core Loyal (>1 Year),Computer,3,6,E wallet,female,3,3,Laptop & Accessory,3,Divorced,8,0,12,1,1,0,148,1,6/6/2026 9:09
50928,0,0,0. New User (<1 Month),Computer,1,13,Cash on Delivery,male,3,3,Mobile Phone,3,Married,2,0,13,0,1,0,113,0,6/6/2026 9:09
50929,0,50,3. Core Loyal (>1 Year),Mobile Phone,1,6,Debit Card,male,3,1,Laptop & Accessory,3,Divorced,1,0,24,1,2,8,149,0.5,6/6/2026 9:09
50930,0,22,3. Core Loyal (>1 Year),Mobile Phone,1,13,Debit Card,male,2,3,Fashion,4,Married,4,0,14,0,1,7,205,0,6/6/2026 9:09
50931,0,7,2. Mid-Loyal (7-12 Months),Computer,1,21,Credit Card,male,3,3,Grocery,5,Married,8,0,14,0,6,9,270,0,6/6/2026 9:09
50932,1,0,0. New User (<1 Month),Computer,3,6,Cash on Delivery,male,0,3,Mobile Phone,3,Divorced,4,0,15,1,1,2,129,1,6/6/2026 9:09
50933,1,0,0. New User (<1 Month),Computer,3,19,Cash on Delivery,female,2,3,Laptop & Accessory,4,Single,6,0,11,0,1,0,158,0,6/6/2026 9:09
50934,1,0,0. New User (<1 Month),Mobile Phone,3,30,Credit Card,female,2,4,Laptop & Accessory,4,Single,1,1,23,2,10,10,146,0.2,6/6/2026 9:09
50935,0,8,2. Mid-Loyal (7-12 Months),Mobile Phone,3,-1,Debit Card,male,3,3,Mobile Phone,3,Divorced,2,0,13,1,1,0,124,1,6/6/2026 9:09
50936,1,0,0. New User (<1 Month),Computer,1,15,Credit Card,male,2,3,Mobile Phone,5,Single,3,1,11,0,1,0,132,0,6/6/2026 9:09
50937,0,0,0. New User (<1 Month),Computer,3,19,Debit Card,female,3,3,Mobile Phone,4,Divorced,2,0,13,0,1,0,120,0,6/6/2026 9:09
50938,0,17,3. Core Loyal (>1 Year),Computer,1,8,Credit Card,male,2,3,Fashion,3,Single,6,1,18,0,2,2,202,0,6/6/2026 9:09
50939,0,2,1. Junior User (1-6 Months),Mobile Phone,3,25,Debit Card,male,3,4,Laptop & Accessory,3,Married,2,0,14,1,1,4,186,1,6/6/2026 9:09
50940,0,0,0. New User (<1 Month),Mobile Phone,2,6,Debit Card,male,2,3,Mobile Phone,3,Married,1,0,21,0,1,3,121,0,6/6/2026 9:09
50941,0,28,3. Core Loyal (>1 Year),Mobile Phone,1,10,Debit Card,male,1,3,Laptop & Accessory,3,Divorced,1,1,16,0,1,2,140,0,6/6/2026 9:09
50942,0,6,1. Junior User (1-6 Months),Mobile Phone,1,10,Credit Card,female,2,4,Mobile Phone,4,Divorced,9,0,11,0,1,2,138,0,6/6/2026 9:09
50943,0,20,3. Core Loyal (>1 Year),Mobile Phone,3,20,Credit Card,female,3,3,Laptop & Accessory,3,Divorced,4,1,17,1,1,2,146,1,6/6/2026 9:09
50944,1,0,0. New User (<1 Month),Computer,1,-1,Credit Card,male,2,4,Mobile Phone,5,Single,8,0,11,0,1,0,126,0,6/6/2026 9:09
50945,0,0,0. New User (<1 Month),Mobile Phone,1,6,Debit Card,male,3,4,Mobile Phone,3,Married,2,0,14,0,1,0,116,0,6/6/2026 9:09
50946,0,1,1. Junior User (1-6 Months),Computer,3,13,Debit Card,male,2,3,Laptop & Accessory,5,Single,1,0,14,1,1,3,149,1,6/6/2026 9:09
50947,0,22,3. Core Loyal (>1 Year),Mobile Phone,1,9,Credit Card,female,2,4,Laptop & Accessory,5,Divorced,5,0,25,1,1,2,148,1,6/6/2026 9:09
50948,0,2,1. Junior User (1-6 Months),Computer,1,8,Debit Card,female,3,3,Mobile Phone,4,Divorced,1,0,13,0,1,2,132,0,6/6/2026 9:09
50949,0,1,1. Junior User (1-6 Months),Mobile Phone,1,35,Debit Card,male,3,5,Laptop & Accessory,4,Divorced,2,0,14,1,1,7,165,1,6/6/2026 9:09
50950,0,6,1. Junior User (1-6 Months),Mobile Phone,1,14,Debit Card,male,3,3,Laptop & Accessory,3,Single,3,1,17,0,1,0,164,0,6/6/2026 9:09
50951,0,5,1. Junior User (1-6 Months),Mobile Phone,1,16,Credit Card,male,0,3,Fashion,1,Single,3,0,25,0,1,-1,212,0,6/6/2026 9:09
50952,0,27,3. Core Loyal (>1 Year),Computer,1,17,Credit Card,female,2,3,Grocery,1,Married,4,0,20,1,0,12,260,0,6/6/2026 9:09
50953,1,0,0. New User (<1 Month),Mobile Phone,1,-1,Cash on Delivery,male,3,4,Mobile Phone,5,Single,7,0,13,0,1,7,124,0,6/6/2026 9:09
50954,0,17,3. Core Loyal (>1 Year),Mobile Phone,1,34,Debit Card,male,2,3,Grocery,5,Divorced,4,0,13,0,14,17,263,0,6/6/2026 9:09
50955,0,12,2. Mid-Loyal (7-12 Months),Mobile Phone,1,12,Debit Card,female,2,3,Fashion,4,Single,5,0,18,0,2,2,184,0,6/6/2026 9:09
50956,0,19,3. Core Loyal (>1 Year),Mobile Phone,3,9,Debit Card,female,2,3,Grocery,4,Divorced,9,0,12,0,5,1,266,0,6/6/2026 9:09
50957,0,8,2. Mid-Loyal (7-12 Months),Mobile Phone,1,22,Debit Card,female,3,4,Fashion,4,Single,2,0,19,1,3,3,186,0.33,6/6/2026 9:09
50958,0,0,0. New User (<1 Month),Mobile Phone,1,26,Debit Card,male,3,3,Laptop & Accessory,3,Single,1,0,14,1,1,2,123,1,6/6/2026 9:09
50959,1,0,0. New User (<1 Month),Mobile Phone,1,15,Debit Card,male,2,3,Mobile Phone,5,Single,4,0,14,1,1,0,120,1,6/6/2026 9:09
50960,0,7,2. Mid-Loyal (7-12 Months),Mobile Phone,3,6,Cash on Delivery,male,3,4,Fashion,3,Divorced,2,1,14,7,8,6,171,0.88,6/6/2026 9:09
50961,1,0,0. New User (<1 Month),Computer,1,9,Debit Card,female,2,3,Mobile Phone,3,Single,2,0,12,6,7,7,141,0.86,6/6/2026 9:09
50962,0,23,3. Core Loyal (>1 Year),Computer,1,28,Credit Card,male,2,5,Grocery,1,Single,2,1,13,13,0,9,244,0,6/6/2026 9:09
50963,0,0,0. New User (<1 Month),Mobile Phone,3,13,Cash on Delivery,male,2,3,Mobile Phone,3,Married,1,1,25,0,5,7,123,0,6/6/2026 9:09
50964,0,15,3. Core Loyal (>1 Year),Mobile Phone,1,8,Credit Card,male,3,4,Mobile Phone,4,Married,5,0,14,1,1,0,148,1,6/6/2026 9:09
50965,0,10,2. Mid-Loyal (7-12 Months),Mobile Phone,1,19,Credit Card,male,2,3,Laptop & Accessory,1,Married,2,0,17,0,3,7,143,0,6/6/2026 9:09
50966,0,2,1. Junior User (1-6 Months),Mobile Phone,1,14,UPI,female,2,5,Laptop & Accessory,5,Married,4,0,13,0,1,7,197,0,6/6/2026 9:09
50967,0,6,1. Junior User (1-6 Months),Mobile Phone,1,31,Debit Card,male,2,4,Laptop & Accessory,4,Single,2,0,13,0,1,2,143,0,6/6/2026 9:09
50968,0,0,0. New User (<1 Month),Mobile Phone,1,34,Cash on Delivery,male,3,3,Mobile Phone,1,Married,5,0,20,1,1,3,121,1,6/6/2026 9:09
50969,0,15,3. Core Loyal (>1 Year),Computer,1,8,Debit Card,male,2,3,Fashion,1,Married,3,1,14,12,13,9,201,0.92,6/6/2026 9:09
50970,0,13,3. Core Loyal (>1 Year),Mobile Phone,3,15,Credit Card,male,2,3,Laptop & Accessory,5,Married,1,0,12,2,7,1,155,0.29,6/6/2026 9:09
50971,0,6,1. Junior User (1-6 Months),Mobile Phone,1,34,Debit Card,male,3,3,Laptop & Accessory,3,Married,2,1,12,1,5,7,152,0.2,6/6/2026 9:09
50972,0,13,3. Core Loyal (>1 Year),Mobile Phone,2,12,Credit Card,male,2,3,Grocery,1,Single,2,1,21,0,7,7,264,0,6/6/2026 9:09
50973,0,0,0. New User (<1 Month),Mobile Phone,1,27,Cash on Delivery,male,2,4,Mobile Phone,5,Married,1,0,14,0,1,0,123,0,6/6/2026 9:09
50974,0,13,3. Core Loyal (>1 Year),Computer,1,14,Debit Card,male,3,3,Laptop & Accessory,1,Married,4,1,18,2,2,2,141,1,6/6/2026 9:09
50975,0,18,3. Core Loyal (>1 Year),Mobile Phone,1,6,Cash on Delivery,male,3,3,Fashion,4,Married,2,0,12,6,7,7,174,0.86,6/6/2026 9:09
50976,0,8,2. Mid-Loyal (7-12 Months),Mobile Phone,3,-1,Debit Card,female,3,4,Mobile Phone,3,Married,1,0,23,2,4,2,124,0.5,6/6/2026 9:09
50977,0,5,1. Junior User (1-6 Months),Mobile Phone,1,11,Debit Card,female,3,4,Laptop & Accessory,4,Married,4,0,12,1,2,5,159,0.5,6/6/2026 9:09
50978,0,9,2. Mid-Loyal (7-12 Months),Mobile Phone,3,-1,Debit Card,male,3,3,Mobile Phone,1,Single,4,1,21,0,1,2,126,0,6/6/2026 9:09
50979,0,21,3. Core Loyal (>1 Year),Mobile Phone,3,22,Debit Card,female,3,3,Laptop & Accessory,3,Married,9,0,14,1,7,7,164,0.14,6/6/2026 9:09
50980,0,2,1. Junior User (1-6 Months),Mobile Phone,1,-1,Debit Card,male,3,1,Mobile Phone,3,Married,7,0,18,1,1,0,125,1,6/6/2026 9:09
50981,0,6,1. Junior User (1-6 Months),Mobile Phone,3,14,Debit Card,male,2,3,Laptop & Accessory,5,Married,3,0,13,2,2,2,164,1,6/6/2026 9:09
50982,1,0,0. New User (<1 Month),Mobile Phone,3,6,Debit Card,male,3,4,Laptop & Accessory,5,Married,2,0,11,3,6,7,197,0.5,6/6/2026 9:09
50983,0,11,2. Mid-Loyal (7-12 Months),Computer,2,16,UPI,male,3,3,Laptop & Accessory,3,Married,4,0,11,0,1,2,161,0,6/6/2026 9:09
50984,0,8,2. Mid-Loyal (7-12 Months),Mobile Phone,1,-1,Credit Card,male,3,4,Mobile Phone,5,Single,2,0,19,0,1,2,125,0,6/6/2026 9:09
50985,0,3,1. Junior User (1-6 Months),Mobile Phone,3,35,Cash on Delivery,male,2,3,Fashion,4,Married,4,0,12,0,1,3,193,0,6/6/2026 9:09
50986,1,0,0. New User (<1 Month),Mobile Phone,1,8,Debit Card,female,3,3,Mobile Phone,5,Married,2,1,12,1,1,0,121,1,6/6/2026 9:09
50987,1,16,3. Core Loyal (>1 Year),Mobile Phone,1,8,Cash on Delivery,female,3,4,Fashion,1,Married,1,0,16,1,1,9,202,1,6/6/2026 9:09
50988,1,1,1. Junior User (1-6 Months),Mobile Phone,1,8,Credit Card,male,2,3,Laptop & Accessory,4,Married,5,0,11,0,1,4,149,0,6/6/2026 9:09
50989,0,5,1. Junior User (1-6 Months),Computer,1,6,Cash on Delivery,male,3,3,Laptop & Accessory,5,Married,5,0,14,1,1,2,141,1,6/6/2026 9:09
50990,0,21,3. Core Loyal (>1 Year),Mobile Phone,1,-1,UPI,female,3,3,Mobile Phone,5,Married,9,0,12,7,7,6,124,1,6/6/2026 9:09
50991,0,7,2. Mid-Loyal (7-12 Months),Mobile Phone,1,13,Credit Card,male,0,3,Mobile Phone,1,Single,2,0,13,0,1,0,130,0,6/6/2026 9:09
50992,0,28,3. Core Loyal (>1 Year),Mobile Phone,3,32,E wallet,male,2,4,Others,1,Married,2,0,0,2,2,13,296,1,6/6/2026 9:09
50993,0,7,2. Mid-Loyal (7-12 Months),Mobile Phone,1,6,Debit Card,male,2,3,Laptop & Accessory,1,Married,10,0,17,1,2,1,155,0.5,6/6/2026 9:09
50994,0,0,0. New User (<1 Month),Mobile Phone,1,9,Debit Card,female,2,3,Mobile Phone,1,Married,2,0,21,1,1,0,121,1,6/6/2026 9:09
50995,0,11,2. Mid-Loyal (7-12 Months),Mobile Phone,3,20,Debit Card,male,3,3,Laptop & Accessory,4,Married,1,0,11,5,7,7,199,0.71,6/6/2026 9:09
50996,0,11,2. Mid-Loyal (7-12 Months),Mobile Phone,3,22,Debit Card,female,2,3,Laptop & Accessory,4,Single,3,0,12,0,1,2,142,0,6/6/2026 9:09
50997,0,9,2. Mid-Loyal (7-12 Months),Mobile Phone,3,6,Debit Card,female,3,3,Laptop & Accessory,3,Single,7,0,13,1,1,0,168,1,6/6/2026 9:09
50998,0,2,1. Junior User (1-6 Months),Mobile Phone,1,9,Credit Card,male,2,3,Mobile Phone,5,Single,2,1,18,0,1,5,147,0,6/6/2026 9:09
50999,0,8,2. Mid-Loyal (7-12 Months),Mobile Phone,1,16,Credit Card,female,2,3,Laptop & Accessory,3,Single,4,1,16,1,1,4,161,1,6/6/2026 9:09
51000,0,12,2. Mid-Loyal (7-12 Months),Mobile Phone,3,12,Credit Card,male,2,1,Fashion,3,Married,3,0,11,4,7,6,182,0.57,6/6/2026 9:09
51001,0,2,1. Junior User (1-6 Months),Computer,1,8,Debit Card,male,2,3,Laptop & Accessory,1,Married,2,0,19,0,1,3,189,0,6/6/2026 9:09
51002,0,23,3. Core Loyal (>1 Year),Mobile Phone,3,5,E wallet,male,2,3,Others,3,Married,5,1,0,0,1,0,293,0,6/6/2026 9:09
51003,0,0,0. New User (<1 Month),Mobile Phone,1,16,Cash on Delivery,male,2,1,Mobile Phone,3,Married,3,0,16,2,2,2,121,1,6/6/2026 9:09
51004,0,9,2. Mid-Loyal (7-12 Months),Computer,1,12,Debit Card,male,3,1,Laptop & Accessory,5,Married,4,1,13,1,1,2,156,1,6/6/2026 9:09
51005,0,15,3. Core Loyal (>1 Year),Mobile Phone,1,15,UPI,male,3,4,Others,1,Single,9,0,0,1,1,1,296,1,6/6/2026 9:09
51006,0,8,2. Mid-Loyal (7-12 Months),Mobile Phone,1,34,Debit Card,male,2,1,Laptop & Accessory,3,Married,2,0,17,5,6,8,134,0.83,6/6/2026 9:09
51007,0,7,2. Mid-Loyal (7-12 Months),Computer,1,16,Cash on Delivery,male,3,4,Laptop & Accessory,3,Married,2,0,14,2,7,7,151,0.29,6/6/2026 9:09
51008,0,13,3. Core Loyal (>1 Year),Mobile Phone,3,20,Debit Card,female,2,3,Laptop & Accessory,5,Married,2,0,15,0,1,2,146,0,6/6/2026 9:09
51009,0,16,3. Core Loyal (>1 Year),Mobile Phone,1,33,Cash on Delivery,male,2,1,Mobile Phone,4,Married,6,0,12,1,1,2,149,1,6/6/2026 9:09
51010,0,8,2. Mid-Loyal (7-12 Months),Mobile Phone,1,13,Debit Card,male,0,4,Mobile Phone,1,Married,2,0,18,1,1,1,127,1,6/6/2026 9:09
51011,0,19,3. Core Loyal (>1 Year),Mobile Phone,3,6,Debit Card,male,2,1,Grocery,5,Single,2,0,15,0,1,12,276,0,6/6/2026 9:09
51012,1,0,0. New User (<1 Month),Mobile Phone,1,-1,Credit Card,male,2,3,Mobile Phone,4,Married,2,1,17,0,1,0,124,0,6/6/2026 9:09
51013,0,0,0. New User (<1 Month),Computer,1,32,UPI,female,0,4,Mobile Phone,3,Married,2,1,14,0,1,3,128,0,6/6/2026 9:09
51014,0,23,3. Core Loyal (>1 Year),Computer,1,26,Credit Card,male,2,3,Grocery,3,Married,3,1,15,3,12,-1,212,0.25,6/6/2026 9:09
51015,0,5,1. Junior User (1-6 Months),Mobile Phone,1,11,UPI,female,2,1,Mobile Phone,1,Married,4,0,17,1,1,2,133,1,6/6/2026 9:09
51016,0,17,3. Core Loyal (>1 Year),Mobile Phone,1,13,Credit Card,female,2,3,Others,1,Married,1,1,14,0,1,10,290,0,6/6/2026 9:09
51017,0,0,0. New User (<1 Month),Mobile Phone,1,13,Credit Card,male,2,4,Mobile Phone,4,Married,2,0,12,0,1,1,121,0,6/6/2026 9:09
51018,0,18,3. Core Loyal (>1 Year),Mobile Phone,1,11,Credit Card,female,2,5,Laptop & Accessory,5,Single,2,1,14,1,1,4,158,1,6/6/2026 9:09
51019,0,18,3. Core Loyal (>1 Year),Computer,3,32,E wallet,male,2,4,Laptop & Accessory,5,Married,2,0,15,0,4,5,144,0,6/6/2026 9:09
51020,0,4,1. Junior User (1-6 Months),Computer,3,8,UPI,male,2,3,Laptop & Accessory,5,Single,8,0,13,0,1,3,153,0,6/6/2026 9:09
51021,0,9,2. Mid-Loyal (7-12 Months),Mobile Phone,1,18,Debit Card,female,3,3,Laptop & Accessory,3,Married,10,1,12,0,1,1,147,0,6/6/2026 9:09
51022,0,7,2. Mid-Loyal (7-12 Months),Computer,1,16,Debit Card,male,2,1,Laptop & Accessory,1,Married,2,0,13,5,7,2,147,0.71,6/6/2026 9:09
51023,0,22,3. Core Loyal (>1 Year),Mobile Phone,1,31,Debit Card,female,2,3,Mobile Phone,5,Married,2,0,14,0,1,4,132,0,6/6/2026 9:09
51024,0,12,2. Mid-Loyal (7-12 Months),Mobile Phone,1,16,Credit Card,male,3,3,Laptop & Accessory,5,Married,3,0,13,4,7,7,154,0.57,6/6/2026 9:09
51025,0,0,0. New User (<1 Month),Mobile Phone,1,25,UPI,male,3,4,Mobile Phone,5,Married,2,0,11,0,1,7,141,0,6/6/2026 9:09
51026,0,8,2. Mid-Loyal (7-12 Months),Mobile Phone,1,24,Debit Card,male,2,1,Laptop & Accessory,5,Married,2,0,11,0,1,10,152,0,6/6/2026 9:09
51027,0,1,1. Junior User (1-6 Months),Mobile Phone,1,33,Credit Card,female,2,5,Laptop & Accessory,5,Married,1,0,21,1,1,0,0,1,6/6/2026 9:09
51028,0,0,0. New User (<1 Month),Mobile Phone,1,11,Credit Card,male,0,3,Mobile Phone,1,Single,2,0,18,1,2,2,131,0.5,6/6/2026 9:09
51029,1,0,0. New User (<1 Month),Computer,3,9,Credit Card,female,3,3,Mobile Phone,1,Single,2,1,12,0,1,0,116,0,6/6/2026 9:09
51030,0,20,3. Core Loyal (>1 Year),Mobile Phone,2,32,Debit Card,female,3,3,Others,3,Married,4,0,0,1,1,0,297,1,6/6/2026 9:09
51031,0,12,2. Mid-Loyal (7-12 Months),Mobile Phone,1,9,Credit Card,male,0,4,Laptop & Accessory,3,Married,1,0,15,0,1,7,131,0,6/6/2026 9:09
51032,0,13,3. Core Loyal (>1 Year),Mobile Phone,1,21,Debit Card,female,3,4,Fashion,3,Married,2,0,13,1,14,12,204,0.07,6/6/2026 9:09
51033,0,8,2. Mid-Loyal (7-12 Months),Computer,1,14,Debit Card,female,2,3,Laptop & Accessory,3,Married,2,0,12,2,2,9,141,1,6/6/2026 9:09
51034,0,10,2. Mid-Loyal (7-12 Months),Mobile Phone,1,25,Debit Card,male,2,3,Laptop & Accessory,3,Married,4,0,17,0,1,2,158,0,6/6/2026 9:09
51035,0,12,2. Mid-Loyal (7-12 Months),Computer,1,10,Credit Card,female,2,3,Laptop & Accessory,3,Single,1,0,13,3,3,8,150,1,6/6/2026 9:09
51036,0,18,3. Core Loyal (>1 Year),Mobile Phone,1,8,UPI,female,2,4,Laptop & Accessory,1,Married,2,0,19,2,3,9,158,0.67,6/6/2026 9:09
51037,0,11,2. Mid-Loyal (7-12 Months),Mobile Phone,1,8,Credit Card,female,2,4,Fashion,3,Married,4,1,19,1,1,2,178,1,6/6/2026 9:09
51038,1,0,0. New User (<1 Month),Mobile Phone,3,16,Credit Card,male,2,4,Fashion,5,Married,10,0,17,4,6,0,203,0.67,6/6/2026 9:09
51039,0,10,2. Mid-Loyal (7-12 Months),Mobile Phone,1,16,Credit Card,female,3,3,Mobile Phone,4,Married,2,0,11,1,7,7,139,0.14,6/6/2026 9:09
51040,0,13,3. Core Loyal (>1 Year),Mobile Phone,1,22,Debit Card,female,2,3,Fashion,1,Single,7,1,15,1,3,3,179,0.33,6/6/2026 9:09
51041,0,17,3. Core Loyal (>1 Year),Computer,2,6,UPI,male,2,3,Laptop & Accessory,1,Married,5,1,11,1,1,2,157,1,6/6/2026 9:09
51042,0,21,3. Core Loyal (>1 Year),Computer,1,10,Credit Card,male,2,4,Grocery,1,Married,3,0,25,2,0,2,252,0,6/6/2026 9:09
51043,1,0,0. New User (<1 Month),Mobile Phone,3,21,Credit Card,male,2,5,Laptop & Accessory,1,Married,7,1,14,1,2,2,154,0.5,6/6/2026 9:09
51044,0,0,0. New User (<1 Month),Computer,1,8,Cash on Delivery,female,2,3,Mobile Phone,1,Single,2,1,13,1,1,3,138,1,6/6/2026 9:09
51045,0,0,0. New User (<1 Month),Mobile Phone,1,14,Credit Card,female,2,1,Mobile Phone,3,Married,8,0,17,0,1,2,135,0,6/6/2026 9:09
51046,0,0,0. New User (<1 Month),Computer,1,-1,Credit Card,male,2,3,Mobile Phone,1,Single,3,0,13,0,1,2,126,0,6/6/2026 9:09
51047,1,0,0. New User (<1 Month),Mobile Phone,1,13,Debit Card,male,3,3,Mobile Phone,5,Single,4,1,14,0,1,3,122,0,6/6/2026 9:09
51048,0,2,1. Junior User (1-6 Months),Mobile Phone,3,16,Credit Card,male,2,4,Laptop & Accessory,3,Single,10,0,11,1,1,4,159,1,6/6/2026 9:09
51049,0,9,2. Mid-Loyal (7-12 Months),Mobile Phone,1,11,Debit Card,female,2,3,Fashion,5,Married,5,0,12,1,1,2,180,1,6/6/2026 9:09
51050,0,0,0. New User (<1 Month),Computer,1,8,Debit Card,male,3,1,Laptop & Accessory,3,Married,2,0,17,0,1,7,152,0,6/6/2026 9:09
51051,0,12,2. Mid-Loyal (7-12 Months),Mobile Phone,1,18,Credit Card,male,3,3,Laptop & Accessory,4,Married,5,0,21,1,1,0,153,1,6/6/2026 9:09
51052,0,22,3. Core Loyal (>1 Year),Mobile Phone,1,28,UPI,female,3,3,Grocery,4,Married,4,0,16,0,1,2,264,0,6/6/2026 9:09
51053,0,23,3. Core Loyal (>1 Year),Mobile Phone,1,23,Debit Card,female,2,4,Fashion,5,Married,6,0,15,1,0,11,233,0,6/6/2026 9:09
51054,0,0,0. New User (<1 Month),Mobile Phone,3,8,Credit Card,female,0,3,Mobile Phone,3,Single,2,0,19,0,2,2,128,0,6/6/2026 9:09
51055,0,7,2. Mid-Loyal (7-12 Months),Mobile Phone,1,9,Debit Card,female,3,3,Laptop & Accessory,4,Married,2,0,12,7,7,9,154,1,6/6/2026 9:09
51056,0,0,0. New User (<1 Month),Mobile Phone,1,13,Debit Card,male,3,3,Mobile Phone,4,Single,3,0,11,0,1,3,120,0,6/6/2026 9:09
51057,0,22,3. Core Loyal (>1 Year),Mobile Phone,1,12,Debit Card,female,2,4,Grocery,3,Married,3,1,19,1,0,12,240,0,6/6/2026 9:09
51058,0,9,2. Mid-Loyal (7-12 Months),Computer,1,6,Credit Card,female,2,4,Laptop & Accessory,3,Married,1,0,15,1,1,2,144,1,6/6/2026 9:09
51059,0,9,2. Mid-Loyal (7-12 Months),Mobile Phone,1,9,Debit Card,male,3,1,Laptop & Accessory,5,Married,7,0,20,1,1,4,168,1,6/6/2026 9:09
51060,0,27,3. Core Loyal (>1 Year),Mobile Phone,1,28,Credit Card,female,3,3,Grocery,3,Married,4,0,25,0,4,7,274,0,6/6/2026 9:09
51061,0,16,3. Core Loyal (>1 Year),Mobile Phone,1,21,Debit Card,male,3,4,Grocery,3,Married,2,0,24,0,6,11,276,0,6/6/2026 9:09
51062,1,0,0. New User (<1 Month),Computer,3,18,UPI,male,2,3,Laptop & Accessory,1,Single,4,1,24,3,6,7,146,0.5,6/6/2026 9:09
51063,0,11,2. Mid-Loyal (7-12 Months),Computer,1,6,Debit Card,male,2,3,Laptop & Accessory,1,Married,8,0,15,2,2,9,147,1,6/6/2026 9:09
51064,0,2,1. Junior User (1-6 Months),Mobile Phone,3,11,Credit Card,male,2,4,Laptop & Accessory,4,Married,2,1,13,0,1,9,142,0,6/6/2026 9:09
51065,0,6,1. Junior User (1-6 Months),Mobile Phone,3,8,Credit Card,male,3,3,Laptop & Accessory,1,Married,2,0,14,1,1,4,155,1,6/6/2026 9:09
51066,0,5,1. Junior User (1-6 Months),Mobile Phone,1,8,Credit Card,male,2,3,Laptop & Accessory,4,Married,1,0,13,0,1,6,155,0,6/6/2026 9:09
51067,0,4,1. Junior User (1-6 Months),Mobile Phone,3,11,Debit Card,female,3,3,Laptop & Accessory,1,Married,2,0,11,0,1,2,155,0,6/6/2026 9:09
51068,0,22,3. Core Loyal (>1 Year),Mobile Phone,1,-1,Credit Card,female,3,3,Mobile Phone,5,Married,5,1,16,1,2,2,126,0.5,6/6/2026 9:09
51069,0,11,2. Mid-Loyal (7-12 Months),Computer,1,-1,Credit Card,female,2,4,Mobile Phone,4,Single,2,0,22,1,3,3,124,0.33,6/6/2026 9:09
51070,0,20,3. Core Loyal (>1 Year),Mobile Phone,3,8,Debit Card,female,2,1,Grocery,4,Married,7,0,14,0,0,2,260,0,6/6/2026 9:09
51071,0,22,3. Core Loyal (>1 Year),Mobile Phone,1,6,Debit Card,male,2,3,Grocery,3,Single,5,0,14,1,0,0,254,0,6/6/2026 9:09
51072,0,14,3. Core Loyal (>1 Year),Mobile Phone,3,29,Debit Card,male,3,3,Fashion,3,Single,4,1,16,0,1,2,171,0,6/6/2026 9:09
51073,0,0,0. New User (<1 Month),Mobile Phone,3,15,Debit Card,male,0,3,Mobile Phone,5,Single,2,0,11,0,1,2,127,0,6/6/2026 9:09
51074,0,6,1. Junior User (1-6 Months),Computer,3,22,Debit Card,female,2,3,Laptop & Accessory,1,Married,2,1,25,0,1,2,154,0,6/6/2026 9:09
51075,0,9,2. Mid-Loyal (7-12 Months),Mobile Phone,1,32,Debit Card,male,3,3,Laptop & Accessory,3,Married,7,0,14,1,1,2,153,1,6/6/2026 9:09
51076,0,17,3. Core Loyal (>1 Year),Mobile Phone,2,6,Debit Card,female,2,3,Mobile Phone,1,Married,5,1,18,2,2,2,132,1,6/6/2026 9:09
51077,1,0,0. New User (<1 Month),Mobile Phone,1,14,Credit Card,male,3,4,Mobile Phone,3,Single,2,1,11,1,1,2,140,1,6/6/2026 9:09
51078,0,11,2. Mid-Loyal (7-12 Months),Mobile Phone,1,10,Credit Card,female,2,3,Mobile Phone,3,Married,8,0,19,0,1,0,133,0,6/6/2026 9:09
51079,0,26,3. Core Loyal (>1 Year),Mobile Phone,1,30,Credit Card,male,2,1,Fashion,1,Married,4,0,15,0,1,2,170,0,6/6/2026 9:09
51080,1,11,2. Mid-Loyal (7-12 Months),Computer,3,-1,Credit Card,female,3,3,Mobile Phone,3,Married,3,1,11,4,7,7,127,0.57,6/6/2026 9:09
51081,1,0,0. New User (<1 Month),Mobile Phone,1,8,Debit Card,male,3,3,Mobile Phone,4,Single,2,0,12,1,1,0,114,1,6/6/2026 9:09
51082,0,0,0. New User (<1 Month),Computer,1,-1,Credit Card,male,3,3,Mobile Phone,1,Single,2,0,20,5,5,7,126,1,6/6/2026 9:09
51083,0,28,3. Core Loyal (>1 Year),Mobile Phone,1,28,Cash on Delivery,male,3,4,Mobile Phone,4,Married,6,0,12,1,1,2,135,1,6/6/2026 9:09
51084,0,7,2. Mid-Loyal (7-12 Months),Mobile Phone,1,11,Credit Card,male,2,4,Laptop & Accessory,1,Married,2,0,14,4,4,13,140,1,6/6/2026 9:09
51085,0,30,3. Core Loyal (>1 Year),Mobile Phone,1,6,Credit Card,male,3,5,Fashion,1,Married,4,0,20,0,1,0,209,0,6/6/2026 9:09
51086,0,0,0. New User (<1 Month),Mobile Phone,1,27,Credit Card,male,3,1,Mobile Phone,4,Married,2,0,18,2,2,13,120,1,6/6/2026 9:09
51087,0,10,2. Mid-Loyal (7-12 Months),Computer,3,6,Credit Card,male,2,5,Laptop & Accessory,1,Married,2,0,14,0,1,3,195,0,6/6/2026 9:09
51088,0,7,2. Mid-Loyal (7-12 Months),Mobile Phone,1,25,Debit Card,female,0,4,Mobile Phone,1,Married,2,0,12,3,8,7,129,0.38,6/6/2026 9:09
51089,1,0,0. New User (<1 Month),Mobile Phone,3,13,Debit Card,male,2,3,Mobile Phone,1,Married,2,1,21,1,1,2,123,1,6/6/2026 9:09
51090,0,17,3. Core Loyal (>1 Year),Mobile Phone,1,8,Debit Card,female,3,1,Fashion,1,Married,2,1,19,6,6,7,179,1,6/6/2026 9:09
51091,0,8,2. Mid-Loyal (7-12 Months),Computer,1,8,Credit Card,male,3,4,Mobile Phone,1,Single,1,1,14,1,1,4,149,1,6/6/2026 9:09
51092,0,16,3. Core Loyal (>1 Year),Mobile Phone,3,8,Credit Card,male,3,3,Laptop & Accessory,1,Married,2,1,17,0,8,8,178,0,6/6/2026 9:09
51093,0,0,0. New User (<1 Month),Mobile Phone,1,15,Credit Card,male,3,1,Mobile Phone,3,Married,2,0,16,0,1,4,144,0,6/6/2026 9:09
51094,0,14,3. Core Loyal (>1 Year),Mobile Phone,3,12,E wallet,male,2,3,Fashion,3,Single,2,0,12,6,8,7,192,0.75,6/6/2026 9:09
51095,0,2,1. Junior User (1-6 Months),Mobile Phone,1,15,Credit Card,female,0,3,Mobile Phone,3,Married,10,0,17,1,1,2,130,1,6/6/2026 9:09
51096,0,9,2. Mid-Loyal (7-12 Months),Mobile Phone,3,8,Debit Card,female,2,3,Laptop & Accessory,1,Single,4,0,15,3,6,7,145,0.5,6/6/2026 9:09
51097,0,18,3. Core Loyal (>1 Year),Computer,1,6,Debit Card,male,3,4,Fashion,3,Married,4,0,23,3,14,4,207,0.21,6/6/2026 9:09
51098,1,0,0. New User (<1 Month),Mobile Phone,2,28,UPI,male,2,5,Mobile Phone,3,Married,2,0,11,0,1,0,116,0,6/6/2026 9:09
51099,1,10,2. Mid-Loyal (7-12 Months),Computer,3,15,Debit Card,male,2,5,Grocery,3,Married,8,0,11,1,14,-1,229,0.07,6/6/2026 9:09
51100,0,0,0. New User (<1 Month),Mobile Phone,1,23,Credit Card,male,3,5,Mobile Phone,3,Married,2,0,15,0,1,2,123,0,6/6/2026 9:09
51101,0,18,3. Core Loyal (>1 Year),Mobile Phone,1,34,Cash on Delivery,female,2,4,Grocery,4,Single,2,0,11,0,8,6,267,0,6/6/2026 9:09
51102,0,5,1. Junior User (1-6 Months),Computer,1,16,Debit Card,male,2,3,Mobile Phone,3,Married,7,0,13,0,1,3,134,0,6/6/2026 9:09
51103,0,4,1. Junior User (1-6 Months),Mobile Phone,1,8,Debit Card,male,3,3,Mobile Phone,3,Married,2,0,14,0,1,3,135,0,6/6/2026 9:09
51104,0,14,3. Core Loyal (>1 Year),Computer,2,10,UPI,male,2,5,Laptop & Accessory,4,Married,7,0,19,0,1,2,164,0,6/6/2026 9:09
51105,0,13,3. Core Loyal (>1 Year),Mobile Phone,1,14,Debit Card,female,3,3,Laptop & Accessory,5,Married,3,1,16,0,1,0,165,0,6/6/2026 9:09
51106,0,0,0. New User (<1 Month),Mobile Phone,1,35,Credit Card,male,3,3,Mobile Phone,5,Married,2,0,13,1,1,2,139,1,6/6/2026 9:09
51107,0,19,3. Core Loyal (>1 Year),Mobile Phone,1,19,Debit Card,male,2,3,Laptop & Accessory,4,Single,7,0,14,1,1,9,156,1,6/6/2026 9:09
51108,0,8,2. Mid-Loyal (7-12 Months),Mobile Phone,1,33,Debit Card,male,2,3,Laptop & Accessory,3,Married,3,0,16,0,1,7,169,0,6/6/2026 9:09
51109,0,3,1. Junior User (1-6 Months),Mobile Phone,1,22,Debit Card,male,0,3,Mobile Phone,1,Married,2,0,12,0,1,8,129,0,6/6/2026 9:09
51110,0,20,3. Core Loyal (>1 Year),Computer,3,8,E wallet,male,2,3,Laptop & Accessory,4,Married,8,0,11,0,1,0,150,0,6/6/2026 9:09
51111,0,19,3. Core Loyal (>1 Year),Mobile Phone,3,8,Debit Card,male,3,3,Fashion,1,Married,5,1,12,0,1,3,204,0,6/6/2026 9:09
51112,1,0,0. New User (<1 Month),Mobile Phone,3,19,E wallet,male,3,4,Laptop & Accessory,5,Married,6,1,13,2,2,2,161,1,6/6/2026 9:09
51113,1,0,0. New User (<1 Month),Mobile Phone,3,6,Debit Card,male,2,5,Laptop & Accessory,4,Single,7,0,15,0,1,0,167,0,6/6/2026 9:09
51114,0,0,0. New User (<1 Month),Mobile Phone,1,10,Credit Card,female,2,3,Mobile Phone,4,Single,2,0,13,1,1,2,133,1,6/6/2026 9:09
51115,0,4,1. Junior User (1-6 Months),Computer,1,30,Cash on Delivery,female,1,3,Laptop & Accessory,1,Single,3,0,20,1,1,4,152,1,6/6/2026 9:09
51116,0,12,2. Mid-Loyal (7-12 Months),Computer,1,6,Debit Card,male,3,3,Laptop & Accessory,1,Married,2,1,15,3,5,8,165,0.6,6/6/2026 9:09
51117,0,5,1. Junior User (1-6 Months),Mobile Phone,3,25,Debit Card,male,3,5,Fashion,3,Married,4,0,13,1,1,2,196,1,6/6/2026 9:09
51118,0,13,3. Core Loyal (>1 Year),Mobile Phone,3,13,Credit Card,male,2,3,Others,4,Single,2,0,0,1,12,8,298,0.08,6/6/2026 9:09
51119,0,18,3. Core Loyal (>1 Year),Mobile Phone,2,10,Debit Card,female,2,5,Fashion,3,Married,5,0,21,1,1,3,198,1,6/6/2026 9:09
51120,0,3,1. Junior User (1-6 Months),Computer,1,8,Cash on Delivery,female,3,4,Mobile Phone,5,Single,1,0,16,0,1,7,150,0,6/6/2026 9:09
51121,0,0,0. New User (<1 Month),Computer,2,16,Credit Card,male,2,3,Mobile Phone,1,Married,1,0,14,1,2,1,121,0.5,6/6/2026 9:09
51122,1,0,0. New User (<1 Month),Computer,2,14,UPI,female,3,4,Mobile Phone,1,Married,7,0,11,1,1,2,122,1,6/6/2026 9:09
51123,0,4,1. Junior User (1-6 Months),Mobile Phone,3,11,Cash on Delivery,male,2,3,Laptop & Accessory,3,Married,2,0,19,0,1,2,183,0,6/6/2026 9:09
51124,0,0,0. New User (<1 Month),Mobile Phone,1,14,Credit Card,female,3,3,Mobile Phone,1,Single,2,0,11,1,1,4,134,1,6/6/2026 9:09
51125,1,0,0. New User (<1 Month),Mobile Phone,3,15,E wallet,female,0,5,Mobile Phone,4,Single,2,0,13,1,2,2,128,0.5,6/6/2026 9:09
51126,0,2,1. Junior User (1-6 Months),Computer,1,6,Debit Card,male,3,1,Laptop & Accessory,3,Single,9,1,12,0,1,2,163,0,6/6/2026 9:09
51127,0,3,1. Junior User (1-6 Months),Mobile Phone,3,21,E wallet,male,3,4,Fashion,5,Married,3,0,11,0,1,7,171,0,6/6/2026 9:09
51128,0,7,2. Mid-Loyal (7-12 Months),Mobile Phone,1,8,Credit Card,male,0,1,Mobile Phone,1,Married,1,1,14,0,1,2,129,0,6/6/2026 9:09
51129,0,6,1. Junior User (1-6 Months),Computer,3,8,E wallet,female,3,3,Laptop & Accessory,4,Single,9,0,15,0,1,7,151,0,6/6/2026 9:09
51130,0,22,3. Core Loyal (>1 Year),Mobile Phone,3,17,E wallet,female,3,3,Laptop & Accessory,1,Single,4,0,12,0,1,4,145,0,6/6/2026 9:09
51131,1,0,0. New User (<1 Month),Mobile Phone,3,22,Debit Card,female,3,3,Fashion,5,Single,3,1,20,0,1,0,186,0,6/6/2026 9:09
51132,0,11,2. Mid-Loyal (7-12 Months),Computer,1,-1,Credit Card,female,3,4,Mobile Phone,4,Married,5,0,14,0,1,5,125,0,6/6/2026 9:09
51133,1,0,0. New User (<1 Month),Mobile Phone,3,22,E wallet,male,3,3,Fashion,3,Married,3,0,13,1,1,0,182,1,6/6/2026 9:09
51134,0,0,0. New User (<1 Month),Mobile Phone,1,10,Cash on Delivery,female,3,4,Mobile Phone,5,Married,2,0,13,0,1,0,121,0,6/6/2026 9:09
51135,0,0,0. New User (<1 Month),Mobile Phone,1,22,Debit Card,male,2,1,Laptop & Accessory,3,Married,4,0,16,1,1,7,153,1,6/6/2026 9:09
51136,0,5,1. Junior User (1-6 Months),Computer,1,11,Cash on Delivery,male,0,3,Mobile Phone,4,Single,3,0,14,1,1,7,127,1,6/6/2026 9:09
51137,0,11,2. Mid-Loyal (7-12 Months),Mobile Phone,1,24,Credit Card,male,2,5,Laptop & Accessory,1,Married,4,1,16,0,1,0,158,0,6/6/2026 9:09
51138,1,6,1. Junior User (1-6 Months),Computer,1,-1,Cash on Delivery,male,2,4,Mobile Phone,3,Married,10,1,16,1,1,0,124,1,6/6/2026 9:09
51139,0,15,3. Core Loyal (>1 Year),Mobile Phone,1,18,Credit Card,male,0,3,Mobile Phone,4,Married,9,0,22,1,1,4,128,1,6/6/2026 9:09
51140,0,28,3. Core Loyal (>1 Year),Mobile Phone,1,8,Credit Card,male,2,4,Others,5,Married,9,0,12,0,1,0,290,0,6/6/2026 9:09
51141,0,6,1. Junior User (1-6 Months),Computer,1,10,Cash on Delivery,male,0,3,Laptop & Accessory,4,Married,6,0,15,0,1,7,131,0,6/6/2026 9:09
51142,0,0,0. New User (<1 Month),Mobile Phone,1,15,Debit Card,male,3,3,Mobile Phone,5,Married,2,0,20,1,1,4,123,1,6/6/2026 9:09
51143,0,7,2. Mid-Loyal (7-12 Months),Computer,3,16,Debit Card,male,2,3,Laptop & Accessory,3,Married,2,1,14,1,1,7,140,1,6/6/2026 9:09
51144,0,26,3. Core Loyal (>1 Year),Computer,1,6,Credit Card,female,2,4,Grocery,3,Married,5,1,20,0,1,-1,230,0,6/6/2026 9:09
51145,0,16,3. Core Loyal (>1 Year),Mobile Phone,2,8,Debit Card,male,3,3,Mobile Phone,1,Single,1,0,13,0,1,8,135,0,6/6/2026 9:09
51146,0,7,2. Mid-Loyal (7-12 Months),Mobile Phone,3,9,Debit Card,female,2,5,Laptop & Accessory,1,Single,6,0,12,1,2,2,160,0.5,6/6/2026 9:09
51147,1,0,0. New User (<1 Month),Mobile Phone,3,13,E wallet,male,0,3,Mobile Phone,4,Single,2,0,13,1,1,0,127,1,6/6/2026 9:09
51148,0,11,2. Mid-Loyal (7-12 Months),Mobile Phone,1,12,UPI,female,2,4,Mobile Phone,3,Married,2,0,11,0,1,4,137,0,6/6/2026 9:09
51149,1,0,0. New User (<1 Month),Mobile Phone,1,-1,Credit Card,female,3,3,Mobile Phone,5,Married,2,1,17,0,1,0,124,0,6/6/2026 9:09
51150,0,4,1. Junior User (1-6 Months),Mobile Phone,3,35,E wallet,female,3,4,Laptop & Accessory,1,Married,2,0,14,2,5,7,155,0.4,6/6/2026 9:09
51151,0,24,3. Core Loyal (>1 Year),Mobile Phone,1,9,Cash on Delivery,female,2,3,Fashion,3,Married,3,0,11,2,2,-1,231,1,6/6/2026 9:09
51152,0,10,2. Mid-Loyal (7-12 Months),Mobile Phone,3,15,E wallet,male,2,4,Laptop & Accessory,4,Married,2,0,14,0,1,3,142,0,6/6/2026 9:09
51153,0,19,3. Core Loyal (>1 Year),Mobile Phone,1,8,Credit Card,male,2,3,Others,1,Married,8,1,0,1,2,2,293,0.5,6/6/2026 9:09
51154,0,9,2. Mid-Loyal (7-12 Months),Mobile Phone,1,16,Debit Card,male,2,3,Fashion,5,Married,8,1,13,1,5,7,183,0.2,6/6/2026 9:09
51155,1,7,2. Mid-Loyal (7-12 Months),Computer,1,-1,Credit Card,male,2,3,Mobile Phone,4,Married,2,1,12,1,2,3,123,0.5,6/6/2026 9:09
51156,0,10,2. Mid-Loyal (7-12 Months),Mobile Phone,2,14,UPI,male,2,3,Laptop & Accessory,4,Married,3,0,13,4,4,7,141,1,6/6/2026 9:09
51157,1,0,0. New User (<1 Month),Mobile Phone,3,33,Debit Card,male,2,3,Laptop & Accessory,1,Single,2,1,18,0,7,7,158,0,6/6/2026 9:09
51158,0,6,1. Junior User (1-6 Months),Mobile Phone,1,14,Debit Card,male,0,1,Mobile Phone,5,Married,7,0,19,6,7,6,131,0.86,6/6/2026 9:09
51159,0,0,0. New User (<1 Month),Mobile Phone,1,6,Debit Card,male,2,3,Mobile Phone,1,Married,2,0,11,0,1,3,120,0,6/6/2026 9:09
51160,0,12,2. Mid-Loyal (7-12 Months),Mobile Phone,1,16,Credit Card,male,3,3,Fashion,3,Single,8,0,21,2,0,2,235,0,6/6/2026 9:09
51161,0,19,3. Core Loyal (>1 Year),Computer,3,32,Debit Card,male,3,4,Laptop & Accessory,4,Single,9,0,15,2,2,2,180,1,6/6/2026 9:09
51162,0,13,3. Core Loyal (>1 Year),Mobile Phone,1,8,Debit Card,female,2,3,Mobile Phone,5,Married,5,0,17,1,1,2,134,1,6/6/2026 9:09
51163,0,15,3. Core Loyal (>1 Year),Mobile Phone,1,19,Credit Card,male,3,1,Laptop & Accessory,5,Married,6,0,18,1,1,0,155,1,6/6/2026 9:09
51164,0,8,2. Mid-Loyal (7-12 Months),Computer,1,8,Credit Card,male,2,3,Laptop & Accessory,1,Married,3,0,14,0,1,7,158,0,6/6/2026 9:09
51165,0,11,2. Mid-Loyal (7-12 Months),Computer,2,-1,UPI,male,3,3,Mobile Phone,4,Married,6,0,13,3,3,8,126,1,6/6/2026 9:09
51166,1,0,0. New User (<1 Month),Computer,1,15,Debit Card,male,3,3,Laptop & Accessory,5,Married,5,0,17,0,1,7,153,0,6/6/2026 9:09
51167,1,0,0. New User (<1 Month),Mobile Phone,1,16,Credit Card,male,2,3,Laptop & Accessory,5,Single,2,0,15,0,1,8,142,0,6/6/2026 9:09
51168,0,12,2. Mid-Loyal (7-12 Months),Computer,3,26,Debit Card,male,2,3,Laptop & Accessory,1,Married,3,0,18,1,2,2,141,0.5,6/6/2026 9:09
51169,0,16,3. Core Loyal (>1 Year),Computer,1,-1,Debit Card,male,2,3,Mobile Phone,3,Single,5,0,13,0,1,2,124,0,6/6/2026 9:09
51170,0,14,3. Core Loyal (>1 Year),Mobile Phone,1,11,Debit Card,male,2,1,Laptop & Accessory,4,Single,4,0,12,1,1,2,169,1,6/6/2026 9:09
51171,0,14,3. Core Loyal (>1 Year),Mobile Phone,3,10,E wallet,female,2,3,Fashion,3,Married,1,1,13,0,13,5,204,0,6/6/2026 9:09
51172,0,3,1. Junior User (1-6 Months),Mobile Phone,1,16,Credit Card,female,3,3,Fashion,3,Single,10,0,14,0,1,2,197,0,6/6/2026 9:09
51173,1,0,0. New User (<1 Month),Mobile Phone,2,26,Credit Card,female,3,3,Mobile Phone,4,Married,1,1,11,0,1,4,121,0,6/6/2026 9:09
51174,1,9,2. Mid-Loyal (7-12 Months),Mobile Phone,1,27,Credit Card,female,3,3,Laptop & Accessory,4,Married,5,0,22,1,3,7,189,0.33,6/6/2026 9:09
51175,0,13,3. Core Loyal (>1 Year),Mobile Phone,1,6,Debit Card,female,2,3,Laptop & Accessory,1,Married,5,0,17,0,1,3,165,0,6/6/2026 9:09
51176,0,7,2. Mid-Loyal (7-12 Months),Mobile Phone,3,14,Cash on Delivery,male,3,1,Laptop & Accessory,3,Married,2,0,21,0,4,8,168,0,6/6/2026 9:09
51177,0,30,3. Core Loyal (>1 Year),Computer,3,8,Credit Card,male,2,3,Grocery,4,Married,5,0,22,10,14,14,0,0.71,6/6/2026 9:09
51178,0,8,2. Mid-Loyal (7-12 Months),Mobile Phone,1,29,Credit Card,male,0,5,Mobile Phone,3,Married,1,0,16,1,1,3,127,1,6/6/2026 9:09
51179,0,20,3. Core Loyal (>1 Year),Mobile Phone,1,10,Debit Card,female,3,4,Fashion,4,Married,9,1,12,2,14,10,203,0.14,6/6/2026 9:09
51180,0,13,3. Core Loyal (>1 Year),Mobile Phone,1,18,Debit Card,female,2,3,Laptop & Accessory,5,Married,3,0,12,7,7,7,144,1,6/6/2026 9:09
51181,0,27,3. Core Loyal (>1 Year),Mobile Phone,1,13,Credit Card,female,3,3,Laptop & Accessory,1,Married,5,0,15,1,1,7,169,1,6/6/2026 9:09
51182,0,4,1. Junior User (1-6 Months),Computer,3,13,E wallet,female,3,3,Fashion,5,Married,3,0,14,2,2,2,196,1,6/6/2026 9:09
51183,0,1,1. Junior User (1-6 Months),Mobile Phone,1,6,Credit Card,female,3,3,Mobile Phone,5,Married,2,0,25,1,1,2,136,1,6/6/2026 9:09
51184,0,11,2. Mid-Loyal (7-12 Months),Mobile Phone,3,8,E wallet,female,3,5,Laptop & Accessory,1,Married,3,1,20,0,1,3,154,0,6/6/2026 9:09
51185,0,0,0. New User (<1 Month),Mobile Phone,3,16,Credit Card,male,2,3,Laptop & Accessory,1,Single,2,0,13,0,1,2,147,0,6/6/2026 9:09
51186,0,30,3. Core Loyal (>1 Year),Computer,1,21,Debit Card,male,2,3,Grocery,3,Married,3,1,14,1,0,2,258,0,6/6/2026 9:09
51187,0,0,0. New User (<1 Month),Computer,1,20,Credit Card,female,2,3,Mobile Phone,3,Single,2,0,16,1,1,0,115,1,6/6/2026 9:09
51188,1,0,0. New User (<1 Month),Mobile Phone,2,24,UPI,male,0,1,Mobile Phone,5,Married,1,0,17,1,1,0,130,1,6/6/2026 9:09
51189,1,0,0. New User (<1 Month),Mobile Phone,2,-1,UPI,male,2,4,Mobile Phone,5,Married,5,1,15,1,2,0,123,0.5,6/6/2026 9:09
51190,0,18,3. Core Loyal (>1 Year),Computer,3,8,Debit Card,female,3,3,Laptop & Accessory,3,Married,5,0,22,3,5,7,152,0.6,6/6/2026 9:09
51191,0,9,2. Mid-Loyal (7-12 Months),Mobile Phone,1,8,UPI,female,3,3,Laptop & Accessory,4,Married,5,1,22,0,1,0,170,0,6/6/2026 9:09
51192,0,16,3. Core Loyal (>1 Year),Computer,3,8,Debit Card,male,3,3,Laptop & Accessory,1,Married,2,0,20,5,7,7,157,0.71,6/6/2026 9:09
51193,0,0,0. New User (<1 Month),Computer,1,-1,Debit Card,female,2,3,Mobile Phone,1,Single,1,1,14,1,1,2,124,1,6/6/2026 9:09
51194,0,2,1. Junior User (1-6 Months),Computer,1,26,Credit Card,male,2,3,Mobile Phone,1,Married,2,0,13,1,3,10,138,0.33,6/6/2026 9:09
51195,0,5,1. Junior User (1-6 Months),Computer,3,16,E wallet,male,3,3,Laptop & Accessory,1,Single,9,0,13,1,1,0,146,1,6/6/2026 9:09
51196,0,15,3. Core Loyal (>1 Year),Computer,1,16,Cash on Delivery,male,0,3,Mobile Phone,3,Married,4,0,22,1,3,3,129,0.33,6/6/2026 9:09
51197,0,0,0. New User (<1 Month),Mobile Phone,1,15,Debit Card,female,3,3,Mobile Phone,3,Single,5,0,12,1,2,0,121,0.5,6/6/2026 9:09
51198,0,19,3. Core Loyal (>1 Year),Mobile Phone,1,8,Debit Card,male,2,3,Fashion,1,Married,4,0,14,1,4,7,186,0.25,6/6/2026 9:09
51199,0,1,1. Junior User (1-6 Months),Computer,2,6,Debit Card,male,0,3,Mobile Phone,1,Married,2,0,15,0,2,2,127,0,6/6/2026 9:09
51200,0,2,1. Junior User (1-6 Months),Mobile Phone,1,35,Debit Card,male,3,5,Laptop & Accessory,3,Married,9,0,17,1,1,6,164,1,6/6/2026 9:09
51201,0,15,3. Core Loyal (>1 Year),Mobile Phone,1,14,Debit Card,male,2,3,Mobile Phone,3,Single,5,0,13,1,1,0,140,1,6/6/2026 9:09
51202,1,0,0. New User (<1 Month),Mobile Phone,3,8,E wallet,male,2,4,Laptop & Accessory,4,Single,8,1,12,2,2,2,199,1,6/6/2026 9:09
51203,0,19,3. Core Loyal (>1 Year),Mobile Phone,3,9,Cash on Delivery,female,2,1,Grocery,5,Married,3,0,12,1,0,8,232,0,6/6/2026 9:09
51204,0,0,0. New User (<1 Month),Mobile Phone,3,29,Credit Card,female,2,4,Laptop & Accessory,3,Married,2,0,21,4,5,8,135,0.8,6/6/2026 9:09
51205,0,2,1. Junior User (1-6 Months),Mobile Phone,2,12,Credit Card,male,0,4,Mobile Phone,4,Married,2,0,11,1,1,0,128,1,6/6/2026 9:09
51206,0,16,3. Core Loyal (>1 Year),Mobile Phone,1,12,Credit Card,female,2,4,Others,3,Married,8,0,0,3,6,14,294,0.5,6/6/2026 9:09
51207,0,21,3. Core Loyal (>1 Year),Mobile Phone,1,16,Debit Card,male,3,4,Others,4,Married,5,0,0,3,12,9,297,0.25,6/6/2026 9:09
51208,1,0,0. New User (<1 Month),Computer,1,-1,Debit Card,male,3,4,Mobile Phone,1,Single,2,1,24,1,1,0,124,1,6/6/2026 9:09
51209,1,9,2. Mid-Loyal (7-12 Months),Mobile Phone,3,16,Debit Card,female,3,3,Fashion,4,Married,6,0,21,0,1,7,173,0,6/6/2026 9:09
51210,0,0,0. New User (<1 Month),Computer,1,21,Debit Card,female,3,4,Mobile Phone,5,Married,1,0,19,7,7,3,148,1,6/6/2026 9:09
51211,0,12,2. Mid-Loyal (7-12 Months),Mobile Phone,1,25,UPI,male,2,3,Laptop & Accessory,1,Married,9,0,14,1,2,2,139,0.5,6/6/2026 9:09
51212,0,28,3. Core Loyal (>1 Year),Mobile Phone,1,8,Cash on Delivery,male,0,4,Mobile Phone,1,Married,9,0,20,0,1,4,127,0,6/6/2026 9:09
51213,0,1,1. Junior User (1-6 Months),Mobile Phone,3,9,Credit Card,female,0,3,Mobile Phone,4,Married,2,0,19,1,1,0,129,1,6/6/2026 9:09
51214,1,0,0. New User (<1 Month),Mobile Phone,3,15,Credit Card,male,2,3,Mobile Phone,1,Single,2,0,13,0,1,0,111,0,6/6/2026 9:09
51215,1,0,0. New User (<1 Month),Mobile Phone,1,-1,Debit Card,male,3,3,Mobile Phone,4,Single,2,1,23,1,1,0,125,1,6/6/2026 9:09
51216,0,9,2. Mid-Loyal (7-12 Months),Mobile Phone,3,16,Cash on Delivery,female,3,4,Laptop & Accessory,3,Married,2,1,13,1,1,7,157,1,6/6/2026 9:09
51217,0,4,1. Junior User (1-6 Months),Mobile Phone,1,26,Debit Card,male,2,3,Laptop & Accessory,3,Married,2,0,11,0,1,2,142,0,6/6/2026 9:09
51218,0,7,2. Mid-Loyal (7-12 Months),Mobile Phone,3,10,Debit Card,male,3,3,Fashion,1,Married,3,1,13,0,1,0,197,0,6/6/2026 9:09
51219,0,0,0. New User (<1 Month),Mobile Phone,1,13,Debit Card,male,2,3,Mobile Phone,5,Single,4,0,14,0,1,2,121,0,6/6/2026 9:09
51220,0,10,2. Mid-Loyal (7-12 Months),Mobile Phone,1,13,Credit Card,male,3,3,Laptop & Accessory,5,Married,6,1,22,0,1,4,143,0,6/6/2026 9:09
51221,0,8,2. Mid-Loyal (7-12 Months),Mobile Phone,1,22,UPI,female,2,4,Laptop & Accessory,4,Married,1,1,11,1,1,2,148,1,6/6/2026 9:09
51222,0,18,3. Core Loyal (>1 Year),Mobile Phone,1,31,Debit Card,female,3,4,Laptop & Accessory,1,Married,1,0,13,0,3,8,159,0,6/6/2026 9:09
51223,0,9,2. Mid-Loyal (7-12 Months),Computer,2,8,UPI,male,3,4,Laptop & Accessory,1,Single,2,0,21,1,1,8,139,1,6/6/2026 9:09
51224,0,13,3. Core Loyal (>1 Year),Mobile Phone,1,6,Debit Card,male,3,3,Grocery,5,Married,3,0,11,0,11,16,268,0,6/6/2026 9:09
51225,0,0,0. New User (<1 Month),Mobile Phone,1,6,Debit Card,female,0,4,Mobile Phone,3,Married,2,1,13,0,1,0,129,0,6/6/2026 9:09
51226,0,0,0. New User (<1 Month),Mobile Phone,3,8,Credit Card,female,2,1,Laptop & Accessory,3,Single,1,0,14,0,1,7,165,0,6/6/2026 9:09
51227,0,21,3. Core Loyal (>1 Year),Computer,1,28,Credit Card,female,2,3,Grocery,1,Married,4,0,11,0,4,7,272,0,6/6/2026 9:09
51228,0,17,3. Core Loyal (>1 Year),Mobile Phone,1,6,Debit Card,male,3,1,Laptop & Accessory,5,Married,3,0,15,2,2,2,150,1,6/6/2026 9:09
51229,1,0,0. New User (<1 Month),Computer,1,22,Cash on Delivery,male,2,5,Mobile Phone,5,Married,2,1,23,3,3,0,123,1,6/6/2026 9:09
51230,1,19,3. Core Loyal (>1 Year),Mobile Phone,1,-1,Debit Card,male,3,3,Mobile Phone,1,Single,2,0,16,0,1,0,126,0,6/6/2026 9:09
51231,0,9,2. Mid-Loyal (7-12 Months),Mobile Phone,3,23,E wallet,male,2,4,Laptop & Accessory,4,Married,3,0,16,1,1,3,155,1,6/6/2026 9:09
51232,0,14,3. Core Loyal (>1 Year),Mobile Phone,3,14,E wallet,female,2,3,Laptop & Accessory,4,Married,6,0,21,1,1,4,144,1,6/6/2026 9:09
51233,0,15,3. Core Loyal (>1 Year),Mobile Phone,1,12,Credit Card,male,2,3,Fashion,5,Married,10,0,13,3,0,7,233,0,6/6/2026 9:09
51234,0,4,1. Junior User (1-6 Months),Mobile Phone,3,16,Credit Card,female,2,3,Laptop & Accessory,1,Married,3,1,11,0,1,4,166,0,6/6/2026 9:09
51235,0,7,2. Mid-Loyal (7-12 Months),Mobile Phone,3,9,Credit Card,female,3,4,Laptop & Accessory,1,Married,4,1,12,0,1,1,181,0,6/6/2026 9:09
51236,0,4,1. Junior User (1-6 Months),Mobile Phone,1,10,Credit Card,female,3,1,Mobile Phone,3,Married,9,0,12,2,2,2,140,1,6/6/2026 9:09
51237,0,0,0. New User (<1 Month),Computer,1,-1,UPI,male,3,1,Mobile Phone,1,Married,1,0,18,2,7,7,125,0.29,6/6/2026 9:09
51238,0,18,3. Core Loyal (>1 Year),Computer,1,6,Credit Card,male,2,3,Laptop & Accessory,3,Single,5,0,12,1,1,3,154,1,6/6/2026 9:09
51239,0,6,1. Junior User (1-6 Months),Mobile Phone,3,16,E wallet,male,2,3,Laptop & Accessory,3,Single,2,0,14,0,1,9,155,0,6/6/2026 9:09
51240,0,1,1. Junior User (1-6 Months),Computer,3,6,Debit Card,male,2,4,Laptop & Accessory,1,Married,2,1,12,0,1,7,168,0,6/6/2026 9:09
51241,1,0,0. New User (<1 Month),Computer,3,30,Cash on Delivery,male,2,1,Mobile Phone,5,Single,2,0,17,1,1,0,111,1,6/6/2026 9:09
51242,0,12,2. Mid-Loyal (7-12 Months),Computer,3,27,Debit Card,female,2,5,Laptop & Accessory,3,Married,7,0,19,0,1,2,157,0,6/6/2026 9:09
51243,0,0,0. New User (<1 Month),Mobile Phone,1,8,Cash on Delivery,male,2,3,Mobile Phone,4,Married,2,0,11,1,1,2,122,1,6/6/2026 9:09
51244,0,7,2. Mid-Loyal (7-12 Months),Computer,1,28,UPI,male,2,4,Laptop & Accessory,1,Married,2,1,15,3,6,11,157,0.5,6/6/2026 9:09
51245,1,0,0. New User (<1 Month),Mobile Phone,3,19,E wallet,female,2,3,Laptop & Accessory,3,Single,4,1,11,2,2,2,199,1,6/6/2026 9:09
51246,0,20,3. Core Loyal (>1 Year),Computer,1,20,Cash on Delivery,male,3,3,Laptop & Accessory,4,Married,9,0,18,0,1,7,155,0,6/6/2026 9:09
51247,0,29,3. Core Loyal (>1 Year),Mobile Phone,3,17,E wallet,female,2,4,Laptop & Accessory,5,Married,5,0,16,0,1,0,154,0,6/6/2026 9:09
51248,0,12,2. Mid-Loyal (7-12 Months),Mobile Phone,1,15,Credit Card,male,2,3,Laptop & Accessory,5,Married,2,0,25,4,7,9,152,0.57,6/6/2026 9:09
51249,0,0,0. New User (<1 Month),Computer,1,14,Credit Card,female,2,4,Laptop & Accessory,4,Married,2,1,16,1,1,7,121,1,6/6/2026 9:09
51250,0,30,3. Core Loyal (>1 Year),Mobile Phone,3,27,Debit Card,female,3,3,Grocery,1,Married,5,1,13,0,1,0,279,0,6/6/2026 9:09
51251,1,0,0. New User (<1 Month),Computer,1,-1,Debit Card,female,2,1,Mobile Phone,3,Single,4,1,14,0,1,3,124,0,6/6/2026 9:09
51252,0,11,2. Mid-Loyal (7-12 Months),Mobile Phone,1,15,Debit Card,male,3,3,Mobile Phone,1,Married,3,0,19,1,1,3,148,1,6/6/2026 9:09
51253,0,22,3. Core Loyal (>1 Year),Computer,1,8,Debit Card,male,2,3,Others,1,Married,4,0,15,0,4,3,292,0,6/6/2026 9:09
51254,0,15,3. Core Loyal (>1 Year),Mobile Phone,3,18,E wallet,male,3,3,Laptop & Accessory,1,Married,4,1,12,0,1,0,151,0,6/6/2026 9:09
51255,1,0,0. New User (<1 Month),Computer,2,28,UPI,female,0,4,Mobile Phone,4,Married,2,0,12,1,1,0,129,1,6/6/2026 9:09
51256,0,8,2. Mid-Loyal (7-12 Months),Mobile Phone,3,24,Credit Card,male,3,3,Laptop & Accessory,5,Married,1,0,16,0,1,4,0,0,6/6/2026 9:09
51257,0,0,0. New User (<1 Month),Computer,1,22,Credit Card,male,2,3,Mobile Phone,3,Single,2,0,14,0,1,4,121,0,6/6/2026 9:09
51258,0,4,1. Junior User (1-6 Months),Computer,1,9,Credit Card,male,0,3,Mobile Phone,5,Married,2,1,13,0,2,3,131,0,6/6/2026 9:09
51259,0,9,2. Mid-Loyal (7-12 Months),Computer,1,15,Debit Card,male,0,1,Mobile Phone,4,Married,2,0,22,1,1,2,128,1,6/6/2026 9:09
51260,0,7,2. Mid-Loyal (7-12 Months),Mobile Phone,3,6,E wallet,male,2,3,Fashion,1,Single,2,0,21,1,2,1,199,0.5,6/6/2026 9:09
51261,0,7,2. Mid-Loyal (7-12 Months),Mobile Phone,3,19,Credit Card,male,2,3,Fashion,3,Married,2,0,18,1,1,1,186,1,6/6/2026 9:09
51262,0,0,0. New User (<1 Month),Mobile Phone,1,6,Credit Card,male,0,3,Mobile Phone,5,Single,1,0,13,3,7,6,129,0.43,6/6/2026 9:09
51263,0,2,1. Junior User (1-6 Months),Mobile Phone,1,6,Debit Card,male,2,3,Laptop & Accessory,5,Married,1,0,12,1,1,2,154,1,6/6/2026 9:09
51264,0,5,1. Junior User (1-6 Months),Computer,1,21,Credit Card,female,2,3,Laptop & Accessory,1,Married,6,0,18,0,1,2,167,0,6/6/2026 9:09
51265,0,4,1. Junior User (1-6 Months),Computer,1,6,Debit Card,male,2,5,Laptop & Accessory,5,Married,2,0,21,1,8,7,150,0.13,6/6/2026 9:09
51266,1,0,0. New User (<1 Month),Mobile Phone,1,-1,Cash on Delivery,male,2,4,Mobile Phone,1,Married,6,0,12,0,1,3,124,0,6/6/2026 9:09
51267,0,11,2. Mid-Loyal (7-12 Months),Mobile Phone,3,6,Debit Card,male,0,4,Mobile Phone,5,Single,5,0,14,0,1,0,129,0,6/6/2026 9:09
51268,0,8,2. Mid-Loyal (7-12 Months),Mobile Phone,3,13,Debit Card,female,2,3,Laptop & Accessory,1,Married,2,1,11,1,1,9,152,1,6/6/2026 9:09
51269,0,0,0. New User (<1 Month),Mobile Phone,3,15,E wallet,male,2,3,Laptop & Accessory,1,Single,2,0,14,0,1,7,141,0,6/6/2026 9:09
51270,0,5,1. Junior User (1-6 Months),Mobile Phone,1,11,Debit Card,male,2,4,Laptop & Accessory,1,Single,9,0,24,0,1,0,197,0,6/6/2026 9:09
51271,1,0,0. New User (<1 Month),Computer,3,32,E wallet,male,3,3,Laptop & Accessory,1,Married,2,1,11,0,1,8,156,0,6/6/2026 9:09
51272,1,16,3. Core Loyal (>1 Year),Mobile Phone,3,30,Debit Card,male,3,3,Fashion,5,Single,7,1,13,2,2,2,204,1,6/6/2026 9:09
51273,0,27,3. Core Loyal (>1 Year),Mobile Phone,1,15,Debit Card,female,0,3,Laptop & Accessory,3,Married,4,0,11,0,2,3,129,0,6/6/2026 9:09
51274,0,6,1. Junior User (1-6 Months),Computer,1,13,Debit Card,male,2,3,Laptop & Accessory,3,Married,2,0,20,2,2,8,160,1,6/6/2026 9:09
51275,0,16,3. Core Loyal (>1 Year),Mobile Phone,1,17,Debit Card,male,1,3,Fashion,3,Married,2,0,17,1,1,9,175,1,6/6/2026 9:09
51276,0,11,2. Mid-Loyal (7-12 Months),Computer,2,6,UPI,male,0,3,Mobile Phone,4,Married,1,1,11,1,1,2,130,1,6/6/2026 9:09
51277,0,28,3. Core Loyal (>1 Year),Mobile Phone,2,32,UPI,male,3,1,Others,4,Married,5,1,0,1,1,4,296,1,6/6/2026 9:09
51278,0,4,1. Junior User (1-6 Months),Mobile Phone,1,8,Credit Card,female,2,5,Mobile Phone,1,Married,2,1,11,1,1,0,111,1,6/6/2026 9:09
51279,0,12,2. Mid-Loyal (7-12 Months),Mobile Phone,3,21,E wallet,male,3,3,Grocery,5,Single,1,0,12,4,0,10,233,0,6/6/2026 9:09
51280,0,15,3. Core Loyal (>1 Year),Computer,1,29,Debit Card,male,2,4,Laptop & Accessory,3,Single,2,0,12,2,3,7,143,0.67,6/6/2026 9:09
51281,0,4,1. Junior User (1-6 Months),Computer,1,16,Credit Card,female,2,3,Fashion,3,Married,5,0,20,3,4,-1,210,0.75,6/6/2026 9:09
51282,0,27,3. Core Loyal (>1 Year),Mobile Phone,1,16,Credit Card,female,3,3,Laptop & Accessory,5,Single,7,1,19,0,1,4,144,0,6/6/2026 9:09
51283,0,0,0. New User (<1 Month),Mobile Phone,1,6,Debit Card,male,2,4,Laptop & Accessory,3,Single,2,0,12,1,1,2,146,1,6/6/2026 9:09
51284,0,0,0. New User (<1 Month),Mobile Phone,1,-1,UPI,male,3,3,Mobile Phone,1,Single,2,0,13,1,1,4,126,1,6/6/2026 9:09
51285,0,13,3. Core Loyal (>1 Year),Computer,1,17,Cash on Delivery,female,3,3,Laptop & Accessory,3,Married,2,0,11,2,9,4,163,0.22,6/6/2026 9:09
51286,0,13,3. Core Loyal (>1 Year),Mobile Phone,3,8,E wallet,female,3,3,Laptop & Accessory,4,Married,4,0,14,1,5,10,157,0.2,6/6/2026 9:09
51287,0,0,0. New User (<1 Month),Mobile Phone,2,8,UPI,female,2,3,Mobile Phone,4,Married,5,0,14,0,1,2,122,0,6/6/2026 9:09
51288,0,3,1. Junior User (1-6 Months),Mobile Phone,1,6,Credit Card,male,3,3,Mobile Phone,4,Married,2,0,13,0,1,7,137,0,6/6/2026 9:09
51289,0,0,0. New User (<1 Month),Mobile Phone,1,8,UPI,male,2,3,Mobile Phone,3,Married,7,1,19,0,1,2,140,0,6/6/2026 9:09
51290,0,20,3. Core Loyal (>1 Year),Mobile Phone,1,31,Credit Card,male,2,3,Fashion,3,Single,3,0,23,1,12,11,186,0.08,6/6/2026 9:09
51291,0,0,0. New User (<1 Month),Computer,1,6,Credit Card,male,2,4,Mobile Phone,3,Married,2,0,12,0,1,0,120,0,6/6/2026 9:09
51292,0,11,2. Mid-Loyal (7-12 Months),Mobile Phone,3,6,Debit Card,male,2,3,Laptop & Accessory,4,Married,1,0,15,4,5,8,144,0.8,6/6/2026 9:09
51293,0,4,1. Junior User (1-6 Months),Mobile Phone,3,8,Debit Card,male,0,3,Mobile Phone,3,Married,1,0,19,1,1,2,131,1,6/6/2026 9:09
51294,0,11,2. Mid-Loyal (7-12 Months),Computer,1,12,Debit Card,male,3,4,Laptop & Accessory,3,Married,3,0,11,2,7,7,153,0.29,6/6/2026 9:09
51295,0,15,3. Core Loyal (>1 Year),Mobile Phone,1,24,Debit Card,male,2,3,Laptop & Accessory,5,Married,7,1,17,0,1,2,154,0,6/6/2026 9:09
51296,0,14,3. Core Loyal (>1 Year),Mobile Phone,1,6,Debit Card,male,0,3,Mobile Phone,1,Married,4,0,22,0,1,0,128,0,6/6/2026 9:09
51297,0,20,3. Core Loyal (>1 Year),Computer,1,6,Credit Card,female,3,3,Fashion,4,Married,1,0,18,0,5,-1,220,0,6/6/2026 9:09
51298,0,8,2. Mid-Loyal (7-12 Months),Mobile Phone,1,17,Credit Card,male,2,3,Mobile Phone,3,Married,8,1,11,0,2,2,127,0,6/6/2026 9:09
51299,0,0,0. New User (<1 Month),Mobile Phone,1,6,Debit Card,male,3,3,Mobile Phone,3,Single,1,0,12,0,1,2,134,0,6/6/2026 9:09
51300,0,8,2. Mid-Loyal (7-12 Months),Mobile Phone,1,15,Credit Card,male,2,3,Laptop & Accessory,3,Single,2,0,19,0,1,8,151,0,6/6/2026 9:09
51301,0,6,1. Junior User (1-6 Months),Mobile Phone,1,21,Credit Card,female,3,3,Laptop & Accessory,1,Married,1,1,13,5,8,1,12,0.63,6/6/2026 9:09
51302,0,5,1. Junior User (1-6 Months),Mobile Phone,1,35,Debit Card,female,0,4,Mobile Phone,4,Single,2,0,13,3,4,1,128,0.75,6/6/2026 9:09
51303,0,13,3. Core Loyal (>1 Year),Mobile Phone,1,-1,Debit Card,male,2,3,Mobile Phone,1,Married,9,0,19,0,1,0,124,0,6/6/2026 9:09
51304,0,0,0. New User (<1 Month),Mobile Phone,3,6,Credit Card,male,3,4,Mobile Phone,4,Married,1,0,14,0,2,2,123,0,6/6/2026 9:09
51305,0,12,2. Mid-Loyal (7-12 Months),Mobile Phone,1,30,Debit Card,male,2,3,Laptop & Accessory,1,Single,8,0,13,1,1,7,141,1,6/6/2026 9:09
51306,0,11,2. Mid-Loyal (7-12 Months),Mobile Phone,1,16,Credit Card,female,2,5,Fashion,3,Married,4,0,12,1,0,11,232,0,6/6/2026 9:09
51307,0,5,1. Junior User (1-6 Months),Mobile Phone,3,6,E wallet,female,2,3,Fashion,1,Married,2,0,19,3,5,7,204,0.6,6/6/2026 9:09
51308,0,10,2. Mid-Loyal (7-12 Months),Mobile Phone,1,16,Debit Card,female,2,1,Fashion,1,Married,2,1,25,0,0,8,237,0,6/6/2026 9:09
51309,0,0,0. New User (<1 Month),Mobile Phone,3,14,UPI,female,2,3,Laptop & Accessory,3,Married,1,1,22,1,1,4,149,1,6/6/2026 9:09
51310,0,25,3. Core Loyal (>1 Year),Computer,3,126,Debit Card,male,2,3,Mobile Phone,1,Married,3,0,15,1,1,0,135,1,6/6/2026 9:09
51311,0,17,3. Core Loyal (>1 Year),Mobile Phone,1,-1,Credit Card,male,2,3,Mobile Phone,1,Single,7,1,12,0,1,2,124,0,6/6/2026 9:09
51312,0,0,0. New User (<1 Month),Mobile Phone,3,-1,Credit Card,male,2,3,Mobile Phone,5,Single,2,1,11,1,1,2,124,1,6/6/2026 9:09
51313,0,12,2. Mid-Loyal (7-12 Months),Computer,1,15,Debit Card,male,2,3,Others,1,Single,3,0,0,0,1,3,294,0,6/6/2026 9:09
51314,1,0,0. New User (<1 Month),Computer,3,15,E wallet,male,2,3,Mobile Phone,5,Married,2,0,19,1,1,0,118,1,6/6/2026 9:09
51315,0,9,2. Mid-Loyal (7-12 Months),Mobile Phone,3,9,Credit Card,female,3,4,Fashion,1,Married,1,0,19,3,3,4,176,1,6/6/2026 9:09
51316,0,9,2. Mid-Loyal (7-12 Months),Computer,1,10,Debit Card,female,3,3,Laptop & Accessory,4,Married,8,0,13,1,1,2,151,1,6/6/2026 9:09
51317,0,29,3. Core Loyal (>1 Year),Computer,1,6,Debit Card,male,2,3,Laptop & Accessory,3,Married,2,0,21,0,1,9,163,0,6/6/2026 9:09
51318,1,0,0. New User (<1 Month),Mobile Phone,1,6,Credit Card,male,2,3,Mobile Phone,1,Married,10,1,14,2,2,2,148,1,6/6/2026 9:09
51319,0,15,3. Core Loyal (>1 Year),Mobile Phone,1,8,Debit Card,male,2,3,Others,3,Married,6,0,11,0,4,14,289,0,6/6/2026 9:09
51320,1,19,3. Core Loyal (>1 Year),Mobile Phone,1,-1,Cash on Delivery,male,3,3,Mobile Phone,3,Married,9,0,11,6,9,8,123,0.67,6/6/2026 9:09
51321,0,14,3. Core Loyal (>1 Year),Mobile Phone,1,34,Debit Card,female,2,4,Grocery,4,Married,1,0,23,1,0,10,236,0,6/6/2026 9:09
51322,0,7,2. Mid-Loyal (7-12 Months),Mobile Phone,3,34,E wallet,female,3,4,Laptop & Accessory,3,Married,2,0,21,1,1,7,167,1,6/6/2026 9:09
51323,0,9,2. Mid-Loyal (7-12 Months),Computer,3,21,E wallet,male,2,5,Laptop & Accessory,1,Married,2,0,24,4,11,11,154,0.36,6/6/2026 9:09
51324,0,14,3. Core Loyal (>1 Year),Mobile Phone,3,9,Debit Card,male,2,4,Laptop & Accessory,4,Married,3,0,11,0,1,4,189,0,6/6/2026 9:09
51325,0,5,1. Junior User (1-6 Months),Mobile Phone,1,-1,Cash on Delivery,male,3,3,Mobile Phone,5,Single,2,0,14,1,1,2,124,1,6/6/2026 9:09
51326,0,8,2. Mid-Loyal (7-12 Months),Mobile Phone,2,32,Debit Card,female,2,3,Fashion,1,Single,2,1,16,1,1,7,188,1,6/6/2026 9:09
51327,0,11,2. Mid-Loyal (7-12 Months),Mobile Phone,3,16,Debit Card,female,3,3,Laptop & Accessory,1,Married,2,0,11,0,1,9,153,0,6/6/2026 9:09
51328,1,13,3. Core Loyal (>1 Year),Computer,3,6,Debit Card,male,3,3,Laptop & Accessory,3,Married,8,0,12,1,1,1,167,1,6/6/2026 9:09
51329,0,9,2. Mid-Loyal (7-12 Months),Mobile Phone,3,17,E wallet,female,3,4,Laptop & Accessory,1,Married,5,0,13,1,1,0,167,1,6/6/2026 9:09
51330,0,18,3. Core Loyal (>1 Year),Mobile Phone,3,26,Debit Card,female,2,3,Laptop & Accessory,3,Single,9,0,15,1,1,1,149,1,6/6/2026 9:09
51331,0,13,3. Core Loyal (>1 Year),Mobile Phone,1,8,Debit Card,male,0,4,Mobile Phone,3,Single,3,0,14,0,2,2,128,0,6/6/2026 9:09
51332,0,8,2. Mid-Loyal (7-12 Months),Computer,1,24,Debit Card,male,3,3,Laptop & Accessory,3,Married,2,1,14,1,1,2,157,1,6/6/2026 9:09
51333,0,0,0. New User (<1 Month),Mobile Phone,1,8,Credit Card,female,3,3,Mobile Phone,3,Married,3,0,14,1,1,2,120,1,6/6/2026 9:09
51334,0,8,2. Mid-Loyal (7-12 Months),Mobile Phone,1,6,Debit Card,female,0,5,Mobile Phone,1,Married,2,0,12,0,1,1,130,0,6/6/2026 9:09
51335,0,2,1. Junior User (1-6 Months),Mobile Phone,1,19,UPI,male,2,4,Laptop & Accessory,4,Married,5,1,13,1,1,3,140,1,6/6/2026 9:09
51336,0,2,1. Junior User (1-6 Months),Mobile Phone,1,34,Credit Card,female,3,4,Mobile Phone,5,Single,2,0,14,0,1,4,138,0,6/6/2026 9:09
51337,1,13,3. Core Loyal (>1 Year),Mobile Phone,3,34,E wallet,male,2,4,Fashion,5,Married,5,1,13,0,2,0,209,0,6/6/2026 9:09
51338,0,12,2. Mid-Loyal (7-12 Months),Mobile Phone,3,30,E wallet,female,2,4,Grocery,1,Married,1,0,11,1,9,-1,220,0.11,6/6/2026 9:09
51339,0,4,1. Junior User (1-6 Months),Computer,1,11,Credit Card,male,3,3,Laptop & Accessory,5,Single,1,0,19,0,1,7,199,0,6/6/2026 9:09
51340,0,0,0. New User (<1 Month),Mobile Phone,3,11,UPI,female,0,4,Mobile Phone,3,Single,1,0,18,0,1,0,130,0,6/6/2026 9:09
51341,0,9,2. Mid-Loyal (7-12 Months),Computer,1,-1,Credit Card,male,2,1,Laptop & Accessory,1,Married,5,0,17,0,1,3,126,0,6/6/2026 9:09
51342,0,12,2. Mid-Loyal (7-12 Months),Mobile Phone,1,12,Credit Card,male,2,4,Fashion,5,Married,5,0,15,1,1,7,200,1,6/6/2026 9:09
51343,0,0,0. New User (<1 Month),Mobile Phone,1,10,Debit Card,male,2,1,Laptop & Accessory,4,Married,2,1,20,1,1,3,161,1,6/6/2026 9:09
51344,0,22,3. Core Loyal (>1 Year),Computer,3,8,Credit Card,male,3,4,Laptop & Accessory,4,Married,3,0,14,1,1,8,154,1,6/6/2026 9:09
51345,0,7,2. Mid-Loyal (7-12 Months),Mobile Phone,1,14,Credit Card,male,2,1,Laptop & Accessory,3,Married,3,0,12,0,1,2,144,0,6/6/2026 9:09
51346,1,4,1. Junior User (1-6 Months),Mobile Phone,3,6,Debit Card,female,3,3,Laptop & Accessory,1,Single,9,1,11,0,1,5,160,0,6/6/2026 9:09
51347,0,22,3. Core Loyal (>1 Year),Computer,1,14,Debit Card,male,3,4,Laptop & Accessory,4,Married,2,0,23,0,1,7,151,0,6/6/2026 9:09
51348,1,0,0. New User (<1 Month),Mobile Phone,1,8,UPI,male,3,4,Mobile Phone,3,Single,7,1,15,0,1,0,121,0,6/6/2026 9:09
51349,0,6,1. Junior User (1-6 Months),Computer,1,9,Debit Card,female,0,3,Mobile Phone,3,Married,2,1,11,2,3,0,129,0.67,6/6/2026 9:09
51350,0,0,0. New User (<1 Month),Mobile Phone,1,8,Credit Card,male,2,3,Mobile Phone,4,Married,10,0,12,1,2,2,135,0.5,6/6/2026 9:09
51351,0,5,1. Junior User (1-6 Months),Computer,1,8,Debit Card,male,0,3,Mobile Phone,1,Single,1,0,13,1,3,6,131,0.33,6/6/2026 9:09
51352,0,30,3. Core Loyal (>1 Year),Mobile Phone,1,9,Credit Card,female,0,1,Mobile Phone,5,Married,5,1,20,0,1,0,127,0,6/6/2026 9:09
51353,0,3,1. Junior User (1-6 Months),Mobile Phone,1,30,Debit Card,male,0,3,Mobile Phone,3,Married,2,0,22,1,1,0,127,1,6/6/2026 9:09
51354,0,11,2. Mid-Loyal (7-12 Months),Computer,1,29,Debit Card,male,2,4,Fashion,3,Single,1,0,21,1,1,8,195,1,6/6/2026 9:09
51355,0,9,2. Mid-Loyal (7-12 Months),Mobile Phone,1,33,Credit Card,male,3,3,Laptop & Accessory,3,Married,7,0,13,0,7,7,152,0,6/6/2026 9:09
51356,0,8,2. Mid-Loyal (7-12 Months),Mobile Phone,1,-1,Credit Card,male,2,1,Mobile Phone,4,Married,1,0,13,1,1,3,124,1,6/6/2026 9:09
51357,0,2,1. Junior User (1-6 Months),Mobile Phone,1,21,Debit Card,female,2,4,Laptop & Accessory,3,Single,1,1,12,1,1,8,142,1,6/6/2026 9:09
51358,0,4,1. Junior User (1-6 Months),Mobile Phone,1,32,Debit Card,male,0,3,Mobile Phone,3,Married,2,0,17,3,4,3,129,0.75,6/6/2026 9:09
51359,0,7,2. Mid-Loyal (7-12 Months),Mobile Phone,1,25,Credit Card,male,3,3,Mobile Phone,1,Married,1,0,11,0,1,2,127,0,6/6/2026 9:09
51360,1,0,0. New User (<1 Month),Mobile Phone,1,30,Debit Card,male,2,4,Mobile Phone,3,Single,6,1,14,0,1,3,120,0,6/6/2026 9:09
51361,0,2,1. Junior User (1-6 Months),Mobile Phone,1,27,Debit Card,female,2,1,Fashion,5,Married,2,0,11,6,8,8,200,0.75,6/6/2026 9:09
51362,0,5,1. Junior User (1-6 Months),Mobile Phone,1,11,Debit Card,male,3,1,Mobile Phone,4,Married,1,1,12,1,1,5,133,1,6/6/2026 9:09
51363,0,0,0. New User (<1 Month),Computer,1,22,Credit Card,male,0,1,Mobile Phone,1,Married,2,1,13,0,1,0,129,0,6/6/2026 9:09
51364,0,26,3. Core Loyal (>1 Year),Mobile Phone,3,8,Debit Card,female,3,4,Grocery,1,Married,3,0,16,0,0,7,254,0,6/6/2026 9:09
51365,0,11,2. Mid-Loyal (7-12 Months),Mobile Phone,1,8,Debit Card,male,2,3,Mobile Phone,1,Single,6,1,11,0,1,2,139,0,6/6/2026 9:09
51366,0,0,0. New User (<1 Month),Computer,1,17,UPI,female,3,1,Laptop & Accessory,3,Married,1,0,18,0,1,3,140,0,6/6/2026 9:09
51367,1,0,0. New User (<1 Month),Mobile Phone,3,15,Debit Card,male,2,4,Mobile Phone,5,Single,8,0,23,0,1,3,134,0,6/6/2026 9:09
51368,0,7,2. Mid-Loyal (7-12 Months),Mobile Phone,1,13,Debit Card,female,2,3,Fashion,4,Single,1,0,11,0,2,-1,220,0,6/6/2026 9:09
51369,0,0,0. New User (<1 Month),Mobile Phone,1,21,Debit Card,male,3,3,Mobile Phone,1,Single,2,0,14,1,1,0,112,1,6/6/2026 9:09
51370,1,0,0. New User (<1 Month),Mobile Phone,1,12,Credit Card,male,0,3,Mobile Phone,5,Single,3,0,11,0,1,3,130,0,6/6/2026 9:09
51371,0,26,3. Core Loyal (>1 Year),Mobile Phone,1,11,UPI,female,2,3,Others,3,Married,5,0,11,0,4,8,291,0,6/6/2026 9:09
51372,1,0,0. New User (<1 Month),Computer,1,22,Debit Card,female,3,5,Mobile Phone,5,Single,2,1,22,0,6,7,139,0,6/6/2026 9:09
51373,0,15,3. Core Loyal (>1 Year),Mobile Phone,3,14,E wallet,male,2,3,Laptop & Accessory,4,Married,1,0,11,2,4,2,168,0.5,6/6/2026 9:09
51374,0,17,3. Core Loyal (>1 Year),Mobile Phone,1,13,Credit Card,female,2,4,Fashion,1,Married,4,0,14,0,5,17,202,0,6/6/2026 9:09
51375,0,19,3. Core Loyal (>1 Year),Mobile Phone,3,8,E wallet,female,2,3,Others,5,Single,4,0,12,0,2,1,289,0,6/6/2026 9:09
51376,0,6,1. Junior User (1-6 Months),Mobile Phone,1,-1,Credit Card,male,3,3,Mobile Phone,1,Single,5,0,11,0,1,0,125,0,6/6/2026 9:09
51377,0,17,3. Core Loyal (>1 Year),Mobile Phone,1,16,UPI,male,2,3,Laptop & Accessory,1,Married,3,1,13,0,1,3,165,0,6/6/2026 9:09
51378,0,0,0. New User (<1 Month),Mobile Phone,1,15,Credit Card,male,2,4,Mobile Phone,3,Single,2,0,13,0,1,8,122,0,6/6/2026 9:09
51379,1,0,0. New User (<1 Month),Mobile Phone,3,11,Cash on Delivery,male,2,3,Laptop & Accessory,1,Married,4,0,14,0,1,0,121,0,6/6/2026 9:09
51380,1,0,0. New User (<1 Month),Mobile Phone,1,6,Credit Card,male,3,3,Mobile Phone,1,Married,3,1,16,0,2,0,123,0,6/6/2026 9:09
51381,0,16,3. Core Loyal (>1 Year),Mobile Phone,1,-1,Credit Card,female,3,1,Mobile Phone,3,Married,2,0,12,1,1,4,126,1,6/6/2026 9:09
51382,1,13,3. Core Loyal (>1 Year),Mobile Phone,3,9,E wallet,male,0,4,Mobile Phone,3,Married,2,1,14,1,1,2,127,1,6/6/2026 9:09
51383,0,0,0. New User (<1 Month),Mobile Phone,3,8,E wallet,female,3,3,Mobile Phone,1,Married,2,0,13,2,2,2,120,1,6/6/2026 9:09
51384,0,9,2. Mid-Loyal (7-12 Months),Mobile Phone,1,11,Debit Card,female,2,4,Mobile Phone,5,Married,10,1,14,1,1,0,134,1,6/6/2026 9:09
51385,0,6,1. Junior User (1-6 Months),Computer,3,6,Debit Card,female,2,1,Laptop & Accessory,5,Married,3,0,19,0,1,3,154,0,6/6/2026 9:09
51386,0,0,0. New User (<1 Month),Mobile Phone,1,10,UPI,male,3,3,Mobile Phone,1,Married,2,0,12,1,1,0,120,1,6/6/2026 9:09
51387,0,0,0. New User (<1 Month),Mobile Phone,1,-1,Debit Card,female,2,3,Mobile Phone,5,Married,2,0,13,1,1,0,123,1,6/6/2026 9:09
51388,1,0,0. New User (<1 Month),Mobile Phone,1,31,Debit Card,male,2,5,Mobile Phone,3,Single,2,0,12,0,1,1,123,0,6/6/2026 9:09
51389,0,0,0. New User (<1 Month),Computer,3,14,Debit Card,male,2,3,Fashion,3,Single,2,0,15,1,1,7,187,1,6/6/2026 9:09
51390,0,3,1. Junior User (1-6 Months),Computer,1,6,Credit Card,female,2,3,Laptop & Accessory,1,Single,2,0,23,1,3,7,140,0.33,6/6/2026 9:09
51391,1,4,1. Junior User (1-6 Months),Mobile Phone,1,18,Cash on Delivery,female,2,3,Others,3,Married,2,0,0,1,15,8,295,0.07,6/6/2026 9:09
51392,0,7,2. Mid-Loyal (7-12 Months),Computer,3,29,E wallet,male,3,3,Laptop & Accessory,3,Single,1,0,20,0,8,7,146,0,6/6/2026 9:09
51393,0,10,2. Mid-Loyal (7-12 Months),Mobile Phone,1,25,Debit Card,male,0,3,Mobile Phone,4,Married,5,0,21,0,1,0,130,0,6/6/2026 9:09
51394,0,19,3. Core Loyal (>1 Year),Computer,3,11,E wallet,male,3,3,Laptop & Accessory,1,Single,5,1,21,1,1,8,158,1,6/6/2026 9:09
51395,0,0,0. New User (<1 Month),Mobile Phone,1,14,Debit Card,male,2,1,Mobile Phone,1,Married,2,0,19,1,1,1,123,1,6/6/2026 9:09
51396,1,11,2. Mid-Loyal (7-12 Months),Mobile Phone,1,6,Debit Card,male,3,4,Fashion,3,Single,10,1,13,0,1,0,154,0,6/6/2026 9:09
51397,1,0,0. New User (<1 Month),Mobile Phone,1,11,Cash on Delivery,male,2,3,Mobile Phone,3,Single,2,1,13,0,2,2,134,0,6/6/2026 9:09
51398,0,17,3. Core Loyal (>1 Year),Mobile Phone,3,6,E wallet,female,3,3,Laptop & Accessory,5,Married,6,1,21,1,1,3,155,1,6/6/2026 9:09
51399,0,8,2. Mid-Loyal (7-12 Months),Computer,1,17,Credit Card,male,3,4,Fashion,5,Married,3,1,13,1,2,3,199,0.5,6/6/2026 9:09
51400,0,0,0. New User (<1 Month),Mobile Phone,3,29,E wallet,female,2,4,Laptop & Accessory,1,Married,8,1,19,0,1,0,142,0,6/6/2026 9:09
51401,0,6,1. Junior User (1-6 Months),Computer,1,29,Debit Card,female,3,3,Fashion,1,Single,2,1,12,3,0,12,235,0,6/6/2026 9:09
51402,0,8,2. Mid-Loyal (7-12 Months),Computer,3,5,Debit Card,male,3,3,Fashion,5,Married,2,0,22,0,1,8,191,0,6/6/2026 9:09
51403,0,8,2. Mid-Loyal (7-12 Months),Mobile Phone,1,29,Credit Card,female,1,3,Mobile Phone,5,Married,4,1,15,0,2,2,140,0,6/6/2026 9:09
51404,0,4,1. Junior User (1-6 Months),Mobile Phone,1,13,Debit Card,male,2,3,Laptop & Accessory,1,Married,4,0,22,0,1,7,159,0,6/6/2026 9:09
51405,0,10,2. Mid-Loyal (7-12 Months),Mobile Phone,1,6,Debit Card,male,2,4,Laptop & Accessory,3,Married,2,0,18,0,1,7,160,0,6/6/2026 9:09
51406,0,5,1. Junior User (1-6 Months),Mobile Phone,1,6,Credit Card,male,2,3,Laptop & Accessory,1,Married,2,1,22,5,7,8,162,0.71,6/6/2026 9:09
51407,0,11,2. Mid-Loyal (7-12 Months),Computer,1,-1,Debit Card,female,2,3,Laptop & Accessory,1,Single,2,0,11,6,9,9,124,0.67,6/6/2026 9:09
51408,0,23,3. Core Loyal (>1 Year),Mobile Phone,1,13,Credit Card,female,2,4,Others,3,Married,6,1,12,0,13,8,287,0,6/6/2026 9:09
51409,0,30,3. Core Loyal (>1 Year),Mobile Phone,3,31,Debit Card,female,4,3,Fashion,5,Single,8,0,11,6,7,9,176,0.86,6/6/2026 9:09
51410,0,9,2. Mid-Loyal (7-12 Months),Mobile Phone,1,14,Cash on Delivery,female,2,3,Fashion,3,Married,2,0,13,7,12,8,201,0.58,6/6/2026 9:09
51411,0,28,3. Core Loyal (>1 Year),Mobile Phone,1,14,Credit Card,female,2,3,Grocery,3,Married,3,1,14,1,0,2,248,0,6/6/2026 9:09
51412,0,9,2. Mid-Loyal (7-12 Months),Computer,1,17,Debit Card,male,3,4,Laptop & Accessory,4,Single,2,0,13,1,1,3,165,1,6/6/2026 9:09
51413,0,18,3. Core Loyal (>1 Year),Mobile Phone,1,13,Debit Card,male,2,3,Fashion,5,Married,3,0,17,0,1,0,197,0,6/6/2026 9:09
51414,0,0,0. New User (<1 Month),Computer,1,6,Credit Card,male,3,3,Mobile Phone,5,Married,5,0,13,0,1,2,122,0,6/6/2026 9:09
51415,1,0,0. New User (<1 Month),Mobile Phone,1,15,Credit Card,male,3,4,Mobile Phone,3,Married,1,1,17,1,1,0,134,1,6/6/2026 9:09
51416,0,30,3. Core Loyal (>1 Year),Computer,3,6,Debit Card,female,2,4,Laptop & Accessory,3,Single,8,0,11,1,1,3,155,1,6/6/2026 9:09
51417,0,2,1. Junior User (1-6 Months),Mobile Phone,1,8,Debit Card,male,0,3,Mobile Phone,4,Married,1,0,23,1,1,4,127,1,6/6/2026 9:09
51418,0,4,1. Junior User (1-6 Months),Mobile Phone,1,-1,Credit Card,male,2,3,Mobile Phone,4,Single,2,0,17,1,1,0,125,1,6/6/2026 9:09
51419,0,5,1. Junior User (1-6 Months),Mobile Phone,1,6,Debit Card,male,3,3,Laptop & Accessory,4,Married,2,0,17,1,1,9,162,1,6/6/2026 9:09
51420,0,9,2. Mid-Loyal (7-12 Months),Mobile Phone,1,12,Debit Card,female,0,1,Mobile Phone,1,Married,4,0,12,0,1,0,130,0,6/6/2026 9:09
51421,0,4,1. Junior User (1-6 Months),Mobile Phone,1,14,Debit Card,female,3,3,Laptop & Accessory,1,Single,2,0,23,1,1,8,144,1,6/6/2026 9:09
51422,0,8,2. Mid-Loyal (7-12 Months),Mobile Phone,3,6,E wallet,male,2,4,Laptop & Accessory,5,Single,1,0,14,1,2,8,143,0.5,6/6/2026 9:09
51423,0,18,3. Core Loyal (>1 Year),Mobile Phone,1,12,UPI,male,2,3,Fashion,5,Married,5,1,14,1,0,0,232,0,6/6/2026 9:09
51424,0,10,2. Mid-Loyal (7-12 Months),Mobile Phone,1,13,Credit Card,male,1,3,Fashion,3,Single,5,0,13,0,0,2,237,0,6/6/2026 9:09
51425,0,19,3. Core Loyal (>1 Year),Mobile Phone,2,11,Credit Card,male,3,3,Laptop & Accessory,4,Married,2,1,22,1,1,2,150,1,6/6/2026 9:09
51426,0,3,1. Junior User (1-6 Months),Mobile Phone,1,6,Debit Card,male,2,4,Laptop & Accessory,1,Married,2,1,12,1,3,0,151,0.33,6/6/2026 9:09
51427,0,8,2. Mid-Loyal (7-12 Months),Mobile Phone,1,6,Credit Card,male,0,4,Mobile Phone,3,Single,2,0,18,1,1,4,129,1,6/6/2026 9:09
51428,0,28,3. Core Loyal (>1 Year),Mobile Phone,3,6,Debit Card,male,3,3,Fashion,1,Married,4,0,14,0,1,0,202,0,6/6/2026 9:09
51429,0,11,2. Mid-Loyal (7-12 Months),Computer,1,12,Credit Card,female,3,5,Laptop & Accessory,1,Married,8,1,12,0,1,9,153,0,6/6/2026 9:09
51430,0,7,2. Mid-Loyal (7-12 Months),Mobile Phone,1,6,Credit Card,male,3,3,Laptop & Accessory,4,Married,2,0,15,1,1,3,143,1,6/6/2026 9:09
51431,0,29,3. Core Loyal (>1 Year),Mobile Phone,1,13,Debit Card,male,2,5,Fashion,1,Single,5,0,11,0,1,2,173,0,6/6/2026 9:09
51432,0,0,0. New User (<1 Month),Mobile Phone,3,-1,Cash on Delivery,male,3,3,Mobile Phone,5,Married,4,0,13,1,1,0,123,1,6/6/2026 9:09
51433,0,0,0. New User (<1 Month),Mobile Phone,1,15,Debit Card,male,3,3,Mobile Phone,1,Married,4,0,23,1,1,3,121,1,6/6/2026 9:09
51434,0,3,1. Junior User (1-6 Months),Mobile Phone,1,8,Debit Card,male,4,4,Laptop & Accessory,1,Married,2,0,19,3,10,8,142,0.3,6/6/2026 9:09
51435,1,9,2. Mid-Loyal (7-12 Months),Mobile Phone,3,15,Credit Card,male,3,4,Fashion,1,Single,2,0,16,3,4,7,196,0.75,6/6/2026 9:09
51436,0,13,3. Core Loyal (>1 Year),Computer,1,6,Debit Card,male,3,4,Grocery,4,Married,2,0,22,5,0,11,235,0,6/6/2026 9:09
51437,0,24,3. Core Loyal (>1 Year),Mobile Phone,3,27,E wallet,male,3,3,Laptop & Accessory,1,Single,1,1,22,0,1,0,154,0,6/6/2026 9:09
51438,0,3,1. Junior User (1-6 Months),Mobile Phone,3,10,Credit Card,female,3,4,Laptop & Accessory,4,Married,2,1,12,2,2,7,152,1,6/6/2026 9:09
51439,0,19,3. Core Loyal (>1 Year),Computer,1,6,Credit Card,male,2,4,Fashion,5,Married,3,1,13,4,9,5,207,0.44,6/6/2026 9:09
51440,0,5,1. Junior User (1-6 Months),Mobile Phone,3,12,Credit Card,male,2,3,Laptop & Accessory,3,Single,2,0,16,5,5,7,150,1,6/6/2026 9:09
51441,0,27,3. Core Loyal (>1 Year),Mobile Phone,1,8,Cash on Delivery,female,2,3,Fashion,3,Married,10,0,12,0,0,3,235,0,6/6/2026 9:09
51442,0,0,0. New User (<1 Month),Mobile Phone,3,9,UPI,female,2,3,Laptop & Accessory,3,Married,1,0,21,0,1,2,150,0,6/6/2026 9:09
51443,0,1,1. Junior User (1-6 Months),Computer,3,10,Credit Card,male,2,3,Laptop & Accessory,3,Married,2,0,15,0,1,4,142,0,6/6/2026 9:09
51444,0,30,3. Core Loyal (>1 Year),Mobile Phone,3,16,Credit Card,male,2,3,Grocery,3,Single,1,0,13,0,0,8,239,0,6/6/2026 9:09
51445,0,0,0. New User (<1 Month),Computer,1,29,Credit Card,male,3,3,Laptop & Accessory,4,Married,5,0,12,0,1,2,120,0,6/6/2026 9:09
51446,1,0,0. New User (<1 Month),Mobile Phone,2,12,UPI,male,3,3,Mobile Phone,5,Married,5,1,22,0,1,2,121,0,6/6/2026 9:09
51447,0,5,1. Junior User (1-6 Months),Mobile Phone,1,6,Debit Card,male,0,3,Mobile Phone,5,Single,2,0,13,0,1,0,130,0,6/6/2026 9:09
51448,1,0,0. New User (<1 Month),Computer,1,12,Debit Card,female,0,4,Mobile Phone,1,Single,2,1,18,0,1,0,129,0,6/6/2026 9:09
51449,0,7,2. Mid-Loyal (7-12 Months),Mobile Phone,1,12,UPI,female,2,3,Laptop & Accessory,3,Single,2,0,14,0,2,10,148,0,6/6/2026 9:09
51450,0,10,2. Mid-Loyal (7-12 Months),Computer,1,8,Debit Card,male,3,4,Laptop & Accessory,1,Married,6,0,14,1,1,0,152,1,6/6/2026 9:09
51451,0,30,3. Core Loyal (>1 Year),Computer,2,8,UPI,female,2,4,Others,1,Married,10,0,21,0,2,2,288,0,6/6/2026 9:09
51452,0,23,3. Core Loyal (>1 Year),Computer,1,6,Debit Card,female,3,3,Others,4,Married,4,1,19,0,1,7,282,0,6/6/2026 9:09
51453,1,0,0. New User (<1 Month),Mobile Phone,3,11,E wallet,male,2,4,Laptop & Accessory,3,Single,2,1,11,0,1,3,157,0,6/6/2026 9:09
51454,0,0,0. New User (<1 Month),Mobile Phone,1,13,Credit Card,male,0,4,Mobile Phone,1,Married,2,0,11,0,2,1,129,0,6/6/2026 9:09
51455,0,0,0. New User (<1 Month),Mobile Phone,1,21,Credit Card,female,0,3,Mobile Phone,1,Single,2,0,15,1,1,0,129,1,6/6/2026 9:09
51456,0,24,3. Core Loyal (>1 Year),Computer,1,6,Credit Card,female,1,4,Fashion,5,Single,4,0,20,4,12,8,175,0.33,6/6/2026 9:09
51457,1,0,0. New User (<1 Month),Computer,1,13,Debit Card,male,3,5,Laptop & Accessory,3,Single,2,1,24,1,1,6,161,1,6/6/2026 9:09
51458,0,27,3. Core Loyal (>1 Year),Computer,2,32,UPI,female,1,1,Grocery,1,Single,3,1,12,0,4,4,273,0,6/6/2026 9:09
51459,0,0,0. New User (<1 Month),Mobile Phone,1,24,Debit Card,male,0,3,Mobile Phone,3,Married,1,0,12,0,1,2,128,0,6/6/2026 9:09
51460,0,7,2. Mid-Loyal (7-12 Months),Mobile Phone,1,12,Debit Card,female,2,4,Laptop & Accessory,4,Married,7,0,15,1,1,0,145,1,6/6/2026 9:09
51461,0,10,2. Mid-Loyal (7-12 Months),Mobile Phone,3,9,Debit Card,male,2,3,Fashion,1,Single,3,0,12,0,1,3,174,0,6/6/2026 9:09
51462,0,7,2. Mid-Loyal (7-12 Months),Mobile Phone,1,11,Credit Card,female,2,4,Fashion,5,Single,3,0,12,2,5,-1,216,0.4,6/6/2026 9:09
51463,0,9,2. Mid-Loyal (7-12 Months),Computer,3,17,Cash on Delivery,female,3,3,Fashion,1,Married,1,0,14,0,2,8,197,0,6/6/2026 9:09
51464,0,9,2. Mid-Loyal (7-12 Months),Mobile Phone,1,9,Debit Card,female,0,3,Mobile Phone,1,Married,6,0,22,0,1,0,128,0,6/6/2026 9:09
51465,0,16,3. Core Loyal (>1 Year),Computer,3,32,Debit Card,male,3,3,Grocery,1,Married,2,1,12,0,4,12,270,0,6/6/2026 9:09
51466,0,3,1. Junior User (1-6 Months),Computer,1,-1,Debit Card,male,3,5,Mobile Phone,3,Married,2,0,25,0,1,9,126,0,6/6/2026 9:09
51467,0,6,1. Junior User (1-6 Months),Computer,3,28,E wallet,male,3,3,Laptop & Accessory,4,Married,1,0,13,0,1,7,161,0,6/6/2026 9:09
51468,1,19,3. Core Loyal (>1 Year),Mobile Phone,1,20,Debit Card,female,3,3,Mobile Phone,4,Married,10,1,18,3,4,3,150,0.75,6/6/2026 9:09
51469,0,24,3. Core Loyal (>1 Year),Mobile Phone,1,12,Debit Card,male,2,3,Others,3,Single,8,0,0,8,15,15,295,0.53,6/6/2026 9:09
51470,1,0,0. New User (<1 Month),Mobile Phone,3,12,Debit Card,male,3,5,Laptop & Accessory,3,Married,5,1,18,0,7,7,162,0,6/6/2026 9:09
51471,0,0,0. New User (<1 Month),Mobile Phone,1,-1,UPI,female,2,4,Mobile Phone,4,Married,2,0,19,2,4,3,124,0.5,6/6/2026 9:09
51472,1,20,3. Core Loyal (>1 Year),Mobile Phone,1,29,Credit Card,female,3,3,Fashion,1,Married,2,0,12,7,15,6,203,0.47,6/6/2026 9:09
51473,1,0,0. New User (<1 Month),Mobile Phone,3,28,E wallet,male,2,3,Mobile Phone,3,Single,2,1,19,1,1,0,117,1,6/6/2026 9:09
51474,0,0,0. New User (<1 Month),Mobile Phone,1,-1,Cash on Delivery,male,3,3,Mobile Phone,1,Married,1,0,14,2,2,1,125,1,6/6/2026 9:09
51475,0,22,3. Core Loyal (>1 Year),Mobile Phone,1,26,Credit Card,female,3,3,Laptop & Accessory,5,Married,2,0,14,5,5,11,166,1,6/6/2026 9:09
51476,0,16,3. Core Loyal (>1 Year),Computer,1,34,Credit Card,female,3,1,Mobile Phone,3,Single,5,0,12,0,1,2,147,0,6/6/2026 9:09
51477,0,23,3. Core Loyal (>1 Year),Computer,3,18,E wallet,female,3,3,Fashion,1,Single,5,0,11,1,2,1,192,0.5,6/6/2026 9:09
51478,1,0,0. New User (<1 Month),Mobile Phone,3,26,Debit Card,female,3,5,Laptop & Accessory,3,Married,4,1,11,0,2,2,146,0,6/6/2026 9:09
51479,0,14,3. Core Loyal (>1 Year),Mobile Phone,3,15,Debit Card,male,3,3,Fashion,3,Married,4,1,13,0,1,7,182,0,6/6/2026 9:09
51480,0,0,0. New User (<1 Month),Mobile Phone,2,31,Debit Card,female,0,3,Mobile Phone,3,Married,2,0,23,2,5,7,129,0.4,6/6/2026 9:09
51481,0,9,2. Mid-Loyal (7-12 Months),Mobile Phone,1,12,Credit Card,male,2,3,Laptop & Accessory,4,Married,7,0,20,0,1,1,149,0,6/6/2026 9:09
51482,1,14,3. Core Loyal (>1 Year),Computer,1,14,Debit Card,male,2,5,Fashion,1,Single,3,0,15,1,1,3,207,1,6/6/2026 9:09
51483,0,12,2. Mid-Loyal (7-12 Months),Mobile Phone,3,10,Debit Card,female,2,4,Laptop & Accessory,3,Married,5,0,14,5,5,9,159,1,6/6/2026 9:09
51484,0,0,0. New User (<1 Month),Mobile Phone,3,34,Debit Card,male,2,4,Laptop & Accessory,3,Married,3,0,18,1,2,2,186,0.5,6/6/2026 9:09
51485,0,3,1. Junior User (1-6 Months),Mobile Phone,2,15,UPI,male,2,3,Laptop & Accessory,1,Married,1,1,19,4,4,7,163,1,6/6/2026 9:09
51486,1,0,0. New User (<1 Month),Mobile Phone,1,15,Credit Card,female,2,3,Mobile Phone,5,Single,8,0,22,1,1,4,142,1,6/6/2026 9:09
51487,0,18,3. Core Loyal (>1 Year),Mobile Phone,1,35,Credit Card,male,2,3,Mobile Phone,1,Single,6,0,13,1,1,3,135,1,6/6/2026 9:09
51488,0,11,2. Mid-Loyal (7-12 Months),Mobile Phone,1,9,Cash on Delivery,female,2,3,Laptop & Accessory,3,Single,4,1,20,2,2,2,143,1,6/6/2026 9:09
51489,0,3,1. Junior User (1-6 Months),Mobile Phone,1,-1,Debit Card,female,3,3,Mobile Phone,3,Single,2,0,14,1,1,4,126,1,6/6/2026 9:09
51490,0,5,1. Junior User (1-6 Months),Computer,3,15,Credit Card,male,2,5,Laptop & Accessory,1,Married,1,0,17,0,1,7,147,0,6/6/2026 9:09
51491,0,3,1. Junior User (1-6 Months),Mobile Phone,1,11,Cash on Delivery,female,2,3,Mobile Phone,5,Married,6,0,14,0,2,30,132,0,6/6/2026 9:09
51492,0,3,1. Junior User (1-6 Months),Mobile Phone,1,8,Credit Card,male,0,4,Mobile Phone,1,Single,1,0,13,0,1,2,127,0,6/6/2026 9:09
51493,0,14,3. Core Loyal (>1 Year),Computer,1,16,Debit Card,male,3,4,Grocery,5,Married,5,0,13,0,7,7,272,0,6/6/2026 9:09
51494,0,0,0. New User (<1 Month),Mobile Phone,1,15,Debit Card,male,3,3,Mobile Phone,5,Married,3,0,21,0,1,4,122,0,6/6/2026 9:09
51495,0,0,0. New User (<1 Month),Mobile Phone,1,9,Credit Card,female,3,3,Mobile Phone,4,Single,2,0,14,1,1,0,115,1,6/6/2026 9:09
51496,0,13,3. Core Loyal (>1 Year),Computer,1,32,Credit Card,female,2,3,Laptop & Accessory,4,Married,2,0,11,0,2,13,156,0,6/6/2026 9:09
51497,0,8,2. Mid-Loyal (7-12 Months),Mobile Phone,3,6,E wallet,male,3,3,Fashion,4,Married,2,0,13,0,1,6,173,0,6/6/2026 9:09
51498,0,0,0. New User (<1 Month),Mobile Phone,3,12,E wallet,male,2,3,Laptop & Accessory,3,Married,3,1,20,0,4,5,123,0,6/6/2026 9:09
51499,0,18,3. Core Loyal (>1 Year),Mobile Phone,1,-1,Debit Card,male,2,3,Laptop & Accessory,4,Married,9,0,18,1,1,15,123,1,6/6/2026 9:09
51500,0,5,1. Junior User (1-6 Months),Computer,3,14,E wallet,female,2,3,Fashion,1,Single,2,0,14,2,3,7,190,0.67,6/6/2026 9:09
51501,0,2,1. Junior User (1-6 Months),Computer,1,6,Cash on Delivery,male,2,3,Laptop & Accessory,3,Married,2,0,13,0,1,9,143,0,6/6/2026 9:09
51502,0,24,3. Core Loyal (>1 Year),Mobile Phone,1,13,Credit Card,male,2,4,Laptop & Accessory,3,Married,3,0,17,1,1,0,161,1,6/6/2026 9:09
51503,0,30,3. Core Loyal (>1 Year),Mobile Phone,1,15,Credit Card,female,3,4,Mobile Phone,4,Married,5,1,20,1,1,0,133,1,6/6/2026 9:09
51504,0,13,3. Core Loyal (>1 Year),Mobile Phone,3,10,E wallet,male,3,4,Fashion,1,Married,8,0,11,1,2,11,209,0.5,6/6/2026 9:09
51505,0,0,0. New User (<1 Month),Computer,3,8,E wallet,female,3,3,Mobile Phone,3,Married,7,0,18,0,1,2,122,0,6/6/2026 9:09
51506,0,0,0. New User (<1 Month),Mobile Phone,1,-1,Credit Card,male,3,3,Mobile Phone,1,Married,2,0,24,2,2,2,123,1,6/6/2026 9:09
51507,0,0,0. New User (<1 Month),Computer,1,15,Credit Card,male,2,3,Mobile Phone,4,Married,7,0,18,2,2,2,120,1,6/6/2026 9:09
51508,0,1,1. Junior User (1-6 Months),Mobile Phone,1,27,Credit Card,male,0,3,Mobile Phone,1,Married,2,0,11,0,1,2,127,0,6/6/2026 9:09
51509,0,30,3. Core Loyal (>1 Year),Mobile Phone,1,30,Debit Card,male,2,1,Fashion,1,Married,4,1,16,1,1,4,194,1,6/6/2026 9:09
51510,0,0,0. New User (<1 Month),Computer,1,-1,Credit Card,male,3,4,Mobile Phone,3,Married,2,1,15,0,1,1,126,0,6/6/2026 9:09
51511,0,23,3. Core Loyal (>1 Year),Mobile Phone,1,17,Debit Card,female,2,3,Others,4,Single,4,0,0,0,4,4,299,0,6/6/2026 9:09
51512,0,14,3. Core Loyal (>1 Year),Mobile Phone,1,-1,Debit Card,male,2,3,Mobile Phone,3,Married,5,0,12,1,1,8,125,1,6/6/2026 9:09
51513,0,3,1. Junior User (1-6 Months),Mobile Phone,3,11,Debit Card,female,2,3,Fashion,1,Married,3,0,12,1,7,4,194,0.14,6/6/2026 9:09
51514,0,11,2. Mid-Loyal (7-12 Months),Mobile Phone,3,6,Debit Card,female,2,4,Laptop & Accessory,1,Single,5,0,22,0,1,7,187,0,6/6/2026 9:09
51515,0,5,1. Junior User (1-6 Months),Mobile Phone,1,12,Debit Card,male,0,3,Mobile Phone,3,Single,4,0,20,0,1,4,130,0,6/6/2026 9:09
51516,0,0,0. New User (<1 Month),Mobile Phone,1,23,Cash on Delivery,male,0,3,Mobile Phone,4,Married,1,1,16,0,1,1,131,0,6/6/2026 9:09
51517,1,0,0. New User (<1 Month),Computer,3,-1,Cash on Delivery,female,3,5,Mobile Phone,5,Single,1,0,21,1,1,0,123,1,6/6/2026 9:09
51518,0,0,0. New User (<1 Month),Computer,1,9,Credit Card,male,1,3,Mobile Phone,4,Single,5,0,12,2,7,2,121,0.29,6/6/2026 9:09
51519,0,3,1. Junior User (1-6 Months),Computer,1,15,Credit Card,male,0,3,Laptop & Accessory,5,Married,2,0,11,5,6,10,131,0.83,6/6/2026 9:09
51520,0,18,3. Core Loyal (>1 Year),Mobile Phone,3,10,Debit Card,female,1,3,Laptop & Accessory,5,Married,5,1,11,0,1,3,150,0,6/6/2026 9:09
51521,0,29,3. Core Loyal (>1 Year),Mobile Phone,1,14,Debit Card,female,3,3,Mobile Phone,5,Married,5,1,18,2,2,2,143,1,6/6/2026 9:09
51522,0,6,1. Junior User (1-6 Months),Mobile Phone,1,-1,Debit Card,male,2,3,Mobile Phone,1,Single,1,0,14,1,1,2,125,1,6/6/2026 9:09
51523,1,0,0. New User (<1 Month),Mobile Phone,1,8,Debit Card,male,2,4,Mobile Phone,1,Single,2,0,22,1,1,0,111,1,6/6/2026 9:09
51524,0,19,3. Core Loyal (>1 Year),Mobile Phone,3,6,E wallet,female,3,3,Fashion,5,Married,2,0,25,8,15,7,205,0.53,6/6/2026 9:09
51525,0,0,0. New User (<1 Month),Mobile Phone,1,15,Debit Card,female,3,3,Mobile Phone,1,Single,2,0,12,1,2,1,123,0.5,6/6/2026 9:09
51526,0,4,1. Junior User (1-6 Months),Mobile Phone,1,18,Credit Card,female,3,3,Mobile Phone,1,Married,9,1,23,1,1,2,139,1,6/6/2026 9:09
51527,0,0,0. New User (<1 Month),Mobile Phone,1,33,Credit Card,female,3,3,Mobile Phone,4,Single,3,0,15,0,1,2,123,0,6/6/2026 9:09
51528,1,4,1. Junior User (1-6 Months),Mobile Phone,3,26,E wallet,female,0,3,Mobile Phone,4,Single,2,1,22,0,1,2,131,0,6/6/2026 9:09
51529,0,23,3. Core Loyal (>1 Year),Mobile Phone,1,6,Credit Card,male,2,4,Mobile Phone,3,Married,3,0,15,1,1,2,137,1,6/6/2026 9:09
51530,0,26,3. Core Loyal (>1 Year),Mobile Phone,1,19,Credit Card,female,2,1,Laptop & Accessory,5,Married,2,0,11,1,1,3,145,1,6/6/2026 9:09
51531,0,6,1. Junior User (1-6 Months),Mobile Phone,1,20,Credit Card,female,0,3,Mobile Phone,4,Married,2,0,13,1,1,6,128,1,6/6/2026 9:09
51532,0,13,3. Core Loyal (>1 Year),Mobile Phone,1,10,Credit Card,female,2,3,Others,3,Married,2,0,14,0,9,9,290,0,6/6/2026 9:09
51533,0,28,3. Core Loyal (>1 Year),Mobile Phone,1,20,Credit Card,male,3,1,Others,4,Single,9,0,11,0,2,15,287,0,6/6/2026 9:09
51534,0,7,2. Mid-Loyal (7-12 Months),Computer,1,8,Debit Card,male,2,4,Laptop & Accessory,3,Married,2,0,17,0,1,9,195,0,6/6/2026 9:09
51535,0,24,3. Core Loyal (>1 Year),Mobile Phone,1,9,Credit Card,female,3,3,Grocery,4,Single,4,0,18,1,0,0,237,0,6/6/2026 9:09
51536,0,25,3. Core Loyal (>1 Year),Mobile Phone,1,6,Debit Card,male,3,4,Others,3,Married,1,0,0,7,11,9,300,0.64,6/6/2026 9:09
51537,0,0,0. New User (<1 Month),Mobile Phone,1,15,Credit Card,female,4,3,Mobile Phone,4,Single,2,0,16,0,1,3,123,0,6/6/2026 9:09
51538,1,0,0. New User (<1 Month),Mobile Phone,1,29,Debit Card,male,2,4,Laptop & Accessory,3,Married,4,1,13,1,1,1,159,1,6/6/2026 9:09
51539,0,0,0. New User (<1 Month),Computer,1,13,Credit Card,male,2,1,Mobile Phone,1,Married,5,0,14,1,2,2,121,0.5,6/6/2026 9:09
51540,0,18,3. Core Loyal (>1 Year),Computer,1,8,Credit Card,male,3,4,Grocery,1,Married,10,0,23,0,11,8,268,0,6/6/2026 9:09
51541,0,10,2. Mid-Loyal (7-12 Months),Mobile Phone,1,27,Debit Card,male,3,1,Mobile Phone,5,Married,2,1,12,1,1,7,136,1,6/6/2026 9:09
51542,0,8,2. Mid-Loyal (7-12 Months),Computer,1,8,Credit Card,female,2,3,Laptop & Accessory,4,Single,6,0,11,0,1,2,144,0,6/6/2026 9:09
51543,0,15,3. Core Loyal (>1 Year),Computer,1,27,Credit Card,female,2,3,Laptop & Accessory,3,Married,3,0,16,0,1,2,153,0,6/6/2026 9:09
51544,0,11,2. Mid-Loyal (7-12 Months),Mobile Phone,1,8,Debit Card,male,2,3,Laptop & Accessory,3,Married,10,0,14,1,1,0,166,1,6/6/2026 9:09
51545,0,11,2. Mid-Loyal (7-12 Months),Mobile Phone,1,35,Cash on Delivery,male,2,3,Laptop & Accessory,1,Married,4,0,18,0,1,7,163,0,6/6/2026 9:09
51546,0,0,0. New User (<1 Month),Computer,1,6,Cash on Delivery,male,2,4,Laptop & Accessory,5,Married,6,0,19,2,2,0,143,1,6/6/2026 9:09
51547,0,22,3. Core Loyal (>1 Year),Computer,1,24,Debit Card,male,3,3,Laptop & Accessory,1,Married,2,1,15,0,1,7,168,0,6/6/2026 9:09
51548,0,7,2. Mid-Loyal (7-12 Months),Computer,1,16,Credit Card,male,2,3,Mobile Phone,3,Married,2,1,17,2,2,0,138,1,6/6/2026 9:09
51549,0,13,3. Core Loyal (>1 Year),Mobile Phone,1,25,Credit Card,male,0,3,Laptop & Accessory,1,Married,9,1,15,3,3,7,127,1,6/6/2026 9:09
51550,1,1,1. Junior User (1-6 Months),Mobile Phone,1,35,Credit Card,male,3,3,Laptop & Accessory,5,Married,8,1,19,1,1,0,167,1,6/6/2026 9:09
51551,1,0,0. New User (<1 Month),Mobile Phone,3,33,E wallet,female,2,3,Fashion,1,Married,2,0,22,0,1,9,176,0,6/6/2026 9:09
51552,0,0,0. New User (<1 Month),Mobile Phone,1,-1,Debit Card,male,2,1,Mobile Phone,4,Married,2,1,16,2,2,2,123,1,6/6/2026 9:09
51553,0,0,0. New User (<1 Month),Computer,1,24,Credit Card,female,3,3,Mobile Phone,1,Single,2,0,13,0,1,7,122,0,6/6/2026 9:09
51554,0,13,3. Core Loyal (>1 Year),Computer,1,15,Debit Card,male,3,4,Laptop & Accessory,1,Married,10,0,14,0,1,2,149,0,6/6/2026 9:09
51555,0,19,3. Core Loyal (>1 Year),Mobile Phone,1,6,Credit Card,male,3,3,Fashion,5,Married,8,0,16,0,1,3,194,0,6/6/2026 9:09
51556,1,0,0. New User (<1 Month),Mobile Phone,3,10,Credit Card,male,2,5,Fashion,1,Married,2,0,11,6,9,8,204,0.67,6/6/2026 9:09
51557,0,3,1. Junior User (1-6 Months),Computer,1,6,Debit Card,male,2,4,Fashion,3,Single,2,0,22,4,5,8,185,0.8,6/6/2026 9:09
51558,0,0,0. New User (<1 Month),Computer,3,26,Debit Card,female,2,3,Laptop & Accessory,3,Single,2,0,14,1,1,7,200,1,6/6/2026 9:09
51559,0,24,3. Core Loyal (>1 Year),Mobile Phone,1,14,Debit Card,male,2,4,Fashion,4,Married,6,0,16,2,4,-1,225,0.5,6/6/2026 9:09
51560,1,0,0. New User (<1 Month),Mobile Phone,1,-1,Cash on Delivery,female,2,3,Mobile Phone,5,Single,6,1,11,0,1,4,127,0,6/6/2026 9:09
51561,0,14,3. Core Loyal (>1 Year),Mobile Phone,3,12,Debit Card,female,3,3,Fashion,1,Single,4,1,18,0,0,0,236,0,6/6/2026 9:09
51562,1,0,0. New User (<1 Month),Computer,3,32,E wallet,female,2,4,Laptop & Accessory,5,Single,6,0,15,1,1,1,167,1,6/6/2026 9:09
51563,1,0,0. New User (<1 Month),Mobile Phone,1,6,Cash on Delivery,male,2,3,Mobile Phone,3,Single,1,0,14,0,1,5,121,0,6/6/2026 9:09
51564,0,18,3. Core Loyal (>1 Year),Computer,3,12,Credit Card,female,2,4,Fashion,1,Single,7,0,12,5,12,8,189,0.42,6/6/2026 9:09
51565,0,27,3. Core Loyal (>1 Year),Mobile Phone,3,9,E wallet,female,2,3,Laptop & Accessory,5,Married,3,0,14,1,1,5,159,1,6/6/2026 9:09
51566,0,9,2. Mid-Loyal (7-12 Months),Mobile Phone,1,11,Debit Card,male,3,3,Laptop & Accessory,4,Single,9,0,16,2,3,7,159,0.67,6/6/2026 9:09
51567,0,6,1. Junior User (1-6 Months),Mobile Phone,1,-1,Credit Card,female,2,4,Mobile Phone,4,Married,7,0,21,0,1,1,126,0,6/6/2026 9:09
51568,0,10,2. Mid-Loyal (7-12 Months),Computer,1,17,UPI,male,2,3,Fashion,1,Married,2,1,14,1,1,-1,222,1,6/6/2026 9:09
51569,0,11,2. Mid-Loyal (7-12 Months),Mobile Phone,3,9,Debit Card,male,3,3,Fashion,3,Married,1,0,12,1,5,13,206,0.2,6/6/2026 9:09
51570,0,4,1. Junior User (1-6 Months),Computer,1,6,Credit Card,male,2,5,Laptop & Accessory,3,Married,1,0,12,0,1,4,143,0,6/6/2026 9:09
51571,0,0,0. New User (<1 Month),Mobile Phone,1,9,Debit Card,male,3,4,Mobile Phone,1,Married,4,0,17,0,1,0,122,0,6/6/2026 9:09
51572,0,10,2. Mid-Loyal (7-12 Months),Computer,3,10,E wallet,male,0,3,Mobile Phone,1,Married,5,0,17,3,5,8,128,0.6,6/6/2026 9:09
51573,0,2,1. Junior User (1-6 Months),Computer,3,6,Credit Card,female,2,3,Fashion,1,Married,2,0,14,4,4,1,179,1,6/6/2026 9:09
51574,0,8,2. Mid-Loyal (7-12 Months),Computer,3,6,E wallet,female,3,3,Fashion,3,Single,2,0,14,1,1,8,188,1,6/6/2026 9:09
51575,1,0,0. New User (<1 Month),Mobile Phone,1,-1,Credit Card,male,2,4,Mobile Phone,1,Single,2,1,13,0,1,1,124,0,6/6/2026 9:09
51576,0,25,3. Core Loyal (>1 Year),Mobile Phone,1,8,Debit Card,female,2,4,Mobile Phone,1,Single,8,0,15,2,2,2,132,1,6/6/2026 9:09
51577,0,15,3. Core Loyal (>1 Year),Mobile Phone,1,10,Cash on Delivery,male,2,3,Others,1,Married,2,0,0,0,11,15,292,0,6/6/2026 9:09
51578,0,0,0. New User (<1 Month),Mobile Phone,2,12,Credit Card,male,2,3,Mobile Phone,3,Married,9,0,17,0,2,2,123,0,6/6/2026 9:09
51579,0,23,3. Core Loyal (>1 Year),Mobile Phone,3,6,Credit Card,female,3,3,Others,1,Married,4,0,0,1,1,6,295,1,6/6/2026 9:09
51580,1,0,0. New User (<1 Month),Mobile Phone,1,-1,Credit Card,male,2,3,Mobile Phone,1,Married,6,1,13,1,1,4,124,1,6/6/2026 9:09
51581,0,16,3. Core Loyal (>1 Year),Mobile Phone,3,22,E wallet,female,3,3,Grocery,1,Married,6,1,22,0,0,9,261,0,6/6/2026 9:09
51582,1,0,0. New User (<1 Month),Mobile Phone,1,8,Debit Card,female,0,3,Mobile Phone,5,Married,8,0,20,1,1,7,127,1,6/6/2026 9:09
51583,0,25,3. Core Loyal (>1 Year),Computer,3,8,Debit Card,male,3,4,Others,3,Single,2,1,18,0,15,12,291,0,6/6/2026 9:09
51584,0,5,1. Junior User (1-6 Months),Mobile Phone,3,10,Debit Card,female,2,3,Mobile Phone,4,Married,3,0,11,1,1,2,139,1,6/6/2026 9:09
51585,1,0,0. New User (<1 Month),Mobile Phone,1,6,Debit Card,male,3,4,Mobile Phone,3,Single,1,1,14,0,1,2,137,0,6/6/2026 9:09
51586,0,0,0. New User (<1 Month),Mobile Phone,1,6,Credit Card,female,3,3,Mobile Phone,3,Married,8,0,14,1,1,2,122,1,6/6/2026 9:09
51587,0,5,1. Junior User (1-6 Months),Computer,3,32,E wallet,male,3,3,Laptop & Accessory,1,Married,1,0,18,2,2,2,145,1,6/6/2026 9:09
51588,0,14,3. Core Loyal (>1 Year),Mobile Phone,1,25,Debit Card,male,0,3,Laptop & Accessory,5,Married,3,0,16,0,1,0,131,0,6/6/2026 9:09
51589,0,13,3. Core Loyal (>1 Year),Mobile Phone,1,30,Cash on Delivery,male,3,3,Laptop & Accessory,1,Married,2,0,17,2,4,7,133,0.5,6/6/2026 9:09
51590,0,18,3. Core Loyal (>1 Year),Mobile Phone,1,6,UPI,male,3,1,Others,1,Married,1,0,0,1,1,7,292,1,6/6/2026 9:09
51591,0,4,1. Junior User (1-6 Months),Computer,1,9,Credit Card,male,3,3,Fashion,3,Married,10,0,12,2,0,2,237,0,6/6/2026 9:09
51592,0,6,1. Junior User (1-6 Months),Mobile Phone,1,11,Debit Card,female,0,4,Mobile Phone,1,Married,2,0,13,0,1,2,129,0,6/6/2026 9:09
51593,0,7,2. Mid-Loyal (7-12 Months),Mobile Phone,1,8,Debit Card,male,2,4,Laptop & Accessory,5,Married,7,0,13,0,5,9,160,0,6/6/2026 9:09
51594,0,10,2. Mid-Loyal (7-12 Months),Mobile Phone,1,6,Credit Card,female,2,4,Mobile Phone,5,Married,3,0,14,0,1,2,139,0,6/6/2026 9:09
51595,0,18,3. Core Loyal (>1 Year),Computer,1,13,Debit Card,male,3,1,Laptop & Accessory,3,Married,5,0,17,1,1,2,164,1,6/6/2026 9:09
51596,1,0,0. New User (<1 Month),Computer,1,16,Credit Card,male,3,3,Fashion,3,Married,7,0,11,0,1,0,200,0,6/6/2026 9:09
51597,0,12,2. Mid-Loyal (7-12 Months),Computer,1,8,Cash on Delivery,female,3,3,Fashion,3,Single,1,0,25,6,11,-1,209,0.55,6/6/2026 9:09
51598,0,2,1. Junior User (1-6 Months),Mobile Phone,1,-1,Debit Card,male,2,3,Mobile Phone,1,Single,2,0,19,1,1,5,123,1,6/6/2026 9:09
51599,0,15,3. Core Loyal (>1 Year),Mobile Phone,1,23,Debit Card,female,2,1,Laptop & Accessory,5,Single,4,1,13,1,1,2,165,1,6/6/2026 9:09
51600,0,2,1. Junior User (1-6 Months),Mobile Phone,3,26,E wallet,male,2,3,Laptop & Accessory,1,Married,3,0,14,1,1,2,169,1,6/6/2026 9:09
51601,0,0,0. New User (<1 Month),Mobile Phone,1,6,Debit Card,female,3,3,Laptop & Accessory,3,Married,1,0,12,1,1,2,149,1,6/6/2026 9:09
51602,0,15,3. Core Loyal (>1 Year),Mobile Phone,1,-1,Credit Card,female,2,4,Mobile Phone,5,Married,1,1,11,7,7,8,126,1,6/6/2026 9:09
51603,0,13,3. Core Loyal (>1 Year),Mobile Phone,1,8,Credit Card,male,2,3,Others,3,Married,1,0,0,3,3,9,294,1,6/6/2026 9:09
51604,0,24,3. Core Loyal (>1 Year),Mobile Phone,1,6,Debit Card,male,0,3,Mobile Phone,1,Married,2,0,11,1,1,0,127,1,6/6/2026 9:09
51605,1,0,0. New User (<1 Month),Computer,1,35,Credit Card,male,3,4,Mobile Phone,4,Single,1,0,11,0,1,4,135,0,6/6/2026 9:09
51606,0,5,1. Junior User (1-6 Months),Computer,1,13,Debit Card,male,0,1,Mobile Phone,4,Married,2,0,20,0,1,3,128,0,6/6/2026 9:09
51607,0,11,2. Mid-Loyal (7-12 Months),Computer,3,8,Debit Card,male,2,4,Laptop & Accessory,1,Married,4,0,18,1,7,5,152,0.14,6/6/2026 9:09
51608,0,0,0. New User (<1 Month),Mobile Phone,1,8,Cash on Delivery,male,2,4,Laptop & Accessory,5,Single,5,0,13,0,1,4,122,0,6/6/2026 9:09
51609,0,19,3. Core Loyal (>1 Year),Mobile Phone,3,8,Cash on Delivery,female,3,5,Grocery,4,Married,4,1,12,0,7,7,269,0,6/6/2026 9:09
51610,1,0,0. New User (<1 Month),Mobile Phone,1,8,Debit Card,male,3,3,Mobile Phone,3,Single,3,0,11,0,1,0,135,0,6/6/2026 9:09
51611,0,2,1. Junior User (1-6 Months),Mobile Phone,3,8,Credit Card,male,3,4,Laptop & Accessory,4,Married,3,0,19,1,1,0,166,1,6/6/2026 9:09
51612,0,4,1. Junior User (1-6 Months),Mobile Phone,1,29,Credit Card,male,3,4,Laptop & Accessory,1,Married,1,0,21,0,7,8,156,0,6/6/2026 9:09
51613,0,0,0. New User (<1 Month),Computer,1,11,Debit Card,male,2,1,Laptop & Accessory,5,Married,2,0,12,1,1,5,140,1,6/6/2026 9:09
51614,0,18,3. Core Loyal (>1 Year),Mobile Phone,1,26,Credit Card,male,3,3,Grocery,1,Married,1,1,14,2,0,10,235,0,6/6/2026 9:09
51615,0,9,2. Mid-Loyal (7-12 Months),Mobile Phone,1,12,Debit Card,male,2,3,Mobile Phone,1,Married,1,0,11,1,10,11,132,0.1,6/6/2026 9:09
51616,0,28,3. Core Loyal (>1 Year),Mobile Phone,1,6,Credit Card,male,2,3,Others,5,Single,1,1,14,0,4,13,290,0,6/6/2026 9:09
51617,1,10,2. Mid-Loyal (7-12 Months),Computer,1,35,Debit Card,male,2,3,Fashion,4,Married,2,1,12,4,9,-1,218,0.44,6/6/2026 9:09
51618,0,0,0. New User (<1 Month),Mobile Phone,1,15,Credit Card,male,3,3,Mobile Phone,1,Married,2,0,23,1,1,4,121,1,6/6/2026 9:09
51619,0,10,2. Mid-Loyal (7-12 Months),Mobile Phone,3,12,Credit Card,male,3,3,Laptop & Accessory,1,Married,5,0,14,1,1,1,165,1,6/6/2026 9:09
51620,0,0,0. New User (<1 Month),Mobile Phone,1,9,Credit Card,male,3,4,Mobile Phone,3,Single,2,0,17,1,1,0,132,1,6/6/2026 9:09
51621,0,10,2. Mid-Loyal (7-12 Months),Computer,1,6,Credit Card,female,3,3,Fashion,1,Married,3,1,18,0,0,2,236,0,6/6/2026 9:09
51622,0,8,2. Mid-Loyal (7-12 Months),Mobile Phone,1,28,Debit Card,female,3,1,Fashion,4,Married,8,0,18,5,6,-1,220,0.83,6/6/2026 9:09
51623,0,11,2. Mid-Loyal (7-12 Months),Mobile Phone,3,13,Credit Card,female,2,1,Laptop & Accessory,5,Married,2,1,24,4,7,7,156,0.57,6/6/2026 9:09
51624,0,0,0. New User (<1 Month),Computer,1,6,Debit Card,female,2,3,Laptop & Accessory,4,Married,2,0,20,1,1,4,164,1,6/6/2026 9:09
51625,0,23,3. Core Loyal (>1 Year),Mobile Phone,1,10,Debit Card,male,3,3,Others,4,Married,4,0,14,0,1,6,291,0,6/6/2026 9:09
51626,0,26,3. Core Loyal (>1 Year),Mobile Phone,1,9,Credit Card,male,2,3,Grocery,3,Married,4,1,16,0,1,3,276,0,6/6/2026 9:09
51627,0,15,3. Core Loyal (>1 Year),Mobile Phone,3,6,Debit Card,male,1,3,Laptop & Accessory,3,Married,2,0,25,6,11,6,149,0.55,6/6/2026 9:09
51628,0,2,1. Junior User (1-6 Months),Computer,3,8,Debit Card,male,2,3,Laptop & Accessory,1,Single,2,0,18,0,1,9,146,0,6/6/2026 9:09
51629,0,28,3. Core Loyal (>1 Year),Mobile Phone,1,26,Cash on Delivery,male,2,3,Laptop & Accessory,1,Married,4,1,19,0,1,8,154,0,6/6/2026 9:09
51630,0,0,0. New User (<1 Month),Computer,1,17,Credit Card,male,2,3,Laptop & Accessory,5,Married,2,1,13,1,3,3,147,0.33,6/6/2026 9:09
51631,0,0,0. New User (<1 Month),Mobile Phone,1,6,Debit Card,female,2,3,Mobile Phone,1,Single,2,0,12,1,5,7,121,0.2,6/6/2026 9:09
51632,1,7,2. Mid-Loyal (7-12 Months),Computer,1,30,Debit Card,male,0,3,Mobile Phone,3,Married,4,1,22,0,1,0,132,0,6/6/2026 9:09
51633,0,11,2. Mid-Loyal (7-12 Months),Mobile Phone,1,29,Debit Card,male,2,3,Laptop & Accessory,1,Married,10,0,14,0,1,2,157,0,6/6/2026 9:09
51634,1,0,0. New User (<1 Month),Mobile Phone,1,-1,Credit Card,male,2,3,Mobile Phone,4,Married,3,1,13,1,1,2,124,1,6/6/2026 9:09
51635,0,1,1. Junior User (1-6 Months),Mobile Phone,1,14,Debit Card,female,3,3,Mobile Phone,1,Single,2,0,21,1,1,2,133,1,6/6/2026 9:09
51636,0,22,3. Core Loyal (>1 Year),Computer,1,16,Debit Card,female,2,3,Others,5,Single,10,1,11,0,1,2,287,0,6/6/2026 9:09
51637,0,9,2. Mid-Loyal (7-12 Months),Mobile Phone,1,9,Cash on Delivery,male,1,3,Laptop & Accessory,4,Single,5,0,12,2,7,7,145,0.29,6/6/2026 9:09
51638,0,4,1. Junior User (1-6 Months),Computer,3,11,E wallet,female,0,3,Mobile Phone,4,Married,2,0,11,0,2,2,128,0,6/6/2026 9:09
51639,1,0,0. New User (<1 Month),Mobile Phone,3,10,E wallet,male,2,4,Laptop & Accessory,1,Single,2,1,12,4,7,4,158,0.57,6/6/2026 9:09
51640,0,10,2. Mid-Loyal (7-12 Months),Computer,1,-1,Credit Card,male,2,3,Mobile Phone,1,Married,2,1,12,0,1,2,123,0,6/6/2026 9:09
51641,0,15,3. Core Loyal (>1 Year),Computer,3,32,E wallet,female,3,3,Grocery,4,Married,6,0,14,3,0,8,235,0,6/6/2026 9:09
51642,1,0,0. New User (<1 Month),Mobile Phone,1,9,Debit Card,male,2,3,Mobile Phone,3,Single,2,0,13,1,1,0,114,1,6/6/2026 9:09
51643,0,8,2. Mid-Loyal (7-12 Months),Mobile Phone,3,22,E wallet,male,3,3,Fashion,4,Married,1,0,15,3,6,9,180,0.5,6/6/2026 9:09
51644,0,9,2. Mid-Loyal (7-12 Months),Computer,1,24,Debit Card,male,2,1,Mobile Phone,1,Married,5,0,18,1,1,0,137,1,6/6/2026 9:09
51645,0,24,3. Core Loyal (>1 Year),Mobile Phone,1,8,Credit Card,male,2,5,Laptop & Accessory,4,Married,6,0,18,0,1,2,155,0,6/6/2026 9:09
51646,0,14,3. Core Loyal (>1 Year),Mobile Phone,3,8,Debit Card,male,2,3,Grocery,4,Single,2,0,19,1,0,4,260,0,6/6/2026 9:09
51647,0,0,0. New User (<1 Month),Mobile Phone,3,16,Credit Card,female,3,4,Mobile Phone,3,Single,2,0,12,0,1,0,112,0,6/6/2026 9:09
51648,0,1,1. Junior User (1-6 Months),Mobile Phone,1,22,Credit Card,male,3,1,Laptop & Accessory,5,Single,1,0,19,0,1,7,157,0,6/6/2026 9:09
51649,0,4,1. Junior User (1-6 Months),Mobile Phone,3,13,Cash on Delivery,male,3,1,Laptop & Accessory,1,Married,5,0,11,3,7,7,169,0.43,6/6/2026 9:09
51650,0,12,2. Mid-Loyal (7-12 Months),Mobile Phone,1,6,Credit Card,male,2,1,Fashion,1,Married,1,0,17,1,3,7,196,0.33,6/6/2026 9:09
51651,0,9,2. Mid-Loyal (7-12 Months),Computer,1,30,Debit Card,female,2,3,Laptop & Accessory,4,Married,8,0,15,1,1,8,157,1,6/6/2026 9:09
51652,0,5,1. Junior User (1-6 Months),Mobile Phone,3,13,Debit Card,male,3,4,Laptop & Accessory,3,Married,2,0,14,3,4,8,155,0.75,6/6/2026 9:09
51653,0,11,2. Mid-Loyal (7-12 Months),Mobile Phone,1,31,Debit Card,female,2,4,Fashion,4,Married,4,0,17,0,1,-1,221,0,6/6/2026 9:09
51654,0,30,3. Core Loyal (>1 Year),Computer,1,6,Debit Card,male,2,5,Laptop & Accessory,3,Married,3,1,13,1,1,2,157,1,6/6/2026 9:09
51655,0,4,1. Junior User (1-6 Months),Mobile Phone,1,11,Cash on Delivery,male,2,3,Mobile Phone,1,Married,1,1,12,1,1,3,148,1,6/6/2026 9:09
51656,0,4,1. Junior User (1-6 Months),Mobile Phone,2,8,UPI,male,3,4,Laptop & Accessory,5,Married,4,0,12,0,1,0,164,0,6/6/2026 9:09
51657,0,18,3. Core Loyal (>1 Year),Computer,1,13,Debit Card,male,3,3,Fashion,5,Married,2,0,18,2,9,11,152,0.22,6/6/2026 9:09
51658,0,4,1. Junior User (1-6 Months),Mobile Phone,1,8,Debit Card,male,0,3,Mobile Phone,1,Married,1,1,18,2,2,2,127,1,6/6/2026 9:09
51659,0,6,1. Junior User (1-6 Months),Computer,1,11,Debit Card,female,3,3,Fashion,4,Married,7,0,11,7,8,-1,219,0.88,6/6/2026 9:09
51660,0,0,0. New User (<1 Month),Mobile Phone,1,16,Credit Card,male,3,3,Grocery,5,Married,2,1,14,0,11,10,271,0,6/6/2026 9:09
51661,0,16,3. Core Loyal (>1 Year),Computer,1,-1,Debit Card,female,2,3,Mobile Phone,1,Single,1,0,19,0,1,7,125,0,6/6/2026 9:09
51662,0,22,3. Core Loyal (>1 Year),Mobile Phone,1,6,Cash on Delivery,female,2,4,Grocery,3,Single,8,1,12,0,0,7,240,0,6/6/2026 9:09
51663,1,15,3. Core Loyal (>1 Year),Mobile Phone,1,14,Credit Card,male,2,4,Laptop & Accessory,4,Married,3,0,15,7,7,7,149,1,6/6/2026 9:09
51664,0,0,0. New User (<1 Month),Mobile Phone,1,-1,Debit Card,female,2,3,Mobile Phone,4,Single,2,1,12,0,1,2,125,0,6/6/2026 9:09
51665,0,5,1. Junior User (1-6 Months),Mobile Phone,3,14,Cash on Delivery,female,3,4,Laptop & Accessory,4,Married,2,1,11,11,11,9,152,1,6/6/2026 9:09
51666,0,0,0. New User (<1 Month),Mobile Phone,3,8,Debit Card,male,3,3,Laptop & Accessory,3,Single,2,1,11,0,1,4,145,0,6/6/2026 9:09
51667,0,4,1. Junior User (1-6 Months),Mobile Phone,3,13,E wallet,male,3,3,Laptop & Accessory,1,Married,5,0,12,0,1,7,175,0,6/6/2026 9:09
51668,0,5,1. Junior User (1-6 Months),Mobile Phone,1,8,Credit Card,female,3,1,Laptop & Accessory,1,Single,8,0,16,0,1,7,151,0,6/6/2026 9:09
51669,1,0,0. New User (<1 Month),Mobile Phone,1,8,Credit Card,male,2,5,Mobile Phone,1,Married,6,1,13,1,2,2,135,0.5,6/6/2026 9:09
51670,0,3,1. Junior User (1-6 Months),Mobile Phone,1,34,Credit Card,female,3,3,Laptop & Accessory,1,Married,2,0,13,1,1,9,158,1,6/6/2026 9:09
51671,0,4,1. Junior User (1-6 Months),Computer,1,13,Debit Card,female,2,4,Fashion,3,Married,2,0,24,7,8,9,189,0.88,6/6/2026 9:09
51672,0,12,2. Mid-Loyal (7-12 Months),Computer,1,13,Credit Card,male,2,4,Others,1,Married,2,0,0,6,13,3,293,0.46,6/6/2026 9:09
51673,1,2,1. Junior User (1-6 Months),Mobile Phone,3,9,Credit Card,female,2,3,Laptop & Accessory,3,Married,5,1,18,1,1,0,152,1,6/6/2026 9:09
51674,0,6,1. Junior User (1-6 Months),Computer,3,16,E wallet,male,2,4,Laptop & Accessory,1,Single,4,0,14,1,1,1,147,1,6/6/2026 9:09
51675,0,20,3. Core Loyal (>1 Year),Mobile Phone,1,11,Debit Card,male,2,3,Others,3,Married,5,0,11,0,1,1,283,0,6/6/2026 9:09
51676,0,16,3. Core Loyal (>1 Year),Computer,1,16,Debit Card,female,2,4,Laptop & Accessory,3,Married,2,0,11,1,1,0,153,1,6/6/2026 9:09
51677,0,0,0. New User (<1 Month),Computer,3,6,E wallet,male,3,3,Laptop & Accessory,4,Married,1,1,13,0,1,4,163,0,6/6/2026 9:09
51678,0,27,3. Core Loyal (>1 Year),Computer,1,26,Debit Card,female,2,3,Laptop & Accessory,3,Single,4,0,12,0,1,3,149,0,6/6/2026 9:09
51679,0,16,3. Core Loyal (>1 Year),Mobile Phone,1,13,Debit Card,female,2,3,Fashion,5,Married,9,0,16,1,1,0,200,1,6/6/2026 9:09
51680,0,18,3. Core Loyal (>1 Year),Mobile Phone,1,14,UPI,male,3,3,Laptop & Accessory,1,Married,10,0,14,8,9,8,137,0.89,6/6/2026 9:09
51681,0,13,3. Core Loyal (>1 Year),Mobile Phone,3,6,Credit Card,male,2,5,Laptop & Accessory,1,Married,3,1,22,1,1,2,175,1,6/6/2026 9:09
51682,1,0,0. New User (<1 Month),Mobile Phone,1,14,UPI,male,3,5,Mobile Phone,5,Married,2,1,11,0,1,7,121,0,6/6/2026 9:09
51683,0,2,1. Junior User (1-6 Months),Mobile Phone,1,15,UPI,male,1,4,Mobile Phone,1,Single,1,0,17,1,2,2,140,0.5,6/6/2026 9:09
51684,0,3,1. Junior User (1-6 Months),Mobile Phone,3,11,E wallet,female,1,4,Laptop & Accessory,3,Married,2,0,13,1,1,2,161,1,6/6/2026 9:09
51685,0,0,0. New User (<1 Month),Mobile Phone,3,14,E wallet,female,2,3,Laptop & Accessory,4,Married,2,0,18,0,1,7,162,0,6/6/2026 9:09
51686,0,10,2. Mid-Loyal (7-12 Months),Mobile Phone,1,11,Credit Card,male,3,3,Laptop & Accessory,1,Married,8,0,16,1,1,4,163,1,6/6/2026 9:09
51687,0,11,2. Mid-Loyal (7-12 Months),Mobile Phone,1,21,Debit Card,male,3,4,Fashion,1,Married,1,1,14,2,2,-1,215,1,6/6/2026 9:09
51688,0,4,1. Junior User (1-6 Months),Mobile Phone,1,13,Credit Card,female,2,3,Fashion,1,Single,2,1,14,4,4,10,171,1,6/6/2026 9:09
51689,0,2,1. Junior User (1-6 Months),Mobile Phone,3,16,E wallet,female,2,4,Laptop & Accessory,4,Married,2,1,14,1,1,7,183,1,6/6/2026 9:09
51690,0,8,2. Mid-Loyal (7-12 Months),Mobile Phone,1,11,Cash on Delivery,male,3,3,Fashion,4,Single,1,0,13,1,1,13,181,1,6/6/2026 9:09
51691,0,0,0. New User (<1 Month),Mobile Phone,1,32,Debit Card,male,0,3,Mobile Phone,1,Married,2,0,12,0,1,2,129,0,6/6/2026 9:09
51692,0,14,3. Core Loyal (>1 Year),Mobile Phone,1,12,Credit Card,male,3,4,Laptop & Accessory,4,Single,7,1,15,1,1,2,160,1,6/6/2026 9:09
51693,0,20,3. Core Loyal (>1 Year),Computer,3,10,Credit Card,male,0,3,Laptop & Accessory,3,Single,4,0,19,0,1,0,130,0,6/6/2026 9:09
51694,0,15,3. Core Loyal (>1 Year),Mobile Phone,1,29,Debit Card,female,2,3,Grocery,1,Single,3,0,14,0,0,0,260,0,6/6/2026 9:09
51695,0,2,1. Junior User (1-6 Months),Computer,3,8,Debit Card,male,3,3,Laptop & Accessory,3,Married,2,0,14,1,1,2,146,1,6/6/2026 9:09
51696,0,15,3. Core Loyal (>1 Year),Mobile Phone,2,8,Cash on Delivery,male,0,3,Mobile Phone,3,Married,1,1,11,1,1,0,127,1,6/6/2026 9:09
51697,0,5,1. Junior User (1-6 Months),Mobile Phone,1,-1,Credit Card,female,3,3,Mobile Phone,4,Married,2,0,13,0,1,7,124,0,6/6/2026 9:09
51698,0,21,3. Core Loyal (>1 Year),Mobile Phone,3,35,Credit Card,female,3,3,Fashion,3,Married,4,0,21,0,1,-1,225,0,6/6/2026 9:09
51699,0,10,2. Mid-Loyal (7-12 Months),Mobile Phone,1,12,Credit Card,male,2,1,Laptop & Accessory,5,Married,5,1,13,6,6,7,160,1,6/6/2026 9:09
51700,0,3,1. Junior User (1-6 Months),Computer,3,31,Cash on Delivery,female,2,3,Laptop & Accessory,3,Married,8,1,12,2,2,2,147,1,6/6/2026 9:09
51701,0,0,0. New User (<1 Month),Mobile Phone,3,6,Debit Card,male,2,3,Laptop & Accessory,3,Married,2,0,17,0,7,7,153,0,6/6/2026 9:09
51702,0,15,3. Core Loyal (>1 Year),Mobile Phone,1,8,UPI,male,3,4,Laptop & Accessory,1,Single,4,0,23,1,1,0,168,1,6/6/2026 9:09
51703,1,0,0. New User (<1 Month),Computer,3,6,Cash on Delivery,female,3,4,Mobile Phone,4,Single,2,1,11,1,1,2,122,1,6/6/2026 9:09
51704,0,9,2. Mid-Loyal (7-12 Months),Computer,3,6,Credit Card,female,2,3,Laptop & Accessory,1,Single,5,0,15,1,1,0,167,1,6/6/2026 9:09
51705,0,9,2. Mid-Loyal (7-12 Months),Computer,3,9,Credit Card,male,2,4,Fashion,1,Married,5,0,11,0,1,12,197,0,6/6/2026 9:09
51706,0,30,3. Core Loyal (>1 Year),Mobile Phone,1,6,Credit Card,male,2,3,Laptop & Accessory,3,Married,3,0,11,0,1,2,168,0,6/6/2026 9:09
51707,0,0,0. New User (<1 Month),Mobile Phone,1,16,Debit Card,female,2,1,Mobile Phone,3,Married,4,1,13,0,1,7,122,0,6/6/2026 9:09
51708,0,0,0. New User (<1 Month),Computer,3,-1,Credit Card,male,2,3,Mobile Phone,1,Single,2,0,24,2,2,2,126,1,6/6/2026 9:09
51709,1,0,0. New User (<1 Month),Mobile Phone,3,11,E wallet,female,0,3,Mobile Phone,3,Single,2,1,13,0,1,0,129,0,6/6/2026 9:09
51710,0,10,2. Mid-Loyal (7-12 Months),Mobile Phone,1,16,Credit Card,female,3,3,Mobile Phone,5,Married,7,0,20,1,1,3,135,1,6/6/2026 9:09
51711,0,19,3. Core Loyal (>1 Year),Computer,1,13,Credit Card,female,1,3,Laptop & Accessory,3,Married,3,0,14,1,1,0,153,1,6/6/2026 9:09
51712,1,4,1. Junior User (1-6 Months),Computer,3,10,E wallet,male,2,3,Laptop & Accessory,4,Single,2,0,18,4,7,7,194,0.57,6/6/2026 9:09
51713,0,23,3. Core Loyal (>1 Year),Mobile Phone,1,16,Cash on Delivery,male,3,4,Fashion,1,Single,7,0,15,1,1,3,205,1,6/6/2026 9:09
51714,1,3,1. Junior User (1-6 Months),Mobile Phone,3,28,E wallet,male,3,4,Laptop & Accessory,3,Married,3,1,12,1,1,0,164,1,6/6/2026 9:09
51715,0,4,1. Junior User (1-6 Months),Mobile Phone,1,-1,Debit Card,male,2,4,Mobile Phone,4,Single,1,1,16,2,2,2,127,1,6/6/2026 9:09
51716,1,0,0. New User (<1 Month),Mobile Phone,3,18,Debit Card,female,0,1,Mobile Phone,4,Single,2,0,15,0,1,0,127,0,6/6/2026 9:09
51717,0,0,0. New User (<1 Month),Mobile Phone,1,29,Debit Card,male,2,3,Mobile Phone,1,Single,10,0,16,0,1,2,122,0,6/6/2026 9:09
51718,0,8,2. Mid-Loyal (7-12 Months),Mobile Phone,1,15,Debit Card,male,3,4,Laptop & Accessory,4,Single,10,0,19,0,1,0,165,0,6/6/2026 9:09
51719,0,0,0. New User (<1 Month),Mobile Phone,1,6,Credit Card,male,2,3,Mobile Phone,4,Married,2,0,11,0,1,4,138,0,6/6/2026 9:09
51720,0,1,1. Junior User (1-6 Months),Mobile Phone,3,15,Debit Card,male,3,3,Laptop & Accessory,1,Single,2,0,16,1,1,7,153,1,6/6/2026 9:09
51721,0,22,3. Core Loyal (>1 Year),Mobile Phone,1,13,UPI,male,2,4,Fashion,3,Single,9,0,24,1,1,-1,210,1,6/6/2026 9:09
51722,0,24,3. Core Loyal (>1 Year),Mobile Phone,3,20,Debit Card,female,2,3,Laptop & Accessory,1,Married,5,0,11,1,1,7,149,1,6/6/2026 9:09
51723,0,9,2. Mid-Loyal (7-12 Months),Mobile Phone,1,-1,Debit Card,female,3,3,Mobile Phone,3,Married,5,0,13,2,2,2,125,1,6/6/2026 9:09
51724,1,0,0. New User (<1 Month),Computer,3,25,E wallet,male,3,1,Laptop & Accessory,1,Single,9,1,13,0,1,4,153,0,6/6/2026 9:09
51725,0,28,3. Core Loyal (>1 Year),Mobile Phone,1,8,Debit Card,female,3,3,Grocery,1,Single,3,1,13,0,1,2,267,0,6/6/2026 9:09
51726,0,0,0. New User (<1 Month),Mobile Phone,3,16,E wallet,female,3,3,Laptop & Accessory,3,Married,2,1,12,0,1,3,143,0,6/6/2026 9:09
51727,0,3,1. Junior User (1-6 Months),Mobile Phone,3,-1,Cash on Delivery,male,3,3,Mobile Phone,4,Married,2,0,18,1,1,0,125,1,6/6/2026 9:09
51728,1,0,0. New User (<1 Month),Computer,1,9,Cash on Delivery,male,0,3,Mobile Phone,5,Single,1,0,22,0,1,4,131,0,6/6/2026 9:09
51729,0,0,0. New User (<1 Month),Mobile Phone,1,17,Credit Card,female,2,3,Mobile Phone,4,Married,2,0,13,1,1,2,122,1,6/6/2026 9:09
51730,0,9,2. Mid-Loyal (7-12 Months),Mobile Phone,3,8,Credit Card,male,3,4,Fashion,3,Married,2,0,13,8,9,0,176,0.89,6/6/2026 9:09
51731,1,0,0. New User (<1 Month),Computer,1,10,Cash on Delivery,male,2,3,Mobile Phone,1,Single,10,1,23,1,1,0,123,1,6/6/2026 9:09
51732,0,10,2. Mid-Loyal (7-12 Months),Mobile Phone,1,20,Debit Card,female,0,3,Mobile Phone,5,Married,2,0,12,10,12,17,130,0.83,6/6/2026 9:09
51733,0,13,3. Core Loyal (>1 Year),Mobile Phone,3,8,E wallet,female,2,3,Laptop & Accessory,4,Married,8,0,12,0,1,3,157,0,6/6/2026 9:09
51734,0,15,3. Core Loyal (>1 Year),Mobile Phone,1,-1,Debit Card,female,3,3,Mobile Phone,5,Married,4,0,16,0,1,2,126,0,6/6/2026 9:09
51735,0,10,2. Mid-Loyal (7-12 Months),Mobile Phone,1,16,Debit Card,male,2,3,Laptop & Accessory,4,Single,3,1,12,0,1,1,142,0,6/6/2026 9:09
51736,0,16,3. Core Loyal (>1 Year),Mobile Phone,1,18,Debit Card,male,2,4,Grocery,4,Married,2,0,11,3,0,9,243,0,6/6/2026 9:09
51737,0,13,3. Core Loyal (>1 Year),Mobile Phone,1,8,Credit Card,female,3,4,Laptop & Accessory,3,Married,7,0,22,1,1,0,134,1,6/6/2026 9:09
51738,0,27,3. Core Loyal (>1 Year),Mobile Phone,1,11,Credit Card,male,2,3,Others,5,Married,5,0,0,1,1,2,294,1,6/6/2026 9:09
51739,0,7,2. Mid-Loyal (7-12 Months),Computer,3,10,E wallet,female,3,3,Laptop & Accessory,3,Married,10,0,15,0,1,2,165,0,6/6/2026 9:09
51740,0,4,1. Junior User (1-6 Months),Mobile Phone,1,13,Credit Card,female,2,3,Laptop & Accessory,5,Married,2,0,12,3,3,12,143,1,6/6/2026 9:09
51741,0,0,0. New User (<1 Month),Computer,1,27,Credit Card,male,3,3,Mobile Phone,1,Married,8,0,20,1,1,2,123,1,6/6/2026 9:09
51742,0,16,3. Core Loyal (>1 Year),Mobile Phone,1,14,UPI,female,3,3,Laptop & Accessory,3,Married,5,1,14,1,1,2,145,1,6/6/2026 9:09
51743,0,0,0. New User (<1 Month),Mobile Phone,3,10,Debit Card,female,3,4,Laptop & Accessory,1,Single,2,1,11,0,1,3,145,0,6/6/2026 9:09
51744,0,10,2. Mid-Loyal (7-12 Months),Computer,1,31,Credit Card,female,3,3,Laptop & Accessory,3,Married,4,1,15,4,10,7,144,0.4,6/6/2026 9:09
51745,0,0,0. New User (<1 Month),Mobile Phone,1,6,Debit Card,male,3,4,Mobile Phone,5,Married,2,0,12,3,3,2,122,1,6/6/2026 9:09
51746,0,12,2. Mid-Loyal (7-12 Months),Computer,1,6,Debit Card,male,2,3,Others,3,Married,2,1,14,0,1,6,292,0,6/6/2026 9:09
51747,0,29,3. Core Loyal (>1 Year),Computer,3,12,Debit Card,female,2,1,Grocery,5,Married,10,0,11,6,0,7,232,0,6/6/2026 9:09
51748,0,3,1. Junior User (1-6 Months),Mobile Phone,3,18,Cash on Delivery,female,2,3,Laptop & Accessory,3,Single,1,0,11,3,4,4,166,0.75,6/6/2026 9:09
51749,0,14,3. Core Loyal (>1 Year),Mobile Phone,3,6,E wallet,male,2,1,Fashion,5,Married,2,0,16,1,1,7,184,1,6/6/2026 9:09
51750,0,1,1. Junior User (1-6 Months),Mobile Phone,1,23,Credit Card,male,3,3,Laptop & Accessory,5,Married,2,0,12,0,1,8,146,0,6/6/2026 9:09
51751,1,0,0. New User (<1 Month),Mobile Phone,1,9,Credit Card,male,3,3,Mobile Phone,5,Married,6,0,13,1,1,2,140,1,6/6/2026 9:09
51752,0,25,3. Core Loyal (>1 Year),Mobile Phone,1,9,Credit Card,male,2,4,Fashion,3,Married,3,1,14,1,1,4,180,1,6/6/2026 9:09
51753,0,18,3. Core Loyal (>1 Year),Mobile Phone,1,-1,Debit Card,male,3,3,Mobile Phone,1,Married,4,0,21,0,1,2,127,0,6/6/2026 9:09
51754,0,25,3. Core Loyal (>1 Year),Mobile Phone,1,10,Debit Card,female,1,3,Grocery,1,Married,3,0,13,0,1,4,266,0,6/6/2026 9:09
51755,0,15,3. Core Loyal (>1 Year),Computer,1,35,Debit Card,female,3,3,Laptop & Accessory,3,Married,3,0,11,1,1,2,146,1,6/6/2026 9:09
51756,0,3,1. Junior User (1-6 Months),Mobile Phone,1,8,Debit Card,female,2,5,Laptop & Accessory,1,Single,3,0,20,1,1,2,161,1,6/6/2026 9:09
51757,0,30,3. Core Loyal (>1 Year),Mobile Phone,1,13,Debit Card,female,2,3,Others,5,Married,6,0,0,1,11,10,296,0.09,6/6/2026 9:09
51758,0,19,3. Core Loyal (>1 Year),Mobile Phone,1,24,Credit Card,female,2,3,Laptop & Accessory,3,Married,3,0,14,1,1,8,148,1,6/6/2026 9:09
51759,0,15,3. Core Loyal (>1 Year),Computer,1,34,Cash on Delivery,female,2,4,Laptop & Accessory,1,Married,1,0,11,0,1,4,145,0,6/6/2026 9:09
51760,1,0,0. New User (<1 Month),Mobile Phone,3,6,Cash on Delivery,female,3,3,Mobile Phone,4,Single,2,1,16,0,1,4,132,0,6/6/2026 9:09
51761,1,0,0. New User (<1 Month),Computer,3,-1,E wallet,female,2,5,Mobile Phone,3,Married,1,0,16,0,1,0,124,0,6/6/2026 9:09
51762,0,0,0. New User (<1 Month),Computer,1,8,Debit Card,male,2,3,Mobile Phone,1,Married,2,1,23,1,1,0,117,1,6/6/2026 9:09
51763,0,13,3. Core Loyal (>1 Year),Mobile Phone,3,8,Debit Card,female,3,3,Others,3,Married,1,0,14,0,1,12,280,0,6/6/2026 9:09
51764,0,0,0. New User (<1 Month),Mobile Phone,1,29,Debit Card,female,0,3,Mobile Phone,1,Married,2,0,22,0,1,2,129,0,6/6/2026 9:09
51765,0,0,0. New User (<1 Month),Computer,1,9,Debit Card,male,2,3,Mobile Phone,1,Married,5,0,15,1,1,4,121,1,6/6/2026 9:09
51766,0,2,1. Junior User (1-6 Months),Mobile Phone,1,9,Credit Card,male,3,4,Fashion,3,Married,2,0,18,0,1,-1,219,0,6/6/2026 9:09
51767,1,0,0. New User (<1 Month),Mobile Phone,1,-1,Cash on Delivery,female,3,4,Mobile Phone,4,Married,6,0,16,1,1,1,125,1,6/6/2026 9:09
51768,1,0,0. New User (<1 Month),Mobile Phone,2,-1,Cash on Delivery,male,2,4,Mobile Phone,1,Single,2,0,12,0,1,0,126,0,6/6/2026 9:09
51769,0,3,1. Junior User (1-6 Months),Computer,3,28,UPI,female,3,3,Fashion,5,Married,1,0,11,3,7,8,184,0.43,6/6/2026 9:09
51770,0,30,3. Core Loyal (>1 Year),Mobile Phone,3,35,E wallet,male,2,4,Grocery,1,Married,4,0,12,1,0,0,241,0,6/6/2026 9:09
51771,0,23,3. Core Loyal (>1 Year),Mobile Phone,1,35,Debit Card,male,2,4,Grocery,3,Married,1,0,15,0,15,7,270,0,6/6/2026 9:09
51772,0,3,1. Junior User (1-6 Months),Computer,1,-1,Credit Card,female,2,3,Mobile Phone,1,Single,1,0,14,1,6,7,126,0.17,6/6/2026 9:09
51773,0,30,3. Core Loyal (>1 Year),Computer,3,34,E wallet,female,3,4,Fashion,5,Married,5,0,19,3,13,11,203,0.23,6/6/2026 9:09
51774,0,20,3. Core Loyal (>1 Year),Mobile Phone,1,8,Credit Card,female,3,3,Laptop & Accessory,1,Married,6,0,13,0,1,4,151,0,6/6/2026 9:09
51775,0,19,3. Core Loyal (>1 Year),Mobile Phone,1,8,Debit Card,male,2,3,Grocery,3,Married,7,0,13,0,1,1,279,0,6/6/2026 9:09
51776,0,8,2. Mid-Loyal (7-12 Months),Mobile Phone,1,28,Debit Card,male,2,5,Mobile Phone,3,Single,1,0,15,1,4,3,142,0.25,6/6/2026 9:09
51777,0,27,3. Core Loyal (>1 Year),Mobile Phone,1,5,Debit Card,female,2,3,Laptop & Accessory,3,Single,8,0,11,0,1,0,138,0,6/6/2026 9:09
51778,0,7,2. Mid-Loyal (7-12 Months),Mobile Phone,1,8,Debit Card,male,0,4,Mobile Phone,3,Married,4,0,12,3,5,7,128,0.6,6/6/2026 9:09
51779,0,5,1. Junior User (1-6 Months),Mobile Phone,3,16,E wallet,female,3,4,Fashion,1,Married,3,1,19,0,1,2,191,0,6/6/2026 9:09
51780,0,4,1. Junior User (1-6 Months),Mobile Phone,1,15,Debit Card,male,2,3,Fashion,4,Married,2,0,25,0,1,8,206,0,6/6/2026 9:09
51781,1,0,0. New User (<1 Month),Mobile Phone,1,21,Credit Card,male,2,3,Fashion,3,Married,8,1,12,3,0,7,236,0,6/6/2026 9:09
51782,1,0,0. New User (<1 Month),Mobile Phone,1,16,Credit Card,male,2,5,Mobile Phone,1,Married,8,0,13,0,1,3,134,0,6/6/2026 9:09
51783,0,3,1. Junior User (1-6 Months),Mobile Phone,3,13,E wallet,male,0,3,Mobile Phone,4,Single,1,0,14,0,1,2,130,0,6/6/2026 9:09
51784,0,8,2. Mid-Loyal (7-12 Months),Mobile Phone,1,22,Debit Card,male,3,3,Fashion,3,Married,5,1,12,0,1,0,176,0,6/6/2026 9:09
51785,1,0,0. New User (<1 Month),Computer,1,26,Debit Card,male,3,3,Fashion,3,Married,4,0,12,1,1,0,198,1,6/6/2026 9:09
51786,1,0,0. New User (<1 Month),Computer,2,29,UPI,female,2,3,Fashion,5,Married,10,1,15,1,1,2,200,1,6/6/2026 9:09
51787,0,0,0. New User (<1 Month),Computer,1,11,UPI,male,3,3,Mobile Phone,3,Married,5,0,17,0,2,0,121,0,6/6/2026 9:09
51788,0,9,2. Mid-Loyal (7-12 Months),Computer,3,16,Credit Card,male,2,3,Fashion,1,Single,2,0,14,8,9,7,200,0.89,6/6/2026 9:09
51789,1,0,0. New User (<1 Month),Computer,1,10,Cash on Delivery,male,3,4,Mobile Phone,3,Single,6,0,16,0,1,2,139,0,6/6/2026 9:09
51790,0,21,3. Core Loyal (>1 Year),Mobile Phone,3,8,E wallet,female,2,3,Laptop & Accessory,1,Married,3,0,14,6,6,7,141,1,6/6/2026 9:09
51791,0,28,3. Core Loyal (>1 Year),Mobile Phone,3,24,Debit Card,female,2,3,Grocery,4,Single,4,0,23,0,7,8,268,0,6/6/2026 9:09
51792,0,14,3. Core Loyal (>1 Year),Computer,3,16,Debit Card,male,2,3,Laptop & Accessory,1,Single,8,0,14,0,1,10,162,0,6/6/2026 9:09
51793,0,8,2. Mid-Loyal (7-12 Months),Mobile Phone,3,6,E wallet,male,2,3,Laptop & Accessory,3,Married,10,0,11,0,6,9,147,0,6/6/2026 9:09
51794,0,13,3. Core Loyal (>1 Year),Mobile Phone,1,12,Debit Card,female,3,3,Grocery,3,Single,8,0,15,4,0,13,232,0,6/6/2026 9:09
51795,0,12,2. Mid-Loyal (7-12 Months),Computer,1,14,Debit Card,female,2,3,Mobile Phone,3,Married,2,0,11,1,1,7,138,1,6/6/2026 9:09
51796,0,4,1. Junior User (1-6 Months),Mobile Phone,3,8,Debit Card,male,3,3,Laptop & Accessory,1,Single,5,1,13,1,1,5,166,1,6/6/2026 9:09
51797,0,15,3. Core Loyal (>1 Year),Mobile Phone,1,30,Credit Card,male,2,3,Fashion,5,Married,2,1,21,5,5,8,174,1,6/6/2026 9:09
51798,0,18,3. Core Loyal (>1 Year),Mobile Phone,3,8,UPI,male,3,3,Laptop & Accessory,4,Married,1,0,19,3,3,7,148,1,6/6/2026 9:09
51799,1,0,0. New User (<1 Month),Computer,2,23,Debit Card,female,0,3,Mobile Phone,3,Married,1,1,11,0,1,0,127,0,6/6/2026 9:09
51800,0,2,1. Junior User (1-6 Months),Mobile Phone,1,25,Cash on Delivery,male,2,3,Laptop & Accessory,1,Married,5,0,12,1,1,2,143,1,6/6/2026 9:09
51801,0,6,1. Junior User (1-6 Months),Mobile Phone,1,6,Credit Card,female,3,1,Grocery,3,Married,5,0,19,0,1,5,262,0,6/6/2026 9:09
51802,0,4,1. Junior User (1-6 Months),Mobile Phone,3,13,Debit Card,male,2,4,Fashion,1,Married,10,0,21,1,1,-1,216,1,6/6/2026 9:09
51803,1,0,0. New User (<1 Month),Computer,3,11,E wallet,male,3,3,Mobile Phone,4,Single,2,1,14,1,1,0,119,1,6/6/2026 9:09
51804,0,13,3. Core Loyal (>1 Year),Computer,3,34,UPI,male,2,5,Fashion,5,Married,4,0,15,0,1,-1,209,0,6/6/2026 9:09
51805,0,14,3. Core Loyal (>1 Year),Computer,1,8,UPI,female,3,4,Laptop & Accessory,3,Single,3,1,17,0,1,7,168,0,6/6/2026 9:09
51806,0,0,0. New User (<1 Month),Mobile Phone,3,35,Credit Card,male,2,3,Laptop & Accessory,3,Married,6,0,12,0,1,0,143,0,6/6/2026 9:09
51807,0,8,2. Mid-Loyal (7-12 Months),Mobile Phone,3,6,Credit Card,female,3,3,Laptop & Accessory,3,Single,2,0,16,1,1,3,149,1,6/6/2026 9:09
51808,0,7,2. Mid-Loyal (7-12 Months),Mobile Phone,3,27,Debit Card,male,3,1,Laptop & Accessory,1,Single,2,0,12,0,5,7,153,0,6/6/2026 9:09
51809,1,0,0. New User (<1 Month),Mobile Phone,1,-1,Cash on Delivery,male,3,5,Mobile Phone,1,Single,2,1,18,0,1,0,123,0,6/6/2026 9:09
51810,0,10,2. Mid-Loyal (7-12 Months),Mobile Phone,1,6,Cash on Delivery,female,2,3,Fashion,1,Single,5,0,17,1,1,2,175,1,6/6/2026 9:09
51811,0,19,3. Core Loyal (>1 Year),Computer,1,24,Credit Card,female,2,3,Fashion,3,Married,6,0,11,0,1,2,205,0,6/6/2026 9:09
51812,0,14,3. Core Loyal (>1 Year),Mobile Phone,3,8,Debit Card,female,3,3,Grocery,5,Married,8,0,16,0,11,8,266,0,6/6/2026 9:09
51813,0,10,2. Mid-Loyal (7-12 Months),Computer,3,15,Credit Card,male,3,3,Fashion,4,Married,2,0,13,1,7,7,188,0.14,6/6/2026 9:09
51814,0,25,3. Core Loyal (>1 Year),Mobile Phone,1,12,Cash on Delivery,male,3,3,Laptop & Accessory,5,Married,4,1,12,2,6,9,156,0.33,6/6/2026 9:09
51815,1,0,0. New User (<1 Month),Computer,3,17,UPI,male,2,1,Laptop & Accessory,3,Married,9,0,12,1,1,2,147,1,6/6/2026 9:09
51816,0,0,0. New User (<1 Month),Computer,3,-1,Credit Card,male,2,3,Mobile Phone,1,Married,1,0,13,1,2,1,124,0.5,6/6/2026 9:09
51817,0,11,2. Mid-Loyal (7-12 Months),Mobile Phone,1,16,Credit Card,female,3,3,Laptop & Accessory,3,Married,4,0,19,0,1,0,198,0,6/6/2026 9:09
51818,0,10,2. Mid-Loyal (7-12 Months),Mobile Phone,1,6,Debit Card,female,3,3,Laptop & Accessory,4,Married,7,0,12,4,4,3,164,1,6/6/2026 9:09
51819,0,22,3. Core Loyal (>1 Year),Mobile Phone,1,24,Debit Card,male,2,4,Others,3,Married,2,1,0,1,1,9,295,1,6/6/2026 9:09
51820,0,0,0. New User (<1 Month),Mobile Phone,1,29,Credit Card,male,0,1,Mobile Phone,1,Married,2,1,11,0,1,4,127,0,6/6/2026 9:09
51821,0,0,0. New User (<1 Month),Mobile Phone,3,34,E wallet,male,3,3,Laptop & Accessory,4,Married,2,0,20,0,1,4,163,0,6/6/2026 9:09
51822,0,0,0. New User (<1 Month),Mobile Phone,1,23,UPI,male,3,4,Mobile Phone,4,Married,2,0,21,1,1,0,121,1,6/6/2026 9:09
51823,0,23,3. Core Loyal (>1 Year),Computer,2,9,Credit Card,male,3,3,Others,4,Married,2,0,11,0,10,7,282,0,6/6/2026 9:09
51824,0,0,0. New User (<1 Month),Mobile Phone,3,19,Credit Card,male,2,3,Mobile Phone,3,Married,2,0,11,1,1,6,121,1,6/6/2026 9:09
51825,1,0,0. New User (<1 Month),Computer,1,13,Debit Card,female,0,3,Mobile Phone,3,Married,2,1,16,0,1,2,129,0,6/6/2026 9:09
51826,1,0,0. New User (<1 Month),Computer,3,18,Debit Card,male,3,4,Mobile Phone,5,Married,2,0,18,1,1,0,120,1,6/6/2026 9:09
51827,0,7,2. Mid-Loyal (7-12 Months),Mobile Phone,1,6,Debit Card,male,2,4,Mobile Phone,1,Married,2,1,13,1,1,3,136,1,6/6/2026 9:09
51828,1,0,0. New User (<1 Month),Mobile Phone,3,19,Credit Card,male,2,3,Laptop & Accessory,5,Married,3,0,17,0,1,2,142,0,6/6/2026 9:09
51829,0,8,2. Mid-Loyal (7-12 Months),Mobile Phone,1,31,UPI,male,2,4,Laptop & Accessory,1,Single,5,0,14,1,1,2,137,1,6/6/2026 9:09
51830,0,4,1. Junior User (1-6 Months),Mobile Phone,3,12,Credit Card,male,3,1,Laptop & Accessory,1,Married,5,0,22,5,5,7,155,1,6/6/2026 9:09
51831,0,0,0. New User (<1 Month),Mobile Phone,1,12,Credit Card,female,3,4,Mobile Phone,3,Married,1,0,12,0,1,3,122,0,6/6/2026 9:09
51832,0,10,2. Mid-Loyal (7-12 Months),Mobile Phone,3,8,E wallet,male,3,3,Laptop & Accessory,3,Married,5,1,11,0,1,0,196,0,6/6/2026 9:09
51833,0,0,0. New User (<1 Month),Mobile Phone,1,6,Debit Card,female,0,4,Mobile Phone,4,Single,2,0,13,0,1,0,128,0,6/6/2026 9:09
51834,0,15,3. Core Loyal (>1 Year),Mobile Phone,1,8,Debit Card,female,2,3,Laptop & Accessory,1,Married,2,0,13,0,2,2,141,0,6/6/2026 9:09
51835,0,16,3. Core Loyal (>1 Year),Mobile Phone,1,12,UPI,male,2,4,Grocery,1,Married,5,1,14,0,1,0,266,0,6/6/2026 9:09
51836,0,11,2. Mid-Loyal (7-12 Months),Mobile Phone,1,-1,Debit Card,female,2,3,Mobile Phone,5,Single,4,0,17,0,1,0,126,0,6/6/2026 9:09
51837,0,16,3. Core Loyal (>1 Year),Computer,1,15,Credit Card,male,3,3,Laptop & Accessory,3,Married,4,1,13,1,4,7,157,0.25,6/6/2026 9:09
51838,0,21,3. Core Loyal (>1 Year),Mobile Phone,1,6,Debit Card,female,2,4,Grocery,5,Married,8,0,11,0,0,2,254,0,6/6/2026 9:09
51839,0,17,3. Core Loyal (>1 Year),Mobile Phone,2,6,Debit Card,female,2,4,Laptop & Accessory,3,Single,5,0,11,1,1,2,160,1,6/6/2026 9:09
51840,0,7,2. Mid-Loyal (7-12 Months),Mobile Phone,3,-1,Cash on Delivery,female,2,3,Mobile Phone,3,Married,2,1,18,1,1,6,126,1,6/6/2026 9:09
51841,1,0,0. New User (<1 Month),Mobile Phone,3,8,E wallet,male,0,3,Mobile Phone,5,Married,1,0,11,1,1,2,130,1,6/6/2026 9:09
51842,0,0,0. New User (<1 Month),Mobile Phone,3,28,Cash on Delivery,male,2,3,Mobile Phone,3,Single,2,0,11,0,1,2,134,0,6/6/2026 9:09
51843,0,17,3. Core Loyal (>1 Year),Mobile Phone,1,9,UPI,male,2,3,Others,1,Married,5,1,0,0,1,1,295,0,6/6/2026 9:09
51844,0,0,0. New User (<1 Month),Mobile Phone,1,12,Credit Card,male,0,3,Mobile Phone,3,Married,1,0,20,1,2,2,128,0.5,6/6/2026 9:09
51845,0,6,1. Junior User (1-6 Months),Mobile Phone,3,14,E wallet,male,2,3,Laptop & Accessory,3,Married,1,0,12,0,1,2,171,0,6/6/2026 9:09
51846,0,5,1. Junior User (1-6 Months),Mobile Phone,1,15,Debit Card,female,3,3,Laptop & Accessory,1,Married,2,1,12,1,1,5,163,1,6/6/2026 9:09
51847,0,0,0. New User (<1 Month),Computer,1,9,Credit Card,female,3,3,Mobile Phone,3,Married,2,0,20,1,1,0,121,1,6/6/2026 9:09
51848,0,26,3. Core Loyal (>1 Year),Mobile Phone,3,6,Credit Card,female,2,3,Laptop & Accessory,5,Single,8,0,20,4,8,10,184,0.5,6/6/2026 9:09
51849,0,7,2. Mid-Loyal (7-12 Months),Mobile Phone,1,6,Debit Card,male,0,3,Mobile Phone,1,Married,2,0,12,1,8,8,127,0.13,6/6/2026 9:09
51850,1,8,2. Mid-Loyal (7-12 Months),Computer,3,32,Debit Card,female,3,3,Laptop & Accessory,5,Married,3,0,14,0,1,0,143,0,6/6/2026 9:09
51851,0,0,0. New User (<1 Month),Mobile Phone,1,12,Debit Card,female,3,3,Mobile Phone,1,Married,2,1,13,0,1,2,56,0,6/6/2026 9:09
51852,0,10,2. Mid-Loyal (7-12 Months),Mobile Phone,1,9,UPI,male,2,3,Fashion,3,Married,2,0,15,7,7,8,194,1,6/6/2026 9:09
51853,0,2,1. Junior User (1-6 Months),Mobile Phone,3,9,Credit Card,female,3,3,Laptop & Accessory,3,Married,2,0,14,0,1,2,156,0,6/6/2026 9:09
51854,0,8,2. Mid-Loyal (7-12 Months),Mobile Phone,1,12,Debit Card,male,2,5,Laptop & Accessory,1,Single,2,0,13,0,11,8,166,0,6/6/2026 9:09
51855,0,6,1. Junior User (1-6 Months),Computer,1,12,Debit Card,male,1,3,Laptop & Accessory,1,Married,4,0,23,3,4,7,177,0.75,6/6/2026 9:09
51856,0,27,3. Core Loyal (>1 Year),Mobile Phone,2,25,Credit Card,male,2,3,Fashion,4,Married,3,0,15,2,7,1,207,0.29,6/6/2026 9:09
51857,0,9,2. Mid-Loyal (7-12 Months),Mobile Phone,1,15,Credit Card,male,2,4,Laptop & Accessory,4,Married,3,1,11,0,1,2,188,0,6/6/2026 9:09
51858,0,0,0. New User (<1 Month),Mobile Phone,1,9,Credit Card,male,2,4,Mobile Phone,1,Single,1,0,13,1,1,1,120,1,6/6/2026 9:09
51859,1,0,0. New User (<1 Month),Mobile Phone,1,16,Credit Card,male,2,3,Mobile Phone,3,Single,2,1,11,1,1,1,110,1,6/6/2026 9:09
51860,1,0,0. New User (<1 Month),Computer,1,9,Debit Card,male,3,3,Mobile Phone,5,Single,2,1,11,5,9,7,133,0.56,6/6/2026 9:09
51861,0,0,0. New User (<1 Month),Computer,1,9,Debit Card,male,2,4,Mobile Phone,3,Married,2,0,18,1,1,0,113,1,6/6/2026 9:09
51862,0,0,0. New User (<1 Month),Mobile Phone,1,10,Credit Card,male,0,1,Mobile Phone,5,Married,3,0,16,0,1,2,128,0,6/6/2026 9:09
51863,0,0,0. New User (<1 Month),Mobile Phone,3,14,Debit Card,male,2,1,Laptop & Accessory,4,Married,1,0,22,1,1,2,149,1,6/6/2026 9:09
51864,0,11,2. Mid-Loyal (7-12 Months),Mobile Phone,3,13,E wallet,female,2,4,Laptop & Accessory,1,Single,1,0,20,1,1,5,140,1,6/6/2026 9:09
51865,0,2,1. Junior User (1-6 Months),Computer,1,6,Debit Card,male,0,5,Mobile Phone,1,Married,2,0,18,0,2,8,127,0,6/6/2026 9:09
51866,0,21,3. Core Loyal (>1 Year),Mobile Phone,3,8,E wallet,male,2,1,Laptop & Accessory,4,Married,4,0,12,0,2,2,181,0,6/6/2026 9:09
51867,0,0,0. New User (<1 Month),Computer,3,9,Credit Card,female,3,1,Laptop & Accessory,1,Married,2,1,20,1,1,4,146,1,6/6/2026 9:09
51868,0,10,2. Mid-Loyal (7-12 Months),Mobile Phone,1,16,Debit Card,male,3,1,Mobile Phone,1,Single,4,0,17,1,1,0,147,1,6/6/2026 9:09
51869,0,23,3. Core Loyal (>1 Year),Mobile Phone,1,34,Credit Card,male,3,1,Mobile Phone,3,Married,2,1,11,0,3,8,132,0,6/6/2026 9:09
51870,0,7,2. Mid-Loyal (7-12 Months),Mobile Phone,1,15,Credit Card,female,2,4,Fashion,4,Single,2,0,14,4,7,7,186,0.57,6/6/2026 9:09
51871,1,0,0. New User (<1 Month),Mobile Phone,3,9,Debit Card,female,3,3,Laptop & Accessory,3,Single,10,0,14,1,2,0,146,0.5,6/6/2026 9:09
51872,0,12,2. Mid-Loyal (7-12 Months),Mobile Phone,1,8,Cash on Delivery,female,3,4,Laptop & Accessory,3,Single,2,0,11,1,11,10,146,0.09,6/6/2026 9:09
51873,0,5,1. Junior User (1-6 Months),Mobile Phone,3,16,E wallet,male,2,3,Laptop & Accessory,1,Single,2,0,12,1,1,8,154,1,6/6/2026 9:09
51874,1,13,3. Core Loyal (>1 Year),Computer,3,14,Cash on Delivery,male,2,3,Laptop & Accessory,3,Married,4,1,14,0,1,3,168,0,6/6/2026 9:09
51875,0,11,2. Mid-Loyal (7-12 Months),Mobile Phone,1,6,Debit Card,female,2,1,Laptop & Accessory,1,Single,1,0,13,0,1,8,176,0,6/6/2026 9:09
51876,0,0,0. New User (<1 Month),Mobile Phone,1,6,Debit Card,female,3,3,Fashion,5,Married,2,0,11,0,1,7,174,0,6/6/2026 9:09
51877,0,5,1. Junior User (1-6 Months),Mobile Phone,1,9,Debit Card,female,2,3,Fashion,1,Single,4,0,15,6,7,-1,212,0.86,6/6/2026 9:09
51878,0,20,3. Core Loyal (>1 Year),Mobile Phone,3,20,E wallet,male,2,3,Laptop & Accessory,5,Single,3,0,12,1,1,7,150,1,6/6/2026 9:09
51879,0,13,3. Core Loyal (>1 Year),Computer,3,11,Debit Card,male,2,4,Fashion,5,Married,6,1,21,0,1,12,205,0,6/6/2026 9:09
51880,0,26,3. Core Loyal (>1 Year),Mobile Phone,1,13,Debit Card,male,2,1,Grocery,3,Married,4,0,19,0,0,3,248,0,6/6/2026 9:09
51881,0,14,3. Core Loyal (>1 Year),Mobile Phone,2,16,UPI,male,3,4,Others,1,Married,4,0,15,0,12,6,291,0,6/6/2026 9:09
51882,0,30,3. Core Loyal (>1 Year),Mobile Phone,3,22,E wallet,male,2,3,Laptop & Accessory,5,Single,9,0,14,2,2,2,154,1,6/6/2026 9:09
51883,0,0,0. New User (<1 Month),Computer,1,16,Debit Card,male,2,3,Fashion,5,Married,2,0,21,0,1,7,188,0,6/6/2026 9:09
51884,0,14,3. Core Loyal (>1 Year),Mobile Phone,2,6,UPI,male,2,4,Others,3,Married,2,0,12,0,2,10,292,0,6/6/2026 9:09
51885,0,23,3. Core Loyal (>1 Year),Mobile Phone,3,14,E wallet,male,2,3,Mobile Phone,4,Married,8,0,15,0,2,2,139,0,6/6/2026 9:09
51886,1,0,0. New User (<1 Month),Mobile Phone,1,6,Debit Card,female,3,5,Mobile Phone,4,Single,8,1,13,1,3,7,122,0.33,6/6/2026 9:09
51887,0,9,2. Mid-Loyal (7-12 Months),Computer,1,14,Debit Card,female,3,1,Fashion,5,Married,10,0,14,0,1,-1,217,0,6/6/2026 9:09
51888,0,11,2. Mid-Loyal (7-12 Months),Mobile Phone,1,6,Debit Card,female,2,3,Fashion,3,Single,5,1,14,0,1,0,179,0,6/6/2026 9:09
51889,0,17,3. Core Loyal (>1 Year),Computer,1,30,Credit Card,male,2,5,Mobile Phone,3,Single,3,0,14,0,1,4,137,0,6/6/2026 9:09
51890,0,20,3. Core Loyal (>1 Year),Computer,3,9,Credit Card,female,2,3,Grocery,3,Married,10,1,12,1,0,13,238,0,6/6/2026 9:09
51891,0,3,1. Junior User (1-6 Months),Mobile Phone,3,33,E wallet,male,3,3,Laptop & Accessory,1,Married,8,0,23,2,7,7,153,0.29,6/6/2026 9:09
51892,0,2,1. Junior User (1-6 Months),Mobile Phone,3,-1,Debit Card,male,3,3,Mobile Phone,3,Single,2,0,11,1,1,0,126,1,6/6/2026 9:09
51893,1,5,1. Junior User (1-6 Months),Computer,1,25,Credit Card,male,0,1,Mobile Phone,3,Married,7,1,12,0,2,2,128,0,6/6/2026 9:09
51894,0,16,3. Core Loyal (>1 Year),Computer,3,21,Debit Card,male,2,4,Laptop & Accessory,1,Married,4,0,18,1,2,2,168,0.5,6/6/2026 9:09
51895,0,7,2. Mid-Loyal (7-12 Months),Mobile Phone,1,14,Credit Card,female,3,3,Laptop & Accessory,3,Single,4,0,11,0,4,3,161,0,6/6/2026 9:09
51896,0,0,0. New User (<1 Month),Mobile Phone,1,-1,Credit Card,male,2,3,Mobile Phone,5,Married,2,0,14,1,1,2,125,1,6/6/2026 9:09
51897,0,12,2. Mid-Loyal (7-12 Months),Mobile Phone,2,9,UPI,female,2,1,Laptop & Accessory,4,Married,10,0,15,0,3,6,164,0,6/6/2026 9:09
51898,0,29,3. Core Loyal (>1 Year),Mobile Phone,1,15,Credit Card,male,2,3,Grocery,1,Married,8,0,11,0,1,-1,211,0,6/6/2026 9:09
51899,0,13,3. Core Loyal (>1 Year),Mobile Phone,1,-1,Credit Card,female,2,4,Mobile Phone,1,Single,1,1,20,0,2,3,123,0,6/6/2026 9:09
51900,0,0,0. New User (<1 Month),Mobile Phone,1,13,Credit Card,female,2,4,Laptop & Accessory,5,Single,9,0,19,1,1,7,168,1,6/6/2026 9:09
51901,0,0,0. New User (<1 Month),Mobile Phone,3,16,E wallet,male,2,3,Mobile Phone,4,Married,2,0,14,2,2,2,123,1,6/6/2026 9:09
51902,0,26,3. Core Loyal (>1 Year),Mobile Phone,1,-1,Debit Card,male,2,3,Laptop & Accessory,1,Single,3,0,17,2,2,2,125,1,6/6/2026 9:09
51903,0,8,2. Mid-Loyal (7-12 Months),Computer,1,8,Debit Card,female,3,3,Laptop & Accessory,5,Married,3,0,11,1,1,0,151,1,6/6/2026 9:09
51904,0,5,1. Junior User (1-6 Months),Computer,1,30,Debit Card,male,3,3,Laptop & Accessory,1,Married,2,0,15,1,4,7,153,0.25,6/6/2026 9:09
51905,0,11,2. Mid-Loyal (7-12 Months),Mobile Phone,1,8,Credit Card,male,0,3,Mobile Phone,3,Married,7,1,13,0,1,1,131,0,6/6/2026 9:09
51906,0,7,2. Mid-Loyal (7-12 Months),Mobile Phone,1,14,Debit Card,female,2,3,Laptop & Accessory,5,Married,4,0,14,1,1,0,151,1,6/6/2026 9:09
51907,0,25,3. Core Loyal (>1 Year),Mobile Phone,3,9,E wallet,male,2,4,Grocery,5,Married,2,0,11,0,1,16,269,0,6/6/2026 9:09
51908,1,0,0. New User (<1 Month),Mobile Phone,1,6,UPI,male,0,3,Mobile Phone,1,Single,2,1,13,6,7,8,127,0.86,6/6/2026 9:09
51909,0,0,0. New User (<1 Month),Mobile Phone,3,32,Credit Card,female,2,3,Laptop & Accessory,1,Single,2,0,23,0,1,4,162,0,6/6/2026 9:09
51910,0,18,3. Core Loyal (>1 Year),Mobile Phone,3,8,Cash on Delivery,male,2,5,Laptop & Accessory,3,Single,1,0,13,1,3,1,166,0.33,6/6/2026 9:09
51911,0,0,0. New User (<1 Month),Mobile Phone,1,16,Credit Card,male,3,1,Mobile Phone,3,Single,2,0,18,0,1,2,135,0,6/6/2026 9:09
51912,1,10,2. Mid-Loyal (7-12 Months),Computer,3,33,Debit Card,female,3,1,Laptop & Accessory,3,Single,5,1,12,0,1,3,164,0,6/6/2026 9:09
51913,0,7,2. Mid-Loyal (7-12 Months),Mobile Phone,3,8,UPI,male,2,3,Laptop & Accessory,1,Single,2,0,22,0,1,4,163,0,6/6/2026 9:09
51914,1,18,3. Core Loyal (>1 Year),Mobile Phone,1,8,Credit Card,male,3,3,Others,5,Married,6,1,0,1,1,4,299,1,6/6/2026 9:09
51915,0,9,2. Mid-Loyal (7-12 Months),Computer,3,14,Debit Card,male,3,4,Fashion,5,Single,2,0,15,0,1,9,176,0,6/6/2026 9:09
51916,0,25,3. Core Loyal (>1 Year),Computer,1,25,Credit Card,male,2,3,Mobile Phone,1,Married,1,0,18,1,1,2,143,1,6/6/2026 9:09
51917,0,0,0. New User (<1 Month),Computer,1,6,Debit Card,female,3,5,Mobile Phone,1,Married,4,0,14,2,2,0,144,1,6/6/2026 9:09
51918,0,2,1. Junior User (1-6 Months),Mobile Phone,1,33,Credit Card,female,3,3,Laptop & Accessory,3,Married,5,0,12,0,1,1,143,0,6/6/2026 9:09
51919,1,0,0. New User (<1 Month),Mobile Phone,3,14,Cash on Delivery,male,2,4,Laptop & Accessory,5,Single,7,0,17,0,1,2,153,0,6/6/2026 9:09
51920,0,7,2. Mid-Loyal (7-12 Months),Mobile Phone,1,6,Debit Card,female,3,1,Mobile Phone,1,Single,3,0,16,1,1,3,133,1,6/6/2026 9:09
51921,0,27,3. Core Loyal (>1 Year),Mobile Phone,1,25,Credit Card,female,3,3,Laptop & Accessory,5,Married,10,1,11,0,1,4,155,0,6/6/2026 9:09
51922,0,0,0. New User (<1 Month),Computer,3,14,E wallet,male,2,3,Laptop & Accessory,1,Married,1,0,19,1,1,1,143,1,6/6/2026 9:09
51923,0,10,2. Mid-Loyal (7-12 Months),Mobile Phone,1,16,Debit Card,female,0,3,Mobile Phone,5,Married,1,1,13,4,4,3,128,1,6/6/2026 9:09
51924,0,11,2. Mid-Loyal (7-12 Months),Computer,1,8,Debit Card,female,3,1,Laptop & Accessory,5,Single,7,1,12,0,4,12,160,0,6/6/2026 9:09
51925,0,7,2. Mid-Loyal (7-12 Months),Mobile Phone,1,8,Credit Card,female,2,4,Mobile Phone,5,Single,2,0,11,1,1,3,144,1,6/6/2026 9:09
51926,0,8,2. Mid-Loyal (7-12 Months),Mobile Phone,3,-1,Debit Card,female,3,3,Mobile Phone,1,Married,2,0,16,1,1,2,126,1,6/6/2026 9:09
51927,0,3,1. Junior User (1-6 Months),Mobile Phone,1,6,Debit Card,male,2,5,Mobile Phone,3,Married,4,0,21,1,1,2,138,1,6/6/2026 9:09
51928,0,13,3. Core Loyal (>1 Year),Computer,1,8,Credit Card,female,2,1,Laptop & Accessory,4,Married,2,0,24,0,3,7,142,0,6/6/2026 9:09
51929,0,7,2. Mid-Loyal (7-12 Months),Mobile Phone,3,14,Debit Card,female,3,3,Laptop & Accessory,5,Married,6,0,17,1,1,2,165,1,6/6/2026 9:09
51930,0,15,3. Core Loyal (>1 Year),Computer,1,14,Debit Card,male,3,3,Others,1,Married,2,0,13,0,14,9,284,0,6/6/2026 9:09
51931,1,0,0. New User (<1 Month),Mobile Phone,1,12,Debit Card,male,3,1,Mobile Phone,5,Married,2,1,21,0,1,0,116,0,6/6/2026 9:09
51932,0,0,0. New User (<1 Month),Computer,1,15,Debit Card,male,0,4,Mobile Phone,4,Married,2,0,11,0,1,0,127,0,6/6/2026 9:09
51933,0,25,3. Core Loyal (>1 Year),Mobile Phone,1,17,Debit Card,female,0,3,Laptop & Accessory,3,Married,9,0,20,1,1,4,131,1,6/6/2026 9:09
51934,0,23,3. Core Loyal (>1 Year),Mobile Phone,1,8,Credit Card,male,3,3,Grocery,3,Married,6,0,16,0,1,3,276,0,6/6/2026 9:09
51935,1,0,0. New User (<1 Month),Mobile Phone,1,-1,Debit Card,female,2,4,Mobile Phone,5,Married,2,1,11,0,1,0,123,0,6/6/2026 9:09
51936,0,6,1. Junior User (1-6 Months),Mobile Phone,1,13,Credit Card,male,2,3,Fashion,3,Married,1,0,11,1,3,-1,217,0.33,6/6/2026 9:09
51937,1,0,0. New User (<1 Month),Mobile Phone,3,22,E wallet,female,3,3,Laptop & Accessory,5,Single,6,0,15,1,1,2,153,1,6/6/2026 9:09
51938,0,20,3. Core Loyal (>1 Year),Mobile Phone,1,8,UPI,female,2,3,Grocery,1,Married,2,1,11,0,3,0,268,0,6/6/2026 9:09
51939,0,9,2. Mid-Loyal (7-12 Months),Mobile Phone,1,6,UPI,female,2,3,Laptop & Accessory,4,Married,1,0,15,1,1,5,152,1,6/6/2026 9:09
51940,0,2,1. Junior User (1-6 Months),Mobile Phone,1,29,Debit Card,male,0,1,Mobile Phone,3,Married,2,0,24,1,1,7,127,1,6/6/2026 9:09
51941,1,20,3. Core Loyal (>1 Year),Mobile Phone,1,8,Debit Card,male,2,3,Others,4,Single,8,1,0,7,13,8,292,0.54,6/6/2026 9:09
51942,0,8,2. Mid-Loyal (7-12 Months),Mobile Phone,1,-1,Debit Card,female,2,1,Mobile Phone,3,Single,4,0,13,2,2,2,125,1,6/6/2026 9:09
51943,0,15,3. Core Loyal (>1 Year),Mobile Phone,1,6,Debit Card,female,2,4,Laptop & Accessory,1,Married,10,1,13,0,1,2,161,0,6/6/2026 9:09
51944,1,0,0. New User (<1 Month),Mobile Phone,1,8,Credit Card,male,2,3,Mobile Phone,3,Single,7,0,17,2,2,1,144,1,6/6/2026 9:09
51945,0,0,0. New User (<1 Month),Mobile Phone,2,19,UPI,male,2,3,Mobile Phone,4,Married,5,0,13,1,1,4,121,1,6/6/2026 9:09
51946,0,5,1. Junior User (1-6 Months),Mobile Phone,1,10,Debit Card,female,3,4,Laptop & Accessory,3,Married,2,0,12,5,6,8,162,0.83,6/6/2026 9:09
51947,0,13,3. Core Loyal (>1 Year),Computer,1,22,Credit Card,male,2,4,Laptop & Accessory,3,Single,7,0,14,0,1,0,151,0,6/6/2026 9:09
51948,0,3,1. Junior User (1-6 Months),Mobile Phone,1,8,Credit Card,female,2,4,Laptop & Accessory,1,Single,6,1,24,1,1,0,169,1,6/6/2026 9:09
51949,0,0,0. New User (<1 Month),Mobile Phone,1,8,Debit Card,female,3,4,Mobile Phone,3,Single,2,0,14,1,1,0,123,1,6/6/2026 9:09
51950,0,15,3. Core Loyal (>1 Year),Mobile Phone,1,35,Debit Card,male,3,3,Laptop & Accessory,4,Married,2,0,13,5,7,8,144,0.71,6/6/2026 9:09
51951,0,11,2. Mid-Loyal (7-12 Months),Computer,1,18,Debit Card,male,0,4,Laptop & Accessory,5,Married,3,0,15,1,1,2,163,1,6/6/2026 9:09
51952,0,7,2. Mid-Loyal (7-12 Months),Computer,1,-1,Debit Card,female,3,4,Mobile Phone,1,Single,2,0,16,1,1,3,126,1,6/6/2026 9:09
51953,1,12,2. Mid-Loyal (7-12 Months),Mobile Phone,3,17,E wallet,female,2,3,Fashion,1,Married,2,0,18,0,7,7,177,0,6/6/2026 9:09
51954,1,18,3. Core Loyal (>1 Year),Mobile Phone,3,8,Credit Card,male,2,3,Laptop & Accessory,1,Single,5,0,16,1,7,3,152,0.14,6/6/2026 9:09
51955,0,16,3. Core Loyal (>1 Year),Mobile Phone,1,20,Debit Card,male,3,3,Grocery,5,Married,7,0,24,0,1,0,272,0,6/6/2026 9:09
51956,0,0,0. New User (<1 Month),Mobile Phone,1,11,Cash on Delivery,male,2,4,Fashion,1,Married,2,1,16,1,1,-1,228,1,6/6/2026 9:09
51957,0,8,2. Mid-Loyal (7-12 Months),Mobile Phone,1,13,UPI,male,2,3,Fashion,3,Single,4,0,21,0,1,6,202,0,6/6/2026 9:09
51958,0,1,1. Junior User (1-6 Months),Mobile Phone,3,8,E wallet,female,2,3,Laptop & Accessory,4,Married,2,1,20,6,7,5,148,0.86,6/6/2026 9:09
51959,0,7,2. Mid-Loyal (7-12 Months),Mobile Phone,2,9,UPI,male,2,3,Mobile Phone,1,Married,1,0,19,1,1,2,137,1,6/6/2026 9:09
51960,1,0,0. New User (<1 Month),Computer,1,-1,Credit Card,female,2,4,Mobile Phone,3,Married,2,1,14,0,1,7,124,0,6/6/2026 9:09
51961,0,0,0. New User (<1 Month),Computer,1,9,Credit Card,male,2,3,Mobile Phone,1,Married,2,0,11,0,1,0,117,0,6/6/2026 9:09
51962,0,24,3. Core Loyal (>1 Year),Mobile Phone,3,32,E wallet,female,3,3,Grocery,3,Married,3,0,14,0,4,17,263,0,6/6/2026 9:09
51963,0,17,3. Core Loyal (>1 Year),Mobile Phone,1,10,Credit Card,male,2,3,Laptop & Accessory,4,Single,10,0,12,1,2,3,159,0.5,6/6/2026 9:09
51964,0,0,0. New User (<1 Month),Mobile Phone,1,8,Credit Card,male,3,1,Mobile Phone,5,Single,8,0,13,0,1,1,134,0,6/6/2026 9:09
51965,0,6,1. Junior User (1-6 Months),Mobile Phone,3,6,Credit Card,male,2,1,Laptop & Accessory,5,Married,2,0,22,0,1,8,140,0,6/6/2026 9:09
51966,0,8,2. Mid-Loyal (7-12 Months),Mobile Phone,1,-1,Credit Card,female,2,4,Mobile Phone,5,Single,2,0,11,0,1,1,126,0,6/6/2026 9:09
51967,0,9,2. Mid-Loyal (7-12 Months),Mobile Phone,3,6,Debit Card,male,2,3,Laptop & Accessory,1,Married,2,1,14,3,4,11,162,0.75,6/6/2026 9:09
51968,0,5,1. Junior User (1-6 Months),Mobile Phone,3,19,Debit Card,male,3,3,Laptop & Accessory,1,Married,3,0,11,0,1,3,144,0,6/6/2026 9:09
51969,0,3,1. Junior User (1-6 Months),Computer,1,11,Debit Card,male,3,4,Mobile Phone,1,Married,10,0,12,0,1,3,138,0,6/6/2026 9:09
51970,0,26,3. Core Loyal (>1 Year),Mobile Phone,3,13,E wallet,female,3,4,Fashion,1,Married,8,1,18,0,1,-1,209,0,6/6/2026 9:09
51971,0,18,3. Core Loyal (>1 Year),Mobile Phone,3,15,E wallet,male,3,3,Fashion,5,Married,5,1,12,0,1,2,208,0,6/6/2026 9:09
51972,0,5,1. Junior User (1-6 Months),Mobile Phone,1,14,Credit Card,female,3,1,Laptop & Accessory,3,Married,6,0,12,1,1,3,152,1,6/6/2026 9:09
51973,0,25,3. Core Loyal (>1 Year),Computer,1,31,Credit Card,female,2,4,Grocery,1,Married,4,0,22,0,0,0,238,0,6/6/2026 9:09
51974,0,10,2. Mid-Loyal (7-12 Months),Mobile Phone,3,22,E wallet,male,3,4,Laptop & Accessory,3,Married,5,0,19,1,1,0,163,1,6/6/2026 9:09
51975,0,1,1. Junior User (1-6 Months),Mobile Phone,2,14,Credit Card,male,3,4,Mobile Phone,1,Married,2,0,13,1,1,4,149,1,6/6/2026 9:09
51976,0,0,0. New User (<1 Month),Mobile Phone,1,6,Debit Card,male,2,4,Laptop & Accessory,1,Married,7,0,22,2,2,2,148,1,6/6/2026 9:09
51977,0,17,3. Core Loyal (>1 Year),Mobile Phone,1,14,Debit Card,male,0,1,Mobile Phone,1,Married,3,1,24,1,1,2,128,1,6/6/2026 9:09
51978,0,15,3. Core Loyal (>1 Year),Computer,1,-1,Credit Card,male,2,3,Mobile Phone,1,Single,6,1,14,1,2,2,125,0.5,6/6/2026 9:09
51979,0,9,2. Mid-Loyal (7-12 Months),Mobile Phone,2,-1,Debit Card,male,3,4,Mobile Phone,5,Married,1,0,21,0,1,3,123,0,6/6/2026 9:09
51980,0,0,0. New User (<1 Month),Mobile Phone,3,9,UPI,male,3,3,Laptop & Accessory,5,Married,2,1,18,0,1,3,142,0,6/6/2026 9:09
51981,0,8,2. Mid-Loyal (7-12 Months),Mobile Phone,1,15,Debit Card,female,3,4,Fashion,3,Married,2,1,20,3,5,15,207,0.6,6/6/2026 9:09
51982,1,0,0. New User (<1 Month),Computer,1,31,Debit Card,female,3,3,Mobile Phone,4,Married,2,1,19,6,7,8,120,0.86,6/6/2026 9:09
51983,0,5,1. Junior User (1-6 Months),Computer,1,6,Debit Card,male,3,3,Mobile Phone,1,Married,1,0,12,1,1,2,123,1,6/6/2026 9:09
51984,0,0,0. New User (<1 Month),Mobile Phone,3,10,E wallet,male,2,4,Laptop & Accessory,5,Married,2,0,12,1,1,3,143,1,6/6/2026 9:09
51985,0,22,3. Core Loyal (>1 Year),Mobile Phone,1,6,Cash on Delivery,female,2,3,Mobile Phone,5,Married,3,0,16,0,1,2,136,0,6/6/2026 9:09
51986,0,0,0. New User (<1 Month),Computer,1,10,Debit Card,male,2,4,Mobile Phone,1,Married,1,0,17,0,3,4,132,0,6/6/2026 9:09
51987,0,5,1. Junior User (1-6 Months),Computer,3,11,Debit Card,male,2,3,Laptop & Accessory,4,Married,2,0,14,2,5,3,165,0.4,6/6/2026 9:09
51988,0,11,2. Mid-Loyal (7-12 Months),Mobile Phone,3,15,E wallet,male,0,4,Mobile Phone,4,Married,1,0,19,0,1,2,129,0,6/6/2026 9:09
51989,0,15,3. Core Loyal (>1 Year),Mobile Phone,1,9,Debit Card,female,3,1,Laptop & Accessory,1,Married,3,1,13,1,1,3,152,1,6/6/2026 9:09
51990,0,4,1. Junior User (1-6 Months),Mobile Phone,1,-1,Debit Card,male,2,3,Mobile Phone,1,Married,4,1,19,0,1,2,124,0,6/6/2026 9:09
51991,1,0,0. New User (<1 Month),Mobile Phone,3,6,Credit Card,female,0,4,Mobile Phone,3,Married,7,1,19,1,1,2,128,1,6/6/2026 9:09
51992,0,26,3. Core Loyal (>1 Year),Mobile Phone,3,14,E wallet,male,3,3,Grocery,1,Married,6,0,14,2,2,-1,218,1,6/6/2026 9:09
51993,0,8,2. Mid-Loyal (7-12 Months),Mobile Phone,1,31,Cash on Delivery,male,3,4,Fashion,4,Married,4,0,16,2,4,8,209,0.5,6/6/2026 9:09
51994,0,10,2. Mid-Loyal (7-12 Months),Computer,3,27,Credit Card,female,0,3,Mobile Phone,1,Married,6,0,15,1,1,0,130,1,6/6/2026 9:09
51995,0,26,3. Core Loyal (>1 Year),Mobile Phone,1,29,Debit Card,female,3,3,Grocery,1,Single,7,0,18,3,0,8,243,0,6/6/2026 9:09
51996,0,16,3. Core Loyal (>1 Year),Computer,1,6,Debit Card,female,2,3,Laptop & Accessory,1,Married,5,0,13,1,2,2,156,0.5,6/6/2026 9:09
51997,0,20,3. Core Loyal (>1 Year),Mobile Phone,3,8,E wallet,female,2,3,Laptop & Accessory,1,Married,1,1,22,3,7,7,145,0.43,6/6/2026 9:09
51998,0,10,2. Mid-Loyal (7-12 Months),Computer,3,25,Credit Card,male,2,3,Fashion,4,Single,2,1,13,0,1,9,176,0,6/6/2026 9:09
51999,0,23,3. Core Loyal (>1 Year),Computer,1,8,Debit Card,male,3,3,Grocery,5,Married,2,0,11,0,14,7,279,0,6/6/2026 9:09
52000,0,12,2. Mid-Loyal (7-12 Months),Mobile Phone,2,8,Debit Card,female,2,4,Laptop & Accessory,1,Married,9,0,11,1,1,4,152,1,6/6/2026 9:09
52001,0,0,0. New User (<1 Month),Mobile Phone,2,9,UPI,male,2,3,Mobile Phone,4,Married,4,1,11,0,1,3,123,0,6/6/2026 9:09
52002,1,0,0. New User (<1 Month),Mobile Phone,1,31,Debit Card,male,0,3,Mobile Phone,1,Single,2,1,24,0,1,1,128,0,6/6/2026 9:09
52003,0,2,1. Junior User (1-6 Months),Mobile Phone,1,-1,Credit Card,female,3,4,Mobile Phone,1,Married,7,0,14,1,1,3,125,1,6/6/2026 9:09
52004,0,17,3. Core Loyal (>1 Year),Mobile Phone,1,-1,Debit Card,male,3,3,Mobile Phone,5,Married,2,1,13,5,7,1,126,0.71,6/6/2026 9:09
52005,0,1,1. Junior User (1-6 Months),Mobile Phone,3,11,Credit Card,male,3,3,Laptop & Accessory,1,Single,2,0,14,0,1,2,149,0,6/6/2026 9:09
52006,1,20,3. Core Loyal (>1 Year),Computer,1,-1,Debit Card,male,2,4,Mobile Phone,1,Married,10,1,14,1,1,0,124,1,6/6/2026 9:09
52007,0,16,3. Core Loyal (>1 Year),Mobile Phone,1,14,Debit Card,female,2,3,Laptop & Accessory,4,Married,5,0,21,1,1,0,148,1,6/6/2026 9:09
52008,1,0,0. New User (<1 Month),Mobile Phone,3,8,Credit Card,female,2,4,Mobile Phone,3,Single,2,0,13,1,1,2,120,1,6/6/2026 9:09
52009,1,0,0. New User (<1 Month),Mobile Phone,1,24,UPI,female,0,3,Mobile Phone,1,Single,2,0,19,1,1,0,127,1,6/6/2026 9:09
52010,0,9,2. Mid-Loyal (7-12 Months),Mobile Phone,1,20,Debit Card,male,3,3,Laptop & Accessory,1,Married,1,1,17,2,4,11,166,0.5,6/6/2026 9:09
52011,0,20,3. Core Loyal (>1 Year),Mobile Phone,3,8,Debit Card,female,3,4,Mobile Phone,1,Single,2,1,18,0,1,2,133,0,6/6/2026 9:09
52012,1,0,0. New User (<1 Month),Mobile Phone,1,9,Debit Card,female,2,3,Laptop & Accessory,3,Married,1,1,19,1,1,2,142,1,6/6/2026 9:09
52013,1,4,1. Junior User (1-6 Months),Mobile Phone,1,8,Debit Card,female,0,5,Mobile Phone,1,Married,5,1,13,0,1,0,128,0,6/6/2026 9:09
52014,0,1,1. Junior User (1-6 Months),Mobile Phone,1,-1,Credit Card,female,3,3,Mobile Phone,3,Married,6,0,18,0,2,2,124,0,6/6/2026 9:09
52015,1,2,1. Junior User (1-6 Months),Mobile Phone,1,-1,Credit Card,male,3,3,Mobile Phone,5,Married,8,1,21,1,2,2,124,0.5,6/6/2026 9:09
52016,0,0,0. New User (<1 Month),Mobile Phone,1,-1,Debit Card,female,3,3,Mobile Phone,3,Single,2,0,19,0,1,0,123,0,6/6/2026 9:09
52017,0,0,0. New User (<1 Month),Mobile Phone,1,16,Debit Card,male,2,3,Mobile Phone,4,Married,2,0,14,1,1,0,120,1,6/6/2026 9:09
52018,0,15,3. Core Loyal (>1 Year),Mobile Phone,3,20,Credit Card,female,3,4,Laptop & Accessory,3,Single,8,0,17,1,1,3,162,1,6/6/2026 9:09
52019,0,6,1. Junior User (1-6 Months),Mobile Phone,1,6,UPI,male,0,4,Mobile Phone,5,Single,4,1,11,1,1,2,128,1,6/6/2026 9:09
52020,0,30,3. Core Loyal (>1 Year),Mobile Phone,1,11,Cash on Delivery,female,2,4,Fashion,4,Married,3,1,13,1,1,4,206,1,6/6/2026 9:09
52021,0,4,1. Junior User (1-6 Months),Mobile Phone,3,-1,Debit Card,male,2,4,Mobile Phone,3,Married,4,0,15,2,5,2,123,0.4,6/6/2026 9:09
52022,0,8,2. Mid-Loyal (7-12 Months),Mobile Phone,1,27,Debit Card,female,2,3,Laptop & Accessory,1,Married,2,1,25,0,1,7,140,0,6/6/2026 9:09
52023,0,22,3. Core Loyal (>1 Year),Mobile Phone,1,14,UPI,female,2,3,Fashion,4,Married,5,0,11,0,1,7,174,0,6/6/2026 9:09
52024,0,0,0. New User (<1 Month),Mobile Phone,1,26,Credit Card,male,2,3,Mobile Phone,3,Married,5,0,17,1,1,0,123,1,6/6/2026 9:09
52025,0,4,1. Junior User (1-6 Months),Computer,3,26,E wallet,female,2,3,Laptop & Accessory,3,Married,2,0,13,1,1,0,169,1,6/6/2026 9:09
52026,0,9,2. Mid-Loyal (7-12 Months),Mobile Phone,1,13,UPI,male,3,3,Mobile Phone,1,Single,3,0,18,1,1,1,147,1,6/6/2026 9:09
52027,0,11,2. Mid-Loyal (7-12 Months),Mobile Phone,1,6,Cash on Delivery,female,3,3,Fashion,5,Married,2,0,13,4,0,11,236,0,6/6/2026 9:09
52028,0,5,1. Junior User (1-6 Months),Computer,1,-1,Debit Card,female,3,4,Mobile Phone,4,Married,7,0,20,0,1,2,123,0,6/6/2026 9:09
52029,1,0,0. New User (<1 Month),Mobile Phone,3,-1,E wallet,male,2,4,Mobile Phone,4,Married,2,1,18,0,1,0,124,0,6/6/2026 9:09
52030,0,13,3. Core Loyal (>1 Year),Mobile Phone,3,16,E wallet,male,3,4,Fashion,4,Married,3,0,12,0,1,0,197,0,6/6/2026 9:09
52031,0,0,0. New User (<1 Month),Computer,3,6,Credit Card,male,2,4,Laptop & Accessory,5,Single,2,0,12,0,1,7,143,0,6/6/2026 9:09
52032,0,14,3. Core Loyal (>1 Year),Mobile Phone,1,12,Credit Card,male,2,3,Mobile Phone,5,Single,3,1,13,1,2,17,147,0.5,6/6/2026 9:09
52033,0,9,2. Mid-Loyal (7-12 Months),Mobile Phone,1,-1,Credit Card,male,3,3,Mobile Phone,3,Single,5,0,21,1,3,9,125,0.33,6/6/2026 9:09
52034,1,0,0. New User (<1 Month),Mobile Phone,3,27,UPI,male,2,4,Mobile Phone,4,Single,2,1,13,1,1,0,121,1,6/6/2026 9:09
52035,1,0,0. New User (<1 Month),Mobile Phone,1,10,Cash on Delivery,male,0,3,Mobile Phone,5,Single,2,0,19,1,1,0,130,1,6/6/2026 9:09
52036,0,4,1. Junior User (1-6 Months),Mobile Phone,1,18,Credit Card,female,2,3,Laptop & Accessory,1,Married,1,1,11,6,8,5,159,0.75,6/6/2026 9:09
52037,0,13,3. Core Loyal (>1 Year),Computer,1,15,Credit Card,male,2,3,Mobile Phone,4,Married,9,1,14,0,1,0,136,0,6/6/2026 9:09
52038,0,5,1. Junior User (1-6 Months),Mobile Phone,1,9,Credit Card,female,3,3,Laptop & Accessory,5,Married,2,0,12,1,6,3,167,0.17,6/6/2026 9:09
52039,1,0,0. New User (<1 Month),Mobile Phone,3,9,Debit Card,male,2,4,Fashion,1,Married,2,1,11,3,3,7,203,1,6/6/2026 9:09
52040,0,6,1. Junior User (1-6 Months),Mobile Phone,1,6,Debit Card,female,2,4,Laptop & Accessory,1,Single,1,0,14,1,1,4,169,1,6/6/2026 9:09
52041,1,0,0. New User (<1 Month),Mobile Phone,3,6,Debit Card,male,2,4,Fashion,3,Married,6,0,11,5,11,46,206,0.45,6/6/2026 9:09
52042,0,18,3. Core Loyal (>1 Year),Computer,1,10,Debit Card,male,2,3,Laptop & Accessory,4,Married,2,0,12,1,1,8,144,1,6/6/2026 9:09
52043,0,0,0. New User (<1 Month),Computer,3,26,Cash on Delivery,female,2,3,Mobile Phone,1,Married,2,0,15,0,1,2,122,0,6/6/2026 9:09
52044,0,8,2. Mid-Loyal (7-12 Months),Mobile Phone,3,24,Credit Card,female,2,3,Laptop & Accessory,3,Married,2,0,16,1,1,0,146,1,6/6/2026 9:09
52045,0,25,3. Core Loyal (>1 Year),Mobile Phone,1,6,Debit Card,male,3,3,Grocery,1,Married,3,0,15,0,7,8,271,0,6/6/2026 9:09
52046,1,20,3. Core Loyal (>1 Year),Mobile Phone,1,-1,Cash on Delivery,male,2,3,Mobile Phone,3,Single,5,0,24,0,1,0,125,0,6/6/2026 9:09
52047,0,26,3. Core Loyal (>1 Year),Mobile Phone,3,8,Credit Card,male,2,3,Grocery,3,Married,7,0,13,11,0,2,249,0,6/6/2026 9:09
52048,0,3,1. Junior User (1-6 Months),Mobile Phone,3,14,UPI,male,3,3,Fashion,3,Married,6,0,11,2,7,7,173,0.29,6/6/2026 9:09
52049,0,11,2. Mid-Loyal (7-12 Months),Computer,3,16,Cash on Delivery,female,2,3,Laptop & Accessory,1,Single,2,1,13,1,1,3,157,1,6/6/2026 9:09
52050,0,8,2. Mid-Loyal (7-12 Months),Mobile Phone,3,9,Debit Card,male,3,3,Fashion,1,Married,7,0,13,0,1,8,178,0,6/6/2026 9:09
52051,0,12,2. Mid-Loyal (7-12 Months),Mobile Phone,3,8,Debit Card,male,2,1,Fashion,3,Single,1,0,18,0,1,7,179,0,6/6/2026 9:09
52052,1,3,1. Junior User (1-6 Months),Computer,3,30,Debit Card,female,3,1,Grocery,4,Single,5,1,16,1,0,0,232,0,6/6/2026 9:09
52053,0,20,3. Core Loyal (>1 Year),Computer,1,22,Credit Card,male,3,1,Laptop & Accessory,3,Married,2,1,19,1,2,7,151,0.5,6/6/2026 9:09
52054,0,9,2. Mid-Loyal (7-12 Months),Computer,3,14,Cash on Delivery,male,2,3,Laptop & Accessory,1,Married,5,0,13,1,1,7,151,1,6/6/2026 9:09
52055,1,0,0. New User (<1 Month),Computer,1,-1,Credit Card,male,2,4,Mobile Phone,5,Single,1,1,22,0,1,2,123,0,6/6/2026 9:09
52056,0,6,1. Junior User (1-6 Months),Computer,3,23,Debit Card,male,2,3,Grocery,3,Single,2,0,11,0,6,0,274,0,6/6/2026 9:09
52057,1,0,0. New User (<1 Month),Mobile Phone,1,-1,Debit Card,female,3,4,Mobile Phone,5,Single,7,1,20,1,1,0,124,1,6/6/2026 9:09
52058,0,6,1. Junior User (1-6 Months),Mobile Phone,1,19,Debit Card,female,2,3,Mobile Phone,1,Single,4,0,18,1,1,2,135,1,6/6/2026 9:09
52059,0,0,0. New User (<1 Month),Mobile Phone,1,6,Credit Card,female,3,3,Mobile Phone,1,Married,4,0,14,1,1,2,123,1,6/6/2026 9:09
52060,0,23,3. Core Loyal (>1 Year),Mobile Phone,1,6,Credit Card,male,3,3,Grocery,1,Married,10,0,22,0,1,3,274,0,6/6/2026 9:09
52061,0,6,1. Junior User (1-6 Months),Computer,1,6,UPI,female,2,1,Laptop & Accessory,4,Married,2,1,13,1,1,2,155,1,6/6/2026 9:09
52062,0,14,3. Core Loyal (>1 Year),Computer,1,15,Credit Card,male,3,3,Others,3,Married,3,0,0,0,1,11,294,0,6/6/2026 9:09
52063,0,0,0. New User (<1 Month),Mobile Phone,1,22,Cash on Delivery,female,0,3,Mobile Phone,4,Married,10,0,14,2,2,2,128,1,6/6/2026 9:09
52064,0,18,3. Core Loyal (>1 Year),Computer,1,29,Debit Card,male,2,3,Laptop & Accessory,5,Married,2,1,15,1,1,8,136,1,6/6/2026 9:09
52065,0,20,3. Core Loyal (>1 Year),Mobile Phone,3,10,Debit Card,female,2,3,Laptop & Accessory,1,Single,2,1,17,1,1,7,142,1,6/6/2026 9:09
52066,1,0,0. New User (<1 Month),Mobile Phone,1,28,Debit Card,female,2,3,Mobile Phone,3,Married,5,1,11,0,1,1,121,0,6/6/2026 9:09
52067,0,23,3. Core Loyal (>1 Year),Mobile Phone,1,30,Debit Card,male,3,3,Grocery,3,Married,4,1,18,1,0,5,240,0,6/6/2026 9:09
52068,0,11,2. Mid-Loyal (7-12 Months),Computer,1,16,Credit Card,male,0,3,Mobile Phone,3,Married,1,0,17,0,1,2,127,0,6/6/2026 9:09
52069,0,19,3. Core Loyal (>1 Year),Mobile Phone,1,13,Credit Card,male,3,3,Fashion,3,Married,7,0,13,1,1,7,208,1,6/6/2026 9:09
52070,0,0,0. New User (<1 Month),Mobile Phone,1,23,Credit Card,female,2,4,Laptop & Accessory,3,Married,2,0,15,0,3,2,144,0,6/6/2026 9:09
52071,1,0,0. New User (<1 Month),Mobile Phone,1,20,UPI,male,2,4,Mobile Phone,4,Married,2,1,24,1,1,2,137,1,6/6/2026 9:09
52072,0,4,1. Junior User (1-6 Months),Computer,1,6,Debit Card,female,3,3,Laptop & Accessory,5,Married,2,0,12,1,1,3,141,1,6/6/2026 9:09
52073,0,0,0. New User (<1 Month),Computer,1,11,Debit Card,male,3,3,Mobile Phone,1,Single,2,0,15,0,1,0,111,0,6/6/2026 9:09
52074,0,27,3. Core Loyal (>1 Year),Mobile Phone,1,23,Cash on Delivery,female,2,3,Fashion,3,Married,9,0,11,0,1,8,207,0,6/6/2026 9:09
52075,0,8,2. Mid-Loyal (7-12 Months),Mobile Phone,1,31,Credit Card,female,2,3,Fashion,3,Married,2,1,11,0,10,1,204,0,6/6/2026 9:09
52076,0,3,1. Junior User (1-6 Months),Mobile Phone,1,14,Debit Card,female,3,1,Fashion,5,Married,1,1,12,0,1,-1,214,0,6/6/2026 9:09
52077,1,0,0. New User (<1 Month),Mobile Phone,1,-1,Credit Card,female,3,4,Mobile Phone,5,Single,2,1,15,1,1,0,126,1,6/6/2026 9:09
52078,1,0,0. New User (<1 Month),Computer,1,-1,Credit Card,female,2,3,Mobile Phone,4,Single,1,0,17,0,1,2,124,0,6/6/2026 9:09
52079,0,0,0. New User (<1 Month),Mobile Phone,1,8,Credit Card,male,2,1,Laptop & Accessory,1,Married,2,0,12,1,1,3,155,1,6/6/2026 9:09
52080,0,0,0. New User (<1 Month),Mobile Phone,1,-1,Debit Card,male,3,5,Mobile Phone,5,Married,2,0,15,0,1,1,125,0,6/6/2026 9:09
52081,0,21,3. Core Loyal (>1 Year),Mobile Phone,1,12,Debit Card,male,3,4,Laptop & Accessory,3,Single,3,0,13,0,2,2,142,0,6/6/2026 9:09
52082,0,21,3. Core Loyal (>1 Year),Mobile Phone,1,10,Debit Card,male,3,4,Fashion,3,Single,8,0,14,1,4,-1,210,0.25,6/6/2026 9:09
52083,0,14,3. Core Loyal (>1 Year),Mobile Phone,1,13,Credit Card,female,2,3,Laptop & Accessory,3,Single,7,0,14,2,2,1,150,1,6/6/2026 9:09
52084,0,12,2. Mid-Loyal (7-12 Months),Mobile Phone,1,6,Debit Card,female,3,4,Grocery,1,Married,2,0,16,9,11,-1,227,0.82,6/6/2026 9:09
52085,0,0,0. New User (<1 Month),Mobile Phone,1,8,Debit Card,female,2,3,Laptop & Accessory,1,Married,1,0,18,2,2,2,142,1,6/6/2026 9:09
52086,0,8,2. Mid-Loyal (7-12 Months),Mobile Phone,1,16,UPI,male,2,3,Mobile Phone,1,Married,2,0,20,0,1,2,139,0,6/6/2026 9:09
52087,0,0,0. New User (<1 Month),Mobile Phone,3,11,E wallet,male,2,3,Others,3,Married,7,0,13,0,1,0,283,0,6/6/2026 9:09
52088,0,23,3. Core Loyal (>1 Year),Mobile Phone,1,-1,Debit Card,male,3,3,Mobile Phone,1,Married,5,0,18,1,1,0,124,1,6/6/2026 9:09
52089,0,30,3. Core Loyal (>1 Year),Mobile Phone,1,8,Debit Card,female,3,4,Grocery,1,Single,4,1,13,4,0,3,237,0,6/6/2026 9:09
52090,1,0,0. New User (<1 Month),Mobile Phone,1,17,Credit Card,female,3,5,Laptop & Accessory,4,Married,6,0,15,1,1,0,148,1,6/6/2026 9:09
52091,0,28,3. Core Loyal (>1 Year),Computer,1,24,Credit Card,male,3,3,Laptop & Accessory,4,Married,4,1,14,2,6,7,164,0.33,6/6/2026 9:09
52092,0,14,3. Core Loyal (>1 Year),Computer,1,13,Debit Card,female,2,5,Others,3,Married,2,0,0,5,5,10,300,1,6/6/2026 9:09
52093,0,11,2. Mid-Loyal (7-12 Months),Mobile Phone,3,9,Debit Card,male,2,3,Laptop & Accessory,1,Single,9,1,12,1,1,0,169,1,6/6/2026 9:09
52094,1,0,0. New User (<1 Month),Computer,3,35,Credit Card,male,3,5,Laptop & Accessory,5,Single,9,0,18,1,2,2,150,0.5,6/6/2026 9:09
52095,1,15,3. Core Loyal (>1 Year),Mobile Phone,3,8,E wallet,female,2,5,Others,1,Married,2,0,0,3,6,9,298,0.5,6/6/2026 9:09
52096,0,17,3. Core Loyal (>1 Year),Mobile Phone,3,34,Credit Card,female,2,1,Grocery,1,Married,4,1,18,4,0,11,233,0,6/6/2026 9:09
52097,0,23,3. Core Loyal (>1 Year),Computer,3,6,Debit Card,female,3,3,Laptop & Accessory,3,Married,1,0,12,0,1,13,163,0,6/6/2026 9:09
52098,1,0,0. New User (<1 Month),Mobile Phone,1,22,Debit Card,female,0,1,Mobile Phone,5,Single,2,0,16,3,15,14,127,0.2,6/6/2026 9:09
52099,0,12,2. Mid-Loyal (7-12 Months),Computer,1,28,Credit Card,female,2,3,Fashion,5,Single,2,1,13,1,2,8,209,0.5,6/6/2026 9:09
52100,0,6,1. Junior User (1-6 Months),Computer,3,-1,Debit Card,female,2,4,Mobile Phone,1,Single,1,0,19,0,2,2,123,0,6/6/2026 9:09
52101,0,18,3. Core Loyal (>1 Year),Mobile Phone,3,17,Debit Card,female,2,3,Grocery,1,Married,4,0,13,0,1,1,277,0,6/6/2026 9:09
52102,0,5,1. Junior User (1-6 Months),Computer,1,35,Credit Card,female,3,3,Mobile Phone,3,Single,10,0,12,6,7,7,140,0.86,6/6/2026 9:09
52103,0,7,2. Mid-Loyal (7-12 Months),Mobile Phone,3,6,E wallet,male,3,1,Laptop & Accessory,1,Married,1,0,11,0,1,9,197,0,6/6/2026 9:09
52104,0,30,3. Core Loyal (>1 Year),Mobile Phone,3,6,Cash on Delivery,male,3,3,Fashion,1,Married,4,1,14,1,1,-1,219,1,6/6/2026 9:09
52105,0,0,0. New User (<1 Month),Mobile Phone,2,30,Credit Card,male,2,3,Mobile Phone,4,Single,2,0,16,0,1,4,122,0,6/6/2026 9:09
52106,0,26,3. Core Loyal (>1 Year),Computer,3,8,E wallet,female,2,4,Fashion,4,Married,3,0,12,5,6,12,175,0.83,6/6/2026 9:09
52107,1,0,0. New User (<1 Month),Mobile Phone,1,21,UPI,male,2,3,Laptop & Accessory,3,Married,8,0,14,0,1,0,148,0,6/6/2026 9:09
52108,1,0,0. New User (<1 Month),Computer,1,8,Debit Card,male,2,3,Mobile Phone,5,Married,7,1,14,0,1,2,120,0,6/6/2026 9:09
52109,0,0,0. New User (<1 Month),Mobile Phone,3,16,Debit Card,female,2,3,Mobile Phone,3,Married,2,1,19,0,1,0,122,0,6/6/2026 9:09
52110,0,1,1. Junior User (1-6 Months),Mobile Phone,3,16,Credit Card,male,3,3,Mobile Phone,4,Married,2,0,22,0,1,0,111,0,6/6/2026 9:09
52111,0,11,2. Mid-Loyal (7-12 Months),Computer,1,9,UPI,male,0,3,Mobile Phone,3,Married,4,0,16,2,2,2,128,1,6/6/2026 9:09
52112,0,23,3. Core Loyal (>1 Year),Mobile Phone,1,8,Credit Card,male,3,3,Others,3,Married,3,1,0,4,7,7,292,0.57,6/6/2026 9:09
52113,0,10,2. Mid-Loyal (7-12 Months),Mobile Phone,1,9,UPI,female,2,3,Laptop & Accessory,4,Single,4,0,15,1,1,1,141,1,6/6/2026 9:09
52114,0,13,3. Core Loyal (>1 Year),Mobile Phone,3,32,E wallet,male,3,3,Laptop & Accessory,5,Married,2,0,14,3,7,5,184,0.43,6/6/2026 9:09
52115,0,0,0. New User (<1 Month),Computer,1,6,Credit Card,female,3,4,Mobile Phone,3,Married,2,0,13,0,1,3,120,0,6/6/2026 9:09
52116,0,19,3. Core Loyal (>1 Year),Mobile Phone,1,6,Credit Card,male,2,3,Others,1,Married,10,0,0,1,2,2,296,0.5,6/6/2026 9:09
52117,0,27,3. Core Loyal (>1 Year),Mobile Phone,3,8,Debit Card,female,2,4,Fashion,3,Married,7,0,11,6,7,0,207,0.86,6/6/2026 9:09
52118,0,29,3. Core Loyal (>1 Year),Computer,1,15,Credit Card,female,0,3,Mobile Phone,3,Married,3,0,19,1,1,3,129,1,6/6/2026 9:09
52119,0,9,2. Mid-Loyal (7-12 Months),Mobile Phone,1,18,Credit Card,female,2,4,Fashion,1,Single,1,0,11,5,7,8,189,0.71,6/6/2026 9:09
52120,0,28,3. Core Loyal (>1 Year),Computer,1,8,Credit Card,male,2,4,Grocery,5,Single,8,0,15,0,6,2,268,0,6/6/2026 9:09
52121,0,16,3. Core Loyal (>1 Year),Mobile Phone,3,31,Credit Card,male,3,4,Fashion,1,Married,6,0,13,1,1,0,208,1,6/6/2026 9:09
52122,1,0,0. New User (<1 Month),Computer,3,-1,E wallet,female,2,3,Mobile Phone,1,Single,2,1,14,1,1,2,123,1,6/6/2026 9:09
52123,1,0,0. New User (<1 Month),Mobile Phone,1,16,Debit Card,female,2,4,Mobile Phone,5,Single,2,0,13,0,1,0,114,0,6/6/2026 9:09
52124,0,19,3. Core Loyal (>1 Year),Mobile Phone,1,14,Debit Card,female,3,4,Laptop & Accessory,5,Married,9,1,23,1,1,7,146,1,6/6/2026 9:09
52125,1,14,3. Core Loyal (>1 Year),Mobile Phone,1,-1,Debit Card,male,2,3,Mobile Phone,3,Married,10,1,12,0,2,7,125,0,6/6/2026 9:09
52126,1,0,0. New User (<1 Month),Computer,1,30,Cash on Delivery,male,3,4,Fashion,5,Single,2,0,12,1,1,9,187,1,6/6/2026 9:09
52127,0,0,0. New User (<1 Month),Mobile Phone,1,6,Credit Card,male,2,4,Mobile Phone,5,Married,2,0,16,1,1,3,140,1,6/6/2026 9:09
52128,0,3,1. Junior User (1-6 Months),Mobile Phone,1,26,UPI,male,2,3,Laptop & Accessory,5,Married,1,0,15,0,1,2,200,0,6/6/2026 9:09
52129,0,14,3. Core Loyal (>1 Year),Mobile Phone,1,13,Cash on Delivery,female,2,1,Mobile Phone,3,Married,2,0,13,0,1,8,134,0,6/6/2026 9:09
52130,0,11,2. Mid-Loyal (7-12 Months),Mobile Phone,1,23,Debit Card,female,3,4,Fashion,3,Married,1,0,18,1,1,9,188,1,6/6/2026 9:09
52131,0,13,3. Core Loyal (>1 Year),Mobile Phone,1,26,Cash on Delivery,male,3,3,Fashion,1,Married,5,0,20,3,11,1,203,0.27,6/6/2026 9:09
52132,0,0,0. New User (<1 Month),Computer,1,14,Debit Card,male,2,5,Mobile Phone,3,Married,2,0,19,1,1,2,146,1,6/6/2026 9:09
52133,0,28,3. Core Loyal (>1 Year),Computer,1,8,Debit Card,male,3,3,Fashion,4,Married,4,0,18,0,1,-1,210,0,6/6/2026 9:09
52134,0,1,1. Junior User (1-6 Months),Mobile Phone,1,16,UPI,female,2,3,Laptop & Accessory,3,Single,4,0,13,0,1,7,137,0,6/6/2026 9:09
52135,1,7,2. Mid-Loyal (7-12 Months),Mobile Phone,2,6,Credit Card,male,3,4,Fashion,5,Married,10,0,14,2,3,6,205,0.67,6/6/2026 9:09
52136,0,6,1. Junior User (1-6 Months),Mobile Phone,1,11,Debit Card,male,2,4,Fashion,1,Married,5,0,15,1,1,2,171,1,6/6/2026 9:09
52137,1,0,0. New User (<1 Month),Mobile Phone,3,10,Cash on Delivery,male,2,3,Fashion,5,Single,1,1,22,2,4,7,196,0.5,6/6/2026 9:09
52138,1,0,0. New User (<1 Month),Computer,1,35,Credit Card,female,2,4,Laptop & Accessory,3,Single,2,0,22,2,3,8,145,0.67,6/6/2026 9:09
52139,0,0,0. New User (<1 Month),Mobile Phone,1,21,Debit Card,male,2,3,Mobile Phone,3,Married,2,0,16,0,2,2,122,0,6/6/2026 9:09
52140,0,7,2. Mid-Loyal (7-12 Months),Computer,1,9,Debit Card,male,2,3,Laptop & Accessory,1,Single,1,0,17,1,1,4,178,1,6/6/2026 9:09
52141,0,10,2. Mid-Loyal (7-12 Months),Mobile Phone,3,16,Debit Card,female,2,4,Laptop & Accessory,1,Married,3,1,14,1,1,0,167,1,6/6/2026 9:09
52142,1,0,0. New User (<1 Month),Mobile Phone,1,10,Cash on Delivery,male,2,3,Mobile Phone,1,Married,2,1,15,4,5,6,137,0.8,6/6/2026 9:09
52143,1,0,0. New User (<1 Month),Mobile Phone,1,-1,Credit Card,male,2,3,Mobile Phone,3,Married,2,0,20,1,1,0,124,1,6/6/2026 9:09
52144,1,0,0. New User (<1 Month),Mobile Phone,1,31,Credit Card,male,2,4,Mobile Phone,4,Single,5,1,20,1,2,2,123,0.5,6/6/2026 9:09
52145,0,15,3. Core Loyal (>1 Year),Mobile Phone,1,8,Credit Card,male,2,3,Grocery,5,Married,1,0,17,0,13,7,277,0,6/6/2026 9:09
52146,1,0,0. New User (<1 Month),Computer,1,-1,Credit Card,male,2,4,Mobile Phone,4,Married,2,0,15,1,1,0,126,1,6/6/2026 9:09
52147,1,13,3. Core Loyal (>1 Year),Computer,3,6,UPI,male,2,3,Laptop & Accessory,3,Single,4,1,14,1,1,0,147,1,6/6/2026 9:09
52148,0,6,1. Junior User (1-6 Months),Computer,3,13,Debit Card,female,1,3,Laptop & Accessory,4,Married,1,0,17,0,1,2,143,0,6/6/2026 9:09
52149,0,7,2. Mid-Loyal (7-12 Months),Computer,1,9,Debit Card,male,0,4,Mobile Phone,1,Married,4,0,17,0,1,0,130,0,6/6/2026 9:09
52150,0,21,3. Core Loyal (>1 Year),Computer,1,6,Credit Card,male,2,1,Grocery,1,Single,3,0,22,0,2,1,269,0,6/6/2026 9:09
52151,0,18,3. Core Loyal (>1 Year),Computer,3,15,Debit Card,female,3,4,Laptop & Accessory,3,Married,2,0,13,4,4,12,156,1,6/6/2026 9:09
52152,0,25,3. Core Loyal (>1 Year),Mobile Phone,1,5,Debit Card,male,2,3,Fashion,4,Single,8,0,19,2,4,0,204,0.5,6/6/2026 9:09
52153,0,11,2. Mid-Loyal (7-12 Months),Mobile Phone,3,16,E wallet,male,3,4,Fashion,3,Married,1,1,14,1,2,7,187,0.5,6/6/2026 9:09
52154,0,2,1. Junior User (1-6 Months),Mobile Phone,1,-1,Debit Card,female,3,3,Mobile Phone,1,Married,5,0,22,1,1,7,125,1,6/6/2026 9:09
52155,0,1,1. Junior User (1-6 Months),Mobile Phone,1,9,Credit Card,female,3,3,Fashion,4,Married,1,0,17,0,1,7,177,0,6/6/2026 9:09
52156,0,19,3. Core Loyal (>1 Year),Mobile Phone,3,9,E wallet,male,2,3,Grocery,3,Married,4,0,12,0,4,9,275,0,6/6/2026 9:09
52157,0,11,2. Mid-Loyal (7-12 Months),Mobile Phone,3,8,E wallet,male,2,3,Fashion,4,Single,8,0,16,1,1,0,174,1,6/6/2026 9:09
52158,0,16,3. Core Loyal (>1 Year),Computer,1,33,Debit Card,female,2,3,Fashion,5,Married,9,0,11,1,1,1,208,1,6/6/2026 9:09
52159,1,2,1. Junior User (1-6 Months),Computer,1,8,Debit Card,male,2,3,Grocery,1,Married,8,0,11,10,11,-1,222,0.91,6/6/2026 9:09
52160,0,13,3. Core Loyal (>1 Year),Mobile Phone,1,20,Credit Card,male,2,4,Others,3,Single,2,0,0,3,4,9,296,0.75,6/6/2026 9:09
52161,0,0,0. New User (<1 Month),Mobile Phone,1,6,Cash on Delivery,female,3,4,Mobile Phone,4,Single,2,1,11,1,2,2,121,0.5,6/6/2026 9:09
52162,0,12,2. Mid-Loyal (7-12 Months),Computer,1,15,Debit Card,male,3,3,Laptop & Accessory,4,Single,10,0,15,1,1,3,168,1,6/6/2026 9:09
52163,0,9,2. Mid-Loyal (7-12 Months),Computer,1,24,Debit Card,male,3,3,Laptop & Accessory,1,Single,3,0,20,0,1,9,178,0,6/6/2026 9:09
52164,0,4,1. Junior User (1-6 Months),Computer,3,26,Debit Card,male,0,1,Mobile Phone,1,Married,1,0,12,2,2,2,128,1,6/6/2026 9:09
52165,0,1,1. Junior User (1-6 Months),Mobile Phone,1,8,Debit Card,male,3,4,Mobile Phone,4,Married,1,0,17,0,1,4,132,0,6/6/2026 9:09
52166,0,8,2. Mid-Loyal (7-12 Months),Computer,3,17,E wallet,male,2,3,Laptop & Accessory,1,Married,2,0,11,1,1,2,150,1,6/6/2026 9:09
52167,0,22,3. Core Loyal (>1 Year),Mobile Phone,3,14,Cash on Delivery,male,2,4,Grocery,4,Married,7,0,17,1,2,-1,231,0.5,6/6/2026 9:09
52168,0,7,2. Mid-Loyal (7-12 Months),Computer,1,8,Debit Card,male,3,3,Laptop & Accessory,3,Single,3,0,11,1,1,2,140,1,6/6/2026 9:09
52169,0,2,1. Junior User (1-6 Months),Computer,1,16,Debit Card,female,3,3,Mobile Phone,4,Married,1,0,14,0,1,1,133,0,6/6/2026 9:09
52170,0,15,3. Core Loyal (>1 Year),Mobile Phone,1,35,Credit Card,male,2,5,Laptop & Accessory,1,Single,5,0,19,1,1,0,143,1,6/6/2026 9:09
52171,0,2,1. Junior User (1-6 Months),Mobile Phone,1,14,Credit Card,male,3,4,Laptop & Accessory,1,Married,2,1,15,1,1,2,151,1,6/6/2026 9:09
52172,0,11,2. Mid-Loyal (7-12 Months),Mobile Phone,2,6,UPI,male,0,1,Mobile Phone,3,Married,2,0,13,3,5,0,128,0.6,6/6/2026 9:09
52173,0,1,1. Junior User (1-6 Months),Computer,1,12,Debit Card,male,0,4,Mobile Phone,3,Married,2,1,14,1,1,2,127,1,6/6/2026 9:09
52174,1,0,0. New User (<1 Month),Computer,1,14,Credit Card,male,3,3,Mobile Phone,3,Single,2,0,12,1,1,0,119,1,6/6/2026 9:09
52175,1,0,0. New User (<1 Month),Mobile Phone,3,15,E wallet,female,3,3,Laptop & Accessory,5,Single,4,1,17,0,1,3,182,0,6/6/2026 9:09
52176,0,14,3. Core Loyal (>1 Year),Mobile Phone,1,18,Debit Card,male,2,3,Mobile Phone,1,Married,4,1,11,1,1,0,148,1,6/6/2026 9:09
52177,1,0,0. New User (<1 Month),Computer,1,-1,Credit Card,male,3,3,Mobile Phone,3,Married,2,0,12,1,2,2,126,0.5,6/6/2026 9:09
52178,0,10,2. Mid-Loyal (7-12 Months),Mobile Phone,1,31,Credit Card,female,2,4,Laptop & Accessory,1,Married,8,0,13,1,1,3,157,1,6/6/2026 9:09
52179,0,0,0. New User (<1 Month),Mobile Phone,1,-1,Debit Card,male,2,4,Mobile Phone,3,Married,2,0,13,1,2,2,125,0.5,6/6/2026 9:09
52180,0,7,2. Mid-Loyal (7-12 Months),Mobile Phone,3,15,Debit Card,female,3,3,Laptop & Accessory,3,Married,2,0,20,0,1,3,157,0,6/6/2026 9:09
52181,0,8,2. Mid-Loyal (7-12 Months),Mobile Phone,2,14,Cash on Delivery,male,3,3,Mobile Phone,3,Single,2,0,17,0,1,4,143,0,6/6/2026 9:09
52182,1,0,0. New User (<1 Month),Mobile Phone,3,29,Debit Card,female,2,4,Fashion,5,Married,2,0,13,1,3,10,173,0.33,6/6/2026 9:09
52183,0,13,3. Core Loyal (>1 Year),Computer,1,15,Credit Card,female,2,3,Fashion,3,Single,10,0,17,1,0,13,235,0,6/6/2026 9:09
52184,1,5,1. Junior User (1-6 Months),Computer,3,18,Debit Card,male,2,3,Grocery,5,Single,1,1,12,2,0,14,238,0,6/6/2026 9:09
52185,0,15,3. Core Loyal (>1 Year),Mobile Phone,3,10,E wallet,male,2,3,Laptop & Accessory,5,Single,8,0,13,1,1,5,152,1,6/6/2026 9:09
52186,0,0,0. New User (<1 Month),Mobile Phone,1,6,Credit Card,male,2,4,Mobile Phone,3,Married,7,0,12,1,1,7,123,1,6/6/2026 9:09
52187,0,0,0. New User (<1 Month),Mobile Phone,1,30,Credit Card,male,2,3,Mobile Phone,4,Single,9,0,22,0,1,2,136,0,6/6/2026 9:09
52188,1,0,0. New User (<1 Month),Mobile Phone,1,-1,Debit Card,female,3,3,Mobile Phone,1,Married,2,1,11,1,1,0,125,1,6/6/2026 9:09
52189,0,0,0. New User (<1 Month),Mobile Phone,1,9,Credit Card,male,2,1,Mobile Phone,1,Married,2,0,22,1,1,7,144,1,6/6/2026 9:09
52190,0,3,1. Junior User (1-6 Months),Mobile Phone,3,16,E wallet,male,3,4,Laptop & Accessory,3,Married,2,0,18,0,1,4,166,0,6/6/2026 9:09
52191,0,13,3. Core Loyal (>1 Year),Computer,1,32,Credit Card,female,3,4,Laptop & Accessory,1,Married,4,1,13,0,1,0,144,0,6/6/2026 9:09
52192,0,8,2. Mid-Loyal (7-12 Months),Mobile Phone,1,8,Debit Card,male,2,4,Fashion,4,Married,3,0,18,2,6,4,203,0.33,6/6/2026 9:09
52193,0,7,2. Mid-Loyal (7-12 Months),Computer,1,7,Credit Card,male,3,4,Laptop & Accessory,5,Single,1,0,20,0,4,9,153,0,6/6/2026 9:09
52194,0,8,2. Mid-Loyal (7-12 Months),Computer,1,-1,UPI,male,2,4,Mobile Phone,1,Married,2,0,13,1,2,2,124,0.5,6/6/2026 9:09
52195,1,6,1. Junior User (1-6 Months),Mobile Phone,3,15,E wallet,female,2,5,Laptop & Accessory,3,Single,9,0,13,0,1,3,153,0,6/6/2026 9:09
52196,0,5,1. Junior User (1-6 Months),Computer,3,8,Debit Card,female,0,3,Mobile Phone,5,Married,2,0,12,1,1,0,128,1,6/6/2026 9:09
52197,0,29,3. Core Loyal (>1 Year),Mobile Phone,1,10,Cash on Delivery,female,3,3,Others,5,Married,5,0,0,4,4,2,299,1,6/6/2026 9:09
52198,0,2,1. Junior User (1-6 Months),Mobile Phone,1,12,Credit Card,female,0,3,Mobile Phone,1,Married,2,0,13,0,1,8,131,0,6/6/2026 9:09
52199,0,0,0. New User (<1 Month),Mobile Phone,1,-1,Debit Card,male,2,3,Mobile Phone,5,Single,2,0,25,0,1,0,126,0,6/6/2026 9:09
52200,0,18,3. Core Loyal (>1 Year),Mobile Phone,1,13,Credit Card,female,2,3,Mobile Phone,3,Married,5,1,19,0,1,2,145,0,6/6/2026 9:09
52201,0,10,2. Mid-Loyal (7-12 Months),Mobile Phone,1,7,Debit Card,female,2,4,Laptop & Accessory,1,Married,2,0,13,0,3,11,165,0,6/6/2026 9:09
52202,0,0,0. New User (<1 Month),Mobile Phone,1,5,Debit Card,male,0,4,Mobile Phone,3,Single,2,0,12,0,1,2,130,0,6/6/2026 9:09
52203,1,7,2. Mid-Loyal (7-12 Months),Mobile Phone,1,16,Debit Card,male,0,3,Mobile Phone,3,Single,2,1,11,1,1,2,129,1,6/6/2026 9:09
52204,0,26,3. Core Loyal (>1 Year),Mobile Phone,1,13,Credit Card,female,2,3,Others,3,Married,4,0,18,0,4,7,286,0,6/6/2026 9:09
52205,0,0,0. New User (<1 Month),Mobile Phone,1,21,Debit Card,female,3,5,Mobile Phone,1,Married,1,1,18,1,1,3,122,1,6/6/2026 9:09
52206,1,0,0. New User (<1 Month),Computer,1,9,Debit Card,male,0,4,Mobile Phone,1,Married,1,1,11,0,1,0,129,0,6/6/2026 9:09
52207,0,19,3. Core Loyal (>1 Year),Mobile Phone,3,8,E wallet,female,3,3,Grocery,5,Married,9,0,23,0,15,9,270,0,6/6/2026 9:09
52208,0,0,0. New User (<1 Month),Computer,1,23,Debit Card,male,3,5,Mobile Phone,3,Single,3,0,13,1,1,0,123,1,6/6/2026 9:09
52209,0,6,1. Junior User (1-6 Months),Mobile Phone,2,8,UPI,male,3,3,Mobile Phone,3,Married,2,0,13,1,1,4,136,1,6/6/2026 9:09
52210,1,0,0. New User (<1 Month),Computer,1,11,Debit Card,male,3,4,Mobile Phone,5,Married,7,0,17,0,1,0,121,0,6/6/2026 9:09
52211,0,3,1. Junior User (1-6 Months),Mobile Phone,3,35,Debit Card,male,3,3,Laptop & Accessory,5,Married,9,0,19,1,1,3,141,1,6/6/2026 9:09
52212,0,13,3. Core Loyal (>1 Year),Computer,3,8,Credit Card,male,3,3,Laptop & Accessory,4,Married,6,0,12,1,1,0,143,1,6/6/2026 9:09
52213,0,23,3. Core Loyal (>1 Year),Computer,1,8,Credit Card,female,1,3,Grocery,5,Married,3,0,22,0,2,2,279,0,6/6/2026 9:09
52214,0,1,1. Junior User (1-6 Months),Mobile Phone,1,25,Credit Card,male,3,4,Mobile Phone,5,Married,2,0,12,1,3,3,132,0.33,6/6/2026 9:09
52215,0,19,3. Core Loyal (>1 Year),Mobile Phone,1,21,Debit Card,male,2,3,Others,4,Married,6,0,11,0,1,3,291,0,6/6/2026 9:09
52216,0,8,2. Mid-Loyal (7-12 Months),Mobile Phone,3,23,Debit Card,male,3,3,Laptop & Accessory,5,Married,4,1,15,0,1,7,190,0,6/6/2026 9:09
52217,1,0,0. New User (<1 Month),Mobile Phone,1,23,Debit Card,female,3,3,Mobile Phone,4,Married,2,0,13,1,1,0,122,1,6/6/2026 9:09
52218,0,6,1. Junior User (1-6 Months),Computer,3,31,Credit Card,female,2,3,Laptop & Accessory,3,Married,2,0,12,0,1,1,145,0,6/6/2026 9:09
52219,0,9,2. Mid-Loyal (7-12 Months),Mobile Phone,1,12,Debit Card,male,0,5,Mobile Phone,3,Married,2,0,14,1,1,7,127,1,6/6/2026 9:09
52220,0,3,1. Junior User (1-6 Months),Mobile Phone,1,13,Debit Card,male,2,3,Laptop & Accessory,3,Married,2,0,13,4,8,9,135,0.5,6/6/2026 9:09
52221,0,17,3. Core Loyal (>1 Year),Mobile Phone,1,35,UPI,male,2,3,Laptop & Accessory,1,Single,2,0,25,6,13,17,145,0.46,6/6/2026 9:09
52222,0,0,0. New User (<1 Month),Mobile Phone,3,27,E wallet,male,0,1,Mobile Phone,1,Single,2,0,17,2,2,2,127,1,6/6/2026 9:09
52223,0,19,3. Core Loyal (>1 Year),Mobile Phone,1,8,Cash on Delivery,male,2,3,Laptop & Accessory,1,Married,3,0,11,0,1,4,174,0,6/6/2026 9:09
52224,0,15,3. Core Loyal (>1 Year),Computer,2,8,Credit Card,male,3,1,Laptop & Accessory,5,Married,8,0,16,1,1,3,163,1,6/6/2026 9:09
52225,0,30,3. Core Loyal (>1 Year),Mobile Phone,3,13,E wallet,male,2,1,Laptop & Accessory,1,Married,1,1,18,0,1,9,152,0,6/6/2026 9:09
52226,0,5,1. Junior User (1-6 Months),Computer,1,19,UPI,female,3,4,Mobile Phone,4,Married,2,0,20,2,2,2,134,1,6/6/2026 9:09
52227,0,5,1. Junior User (1-6 Months),Computer,1,8,Debit Card,female,2,3,Laptop & Accessory,3,Single,5,1,14,1,1,7,150,1,6/6/2026 9:09
52228,0,9,2. Mid-Loyal (7-12 Months),Mobile Phone,1,7,Cash on Delivery,female,3,5,Fashion,5,Married,3,1,21,7,7,7,203,1,6/6/2026 9:09
52229,0,6,1. Junior User (1-6 Months),Mobile Phone,1,15,Credit Card,male,0,3,Mobile Phone,1,Married,1,0,13,0,4,10,128,0,6/6/2026 9:09
52230,0,13,3. Core Loyal (>1 Year),Mobile Phone,3,16,Cash on Delivery,female,2,4,Laptop & Accessory,4,Married,8,0,12,1,1,3,169,1,6/6/2026 9:09
52231,0,0,0. New User (<1 Month),Mobile Phone,3,16,Debit Card,male,2,3,Laptop & Accessory,1,Single,1,0,14,1,1,1,150,1,6/6/2026 9:09
52232,0,3,1. Junior User (1-6 Months),Mobile Phone,1,7,Credit Card,male,3,3,Mobile Phone,4,Married,1,1,21,3,5,7,136,0.6,6/6/2026 9:09
52233,0,15,3. Core Loyal (>1 Year),Computer,1,32,Credit Card,female,2,3,Fashion,5,Married,4,1,17,0,0,0,232,0,6/6/2026 9:09
52234,0,8,2. Mid-Loyal (7-12 Months),Computer,3,14,E wallet,female,3,4,Fashion,1,Married,5,1,11,3,4,12,204,0.75,6/6/2026 9:09
52235,0,0,0. New User (<1 Month),Mobile Phone,1,20,Debit Card,male,2,3,Mobile Phone,5,Married,2,1,14,5,6,8,122,0.83,6/6/2026 9:09
52236,0,27,3. Core Loyal (>1 Year),Computer,1,7,Debit Card,female,2,3,Fashion,3,Married,8,0,17,0,1,4,205,0,6/6/2026 9:09
52237,0,0,0. New User (<1 Month),Mobile Phone,1,8,Debit Card,female,3,1,Mobile Phone,1,Married,2,0,13,1,7,7,120,0.14,6/6/2026 9:09
52238,1,0,0. New User (<1 Month),Computer,1,16,Credit Card,female,3,4,Mobile Phone,4,Single,2,1,25,0,1,0,119,0,6/6/2026 9:09
52239,0,2,1. Junior User (1-6 Months),Mobile Phone,1,7,Debit Card,female,3,3,Mobile Phone,1,Married,2,0,15,1,1,2,138,1,6/6/2026 9:09
52240,0,27,3. Core Loyal (>1 Year),Mobile Phone,1,9,Debit Card,male,2,3,Grocery,1,Married,4,0,14,0,1,9,278,0,6/6/2026 9:09
52241,0,4,1. Junior User (1-6 Months),Mobile Phone,1,17,Credit Card,male,3,3,Laptop & Accessory,5,Married,2,1,12,1,1,1,168,1,6/6/2026 9:09
52242,0,4,1. Junior User (1-6 Months),Mobile Phone,1,30,Credit Card,female,3,4,Laptop & Accessory,5,Single,2,0,19,1,1,8,168,1,6/6/2026 9:09
52243,0,30,3. Core Loyal (>1 Year),Mobile Phone,3,9,Debit Card,female,2,4,Laptop & Accessory,1,Single,6,0,17,0,1,5,152,0,6/6/2026 9:09
52244,0,16,3. Core Loyal (>1 Year),Mobile Phone,1,9,Debit Card,male,3,5,Others,1,Married,4,0,0,1,1,7,297,1,6/6/2026 9:09
52245,0,22,3. Core Loyal (>1 Year),Mobile Phone,1,10,Credit Card,male,2,4,Others,3,Married,3,0,13,0,1,0,287,0,6/6/2026 9:09
52246,0,9,2. Mid-Loyal (7-12 Months),Computer,1,9,Cash on Delivery,male,2,3,Mobile Phone,4,Married,2,0,12,0,1,7,137,0,6/6/2026 9:09
52247,0,21,3. Core Loyal (>1 Year),Mobile Phone,1,-1,Cash on Delivery,male,3,1,Mobile Phone,4,Single,6,0,11,0,1,0,126,0,6/6/2026 9:09
52248,0,0,0. New User (<1 Month),Mobile Phone,1,-1,Debit Card,male,3,3,Mobile Phone,3,Married,2,0,11,1,1,3,125,1,6/6/2026 9:09
52249,0,2,1. Junior User (1-6 Months),Mobile Phone,1,13,Debit Card,male,2,3,Laptop & Accessory,1,Married,2,1,11,1,1,0,166,1,6/6/2026 9:09
52250,0,21,3. Core Loyal (>1 Year),Mobile Phone,1,7,Debit Card,male,3,4,Others,1,Single,7,0,12,0,1,0,283,0,6/6/2026 9:09
52251,0,2,1. Junior User (1-6 Months),Mobile Phone,1,7,Debit Card,female,2,4,Grocery,1,Married,4,0,14,0,1,7,261,0,6/6/2026 9:09
52252,0,7,2. Mid-Loyal (7-12 Months),Mobile Phone,1,-1,Cash on Delivery,female,2,1,Mobile Phone,3,Married,1,0,17,1,1,0,126,1,6/6/2026 9:09
52253,0,17,3. Core Loyal (>1 Year),Mobile Phone,3,11,E wallet,male,2,3,Others,4,Married,8,0,11,0,3,10,282,0,6/6/2026 9:09
52254,0,6,1. Junior User (1-6 Months),Mobile Phone,3,16,E wallet,male,2,1,Fashion,3,Married,1,1,14,0,1,8,184,0,6/6/2026 9:09
52255,0,0,0. New User (<1 Month),Mobile Phone,1,31,Debit Card,female,0,1,Mobile Phone,1,Single,2,1,12,0,1,1,130,0,6/6/2026 9:09
52256,0,0,0. New User (<1 Month),Mobile Phone,1,7,Debit Card,male,2,3,Mobile Phone,3,Married,2,0,22,1,1,1,112,1,6/6/2026 9:09
52257,1,0,0. New User (<1 Month),Computer,3,30,Debit Card,male,3,5,Mobile Phone,1,Single,2,1,14,1,1,0,111,1,6/6/2026 9:09
52258,0,0,0. New User (<1 Month),Mobile Phone,1,10,Debit Card,male,0,3,Mobile Phone,1,Single,2,1,20,2,2,2,129,1,6/6/2026 9:09
52259,1,8,2. Mid-Loyal (7-12 Months),Mobile Phone,3,8,E wallet,female,3,5,Others,4,Single,3,1,16,0,1,11,288,0,6/6/2026 9:09
52260,0,28,3. Core Loyal (>1 Year),Computer,1,14,Credit Card,male,2,4,Grocery,4,Married,2,1,15,2,0,0,236,0,6/6/2026 9:09
52261,1,0,0. New User (<1 Month),Computer,1,-1,Debit Card,female,2,4,Mobile Phone,3,Single,2,0,20,1,2,2,126,0.5,6/6/2026 9:09
52262,0,19,3. Core Loyal (>1 Year),Mobile Phone,3,10,E wallet,female,2,4,Others,4,Married,3,0,14,0,1,8,288,0,6/6/2026 9:09
52263,0,7,2. Mid-Loyal (7-12 Months),Mobile Phone,3,8,E wallet,female,2,3,Laptop & Accessory,5,Single,1,1,12,1,1,2,145,1,6/6/2026 9:09
52264,0,24,3. Core Loyal (>1 Year),Computer,3,15,Debit Card,male,2,3,Others,4,Married,5,1,0,6,11,10,298,0.55,6/6/2026 9:09
52265,0,30,3. Core Loyal (>1 Year),Mobile Phone,1,24,Credit Card,male,3,3,Fashion,1,Single,7,0,12,3,5,4,205,0.6,6/6/2026 9:09
52266,0,7,2. Mid-Loyal (7-12 Months),Computer,1,25,Credit Card,female,2,3,Laptop & Accessory,4,Married,5,0,13,0,5,10,144,0,6/6/2026 9:09
52267,0,0,0. New User (<1 Month),Computer,1,7,Credit Card,male,2,3,Mobile Phone,3,Single,1,1,11,1,1,2,122,1,6/6/2026 9:09
52268,0,17,3. Core Loyal (>1 Year),Mobile Phone,1,10,Debit Card,male,3,1,Others,5,Married,2,0,14,2,14,13,292,0.14,6/6/2026 9:09
52269,0,7,2. Mid-Loyal (7-12 Months),Computer,2,17,Debit Card,male,2,4,Laptop & Accessory,4,Married,5,0,11,0,1,8,145,0,6/6/2026 9:09
52270,0,8,2. Mid-Loyal (7-12 Months),Mobile Phone,1,12,Debit Card,male,3,3,Mobile Phone,3,Married,1,1,14,1,2,2,135,0.5,6/6/2026 9:09
52271,0,15,3. Core Loyal (>1 Year),Mobile Phone,1,-1,Credit Card,female,3,1,Laptop & Accessory,4,Married,7,1,16,0,1,0,124,0,6/6/2026 9:09
52272,0,16,3. Core Loyal (>1 Year),Mobile Phone,3,10,E wallet,female,2,4,Fashion,1,Single,4,0,14,10,15,17,202,0.67,6/6/2026 9:09
52273,0,9,2. Mid-Loyal (7-12 Months),Mobile Phone,1,8,Debit Card,female,2,3,Laptop & Accessory,4,Single,10,1,11,4,5,12,154,0.8,6/6/2026 9:09
52274,1,7,2. Mid-Loyal (7-12 Months),Mobile Phone,1,21,Credit Card,female,3,3,Fashion,1,Married,2,0,11,0,1,5,180,0,6/6/2026 9:09
52275,0,1,1. Junior User (1-6 Months),Computer,1,8,Debit Card,male,2,4,Mobile Phone,1,Married,2,1,12,0,2,2,139,0,6/6/2026 9:09
52276,0,24,3. Core Loyal (>1 Year),Computer,1,12,Credit Card,female,0,4,Mobile Phone,3,Single,1,0,14,3,7,7,128,0.43,6/6/2026 9:09
52277,0,3,1. Junior User (1-6 Months),Computer,1,15,Credit Card,female,3,3,Laptop & Accessory,3,Single,8,1,18,0,1,7,147,0,6/6/2026 9:09
52278,1,0,0. New User (<1 Month),Mobile Phone,1,13,Cash on Delivery,female,2,3,Mobile Phone,3,Married,4,1,13,4,7,7,133,0.57,6/6/2026 9:09
52279,0,0,0. New User (<1 Month),Mobile Phone,1,7,Cash on Delivery,male,2,3,Mobile Phone,5,Single,3,0,11,1,1,2,121,1,6/6/2026 9:09
52280,0,0,0. New User (<1 Month),Mobile Phone,1,7,Credit Card,female,2,3,Mobile Phone,4,Single,2,0,18,1,2,1,121,0.5,6/6/2026 9:09
52281,0,5,1. Junior User (1-6 Months),Mobile Phone,3,14,Credit Card,male,2,1,Laptop & Accessory,1,Married,2,0,15,0,1,8,162,0,6/6/2026 9:09
52282,0,18,3. Core Loyal (>1 Year),Computer,1,31,Credit Card,female,2,3,Others,4,Single,4,0,22,0,1,0,281,0,6/6/2026 9:09
52283,0,12,2. Mid-Loyal (7-12 Months),Mobile Phone,1,19,Credit Card,female,3,4,Grocery,4,Married,7,1,13,0,15,2,271,0,6/6/2026 9:09
52284,0,30,3. Core Loyal (>1 Year),Mobile Phone,1,-1,Debit Card,male,2,3,Mobile Phone,3,Married,2,0,12,1,2,2,124,0.5,6/6/2026 9:09
52285,1,0,0. New User (<1 Month),Mobile Phone,1,13,Debit Card,male,3,3,Laptop & Accessory,3,Married,2,0,18,0,1,1,149,0,6/6/2026 9:09
52286,1,2,1. Junior User (1-6 Months),Mobile Phone,1,29,Credit Card,male,3,3,Mobile Phone,5,Single,1,0,13,0,1,3,139,0,6/6/2026 9:09
52287,0,3,1. Junior User (1-6 Months),Mobile Phone,1,12,Cash on Delivery,female,2,4,Laptop & Accessory,1,Married,1,0,12,5,6,7,146,0.83,6/6/2026 9:09
52288,0,9,2. Mid-Loyal (7-12 Months),Mobile Phone,1,16,Cash on Delivery,female,3,3,Fashion,3,Married,4,0,12,1,1,7,171,1,6/6/2026 9:09
52289,0,19,3. Core Loyal (>1 Year),Mobile Phone,2,7,Debit Card,female,2,3,Mobile Phone,5,Single,7,0,12,2,5,7,134,0.4,6/6/2026 9:09
52290,0,1,1. Junior User (1-6 Months),Computer,1,7,Debit Card,female,2,5,Laptop & Accessory,1,Married,1,0,11,7,7,5,167,1,6/6/2026 9:09
52291,0,23,3. Core Loyal (>1 Year),Mobile Phone,1,34,Debit Card,female,2,3,Grocery,5,Married,5,1,11,0,1,2,269,0,6/6/2026 9:09
52292,1,3,1. Junior User (1-6 Months),Mobile Phone,3,31,E wallet,male,2,4,Fashion,4,Single,3,1,12,1,1,0,191,1,6/6/2026 9:09
52293,1,15,3. Core Loyal (>1 Year),Mobile Phone,3,11,Debit Card,male,3,3,Fashion,4,Single,10,1,19,7,7,7,184,1,6/6/2026 9:09
52294,0,3,1. Junior User (1-6 Months),Mobile Phone,1,23,Credit Card,female,3,3,Fashion,5,Married,2,1,23,1,1,-1,219,1,6/6/2026 9:09
52295,0,12,2. Mid-Loyal (7-12 Months),Mobile Phone,1,24,Debit Card,male,2,3,Laptop & Accessory,3,Single,1,0,11,1,1,7,145,1,6/6/2026 9:09
52296,0,4,1. Junior User (1-6 Months),Computer,3,8,Debit Card,female,2,3,Fashion,3,Married,2,1,19,8,9,6,199,0.89,6/6/2026 9:09
52297,0,14,3. Core Loyal (>1 Year),Computer,3,16,Credit Card,male,2,5,Laptop & Accessory,4,Single,2,0,13,3,11,9,162,0.27,6/6/2026 9:09
52298,1,0,0. New User (<1 Month),Computer,3,7,Debit Card,female,2,3,Mobile Phone,4,Single,2,1,11,2,2,2,123,1,6/6/2026 9:09
52299,1,7,2. Mid-Loyal (7-12 Months),Mobile Phone,1,-1,Debit Card,male,2,3,Mobile Phone,5,Married,5,0,12,1,1,2,124,1,6/6/2026 9:09
52300,0,15,3. Core Loyal (>1 Year),Computer,1,8,Debit Card,male,2,3,Grocery,3,Married,1,1,13,0,2,10,279,0,6/6/2026 9:09
52301,0,28,3. Core Loyal (>1 Year),Mobile Phone,1,8,Credit Card,female,2,5,Others,3,Married,5,0,14,0,9,11,292,0,6/6/2026 9:09
52302,0,29,3. Core Loyal (>1 Year),Mobile Phone,2,14,Debit Card,male,3,3,Others,4,Single,7,0,0,2,7,7,297,0.29,6/6/2026 9:09
52303,0,13,3. Core Loyal (>1 Year),Computer,1,22,Debit Card,male,3,3,Mobile Phone,3,Married,10,0,16,1,1,0,135,1,6/6/2026 9:09
52304,0,7,2. Mid-Loyal (7-12 Months),Mobile Phone,1,15,Debit Card,male,2,3,Fashion,1,Married,1,0,11,0,1,6,185,0,6/6/2026 9:09
52305,0,13,3. Core Loyal (>1 Year),Mobile Phone,1,8,Debit Card,male,3,3,Laptop & Accessory,1,Single,2,0,13,3,8,8,147,0.38,6/6/2026 9:09
52306,0,14,3. Core Loyal (>1 Year),Computer,3,7,E wallet,female,3,3,Laptop & Accessory,5,Married,1,0,17,0,1,7,141,0,6/6/2026 9:09
52307,0,8,2. Mid-Loyal (7-12 Months),Computer,1,10,Debit Card,male,2,3,Laptop & Accessory,3,Single,2,1,11,1,1,1,142,1,6/6/2026 9:09
52308,0,24,3. Core Loyal (>1 Year),Mobile Phone,2,11,Debit Card,male,2,3,Grocery,4,Married,2,1,11,0,0,10,240,0,6/6/2026 9:09
52309,0,11,2. Mid-Loyal (7-12 Months),Mobile Phone,3,8,Debit Card,female,2,3,Laptop & Accessory,5,Married,4,0,15,0,1,7,169,0,6/6/2026 9:09
52310,0,7,2. Mid-Loyal (7-12 Months),Mobile Phone,3,21,Credit Card,female,3,3,Laptop & Accessory,5,Single,2,0,12,4,9,6,161,0.44,6/6/2026 9:09
52311,0,0,0. New User (<1 Month),Mobile Phone,1,25,Credit Card,male,3,3,Mobile Phone,1,Married,4,0,11,0,1,2,137,0,6/6/2026 9:09
52312,1,20,3. Core Loyal (>1 Year),Mobile Phone,1,13,Credit Card,female,2,4,Fashion,5,Married,8,1,14,1,5,9,200,0.2,6/6/2026 9:09
52313,0,13,3. Core Loyal (>1 Year),Mobile Phone,1,-1,Debit Card,male,2,3,Mobile Phone,4,Married,4,0,22,1,1,3,124,1,6/6/2026 9:09
52314,0,9,2. Mid-Loyal (7-12 Months),Computer,3,13,E wallet,female,2,1,Laptop & Accessory,5,Married,3,0,16,5,6,13,146,0.83,6/6/2026 9:09
52315,0,21,3. Core Loyal (>1 Year),Mobile Phone,1,10,Debit Card,male,2,3,Fashion,1,Single,2,0,11,1,1,8,179,1,6/6/2026 9:09
52316,0,0,0. New User (<1 Month),Mobile Phone,3,-1,Credit Card,female,3,1,Mobile Phone,1,Married,9,0,14,0,1,0,125,0,6/6/2026 9:09
52317,0,24,3. Core Loyal (>1 Year),Mobile Phone,1,17,Cash on Delivery,female,2,4,Grocery,4,Single,4,0,16,0,1,3,231,0,6/6/2026 9:09
52318,0,0,0. New User (<1 Month),Computer,1,7,Debit Card,female,3,3,Mobile Phone,1,Single,2,0,15,1,1,0,116,1,6/6/2026 9:09
52319,0,8,2. Mid-Loyal (7-12 Months),Mobile Phone,1,7,Credit Card,female,2,4,Laptop & Accessory,1,Married,1,0,12,0,1,0,154,0,6/6/2026 9:09
52320,0,0,0. New User (<1 Month),Computer,3,8,Debit Card,male,2,5,Laptop & Accessory,1,Single,4,0,20,0,1,0,151,0,6/6/2026 9:09
52321,1,18,3. Core Loyal (>1 Year),Mobile Phone,3,19,E wallet,male,2,1,Grocery,3,Single,7,1,17,1,0,8,237,0,6/6/2026 9:09
52322,0,29,3. Core Loyal (>1 Year),Mobile Phone,1,29,Debit Card,male,3,3,Grocery,4,Married,5,1,12,13,0,9,234,0,6/6/2026 9:09
52323,0,0,0. New User (<1 Month),Computer,1,32,Cash on Delivery,female,3,4,Mobile Phone,3,Married,2,0,20,1,1,0,120,1,6/6/2026 9:09
52324,0,13,3. Core Loyal (>1 Year),Mobile Phone,1,8,Credit Card,female,2,1,Laptop & Accessory,3,Married,6,0,20,6,11,8,164,0.55,6/6/2026 9:09
52325,0,7,2. Mid-Loyal (7-12 Months),Mobile Phone,1,35,Credit Card,male,2,3,Laptop & Accessory,3,Married,5,0,13,5,7,7,154,0.71,6/6/2026 9:09
52326,1,0,0. New User (<1 Month),Computer,3,8,Debit Card,female,0,4,Mobile Phone,1,Single,8,0,14,0,1,0,128,0,6/6/2026 9:09
52327,1,0,0. New User (<1 Month),Computer,3,24,E wallet,female,3,3,Laptop & Accessory,3,Married,1,1,18,0,3,2,146,0,6/6/2026 9:09
52328,0,11,2. Mid-Loyal (7-12 Months),Computer,1,-1,Debit Card,male,2,1,Mobile Phone,3,Married,2,0,11,0,1,3,126,0,6/6/2026 9:09
52329,0,7,2. Mid-Loyal (7-12 Months),Mobile Phone,1,8,Cash on Delivery,female,3,3,Laptop & Accessory,1,Single,2,0,11,4,4,11,167,1,6/6/2026 9:09
52330,0,1,1. Junior User (1-6 Months),Mobile Phone,3,32,Debit Card,male,2,4,Laptop & Accessory,5,Married,2,0,11,1,1,4,147,1,6/6/2026 9:09
52331,1,0,0. New User (<1 Month),Mobile Phone,1,28,Credit Card,male,3,3,Laptop & Accessory,3,Married,2,1,15,5,6,7,162,0.83,6/6/2026 9:09
52332,0,12,2. Mid-Loyal (7-12 Months),Mobile Phone,3,27,Debit Card,male,2,4,Laptop & Accessory,1,Married,4,1,12,0,1,4,161,0,6/6/2026 9:09
52333,0,24,3. Core Loyal (>1 Year),Computer,3,8,E wallet,male,2,3,Fashion,4,Married,3,0,11,3,3,2,206,1,6/6/2026 9:09
52334,0,14,3. Core Loyal (>1 Year),Computer,1,28,Debit Card,female,3,3,Laptop & Accessory,1,Married,4,1,14,2,3,3,155,0.67,6/6/2026 9:09
52335,0,10,2. Mid-Loyal (7-12 Months),Mobile Phone,1,10,Debit Card,male,0,3,Mobile Phone,3,Married,8,1,15,1,1,3,130,1,6/6/2026 9:09
52336,0,6,1. Junior User (1-6 Months),Computer,3,11,Debit Card,male,3,3,Laptop & Accessory,1,Married,7,0,13,1,1,2,200,1,6/6/2026 9:09
52337,0,5,1. Junior User (1-6 Months),Mobile Phone,3,8,E wallet,male,2,3,Laptop & Accessory,4,Married,1,1,13,1,1,2,141,1,6/6/2026 9:09
52338,0,12,2. Mid-Loyal (7-12 Months),Computer,1,31,Debit Card,male,3,3,Fashion,3,Married,4,0,21,0,1,-1,209,0,6/6/2026 9:09
52339,0,0,0. New User (<1 Month),Mobile Phone,3,24,Debit Card,male,3,1,Laptop & Accessory,3,Married,3,0,11,1,1,2,162,1,6/6/2026 9:09
52340,0,25,3. Core Loyal (>1 Year),Computer,1,34,Credit Card,female,2,1,Grocery,3,Married,3,1,11,1,0,2,232,0,6/6/2026 9:09
52341,0,16,3. Core Loyal (>1 Year),Mobile Phone,1,12,Credit Card,female,3,4,Laptop & Accessory,3,Single,2,1,14,0,1,8,141,0,6/6/2026 9:09
52342,0,0,0. New User (<1 Month),Mobile Phone,3,16,E wallet,female,3,4,Laptop & Accessory,1,Married,2,1,11,1,4,4,158,0.25,6/6/2026 9:09
52343,1,0,0. New User (<1 Month),Mobile Phone,1,-1,Debit Card,female,2,3,Mobile Phone,3,Single,2,1,13,4,7,7,124,0.57,6/6/2026 9:09
52344,0,0,0. New User (<1 Month),Mobile Phone,1,8,Credit Card,male,2,4,Mobile Phone,1,Single,1,0,12,1,1,1,139,1,6/6/2026 9:09
52345,0,15,3. Core Loyal (>1 Year),Mobile Phone,2,16,UPI,female,2,3,Grocery,5,Married,1,0,14,0,1,9,268,0,6/6/2026 9:09
52346,0,25,3. Core Loyal (>1 Year),Mobile Phone,1,14,UPI,female,0,3,Mobile Phone,5,Married,10,0,13,1,1,4,130,1,6/6/2026 9:09
52347,0,10,2. Mid-Loyal (7-12 Months),Mobile Phone,1,17,Credit Card,female,3,3,Mobile Phone,3,Single,5,0,18,1,1,2,136,1,6/6/2026 9:09
52348,0,8,2. Mid-Loyal (7-12 Months),Computer,1,24,Debit Card,male,2,3,Fashion,1,Single,3,0,11,2,2,2,194,1,6/6/2026 9:09
52349,0,0,0. New User (<1 Month),Mobile Phone,1,7,Cash on Delivery,male,2,3,Mobile Phone,1,Married,5,0,11,0,1,2,132,0,6/6/2026 9:09
52350,0,0,0. New User (<1 Month),Mobile Phone,1,13,UPI,male,3,1,Mobile Phone,5,Single,1,0,12,0,1,7,136,0,6/6/2026 9:09
52351,0,2,1. Junior User (1-6 Months),Mobile Phone,2,23,UPI,male,2,4,Fashion,5,Single,2,0,13,0,1,9,180,0,6/6/2026 9:09
52352,1,12,2. Mid-Loyal (7-12 Months),Computer,1,34,Debit Card,male,3,4,Laptop & Accessory,5,Single,4,0,20,0,1,3,143,0,6/6/2026 9:09
52353,1,0,0. New User (<1 Month),Computer,1,20,UPI,female,2,3,Fashion,1,Single,1,1,12,4,7,7,176,0.57,6/6/2026 9:09
52354,0,27,3. Core Loyal (>1 Year),Mobile Phone,1,7,Credit Card,female,2,3,Grocery,1,Single,7,0,19,0,12,7,273,0,6/6/2026 9:09
52355,0,30,3. Core Loyal (>1 Year),Mobile Phone,1,7,Credit Card,female,3,3,Others,5,Married,4,1,0,1,1,5,297,1,6/6/2026 9:09
52356,0,28,3. Core Loyal (>1 Year),Mobile Phone,1,7,Credit Card,male,2,1,Grocery,1,Married,3,0,13,0,0,0,247,0,6/6/2026 9:09
52357,0,9,2. Mid-Loyal (7-12 Months),Mobile Phone,3,9,E wallet,female,3,3,Laptop & Accessory,4,Single,4,1,16,0,1,1,193,0,6/6/2026 9:09
52358,1,0,0. New User (<1 Month),Computer,3,7,Debit Card,female,2,5,Mobile Phone,3,Single,2,0,12,0,1,0,114,0,6/6/2026 9:09
52359,0,3,1. Junior User (1-6 Months),Mobile Phone,3,13,E wallet,female,3,3,Laptop & Accessory,5,Married,8,0,14,1,1,2,148,1,6/6/2026 9:09
52360,0,4,1. Junior User (1-6 Months),Mobile Phone,1,14,Debit Card,female,3,3,Grocery,4,Single,4,0,11,0,1,0,264,0,6/6/2026 9:09
52361,0,7,2. Mid-Loyal (7-12 Months),Computer,1,7,UPI,male,0,3,Mobile Phone,5,Married,6,0,14,1,1,3,130,1,6/6/2026 9:09
52362,1,0,0. New User (<1 Month),Mobile Phone,1,14,Debit Card,female,2,4,Mobile Phone,4,Single,2,0,12,0,1,0,113,0,6/6/2026 9:09
52363,0,0,0. New User (<1 Month),Mobile Phone,1,17,Debit Card,male,3,3,Mobile Phone,5,Married,1,0,14,1,1,4,121,1,6/6/2026 9:09
52364,0,9,2. Mid-Loyal (7-12 Months),Mobile Phone,1,10,Debit Card,male,2,4,Laptop & Accessory,1,Single,2,0,16,0,1,8,158,0,6/6/2026 9:09
52365,0,9,2. Mid-Loyal (7-12 Months),Mobile Phone,3,22,E wallet,female,3,4,Laptop & Accessory,5,Married,5,0,13,1,1,2,156,1,6/6/2026 9:09
52366,0,20,3. Core Loyal (>1 Year),Mobile Phone,1,7,Cash on Delivery,male,3,3,Mobile Phone,1,Married,8,0,12,1,1,2,134,1,6/6/2026 9:09
52367,1,0,0. New User (<1 Month),Mobile Phone,3,15,Debit Card,male,3,4,Mobile Phone,5,Married,4,0,12,2,2,2,144,1,6/6/2026 9:09
52368,0,10,2. Mid-Loyal (7-12 Months),Computer,1,11,Cash on Delivery,male,2,1,Mobile Phone,3,Single,1,0,14,0,1,3,135,0,6/6/2026 9:09
52369,0,0,0. New User (<1 Month),Mobile Phone,1,7,Debit Card,female,2,3,Mobile Phone,5,Married,3,0,22,0,1,0,121,0,6/6/2026 9:09
52370,0,20,3. Core Loyal (>1 Year),Mobile Phone,1,8,Credit Card,female,2,3,Grocery,3,Married,4,0,19,0,5,6,272,0,6/6/2026 9:09
52371,0,0,0. New User (<1 Month),Mobile Phone,3,10,Credit Card,female,2,3,Laptop & Accessory,3,Married,2,1,12,1,1,3,142,1,6/6/2026 9:09
52372,0,5,1. Junior User (1-6 Months),Mobile Phone,3,13,E wallet,male,3,3,Laptop & Accessory,1,Married,5,0,12,0,1,3,192,0,6/6/2026 9:09
52373,0,7,2. Mid-Loyal (7-12 Months),Mobile Phone,1,7,Debit Card,female,2,4,Mobile Phone,4,Married,6,0,17,1,1,2,133,1,6/6/2026 9:09
52374,0,0,0. New User (<1 Month),Mobile Phone,1,11,Credit Card,male,2,1,Mobile Phone,3,Married,3,1,12,0,1,3,121,0,6/6/2026 9:09
52375,0,13,3. Core Loyal (>1 Year),Computer,1,15,UPI,male,2,3,Laptop & Accessory,3,Married,4,0,11,0,1,7,140,0,6/6/2026 9:09
52376,0,4,1. Junior User (1-6 Months),Mobile Phone,3,14,Debit Card,male,2,3,Fashion,1,Married,2,0,18,2,9,9,208,0.22,6/6/2026 9:09
52377,1,9,2. Mid-Loyal (7-12 Months),Mobile Phone,3,15,E wallet,male,2,3,Fashion,1,Married,5,0,11,4,4,3,201,1,6/6/2026 9:09
52378,1,2,1. Junior User (1-6 Months),Computer,1,8,Debit Card,female,2,4,Mobile Phone,5,Single,3,1,23,0,1,0,136,0,6/6/2026 9:09
52379,1,0,0. New User (<1 Month),Computer,1,7,Debit Card,female,3,1,Fashion,4,Single,2,0,11,1,4,7,174,0.25,6/6/2026 9:09
52380,0,18,3. Core Loyal (>1 Year),Mobile Phone,1,26,Credit Card,male,3,5,Fashion,5,Married,3,1,18,1,1,7,209,1,6/6/2026 9:09
52381,0,0,0. New User (<1 Month),Mobile Phone,2,14,Credit Card,female,3,1,Mobile Phone,4,Single,10,0,18,1,1,2,121,1,6/6/2026 9:09
52382,1,0,0. New User (<1 Month),Computer,1,8,Debit Card,male,3,3,Mobile Phone,1,Married,7,1,13,0,2,2,137,0,6/6/2026 9:09
52383,0,18,3. Core Loyal (>1 Year),Mobile Phone,1,35,Cash on Delivery,male,2,3,Fashion,1,Married,5,1,18,1,1,2,194,1,6/6/2026 9:09
52384,0,21,3. Core Loyal (>1 Year),Mobile Phone,3,13,E wallet,male,3,3,Laptop & Accessory,5,Married,5,0,11,0,2,2,155,0,6/6/2026 9:09
52385,1,0,0. New User (<1 Month),Mobile Phone,2,15,Cash on Delivery,female,0,3,Mobile Phone,3,Married,2,0,15,2,2,2,127,1,6/6/2026 9:09
52386,0,13,3. Core Loyal (>1 Year),Computer,1,14,Credit Card,male,2,4,Fashion,4,Married,3,0,11,4,0,8,238,0,6/6/2026 9:09
52387,0,1,1. Junior User (1-6 Months),Mobile Phone,3,11,Credit Card,male,2,3,Laptop & Accessory,5,Single,1,0,18,0,1,3,185,0,6/6/2026 9:09
52388,0,17,3. Core Loyal (>1 Year),Computer,1,11,Debit Card,male,2,4,Mobile Phone,3,Single,4,0,14,0,1,3,132,0,6/6/2026 9:09
52389,0,26,3. Core Loyal (>1 Year),Mobile Phone,1,8,Credit Card,male,2,1,Grocery,4,Single,5,0,12,0,8,8,266,0,6/6/2026 9:09
52390,0,22,3. Core Loyal (>1 Year),Mobile Phone,1,11,Cash on Delivery,male,3,3,Laptop & Accessory,3,Married,3,0,14,0,1,2,167,0,6/6/2026 9:09
52391,0,13,3. Core Loyal (>1 Year),Mobile Phone,1,-1,Credit Card,male,3,3,Mobile Phone,3,Married,3,0,14,1,1,2,123,1,6/6/2026 9:09
52392,0,17,3. Core Loyal (>1 Year),Mobile Phone,1,26,Debit Card,male,2,3,Mobile Phone,4,Single,2,0,13,1,1,3,134,1,6/6/2026 9:09
52393,0,6,1. Junior User (1-6 Months),Computer,3,13,Credit Card,male,2,3,Laptop & Accessory,5,Married,1,0,14,1,1,3,144,1,6/6/2026 9:09
52394,0,7,2. Mid-Loyal (7-12 Months),Mobile Phone,3,9,UPI,male,2,5,Laptop & Accessory,5,Single,4,0,18,2,3,12,148,0.67,6/6/2026 9:09
52395,0,3,1. Junior User (1-6 Months),Mobile Phone,3,22,Debit Card,male,3,3,Laptop & Accessory,3,Married,9,0,15,1,2,2,153,0.5,6/6/2026 9:09
52396,0,15,3. Core Loyal (>1 Year),Computer,1,15,Credit Card,female,3,3,Mobile Phone,1,Single,2,0,13,0,5,8,137,0,6/6/2026 9:09
52397,0,17,3. Core Loyal (>1 Year),Computer,3,7,E wallet,female,3,3,Laptop & Accessory,3,Married,8,0,12,0,1,0,148,0,6/6/2026 9:09
52398,0,0,0. New User (<1 Month),Computer,1,13,Cash on Delivery,male,3,3,Mobile Phone,3,Married,2,0,13,0,1,0,113,0,6/6/2026 9:09
52399,0,30,3. Core Loyal (>1 Year),Mobile Phone,1,7,Debit Card,male,3,1,Laptop & Accessory,3,Married,1,0,24,1,2,8,149,0.5,6/6/2026 9:09
52400,0,22,3. Core Loyal (>1 Year),Mobile Phone,1,13,Debit Card,male,2,3,Fashion,4,Married,4,0,14,0,1,7,205,0,6/6/2026 9:09
52401,0,7,2. Mid-Loyal (7-12 Months),Computer,1,21,Credit Card,male,3,3,Grocery,5,Married,8,0,14,0,6,9,270,0,6/6/2026 9:09
52402,1,0,0. New User (<1 Month),Computer,3,7,Cash on Delivery,male,0,3,Mobile Phone,3,Married,4,0,15,1,1,2,129,1,6/6/2026 9:09
52403,1,0,0. New User (<1 Month),Computer,3,19,Cash on Delivery,female,2,3,Laptop & Accessory,4,Single,6,0,11,1,1,0,158,1,6/6/2026 9:09
52404,1,0,0. New User (<1 Month),Mobile Phone,3,30,Credit Card,female,2,4,Laptop & Accessory,4,Single,1,1,23,4,10,10,146,0.4,6/6/2026 9:09
52405,0,8,2. Mid-Loyal (7-12 Months),Mobile Phone,3,-1,Debit Card,male,3,3,Mobile Phone,3,Married,2,0,13,0,1,0,124,0,6/6/2026 9:09
52406,1,0,0. New User (<1 Month),Computer,1,15,Credit Card,male,2,3,Mobile Phone,5,Single,3,1,11,0,1,0,132,0,6/6/2026 9:09
52407,0,0,0. New User (<1 Month),Computer,3,19,Debit Card,female,3,3,Mobile Phone,4,Married,2,0,13,0,1,0,120,0,6/6/2026 9:09
52408,0,17,3. Core Loyal (>1 Year),Computer,1,8,Credit Card,male,2,3,Fashion,3,Single,6,1,18,2,2,2,202,1,6/6/2026 9:09
52409,0,2,1. Junior User (1-6 Months),Mobile Phone,3,25,Debit Card,male,3,4,Laptop & Accessory,3,Married,2,0,14,1,1,4,186,1,6/6/2026 9:09
52410,0,0,0. New User (<1 Month),Mobile Phone,2,7,Debit Card,male,2,3,Mobile Phone,3,Married,1,0,21,0,1,3,121,0,6/6/2026 9:09
52411,0,28,3. Core Loyal (>1 Year),Mobile Phone,1,10,Debit Card,male,1,3,Laptop & Accessory,3,Married,1,1,16,1,1,2,140,1,6/6/2026 9:09
52412,0,6,1. Junior User (1-6 Months),Mobile Phone,1,10,Credit Card,female,2,4,Mobile Phone,4,Married,9,0,11,1,1,2,138,1,6/6/2026 9:09
52413,0,20,3. Core Loyal (>1 Year),Mobile Phone,3,20,Credit Card,female,3,3,Laptop & Accessory,3,Married,4,1,17,1,1,2,146,1,6/6/2026 9:09
52414,1,0,0. New User (<1 Month),Computer,1,-1,Credit Card,male,2,4,Mobile Phone,5,Single,8,0,11,1,1,0,126,1,6/6/2026 9:09
52415,0,0,0. New User (<1 Month),Mobile Phone,1,7,Debit Card,male,3,4,Mobile Phone,3,Married,2,0,14,0,1,0,116,0,6/6/2026 9:09
52416,0,1,1. Junior User (1-6 Months),Computer,3,13,Debit Card,male,2,3,Laptop & Accessory,5,Single,1,0,14,1,1,3,149,1,6/6/2026 9:09
52417,0,22,3. Core Loyal (>1 Year),Mobile Phone,1,9,Credit Card,female,2,4,Laptop & Accessory,5,Married,5,0,25,0,1,2,148,0,6/6/2026 9:09
52418,0,2,1. Junior User (1-6 Months),Computer,1,8,Debit Card,female,3,3,Mobile Phone,4,Married,1,0,13,1,1,2,132,1,6/6/2026 9:09
52419,0,1,1. Junior User (1-6 Months),Mobile Phone,1,35,Debit Card,male,3,5,Laptop & Accessory,4,Married,2,0,14,0,1,7,165,0,6/6/2026 9:09
52420,0,6,1. Junior User (1-6 Months),Mobile Phone,1,14,Debit Card,male,3,3,Laptop & Accessory,3,Single,3,1,17,1,1,0,164,1,6/6/2026 9:09
52421,0,5,1. Junior User (1-6 Months),Mobile Phone,1,16,Credit Card,male,3,3,Fashion,1,Single,3,0,25,0,1,-1,212,0,6/6/2026 9:09
52422,0,27,3. Core Loyal (>1 Year),Computer,1,17,Credit Card,female,2,3,Grocery,1,Married,4,0,20,0,0,12,260,0,6/6/2026 9:09
52423,1,0,0. New User (<1 Month),Mobile Phone,1,-1,Cash on Delivery,male,3,4,Mobile Phone,5,Single,7,0,13,1,1,7,124,1,6/6/2026 9:09
52424,0,17,3. Core Loyal (>1 Year),Mobile Phone,1,34,Debit Card,male,2,3,Grocery,5,Married,4,0,13,0,14,17,263,0,6/6/2026 9:09
52425,0,12,2. Mid-Loyal (7-12 Months),Mobile Phone,1,12,Debit Card,female,2,3,Fashion,4,Single,5,0,18,2,2,2,184,1,6/6/2026 9:09
52426,0,19,3. Core Loyal (>1 Year),Mobile Phone,3,9,Debit Card,female,2,3,Grocery,4,Married,9,0,12,0,5,1,266,0,6/6/2026 9:09
52427,0,8,2. Mid-Loyal (7-12 Months),Mobile Phone,1,22,Debit Card,female,3,4,Fashion,4,Single,2,0,19,3,3,3,186,1,6/6/2026 9:09
52428,0,0,0. New User (<1 Month),Mobile Phone,1,26,Debit Card,male,3,3,Laptop & Accessory,3,Single,1,0,14,1,1,2,123,1,6/6/2026 9:09
52429,1,0,0. New User (<1 Month),Mobile Phone,1,15,Debit Card,male,2,3,Mobile Phone,5,Single,4,0,14,1,1,0,120,1,6/6/2026 9:09
52430,0,7,2. Mid-Loyal (7-12 Months),Mobile Phone,3,7,Cash on Delivery,male,3,4,Fashion,3,Married,2,1,14,7,8,6,171,0.88,6/6/2026 9:09
52431,1,0,0. New User (<1 Month),Computer,1,9,Debit Card,female,2,3,Mobile Phone,3,Single,2,0,12,2,7,7,141,0.29,6/6/2026 9:09
52432,0,23,3. Core Loyal (>1 Year),Computer,1,28,Credit Card,male,2,5,Grocery,1,Single,2,1,13,1,0,9,244,0,6/6/2026 9:09
52433,0,0,0. New User (<1 Month),Mobile Phone,3,13,Cash on Delivery,male,2,3,Mobile Phone,3,Married,1,1,25,3,5,7,123,0.6,6/6/2026 9:09
52434,0,15,3. Core Loyal (>1 Year),Mobile Phone,1,8,Credit Card,male,3,4,Mobile Phone,4,Married,5,0,14,0,1,0,148,0,6/6/2026 9:09
52435,0,10,2. Mid-Loyal (7-12 Months),Mobile Phone,1,19,Credit Card,male,2,3,Laptop & Accessory,1,Married,2,0,17,2,3,7,143,0.67,6/6/2026 9:09
52436,0,2,1. Junior User (1-6 Months),Mobile Phone,1,14,UPI,female,2,5,Laptop & Accessory,5,Married,4,0,13,1,1,7,197,1,6/6/2026 9:09
52437,0,6,1. Junior User (1-6 Months),Mobile Phone,1,31,Debit Card,male,2,4,Laptop & Accessory,4,Single,2,0,13,1,1,2,143,1,6/6/2026 9:09
52438,0,0,0. New User (<1 Month),Mobile Phone,1,34,Cash on Delivery,male,3,3,Mobile Phone,1,Married,5,0,20,1,1,3,121,1,6/6/2026 9:09
52439,0,15,3. Core Loyal (>1 Year),Computer,1,8,Debit Card,male,2,3,Fashion,1,Married,3,1,14,4,13,9,201,0.31,6/6/2026 9:09
52440,0,13,3. Core Loyal (>1 Year),Mobile Phone,3,15,Credit Card,male,2,3,Laptop & Accessory,5,Married,1,0,12,7,7,1,155,1,6/6/2026 9:09
52441,0,6,1. Junior User (1-6 Months),Mobile Phone,1,34,Debit Card,male,3,3,Laptop & Accessory,3,Married,2,1,12,4,5,7,152,0.8,6/6/2026 9:09
52442,0,13,3. Core Loyal (>1 Year),Mobile Phone,2,12,Credit Card,male,2,3,Grocery,1,Single,2,1,21,0,7,7,264,0,6/6/2026 9:09
52443,0,0,0. New User (<1 Month),Mobile Phone,1,27,Cash on Delivery,male,2,4,Mobile Phone,5,Married,1,0,14,0,1,0,123,0,6/6/2026 9:09
52444,0,13,3. Core Loyal (>1 Year),Computer,1,14,Debit Card,male,3,3,Laptop & Accessory,1,Married,4,1,18,1,2,2,141,0.5,6/6/2026 9:09
52445,0,18,3. Core Loyal (>1 Year),Mobile Phone,1,7,Cash on Delivery,male,3,3,Fashion,4,Married,2,0,12,3,7,7,174,0.43,6/6/2026 9:09
52446,0,8,2. Mid-Loyal (7-12 Months),Mobile Phone,3,-1,Debit Card,female,3,4,Mobile Phone,3,Married,1,0,23,2,4,2,124,0.5,6/6/2026 9:09
52447,0,5,1. Junior User (1-6 Months),Mobile Phone,1,11,Debit Card,female,3,4,Laptop & Accessory,4,Married,4,0,12,1,2,5,159,0.5,6/6/2026 9:09
52448,0,9,2. Mid-Loyal (7-12 Months),Mobile Phone,3,-1,Debit Card,male,3,3,Mobile Phone,1,Single,4,1,21,1,1,2,126,1,6/6/2026 9:09
52449,0,21,3. Core Loyal (>1 Year),Mobile Phone,3,22,Debit Card,female,3,3,Laptop & Accessory,3,Married,9,0,14,7,7,7,164,1,6/6/2026 9:09
52450,0,2,1. Junior User (1-6 Months),Mobile Phone,1,-1,Debit Card,male,3,1,Mobile Phone,3,Married,7,0,18,0,1,0,125,0,6/6/2026 9:09
52451,0,6,1. Junior User (1-6 Months),Mobile Phone,3,14,Debit Card,male,2,3,Laptop & Accessory,5,Married,3,0,13,2,2,2,164,1,6/6/2026 9:09
52452,1,0,0. New User (<1 Month),Mobile Phone,3,7,Debit Card,male,3,4,Laptop & Accessory,5,Married,2,0,11,1,6,7,197,0.17,6/6/2026 9:09
52453,0,11,2. Mid-Loyal (7-12 Months),Computer,2,16,UPI,male,3,3,Laptop & Accessory,3,Married,4,0,11,0,1,2,161,0,6/6/2026 9:09
52454,0,8,2. Mid-Loyal (7-12 Months),Mobile Phone,1,-1,Credit Card,male,3,4,Mobile Phone,5,Single,2,0,19,1,1,2,125,1,6/6/2026 9:09
52455,0,7,2. Mid-Loyal (7-12 Months),Mobile Phone,3,35,Cash on Delivery,male,2,3,Fashion,4,Married,4,0,12,1,1,3,193,1,6/6/2026 9:09
52456,1,0,0. New User (<1 Month),Mobile Phone,1,8,Debit Card,female,3,3,Mobile Phone,5,Married,2,1,12,1,1,0,121,1,6/6/2026 9:09
52457,1,16,3. Core Loyal (>1 Year),Mobile Phone,1,8,Cash on Delivery,female,3,4,Fashion,1,Married,1,0,16,0,1,9,202,0,6/6/2026 9:09
52458,1,1,1. Junior User (1-6 Months),Mobile Phone,1,8,Credit Card,male,2,3,Laptop & Accessory,4,Married,5,0,11,1,1,4,149,1,6/6/2026 9:09
52459,0,5,1. Junior User (1-6 Months),Computer,1,7,Cash on Delivery,male,3,3,Laptop & Accessory,5,Married,5,0,14,0,1,2,141,0,6/6/2026 9:09
52460,0,21,3. Core Loyal (>1 Year),Mobile Phone,1,-1,UPI,female,3,3,Mobile Phone,5,Married,9,0,12,6,7,6,124,0.86,6/6/2026 9:09
52461,0,7,2. Mid-Loyal (7-12 Months),Mobile Phone,1,13,Credit Card,male,0,3,Mobile Phone,1,Single,2,0,13,0,1,0,130,0,6/6/2026 9:09
52462,0,28,3. Core Loyal (>1 Year),Mobile Phone,3,32,E wallet,male,2,4,Others,1,Married,2,0,0,0,2,13,296,0,6/6/2026 9:09
52463,0,7,2. Mid-Loyal (7-12 Months),Mobile Phone,1,7,Debit Card,male,2,3,Laptop & Accessory,1,Married,10,0,17,0,2,1,155,0,6/6/2026 9:09
52464,0,0,0. New User (<1 Month),Mobile Phone,1,9,Debit Card,female,2,3,Mobile Phone,1,Married,2,0,21,1,1,0,121,1,6/6/2026 9:09
52465,0,11,2. Mid-Loyal (7-12 Months),Mobile Phone,3,20,Debit Card,male,3,3,Laptop & Accessory,4,Married,1,0,11,3,7,7,199,0.43,6/6/2026 9:09
52466,0,11,2. Mid-Loyal (7-12 Months),Mobile Phone,3,22,Debit Card,female,2,3,Laptop & Accessory,4,Single,3,0,12,1,1,2,142,1,6/6/2026 9:09
52467,0,9,2. Mid-Loyal (7-12 Months),Mobile Phone,3,7,Debit Card,female,3,3,Laptop & Accessory,3,Single,7,0,13,1,1,0,168,1,6/6/2026 9:09
52468,0,2,1. Junior User (1-6 Months),Mobile Phone,1,9,Credit Card,male,2,3,Mobile Phone,5,Single,2,1,18,0,1,5,147,0,6/6/2026 9:09
52469,0,8,2. Mid-Loyal (7-12 Months),Mobile Phone,1,16,Credit Card,female,2,3,Laptop & Accessory,3,Single,4,1,16,0,1,4,161,0,6/6/2026 9:09
52470,0,12,2. Mid-Loyal (7-12 Months),Mobile Phone,3,12,Credit Card,male,2,1,Fashion,3,Married,3,0,11,3,7,6,182,0.43,6/6/2026 9:09
52471,0,2,1. Junior User (1-6 Months),Computer,1,8,Debit Card,male,2,3,Laptop & Accessory,1,Married,2,0,19,1,1,3,189,1,6/6/2026 9:09
52472,0,23,3. Core Loyal (>1 Year),Mobile Phone,3,15,E wallet,male,2,3,Others,3,Married,5,1,0,0,1,0,293,0,6/6/2026 9:09
52473,0,0,0. New User (<1 Month),Mobile Phone,1,16,Cash on Delivery,male,2,1,Mobile Phone,3,Married,3,0,16,0,2,2,121,0,6/6/2026 9:09
52474,0,9,2. Mid-Loyal (7-12 Months),Computer,1,12,Debit Card,male,3,1,Laptop & Accessory,5,Married,4,1,13,0,1,2,156,0,6/6/2026 9:09
52475,0,15,3. Core Loyal (>1 Year),Mobile Phone,1,15,UPI,male,3,4,Others,1,Single,9,0,0,1,1,1,296,1,6/6/2026 9:09
52476,0,8,2. Mid-Loyal (7-12 Months),Mobile Phone,1,34,Debit Card,male,2,1,Laptop & Accessory,3,Married,2,0,17,6,6,8,134,1,6/6/2026 9:09
52477,0,7,2. Mid-Loyal (7-12 Months),Computer,1,16,Cash on Delivery,male,3,4,Laptop & Accessory,3,Married,2,0,14,1,7,7,151,0.14,6/6/2026 9:09
52478,0,13,3. Core Loyal (>1 Year),Mobile Phone,3,20,Debit Card,female,2,3,Laptop & Accessory,5,Married,2,0,15,0,1,2,146,0,6/6/2026 9:09
52479,0,16,3. Core Loyal (>1 Year),Mobile Phone,1,33,Cash on Delivery,male,2,1,Mobile Phone,4,Married,6,0,12,1,1,2,149,1,6/6/2026 9:09
52480,0,8,2. Mid-Loyal (7-12 Months),Mobile Phone,1,13,Debit Card,male,0,4,Mobile Phone,1,Married,2,0,18,1,1,1,127,1,6/6/2026 9:09
52481,0,19,3. Core Loyal (>1 Year),Mobile Phone,3,7,Debit Card,male,2,1,Grocery,5,Single,2,0,15,0,1,12,276,0,6/6/2026 9:09
52482,1,0,0. New User (<1 Month),Mobile Phone,1,-1,Credit Card,male,2,3,Mobile Phone,4,Married,2,1,17,0,1,0,124,0,6/6/2026 9:09
52483,0,0,0. New User (<1 Month),Computer,1,32,UPI,female,0,4,Mobile Phone,3,Married,2,1,14,1,1,3,128,1,6/6/2026 9:09
52484,0,23,3. Core Loyal (>1 Year),Computer,1,26,Credit Card,male,2,3,Grocery,3,Married,3,1,15,0,12,-1,212,0,6/6/2026 9:09
52485,0,5,1. Junior User (1-6 Months),Mobile Phone,1,11,UPI,female,2,1,Mobile Phone,1,Married,4,0,17,1,1,2,133,1,6/6/2026 9:09
52486,0,17,3. Core Loyal (>1 Year),Mobile Phone,1,13,Credit Card,female,2,3,Others,1,Married,1,1,14,0,1,10,290,0,6/6/2026 9:09
52487,0,0,0. New User (<1 Month),Mobile Phone,1,13,Credit Card,male,2,4,Mobile Phone,4,Married,2,0,12,1,1,1,121,1,6/6/2026 9:09
52488,0,18,3. Core Loyal (>1 Year),Mobile Phone,1,11,Credit Card,female,2,5,Laptop & Accessory,5,Single,2,1,14,0,1,4,158,0,6/6/2026 9:09
52489,0,18,3. Core Loyal (>1 Year),Computer,3,32,E wallet,male,2,4,Laptop & Accessory,5,Married,2,0,15,3,4,5,144,0.75,6/6/2026 9:09
52490,0,4,1. Junior User (1-6 Months),Computer,3,8,UPI,male,2,3,Laptop & Accessory,5,Single,8,0,13,1,1,3,153,1,6/6/2026 9:09
52491,0,9,2. Mid-Loyal (7-12 Months),Mobile Phone,1,18,Debit Card,female,3,3,Laptop & Accessory,3,Married,10,1,12,0,1,1,147,0,6/6/2026 9:09
52492,0,7,2. Mid-Loyal (7-12 Months),Computer,1,16,Debit Card,male,2,1,Laptop & Accessory,1,Married,2,0,13,3,7,2,147,0.43,6/6/2026 9:09
52493,0,22,3. Core Loyal (>1 Year),Mobile Phone,1,31,Debit Card,female,2,3,Mobile Phone,5,Married,2,0,14,1,1,4,132,1,6/6/2026 9:09
52494,0,12,2. Mid-Loyal (7-12 Months),Mobile Phone,1,16,Credit Card,male,3,3,Laptop & Accessory,5,Married,3,0,13,3,7,7,154,0.43,6/6/2026 9:09
52495,0,0,0. New User (<1 Month),Mobile Phone,1,25,UPI,male,3,4,Mobile Phone,5,Married,2,0,11,0,1,7,141,0,6/6/2026 9:09
52496,0,8,2. Mid-Loyal (7-12 Months),Mobile Phone,1,24,Debit Card,male,2,1,Laptop & Accessory,5,Married,2,0,11,1,1,10,152,1,6/6/2026 9:09
52497,0,1,1. Junior User (1-6 Months),Mobile Phone,1,33,Credit Card,female,2,5,Laptop & Accessory,5,Married,1,0,21,1,1,0,149,1,6/6/2026 9:09
52498,0,0,0. New User (<1 Month),Mobile Phone,1,11,Credit Card,male,0,3,Mobile Phone,1,Single,2,0,18,0,2,2,131,0,6/6/2026 9:09
52499,1,0,0. New User (<1 Month),Computer,3,9,Credit Card,female,3,3,Mobile Phone,1,Single,2,1,12,1,1,0,116,1,6/6/2026 9:09
52500,0,20,3. Core Loyal (>1 Year),Mobile Phone,2,32,Debit Card,female,3,3,Others,3,Married,4,0,0,1,1,0,297,1,6/6/2026 9:09
52501,0,12,2. Mid-Loyal (7-12 Months),Mobile Phone,1,9,Credit Card,male,0,4,Laptop & Accessory,3,Married,1,0,15,0,1,7,131,0,6/6/2026 9:09
52502,0,13,3. Core Loyal (>1 Year),Mobile Phone,1,21,Debit Card,female,3,4,Fashion,3,Married,2,0,13,6,14,12,204,0.43,6/6/2026 9:09
52503,0,8,2. Mid-Loyal (7-12 Months),Computer,1,14,Debit Card,female,2,3,Laptop & Accessory,3,Married,2,0,12,0,2,9,141,0,6/6/2026 9:09
52504,0,10,2. Mid-Loyal (7-12 Months),Mobile Phone,1,25,Debit Card,male,2,3,Laptop & Accessory,3,Married,4,0,17,0,1,2,158,0,6/6/2026 9:09
52505,0,12,2. Mid-Loyal (7-12 Months),Computer,1,10,Credit Card,female,2,3,Laptop & Accessory,3,Single,1,0,13,3,3,8,150,1,6/6/2026 9:09
52506,0,18,3. Core Loyal (>1 Year),Mobile Phone,1,8,UPI,female,2,4,Laptop & Accessory,1,Married,2,0,19,3,3,9,158,1,6/6/2026 9:09
52507,0,11,2. Mid-Loyal (7-12 Months),Mobile Phone,1,8,Credit Card,female,2,4,Fashion,3,Married,4,1,19,0,1,2,178,0,6/6/2026 9:09
52508,1,0,0. New User (<1 Month),Mobile Phone,3,16,Credit Card,male,2,4,Fashion,5,Married,10,0,17,0,6,0,203,0,6/6/2026 9:09
52509,0,10,2. Mid-Loyal (7-12 Months),Mobile Phone,1,16,Credit Card,female,3,3,Mobile Phone,4,Married,2,0,11,4,7,7,139,0.57,6/6/2026 9:09
52510,0,13,3. Core Loyal (>1 Year),Mobile Phone,1,22,Debit Card,female,2,3,Fashion,1,Single,7,1,15,3,3,3,179,1,6/6/2026 9:09
52511,0,17,3. Core Loyal (>1 Year),Computer,2,7,UPI,male,2,3,Laptop & Accessory,1,Married,5,1,11,1,1,2,157,1,6/6/2026 9:09
52512,0,21,3. Core Loyal (>1 Year),Computer,1,10,Credit Card,male,2,4,Grocery,1,Married,3,0,25,0,0,2,252,0,6/6/2026 9:09
52513,1,0,0. New User (<1 Month),Mobile Phone,3,21,Credit Card,male,2,5,Laptop & Accessory,1,Married,7,1,14,0,2,2,154,0,6/6/2026 9:09
52514,0,0,0. New User (<1 Month),Computer,1,8,Cash on Delivery,female,2,3,Mobile Phone,1,Single,2,1,13,0,1,3,138,0,6/6/2026 9:09
52515,0,0,0. New User (<1 Month),Mobile Phone,1,14,Credit Card,female,2,1,Mobile Phone,3,Married,8,0,17,0,1,2,135,0,6/6/2026 9:09
52516,0,0,0. New User (<1 Month),Computer,1,-1,Credit Card,male,2,3,Mobile Phone,1,Single,3,0,13,0,1,2,126,0,6/6/2026 9:09
52517,1,0,0. New User (<1 Month),Mobile Phone,1,13,Debit Card,male,3,3,Mobile Phone,5,Single,4,1,14,0,1,3,122,0,6/6/2026 9:09
52518,0,2,1. Junior User (1-6 Months),Mobile Phone,3,16,Credit Card,male,2,4,Laptop & Accessory,3,Single,10,0,11,1,1,4,159,1,6/6/2026 9:09
52519,0,9,2. Mid-Loyal (7-12 Months),Mobile Phone,1,11,Debit Card,female,2,3,Fashion,5,Married,5,0,12,1,1,2,180,1,6/6/2026 9:09
52520,0,0,0. New User (<1 Month),Computer,1,8,Debit Card,male,3,1,Laptop & Accessory,3,Married,2,0,17,1,1,7,152,1,6/6/2026 9:09
52521,0,12,2. Mid-Loyal (7-12 Months),Mobile Phone,1,18,Credit Card,male,3,3,Laptop & Accessory,4,Married,5,0,21,1,1,0,153,1,6/6/2026 9:09
52522,0,22,3. Core Loyal (>1 Year),Mobile Phone,1,28,UPI,female,3,3,Grocery,4,Married,4,0,16,0,1,2,264,0,6/6/2026 9:09
52523,0,23,3. Core Loyal (>1 Year),Mobile Phone,1,23,Debit Card,female,2,4,Fashion,5,Married,6,0,15,0,0,11,233,0,6/6/2026 9:09
52524,0,0,0. New User (<1 Month),Mobile Phone,3,8,Credit Card,female,0,3,Mobile Phone,3,Single,2,0,19,0,2,2,128,0,6/6/2026 9:09
52525,0,7,2. Mid-Loyal (7-12 Months),Mobile Phone,1,9,Debit Card,female,3,3,Laptop & Accessory,4,Married,2,0,12,1,7,9,154,0.14,6/6/2026 9:09
52526,0,0,0. New User (<1 Month),Mobile Phone,1,13,Debit Card,male,3,3,Mobile Phone,4,Single,3,0,11,0,1,3,120,0,6/6/2026 9:09
52527,0,22,3. Core Loyal (>1 Year),Mobile Phone,1,12,Debit Card,female,2,4,Grocery,3,Married,3,1,19,2,0,12,240,0,6/6/2026 9:09
52528,0,9,2. Mid-Loyal (7-12 Months),Computer,1,7,Credit Card,female,2,4,Laptop & Accessory,3,Married,1,0,15,0,1,2,144,0,6/6/2026 9:09
52529,0,9,2. Mid-Loyal (7-12 Months),Mobile Phone,1,9,Debit Card,male,3,1,Laptop & Accessory,5,Married,7,0,20,0,1,4,168,0,6/6/2026 9:09
52530,0,27,3. Core Loyal (>1 Year),Mobile Phone,1,28,Credit Card,female,3,3,Grocery,3,Married,4,0,25,0,4,7,274,0,6/6/2026 9:09
52531,0,16,3. Core Loyal (>1 Year),Mobile Phone,1,21,Debit Card,male,3,4,Grocery,3,Married,2,0,24,0,6,11,276,0,6/6/2026 9:09
52532,1,0,0. New User (<1 Month),Computer,3,18,UPI,male,2,3,Laptop & Accessory,1,Single,4,1,24,5,6,7,146,0.83,6/6/2026 9:09
52533,0,11,2. Mid-Loyal (7-12 Months),Computer,1,7,Debit Card,male,2,3,Laptop & Accessory,1,Married,8,0,15,1,2,9,147,0.5,6/6/2026 9:09
52534,0,2,1. Junior User (1-6 Months),Mobile Phone,3,11,Credit Card,male,2,4,Laptop & Accessory,4,Married,2,1,13,0,1,9,142,0,6/6/2026 9:09
52535,0,6,1. Junior User (1-6 Months),Mobile Phone,3,8,Credit Card,male,3,3,Laptop & Accessory,1,Married,2,0,14,1,1,4,155,1,6/6/2026 9:09
52536,0,5,1. Junior User (1-6 Months),Mobile Phone,1,8,Credit Card,male,2,3,Laptop & Accessory,4,Married,1,0,13,1,1,6,155,1,6/6/2026 9:09
52537,0,4,1. Junior User (1-6 Months),Mobile Phone,3,11,Debit Card,female,3,3,Laptop & Accessory,1,Married,2,0,11,0,1,2,155,0,6/6/2026 9:09
52538,0,22,3. Core Loyal (>1 Year),Mobile Phone,1,-1,Credit Card,female,3,3,Mobile Phone,5,Married,5,1,16,0,2,2,126,0,6/6/2026 9:09
52539,0,11,2. Mid-Loyal (7-12 Months),Computer,1,-1,Credit Card,female,2,4,Mobile Phone,4,Single,2,0,22,0,3,3,124,0,6/6/2026 9:09
52540,0,20,3. Core Loyal (>1 Year),Mobile Phone,3,8,Debit Card,female,2,1,Grocery,4,Married,7,0,14,1,0,2,260,0,6/6/2026 9:09
52541,0,22,3. Core Loyal (>1 Year),Mobile Phone,1,7,Debit Card,male,2,3,Grocery,3,Single,5,0,14,1,0,0,254,0,6/6/2026 9:09
52542,0,14,3. Core Loyal (>1 Year),Mobile Phone,3,29,Debit Card,male,3,3,Fashion,3,Single,4,1,16,0,1,2,171,0,6/6/2026 9:09
52543,0,0,0. New User (<1 Month),Mobile Phone,3,15,Debit Card,male,0,3,Mobile Phone,5,Single,2,0,11,0,1,2,127,0,6/6/2026 9:09
52544,0,6,1. Junior User (1-6 Months),Computer,3,22,Debit Card,female,2,3,Laptop & Accessory,1,Married,2,1,25,0,1,2,154,0,6/6/2026 9:09
52545,0,9,2. Mid-Loyal (7-12 Months),Mobile Phone,1,32,Debit Card,male,3,3,Laptop & Accessory,3,Married,7,0,14,1,1,2,153,1,6/6/2026 9:09
52546,0,17,3. Core Loyal (>1 Year),Mobile Phone,2,7,Debit Card,female,2,3,Mobile Phone,1,Married,5,1,18,2,2,2,132,1,6/6/2026 9:09
52547,1,0,0. New User (<1 Month),Mobile Phone,1,14,Credit Card,male,3,4,Mobile Phone,3,Single,2,1,11,1,1,2,140,1,6/6/2026 9:09
52548,0,11,2. Mid-Loyal (7-12 Months),Mobile Phone,1,10,Credit Card,female,2,3,Mobile Phone,3,Married,8,0,19,0,1,0,133,0,6/6/2026 9:09
52549,0,26,3. Core Loyal (>1 Year),Mobile Phone,1,30,Credit Card,male,2,1,Fashion,1,Married,4,0,15,0,1,2,170,0,6/6/2026 9:09
52550,1,11,2. Mid-Loyal (7-12 Months),Computer,3,-1,Credit Card,female,3,3,Mobile Phone,3,Married,3,1,11,1,7,7,127,0.14,6/6/2026 9:09
52551,1,0,0. New User (<1 Month),Mobile Phone,1,8,Debit Card,male,3,3,Mobile Phone,4,Single,2,0,12,0,1,0,114,0,6/6/2026 9:09
52552,0,0,0. New User (<1 Month),Computer,1,-1,Credit Card,male,3,3,Mobile Phone,1,Single,2,0,20,0,5,7,126,0,6/6/2026 9:09
52553,0,28,3. Core Loyal (>1 Year),Mobile Phone,1,28,Cash on Delivery,male,3,4,Mobile Phone,4,Married,6,0,12,1,1,2,135,1,6/6/2026 9:09
52554,0,7,2. Mid-Loyal (7-12 Months),Mobile Phone,1,11,Credit Card,male,2,4,Laptop & Accessory,1,Married,2,0,14,0,4,13,140,0,6/6/2026 9:09
52555,0,30,3. Core Loyal (>1 Year),Mobile Phone,1,7,Credit Card,male,3,5,Fashion,1,Married,4,0,20,1,1,0,209,1,6/6/2026 9:09
52556,0,0,0. New User (<1 Month),Mobile Phone,1,27,Credit Card,male,3,1,Mobile Phone,4,Married,2,0,18,0,2,13,120,0,6/6/2026 9:09
52557,0,10,2. Mid-Loyal (7-12 Months),Computer,3,7,Credit Card,male,2,5,Laptop & Accessory,1,Married,2,0,14,1,1,3,195,1,6/6/2026 9:09
52558,0,7,2. Mid-Loyal (7-12 Months),Mobile Phone,1,25,Debit Card,female,0,4,Mobile Phone,1,Married,2,0,12,1,8,7,129,0.13,6/6/2026 9:09
52559,1,0,0. New User (<1 Month),Mobile Phone,3,13,Debit Card,male,3,3,Mobile Phone,1,Married,2,1,21,1,1,2,123,1,6/6/2026 9:09
52560,0,17,3. Core Loyal (>1 Year),Mobile Phone,1,8,Debit Card,female,3,1,Fashion,1,Married,2,1,19,1,6,7,179,0.17,6/6/2026 9:09
52561,0,8,2. Mid-Loyal (7-12 Months),Computer,1,8,Credit Card,male,3,4,Mobile Phone,1,Single,1,1,14,1,1,4,149,1,6/6/2026 9:09
52562,0,16,3. Core Loyal (>1 Year),Mobile Phone,3,8,Credit Card,male,3,3,Laptop & Accessory,1,Married,2,1,17,3,8,8,178,0.38,6/6/2026 9:09
52563,0,0,0. New User (<1 Month),Mobile Phone,1,15,Credit Card,male,3,1,Mobile Phone,3,Married,2,0,16,0,1,4,144,0,6/6/2026 9:09
52564,0,14,3. Core Loyal (>1 Year),Mobile Phone,3,12,E wallet,male,2,3,Fashion,3,Single,2,0,12,3,8,7,192,0.38,6/6/2026 9:09
52565,0,2,1. Junior User (1-6 Months),Mobile Phone,1,15,Credit Card,female,0,3,Mobile Phone,3,Married,10,0,17,0,1,2,130,0,6/6/2026 9:09
52566,0,9,2. Mid-Loyal (7-12 Months),Mobile Phone,3,8,Debit Card,female,2,3,Laptop & Accessory,1,Single,4,0,15,6,6,7,145,1,6/6/2026 9:09
52567,0,18,3. Core Loyal (>1 Year),Computer,1,7,Debit Card,male,3,4,Fashion,3,Married,4,0,23,4,14,4,207,0.29,6/6/2026 9:09
52568,1,0,0. New User (<1 Month),Mobile Phone,2,28,UPI,male,2,5,Mobile Phone,3,Married,2,0,11,0,1,0,116,0,6/6/2026 9:09
52569,1,10,2. Mid-Loyal (7-12 Months),Computer,3,15,Debit Card,male,2,5,Grocery,3,Married,8,0,11,6,14,-1,229,0.43,6/6/2026 9:09
52570,0,0,0. New User (<1 Month),Mobile Phone,1,23,Credit Card,male,3,5,Mobile Phone,3,Married,2,0,15,1,1,2,123,1,6/6/2026 9:09
52571,0,18,3. Core Loyal (>1 Year),Mobile Phone,1,34,Cash on Delivery,female,2,4,Grocery,4,Single,2,0,11,0,8,6,267,0,6/6/2026 9:09
52572,0,5,1. Junior User (1-6 Months),Computer,1,16,Debit Card,male,2,3,Mobile Phone,3,Married,7,0,13,0,1,3,134,0,6/6/2026 9:09
52573,0,4,1. Junior User (1-6 Months),Mobile Phone,1,8,Debit Card,male,3,3,Mobile Phone,3,Married,2,0,14,1,1,3,135,1,6/6/2026 9:09
52574,0,14,3. Core Loyal (>1 Year),Computer,2,10,UPI,male,2,5,Laptop & Accessory,4,Married,7,0,19,0,1,2,164,0,6/6/2026 9:09
52575,0,13,3. Core Loyal (>1 Year),Mobile Phone,1,14,Debit Card,female,3,3,Laptop & Accessory,5,Married,3,1,16,1,1,0,165,1,6/6/2026 9:09
52576,0,0,0. New User (<1 Month),Mobile Phone,1,35,Credit Card,male,3,3,Mobile Phone,5,Married,2,0,13,1,1,2,139,1,6/6/2026 9:09
52577,0,19,3. Core Loyal (>1 Year),Mobile Phone,1,19,Debit Card,male,2,3,Laptop & Accessory,4,Single,7,0,14,1,1,9,156,1,6/6/2026 9:09
52578,0,8,2. Mid-Loyal (7-12 Months),Mobile Phone,1,33,Debit Card,male,2,3,Laptop & Accessory,3,Married,3,0,16,1,1,7,169,1,6/6/2026 9:09
52579,0,3,1. Junior User (1-6 Months),Mobile Phone,1,22,Debit Card,male,0,3,Mobile Phone,1,Married,2,0,12,0,1,8,129,0,6/6/2026 9:09
52580,0,20,3. Core Loyal (>1 Year),Computer,3,8,E wallet,male,2,3,Laptop & Accessory,4,Married,8,0,11,0,1,0,150,0,6/6/2026 9:09
52581,0,19,3. Core Loyal (>1 Year),Mobile Phone,3,8,Debit Card,male,3,3,Fashion,1,Married,5,1,12,0,1,3,204,0,6/6/2026 9:09
52582,1,0,0. New User (<1 Month),Mobile Phone,3,19,E wallet,male,3,4,Laptop & Accessory,5,Married,6,1,13,1,2,2,161,0.5,6/6/2026 9:09
52583,1,0,0. New User (<1 Month),Mobile Phone,3,7,Debit Card,male,2,5,Laptop & Accessory,4,Single,7,0,15,0,1,0,167,0,6/6/2026 9:09
52584,0,0,0. New User (<1 Month),Mobile Phone,1,10,Credit Card,female,2,3,Mobile Phone,4,Single,2,0,13,0,1,2,133,0,6/6/2026 9:09
52585,0,4,1. Junior User (1-6 Months),Computer,1,30,Cash on Delivery,female,1,3,Laptop & Accessory,1,Single,3,0,20,0,1,4,152,0,6/6/2026 9:09
52586,0,12,2. Mid-Loyal (7-12 Months),Computer,1,7,Debit Card,male,3,3,Laptop & Accessory,1,Married,2,1,15,0,5,8,165,0,6/6/2026 9:09
52587,0,5,1. Junior User (1-6 Months),Mobile Phone,3,25,Debit Card,male,3,5,Fashion,3,Married,4,0,13,0,1,2,196,0,6/6/2026 9:09
52588,0,13,3. Core Loyal (>1 Year),Mobile Phone,3,13,Credit Card,male,2,3,Others,4,Single,2,0,0,12,12,8,298,1,6/6/2026 9:09
52589,0,18,3. Core Loyal (>1 Year),Mobile Phone,2,10,Debit Card,female,2,5,Fashion,3,Married,5,0,21,1,1,3,198,1,6/6/2026 9:09
52590,0,3,1. Junior User (1-6 Months),Computer,1,8,Cash on Delivery,female,3,4,Mobile Phone,5,Single,1,0,16,0,1,7,150,0,6/6/2026 9:09
52591,0,0,0. New User (<1 Month),Computer,2,16,Credit Card,male,2,3,Mobile Phone,1,Married,1,0,14,0,2,1,121,0,6/6/2026 9:09
52592,1,0,0. New User (<1 Month),Computer,2,14,UPI,female,3,4,Mobile Phone,1,Married,7,0,11,1,1,2,122,1,6/6/2026 9:09
52593,0,4,1. Junior User (1-6 Months),Mobile Phone,3,11,Cash on Delivery,male,2,3,Laptop & Accessory,3,Married,2,0,19,1,1,2,183,1,6/6/2026 9:09
52594,0,0,0. New User (<1 Month),Mobile Phone,1,14,Credit Card,female,3,3,Mobile Phone,1,Single,2,0,11,0,1,4,134,0,6/6/2026 9:09
52595,1,0,0. New User (<1 Month),Mobile Phone,3,15,E wallet,female,0,5,Mobile Phone,4,Single,2,0,13,2,2,2,128,1,6/6/2026 9:09
52596,0,2,1. Junior User (1-6 Months),Computer,1,7,Debit Card,male,3,1,Laptop & Accessory,3,Single,9,1,12,1,1,2,163,1,6/6/2026 9:09
52597,0,3,1. Junior User (1-6 Months),Mobile Phone,3,21,E wallet,male,3,4,Fashion,5,Married,3,0,11,1,1,7,171,1,6/6/2026 9:09
52598,0,7,2. Mid-Loyal (7-12 Months),Mobile Phone,1,8,Credit Card,male,0,1,Mobile Phone,1,Married,1,1,14,1,1,2,129,1,6/6/2026 9:09
52599,0,6,1. Junior User (1-6 Months),Computer,3,8,E wallet,female,3,3,Laptop & Accessory,4,Single,9,0,15,1,1,7,151,1,6/6/2026 9:09
52600,0,22,3. Core Loyal (>1 Year),Mobile Phone,3,17,E wallet,female,3,3,Laptop & Accessory,1,Single,4,0,12,0,1,4,145,0,6/6/2026 9:09
52601,1,0,0. New User (<1 Month),Mobile Phone,3,22,Debit Card,female,3,3,Fashion,5,Single,3,1,20,1,1,0,186,1,6/6/2026 9:09
52602,0,11,2. Mid-Loyal (7-12 Months),Computer,1,-1,Credit Card,female,3,4,Mobile Phone,4,Married,5,0,14,0,1,5,125,0,6/6/2026 9:09
52603,1,0,0. New User (<1 Month),Mobile Phone,3,22,E wallet,male,3,3,Fashion,3,Married,3,0,13,0,1,0,182,0,6/6/2026 9:09
52604,0,0,0. New User (<1 Month),Mobile Phone,1,10,Cash on Delivery,female,3,4,Mobile Phone,5,Married,2,0,13,0,1,0,121,0,6/6/2026 9:09
52605,0,3,1. Junior User (1-6 Months),Mobile Phone,1,22,Debit Card,male,2,1,Laptop & Accessory,3,Married,4,0,16,1,1,7,153,1,6/6/2026 9:09
52606,0,5,1. Junior User (1-6 Months),Computer,1,11,Cash on Delivery,male,0,3,Mobile Phone,4,Single,3,0,14,1,1,7,127,1,6/6/2026 9:09
52607,0,11,2. Mid-Loyal (7-12 Months),Mobile Phone,1,24,Credit Card,male,2,5,Laptop & Accessory,1,Married,4,1,16,0,1,0,158,0,6/6/2026 9:09
52608,1,6,1. Junior User (1-6 Months),Computer,1,-1,Cash on Delivery,male,2,4,Mobile Phone,3,Married,10,1,16,1,1,0,124,1,6/6/2026 9:09
52609,0,15,3. Core Loyal (>1 Year),Mobile Phone,1,18,Credit Card,male,0,3,Mobile Phone,4,Married,9,0,22,1,1,4,128,1,6/6/2026 9:09
52610,0,28,3. Core Loyal (>1 Year),Mobile Phone,1,8,Credit Card,male,2,4,Others,5,Married,9,0,12,0,1,0,290,0,6/6/2026 9:09
52611,0,6,1. Junior User (1-6 Months),Computer,1,10,Cash on Delivery,male,0,3,Laptop & Accessory,4,Married,6,0,15,0,1,7,131,0,6/6/2026 9:09
52612,0,0,0. New User (<1 Month),Mobile Phone,1,15,Debit Card,male,3,3,Mobile Phone,5,Married,2,0,20,0,1,4,123,0,6/6/2026 9:09
52613,0,7,2. Mid-Loyal (7-12 Months),Computer,3,16,Debit Card,male,2,3,Laptop & Accessory,3,Married,2,1,14,1,1,7,140,1,6/6/2026 9:09
52614,0,26,3. Core Loyal (>1 Year),Computer,1,7,Credit Card,female,2,4,Grocery,3,Married,5,1,20,1,1,-1,230,1,6/6/2026 9:09
52615,0,16,3. Core Loyal (>1 Year),Mobile Phone,2,8,Debit Card,male,3,3,Mobile Phone,1,Single,1,0,13,1,1,8,135,1,6/6/2026 9:09
52616,0,7,2. Mid-Loyal (7-12 Months),Mobile Phone,3,9,Debit Card,female,2,5,Laptop & Accessory,1,Single,6,0,12,2,2,2,160,1,6/6/2026 9:09
52617,1,0,0. New User (<1 Month),Mobile Phone,3,13,E wallet,male,0,3,Mobile Phone,4,Single,2,0,13,0,1,0,127,0,6/6/2026 9:09
52618,0,11,2. Mid-Loyal (7-12 Months),Mobile Phone,1,12,UPI,female,2,4,Mobile Phone,3,Married,2,0,11,1,1,4,137,1,6/6/2026 9:09
52619,1,0,0. New User (<1 Month),Mobile Phone,1,-1,Credit Card,female,3,3,Mobile Phone,5,Married,2,1,17,0,1,0,124,0,6/6/2026 9:09
52620,0,4,1. Junior User (1-6 Months),Mobile Phone,3,35,E wallet,female,3,4,Laptop & Accessory,1,Married,2,0,14,0,5,7,155,0,6/6/2026 9:09
52621,0,24,3. Core Loyal (>1 Year),Mobile Phone,1,9,Cash on Delivery,female,2,3,Fashion,3,Married,3,0,11,2,2,-1,231,1,6/6/2026 9:09
52622,0,10,2. Mid-Loyal (7-12 Months),Mobile Phone,3,15,E wallet,male,2,4,Laptop & Accessory,4,Married,2,0,14,1,1,3,142,1,6/6/2026 9:09
52623,0,19,3. Core Loyal (>1 Year),Mobile Phone,1,8,Credit Card,male,2,3,Others,1,Married,8,1,0,2,2,2,293,1,6/6/2026 9:09
52624,0,9,2. Mid-Loyal (7-12 Months),Mobile Phone,1,16,Debit Card,male,2,3,Fashion,5,Married,8,1,13,2,5,7,183,0.4,6/6/2026 9:09
52625,1,7,2. Mid-Loyal (7-12 Months),Computer,1,-1,Credit Card,male,3,3,Mobile Phone,4,Married,2,1,12,2,2,3,123,1,6/6/2026 9:09
52626,0,10,2. Mid-Loyal (7-12 Months),Mobile Phone,2,14,UPI,male,2,3,Laptop & Accessory,4,Married,3,0,13,3,4,7,141,0.75,6/6/2026 9:09
52627,1,0,0. New User (<1 Month),Mobile Phone,3,33,Debit Card,male,2,3,Laptop & Accessory,1,Single,2,1,18,3,7,7,158,0.43,6/6/2026 9:09
52628,0,6,1. Junior User (1-6 Months),Mobile Phone,1,14,Debit Card,male,0,1,Mobile Phone,5,Married,7,0,19,3,7,6,131,0.43,6/6/2026 9:09
52629,0,0,0. New User (<1 Month),Mobile Phone,1,7,Debit Card,male,2,3,Mobile Phone,1,Married,2,0,11,0,1,3,120,0,6/6/2026 9:09
52630,0,12,2. Mid-Loyal (7-12 Months),Mobile Phone,1,16,Credit Card,male,3,3,Fashion,3,Single,8,0,21,2,0,2,235,0,6/6/2026 9:09
52631,0,19,3. Core Loyal (>1 Year),Computer,3,32,Debit Card,male,3,4,Laptop & Accessory,4,Single,9,0,15,1,2,2,180,0.5,6/6/2026 9:09
52632,0,13,3. Core Loyal (>1 Year),Mobile Phone,1,8,Debit Card,female,3,3,Mobile Phone,5,Married,5,0,17,1,1,2,134,1,6/6/2026 9:09
52633,0,15,3. Core Loyal (>1 Year),Mobile Phone,1,19,Credit Card,male,3,1,Laptop & Accessory,5,Married,6,0,18,1,1,0,155,1,6/6/2026 9:09
52634,0,8,2. Mid-Loyal (7-12 Months),Computer,1,8,Credit Card,male,2,3,Laptop & Accessory,1,Married,3,0,14,1,1,7,158,1,6/6/2026 9:09
52635,0,11,2. Mid-Loyal (7-12 Months),Computer,2,-1,UPI,male,3,3,Mobile Phone,4,Married,6,0,13,2,3,8,126,0.67,6/6/2026 9:09
52636,1,0,0. New User (<1 Month),Computer,1,15,Debit Card,male,3,3,Laptop & Accessory,5,Married,5,0,17,0,1,7,153,0,6/6/2026 9:09
52637,1,0,0. New User (<1 Month),Mobile Phone,1,16,Credit Card,male,2,3,Laptop & Accessory,5,Single,2,0,15,0,1,8,142,0,6/6/2026 9:09
52638,0,12,2. Mid-Loyal (7-12 Months),Computer,3,26,Debit Card,male,2,3,Laptop & Accessory,1,Married,3,0,18,1,2,2,141,0.5,6/6/2026 9:09
52639,0,16,3. Core Loyal (>1 Year),Computer,1,-1,Debit Card,male,2,3,Mobile Phone,3,Single,5,0,13,1,1,2,124,1,6/6/2026 9:09
52640,0,14,3. Core Loyal (>1 Year),Mobile Phone,1,11,Debit Card,male,2,1,Laptop & Accessory,4,Single,4,0,12,0,1,2,169,0,6/6/2026 9:09
52641,0,14,3. Core Loyal (>1 Year),Mobile Phone,3,10,E wallet,female,2,3,Fashion,3,Married,1,1,13,5,13,5,204,0.38,6/6/2026 9:09
52642,0,3,1. Junior User (1-6 Months),Mobile Phone,1,16,Credit Card,female,3,3,Fashion,3,Single,10,0,14,0,1,2,197,0,6/6/2026 9:09
52643,1,0,0. New User (<1 Month),Mobile Phone,2,26,Credit Card,female,3,3,Mobile Phone,4,Married,1,1,11,0,1,4,121,0,6/6/2026 9:09
52644,1,9,2. Mid-Loyal (7-12 Months),Mobile Phone,1,27,Credit Card,female,3,3,Laptop & Accessory,4,Married,5,0,22,3,3,7,189,1,6/6/2026 9:09
52645,0,13,3. Core Loyal (>1 Year),Mobile Phone,1,7,Debit Card,female,2,3,Laptop & Accessory,1,Married,5,0,17,0,1,3,165,0,6/6/2026 9:09
52646,0,7,2. Mid-Loyal (7-12 Months),Mobile Phone,3,14,Cash on Delivery,male,3,1,Laptop & Accessory,3,Married,2,0,21,2,4,8,168,0.5,6/6/2026 9:09
52647,0,30,3. Core Loyal (>1 Year),Computer,3,8,Credit Card,male,2,3,Grocery,4,Married,5,0,22,0,14,14,263,0,6/6/2026 9:09
52648,0,8,2. Mid-Loyal (7-12 Months),Mobile Phone,1,29,Credit Card,male,0,5,Mobile Phone,3,Married,1,0,16,0,1,3,127,0,6/6/2026 9:09
52649,0,20,3. Core Loyal (>1 Year),Mobile Phone,1,10,Debit Card,female,3,4,Fashion,4,Married,9,1,12,5,14,10,203,0.36,6/6/2026 9:09
52650,0,13,3. Core Loyal (>1 Year),Mobile Phone,1,18,Debit Card,female,2,3,Laptop & Accessory,5,Married,3,0,12,1,7,7,144,0.14,6/6/2026 9:09
52651,0,27,3. Core Loyal (>1 Year),Mobile Phone,1,13,Credit Card,female,3,3,Laptop & Accessory,1,Married,5,0,15,1,1,7,169,1,6/6/2026 9:09
52652,0,4,1. Junior User (1-6 Months),Computer,3,13,E wallet,female,3,3,Fashion,5,Married,3,0,14,2,2,2,196,1,6/6/2026 9:09
52653,0,1,1. Junior User (1-6 Months),Mobile Phone,1,7,Credit Card,female,3,3,Mobile Phone,5,Married,2,0,25,1,1,2,136,1,6/6/2026 9:09
52654,0,11,2. Mid-Loyal (7-12 Months),Mobile Phone,3,8,E wallet,female,3,5,Laptop & Accessory,1,Married,3,1,20,0,1,3,154,0,6/6/2026 9:09
52655,0,0,0. New User (<1 Month),Mobile Phone,3,16,Credit Card,male,2,3,Laptop & Accessory,1,Single,2,0,13,1,1,2,147,1,6/6/2026 9:09
52656,0,30,3. Core Loyal (>1 Year),Computer,1,21,Debit Card,male,2,3,Grocery,3,Married,3,1,14,2,0,2,258,0,6/6/2026 9:09
52657,0,0,0. New User (<1 Month),Computer,1,20,Credit Card,female,2,3,Mobile Phone,3,Single,2,0,16,1,1,0,115,1,6/6/2026 9:09
52658,1,0,0. New User (<1 Month),Mobile Phone,2,24,UPI,male,0,1,Mobile Phone,5,Married,1,0,17,1,1,0,130,1,6/6/2026 9:09
52659,1,0,0. New User (<1 Month),Mobile Phone,2,-1,UPI,male,2,4,Mobile Phone,5,Married,5,1,15,2,2,0,123,1,6/6/2026 9:09
52660,0,18,3. Core Loyal (>1 Year),Computer,3,8,Debit Card,female,3,3,Laptop & Accessory,3,Married,5,0,22,3,5,7,152,0.6,6/6/2026 9:09
52661,0,9,2. Mid-Loyal (7-12 Months),Mobile Phone,1,8,UPI,female,3,3,Laptop & Accessory,4,Married,5,1,22,1,1,0,170,1,6/6/2026 9:09
52662,0,16,3. Core Loyal (>1 Year),Computer,3,8,Debit Card,male,3,3,Laptop & Accessory,1,Married,2,0,20,7,7,7,157,1,6/6/2026 9:09
52663,0,0,0. New User (<1 Month),Computer,1,-1,Debit Card,female,2,3,Mobile Phone,1,Single,1,1,14,1,1,2,124,1,6/6/2026 9:09
52664,0,2,1. Junior User (1-6 Months),Computer,1,26,Credit Card,male,2,3,Mobile Phone,1,Married,2,0,13,1,3,10,138,0.33,6/6/2026 9:09
52665,0,5,1. Junior User (1-6 Months),Computer,3,16,E wallet,male,3,3,Laptop & Accessory,1,Single,9,0,13,0,1,0,146,0,6/6/2026 9:09
52666,0,15,3. Core Loyal (>1 Year),Computer,1,16,Cash on Delivery,male,0,3,Mobile Phone,3,Married,4,0,22,3,3,3,129,1,6/6/2026 9:09
52667,0,0,0. New User (<1 Month),Mobile Phone,1,15,Debit Card,female,3,3,Mobile Phone,3,Single,5,0,12,0,2,0,121,0,6/6/2026 9:09
52668,0,19,3. Core Loyal (>1 Year),Mobile Phone,1,8,Debit Card,male,2,3,Fashion,1,Married,4,0,14,0,4,7,186,0,6/6/2026 9:09
52669,0,1,1. Junior User (1-6 Months),Computer,2,7,Debit Card,male,0,3,Mobile Phone,1,Married,2,0,15,1,2,2,127,0.5,6/6/2026 9:09
52670,0,2,1. Junior User (1-6 Months),Mobile Phone,1,35,Debit Card,male,3,5,Laptop & Accessory,3,Married,9,0,17,0,1,6,164,0,6/6/2026 9:09
52671,0,15,3. Core Loyal (>1 Year),Mobile Phone,1,14,Debit Card,male,2,3,Mobile Phone,3,Single,5,0,13,1,1,0,140,1,6/6/2026 9:09
52672,1,0,0. New User (<1 Month),Mobile Phone,3,8,E wallet,male,2,4,Laptop & Accessory,4,Single,8,1,12,1,2,2,199,0.5,6/6/2026 9:09
52673,0,19,3. Core Loyal (>1 Year),Mobile Phone,3,9,Cash on Delivery,female,2,1,Grocery,5,Married,3,0,12,2,0,8,232,0,6/6/2026 9:09
52674,0,0,0. New User (<1 Month),Mobile Phone,3,29,Credit Card,female,2,4,Laptop & Accessory,3,Married,2,0,21,3,5,8,135,0.6,6/6/2026 9:09
52675,0,2,1. Junior User (1-6 Months),Mobile Phone,2,12,Credit Card,male,0,4,Mobile Phone,4,Married,2,0,11,1,1,0,128,1,6/6/2026 9:09
52676,0,16,3. Core Loyal (>1 Year),Mobile Phone,1,12,Credit Card,female,2,4,Others,3,Married,8,0,0,6,6,14,294,1,6/6/2026 9:09
52677,0,21,3. Core Loyal (>1 Year),Mobile Phone,1,16,Debit Card,male,3,4,Others,4,Married,5,0,0,3,12,9,297,0.25,6/6/2026 9:09
52678,1,0,0. New User (<1 Month),Computer,1,-1,Debit Card,male,3,4,Mobile Phone,1,Single,2,1,24,1,1,0,124,1,6/6/2026 9:09
52679,1,9,2. Mid-Loyal (7-12 Months),Mobile Phone,3,16,Debit Card,female,3,3,Fashion,4,Married,6,0,21,1,1,7,173,1,6/6/2026 9:09
52680,0,0,0. New User (<1 Month),Computer,1,21,Debit Card,female,3,4,Mobile Phone,5,Married,1,0,19,0,7,3,148,0,6/6/2026 9:09
52681,0,12,2. Mid-Loyal (7-12 Months),Mobile Phone,1,25,UPI,male,2,3,Laptop & Accessory,1,Married,9,0,14,0,2,2,139,0,6/6/2026 9:09
52682,0,28,3. Core Loyal (>1 Year),Mobile Phone,1,8,Cash on Delivery,male,0,4,Mobile Phone,1,Married,9,0,20,1,1,4,127,1,6/6/2026 9:09
52683,0,1,1. Junior User (1-6 Months),Mobile Phone,3,9,Credit Card,female,0,3,Mobile Phone,4,Married,2,0,19,1,1,0,129,1,6/6/2026 9:09
52684,1,0,0. New User (<1 Month),Mobile Phone,3,15,Credit Card,male,2,3,Mobile Phone,1,Single,2,0,13,0,1,0,111,0,6/6/2026 9:09
52685,1,0,0. New User (<1 Month),Mobile Phone,1,-1,Debit Card,male,3,3,Mobile Phone,4,Single,2,1,23,1,1,0,125,1,6/6/2026 9:09
52686,0,9,2. Mid-Loyal (7-12 Months),Mobile Phone,3,16,Cash on Delivery,female,3,4,Laptop & Accessory,3,Married,2,1,13,0,1,7,157,0,6/6/2026 9:09
52687,0,4,1. Junior User (1-6 Months),Mobile Phone,1,26,Debit Card,male,2,3,Laptop & Accessory,3,Married,2,0,11,0,1,2,142,0,6/6/2026 9:09
52688,0,7,2. Mid-Loyal (7-12 Months),Mobile Phone,3,10,Debit Card,male,3,3,Fashion,1,Married,3,1,13,0,1,0,197,0,6/6/2026 9:09
52689,0,0,0. New User (<1 Month),Mobile Phone,1,13,Debit Card,male,2,3,Mobile Phone,5,Single,4,0,14,0,1,2,121,0,6/6/2026 9:09
52690,0,10,2. Mid-Loyal (7-12 Months),Mobile Phone,1,13,Credit Card,male,3,3,Laptop & Accessory,5,Married,6,1,22,0,1,4,143,0,6/6/2026 9:09
52691,0,8,2. Mid-Loyal (7-12 Months),Mobile Phone,1,22,UPI,female,2,4,Laptop & Accessory,4,Married,1,1,11,0,1,2,148,0,6/6/2026 9:09
52692,0,18,3. Core Loyal (>1 Year),Mobile Phone,1,31,Debit Card,female,3,4,Laptop & Accessory,1,Married,1,0,13,0,3,8,159,0,6/6/2026 9:09
52693,0,9,2. Mid-Loyal (7-12 Months),Computer,2,8,UPI,male,3,4,Laptop & Accessory,1,Single,2,0,21,1,1,8,139,1,6/6/2026 9:09
52694,0,13,3. Core Loyal (>1 Year),Mobile Phone,1,7,Debit Card,male,3,3,Grocery,5,Married,3,0,11,0,11,16,268,0,6/6/2026 9:09
52695,0,0,0. New User (<1 Month),Mobile Phone,1,7,Debit Card,female,0,4,Mobile Phone,3,Married,2,1,13,0,1,0,129,0,6/6/2026 9:09
52696,0,0,0. New User (<1 Month),Mobile Phone,3,8,Credit Card,female,2,1,Laptop & Accessory,3,Single,1,0,14,0,1,7,165,0,6/6/2026 9:09
52697,0,21,3. Core Loyal (>1 Year),Computer,1,28,Credit Card,female,2,3,Grocery,1,Married,4,0,11,0,4,7,272,0,6/6/2026 9:09
52698,0,17,3. Core Loyal (>1 Year),Mobile Phone,1,7,Debit Card,male,3,1,Laptop & Accessory,5,Married,3,0,15,1,2,2,150,0.5,6/6/2026 9:09
52699,1,0,0. New User (<1 Month),Computer,1,22,Cash on Delivery,male,2,5,Mobile Phone,5,Married,2,1,23,0,3,0,123,0,6/6/2026 9:09
52700,1,19,3. Core Loyal (>1 Year),Mobile Phone,1,-1,Debit Card,male,3,3,Mobile Phone,1,Single,2,0,16,0,1,0,126,0,6/6/2026 9:09
52701,0,9,2. Mid-Loyal (7-12 Months),Mobile Phone,3,23,E wallet,male,2,4,Laptop & Accessory,4,Married,3,0,16,1,1,3,155,1,6/6/2026 9:09
52702,0,14,3. Core Loyal (>1 Year),Mobile Phone,3,14,E wallet,female,2,3,Laptop & Accessory,4,Married,6,0,21,0,1,4,144,0,6/6/2026 9:09
52703,0,15,3. Core Loyal (>1 Year),Mobile Phone,1,12,Credit Card,male,2,3,Fashion,5,Married,10,0,13,5,0,7,233,0,6/6/2026 9:09
52704,0,4,1. Junior User (1-6 Months),Mobile Phone,3,16,Credit Card,female,2,3,Laptop & Accessory,1,Married,3,1,11,1,1,4,166,1,6/6/2026 9:09
52705,0,7,2. Mid-Loyal (7-12 Months),Mobile Phone,3,9,Credit Card,female,3,4,Laptop & Accessory,1,Married,4,1,12,0,1,1,181,0,6/6/2026 9:09
52706,0,4,1. Junior User (1-6 Months),Mobile Phone,1,10,Credit Card,female,3,1,Mobile Phone,3,Married,9,0,12,1,2,2,140,0.5,6/6/2026 9:09
52707,0,0,0. New User (<1 Month),Computer,1,-1,UPI,male,3,1,Mobile Phone,1,Married,1,0,18,2,7,7,125,0.29,6/6/2026 9:09
52708,0,18,3. Core Loyal (>1 Year),Computer,1,7,Credit Card,male,2,3,Laptop & Accessory,3,Single,5,0,12,0,1,3,154,0,6/6/2026 9:09
52709,0,6,1. Junior User (1-6 Months),Mobile Phone,3,16,E wallet,male,2,3,Laptop & Accessory,3,Single,2,0,14,0,1,9,155,0,6/6/2026 9:09
52710,0,1,1. Junior User (1-6 Months),Computer,3,7,Debit Card,male,2,4,Laptop & Accessory,1,Married,2,1,12,1,1,7,168,1,6/6/2026 9:09
52711,1,0,0. New User (<1 Month),Computer,3,30,Cash on Delivery,male,2,1,Mobile Phone,5,Single,2,0,17,0,1,0,111,0,6/6/2026 9:09
52712,0,12,2. Mid-Loyal (7-12 Months),Computer,3,27,Debit Card,female,2,5,Laptop & Accessory,3,Married,7,0,19,0,1,2,157,0,6/6/2026 9:09
52713,0,0,0. New User (<1 Month),Mobile Phone,1,8,Cash on Delivery,male,2,3,Mobile Phone,4,Married,2,0,11,0,1,2,122,0,6/6/2026 9:09
52714,0,7,2. Mid-Loyal (7-12 Months),Computer,1,28,UPI,male,2,4,Laptop & Accessory,1,Married,2,1,15,3,6,11,157,0.5,6/6/2026 9:09
52715,1,0,0. New User (<1 Month),Mobile Phone,3,19,E wallet,female,2,3,Laptop & Accessory,3,Single,4,1,11,0,2,2,199,0,6/6/2026 9:09
52716,0,20,3. Core Loyal (>1 Year),Computer,1,20,Cash on Delivery,male,3,3,Laptop & Accessory,4,Married,9,0,18,0,1,7,155,0,6/6/2026 9:09
52717,0,29,3. Core Loyal (>1 Year),Mobile Phone,3,17,E wallet,female,2,4,Laptop & Accessory,5,Married,5,0,16,0,1,0,154,0,6/6/2026 9:09
52718,0,12,2. Mid-Loyal (7-12 Months),Mobile Phone,1,15,Credit Card,male,2,3,Laptop & Accessory,5,Married,2,0,25,0,7,9,152,0,6/6/2026 9:09
52719,0,0,0. New User (<1 Month),Computer,1,14,Credit Card,female,2,4,Laptop & Accessory,4,Married,2,1,16,1,1,7,121,1,6/6/2026 9:09
52720,0,60,3. Core Loyal (>1 Year),Mobile Phone,3,27,Debit Card,female,3,3,Grocery,1,Married,5,1,13,0,1,0,279,0,6/6/2026 9:09
52721,1,0,0. New User (<1 Month),Computer,1,-1,Debit Card,female,2,1,Mobile Phone,3,Single,4,1,14,0,1,3,124,0,6/6/2026 9:09
52722,0,11,2. Mid-Loyal (7-12 Months),Mobile Phone,1,15,Debit Card,male,3,3,Mobile Phone,1,Married,3,0,19,0,1,3,148,0,6/6/2026 9:09
52723,0,22,3. Core Loyal (>1 Year),Computer,1,8,Debit Card,male,2,3,Others,1,Married,4,0,15,0,4,3,292,0,6/6/2026 9:09
52724,0,15,3. Core Loyal (>1 Year),Mobile Phone,3,18,E wallet,male,3,3,Laptop & Accessory,1,Married,4,1,12,1,1,0,151,1,6/6/2026 9:09
52725,1,0,0. New User (<1 Month),Computer,2,28,UPI,female,0,4,Mobile Phone,4,Married,2,0,12,1,1,0,129,1,6/6/2026 9:09
52726,0,8,2. Mid-Loyal (7-12 Months),Mobile Phone,3,24,Credit Card,male,3,3,Laptop & Accessory,5,Married,1,0,16,1,1,4,156,1,6/6/2026 9:09
52727,0,0,0. New User (<1 Month),Computer,1,22,Credit Card,male,2,3,Mobile Phone,3,Single,2,0,14,0,1,4,121,0,6/6/2026 9:09
52728,0,4,1. Junior User (1-6 Months),Computer,1,9,Credit Card,male,0,3,Mobile Phone,5,Married,2,1,13,2,2,3,131,1,6/6/2026 9:09
52729,0,9,2. Mid-Loyal (7-12 Months),Computer,1,15,Debit Card,male,0,1,Mobile Phone,4,Married,2,0,22,1,1,2,128,1,6/6/2026 9:09
52730,0,7,2. Mid-Loyal (7-12 Months),Mobile Phone,3,7,E wallet,male,2,3,Fashion,1,Single,2,0,21,2,2,1,199,1,6/6/2026 9:09
52731,0,7,2. Mid-Loyal (7-12 Months),Mobile Phone,3,19,Credit Card,male,2,3,Fashion,3,Married,2,0,18,0,1,1,186,0,6/6/2026 9:09
52732,0,0,0. New User (<1 Month),Mobile Phone,1,7,Credit Card,male,0,3,Mobile Phone,5,Single,1,0,13,7,7,6,129,1,6/6/2026 9:09
52733,0,2,1. Junior User (1-6 Months),Mobile Phone,1,7,Debit Card,male,2,3,Laptop & Accessory,5,Married,1,0,12,0,1,2,154,0,6/6/2026 9:09
52734,0,5,1. Junior User (1-6 Months),Computer,1,21,Credit Card,female,2,3,Laptop & Accessory,1,Married,6,0,18,0,1,2,167,0,6/6/2026 9:09
52735,0,4,1. Junior User (1-6 Months),Computer,1,7,Debit Card,male,2,5,Laptop & Accessory,5,Married,2,0,21,6,8,7,150,0.75,6/6/2026 9:09
52736,1,0,0. New User (<1 Month),Mobile Phone,1,-1,Cash on Delivery,male,2,4,Mobile Phone,1,Married,6,0,12,1,1,3,124,1,6/6/2026 9:09
52737,0,11,2. Mid-Loyal (7-12 Months),Mobile Phone,3,7,Debit Card,male,0,4,Mobile Phone,5,Single,5,0,14,1,1,0,129,1,6/6/2026 9:09
52738,0,8,2. Mid-Loyal (7-12 Months),Mobile Phone,3,13,Debit Card,female,2,3,Laptop & Accessory,1,Married,2,1,11,1,1,9,152,1,6/6/2026 9:09
52739,0,0,0. New User (<1 Month),Mobile Phone,3,15,E wallet,male,2,3,Laptop & Accessory,1,Single,2,0,14,1,1,7,141,1,6/6/2026 9:09
52740,0,5,1. Junior User (1-6 Months),Mobile Phone,1,11,Debit Card,male,2,4,Laptop & Accessory,1,Single,9,0,24,1,1,0,197,1,6/6/2026 9:09
52741,1,0,0. New User (<1 Month),Computer,3,32,E wallet,male,3,3,Laptop & Accessory,1,Married,2,1,11,0,1,8,156,0,6/6/2026 9:09
52742,1,16,3. Core Loyal (>1 Year),Mobile Phone,3,30,Debit Card,male,3,3,Fashion,5,Single,7,1,13,0,2,2,204,0,6/6/2026 9:09
52743,0,27,3. Core Loyal (>1 Year),Mobile Phone,1,15,Debit Card,female,0,3,Laptop & Accessory,3,Married,4,0,11,1,2,3,129,0.5,6/6/2026 9:09
52744,0,6,1. Junior User (1-6 Months),Computer,1,13,Debit Card,male,2,3,Laptop & Accessory,3,Married,2,0,20,0,2,8,160,0,6/6/2026 9:09
52745,0,16,3. Core Loyal (>1 Year),Mobile Phone,1,17,Debit Card,male,1,3,Fashion,3,Married,2,0,17,1,1,9,175,1,6/6/2026 9:09
52746,0,11,2. Mid-Loyal (7-12 Months),Computer,2,7,UPI,male,0,3,Mobile Phone,4,Married,1,1,11,0,1,2,130,0,6/6/2026 9:09
52747,0,28,3. Core Loyal (>1 Year),Mobile Phone,2,32,UPI,male,3,1,Others,4,Married,5,1,0,1,1,4,296,1,6/6/2026 9:09
52748,0,4,1. Junior User (1-6 Months),Mobile Phone,1,8,Credit Card,female,2,5,Mobile Phone,1,Married,2,1,11,0,1,0,111,0,6/6/2026 9:09
52749,0,12,2. Mid-Loyal (7-12 Months),Mobile Phone,3,21,E wallet,male,3,3,Grocery,5,Single,1,0,12,4,0,10,233,0,6/6/2026 9:09
52750,0,15,3. Core Loyal (>1 Year),Computer,1,29,Debit Card,male,2,4,Laptop & Accessory,3,Single,2,0,12,3,3,7,143,1,6/6/2026 9:09
52751,0,4,1. Junior User (1-6 Months),Computer,1,16,Credit Card,female,2,3,Fashion,3,Married,5,0,20,3,4,-1,210,0.75,6/6/2026 9:09
52752,0,27,3. Core Loyal (>1 Year),Mobile Phone,1,16,Credit Card,female,3,3,Laptop & Accessory,5,Single,7,1,19,0,1,4,144,0,6/6/2026 9:09
52753,0,0,0. New User (<1 Month),Mobile Phone,1,7,Debit Card,male,2,4,Laptop & Accessory,3,Single,2,0,12,1,1,2,146,1,6/6/2026 9:09
52754,0,0,0. New User (<1 Month),Mobile Phone,1,-1,UPI,male,3,3,Mobile Phone,1,Single,2,0,13,1,1,4,126,1,6/6/2026 9:09
52755,0,13,3. Core Loyal (>1 Year),Computer,1,17,Cash on Delivery,female,3,3,Laptop & Accessory,3,Married,2,0,11,7,9,4,163,0.78,6/6/2026 9:09
52756,0,13,3. Core Loyal (>1 Year),Mobile Phone,3,8,E wallet,female,3,3,Laptop & Accessory,4,Married,4,0,14,1,5,10,157,0.2,6/6/2026 9:09
52757,0,0,0. New User (<1 Month),Mobile Phone,2,8,UPI,female,2,3,Mobile Phone,4,Married,5,0,14,0,1,2,122,0,6/6/2026 9:09
52758,0,3,1. Junior User (1-6 Months),Mobile Phone,1,7,Credit Card,male,3,3,Mobile Phone,4,Married,2,0,13,1,1,7,137,1,6/6/2026 9:09
52759,0,0,0. New User (<1 Month),Mobile Phone,1,8,UPI,male,2,3,Mobile Phone,3,Married,7,1,19,0,1,2,140,0,6/6/2026 9:09
52760,0,20,3. Core Loyal (>1 Year),Mobile Phone,1,31,Credit Card,male,2,3,Fashion,3,Single,3,0,23,9,12,11,186,0.75,6/6/2026 9:09
52761,0,0,0. New User (<1 Month),Computer,1,7,Credit Card,male,2,4,Mobile Phone,3,Married,2,0,12,0,1,0,120,0,6/6/2026 9:09
52762,0,11,2. Mid-Loyal (7-12 Months),Mobile Phone,3,7,Debit Card,male,2,3,Laptop & Accessory,4,Married,1,0,15,1,5,8,144,0.2,6/6/2026 9:09
52763,0,4,1. Junior User (1-6 Months),Mobile Phone,3,8,Debit Card,male,0,3,Mobile Phone,3,Married,1,0,19,0,1,2,131,0,6/6/2026 9:09
52764,0,11,2. Mid-Loyal (7-12 Months),Computer,1,12,Debit Card,male,3,4,Laptop & Accessory,3,Married,3,0,11,2,7,7,153,0.29,6/6/2026 9:09
52765,0,15,3. Core Loyal (>1 Year),Mobile Phone,1,24,Debit Card,male,2,3,Laptop & Accessory,5,Married,7,1,17,1,1,2,154,1,6/6/2026 9:09
52766,0,14,3. Core Loyal (>1 Year),Mobile Phone,1,7,Debit Card,male,0,3,Mobile Phone,1,Married,4,0,22,0,1,0,128,0,6/6/2026 9:09
52767,0,20,3. Core Loyal (>1 Year),Computer,1,7,Credit Card,female,3,3,Fashion,4,Married,1,0,18,0,5,-1,220,0,6/6/2026 9:09
52768,0,8,2. Mid-Loyal (7-12 Months),Mobile Phone,1,17,Credit Card,male,2,3,Mobile Phone,3,Married,8,1,11,2,2,2,127,1,6/6/2026 9:09
52769,0,0,0. New User (<1 Month),Mobile Phone,1,7,Debit Card,male,3,3,Mobile Phone,3,Single,1,0,12,1,1,2,134,1,6/6/2026 9:09
52770,0,8,2. Mid-Loyal (7-12 Months),Mobile Phone,1,15,Credit Card,male,2,3,Laptop & Accessory,3,Single,2,0,19,0,1,8,151,0,6/6/2026 9:09
52771,0,6,1. Junior User (1-6 Months),Mobile Phone,1,21,Credit Card,female,3,3,Laptop & Accessory,1,Married,1,1,13,6,8,1,149,0.75,6/6/2026 9:09
52772,0,5,1. Junior User (1-6 Months),Mobile Phone,1,35,Debit Card,female,0,4,Mobile Phone,4,Single,2,0,13,0,4,1,128,0,6/6/2026 9:09
52773,0,13,3. Core Loyal (>1 Year),Mobile Phone,1,-1,Debit Card,male,2,3,Mobile Phone,1,Married,9,0,19,1,1,0,124,1,6/6/2026 9:09
52774,0,0,0. New User (<1 Month),Mobile Phone,3,7,Credit Card,male,3,4,Mobile Phone,4,Married,1,0,14,2,2,2,123,1,6/6/2026 9:09
52775,0,12,2. Mid-Loyal (7-12 Months),Mobile Phone,1,30,Debit Card,male,2,3,Laptop & Accessory,1,Single,8,0,13,0,1,7,141,0,6/6/2026 9:09
52776,0,11,2. Mid-Loyal (7-12 Months),Mobile Phone,1,16,Credit Card,female,3,5,Fashion,3,Married,4,0,12,0,0,11,232,0,6/6/2026 9:09
52777,0,5,1. Junior User (1-6 Months),Mobile Phone,3,7,E wallet,female,2,3,Fashion,1,Married,2,0,19,0,5,7,204,0,6/6/2026 9:09
52778,0,10,2. Mid-Loyal (7-12 Months),Mobile Phone,1,16,Debit Card,female,2,1,Fashion,1,Married,2,1,25,5,0,8,237,0,6/6/2026 9:09
52779,0,0,0. New User (<1 Month),Mobile Phone,3,14,UPI,female,2,3,Laptop & Accessory,3,Married,1,1,22,0,1,4,149,0,6/6/2026 9:09
52780,0,25,3. Core Loyal (>1 Year),Computer,3,35,Debit Card,male,2,3,Mobile Phone,1,Married,3,0,15,1,1,0,135,1,6/6/2026 9:09
52781,0,17,3. Core Loyal (>1 Year),Mobile Phone,1,-1,Credit Card,male,2,3,Mobile Phone,1,Single,7,1,12,1,1,2,124,1,6/6/2026 9:09
52782,0,0,0. New User (<1 Month),Mobile Phone,3,-1,Credit Card,male,2,3,Mobile Phone,5,Single,2,1,11,1,1,2,124,1,6/6/2026 9:09
52783,0,12,2. Mid-Loyal (7-12 Months),Computer,1,15,Debit Card,male,2,3,Others,1,Single,3,0,0,1,1,3,294,1,6/6/2026 9:09
52784,1,0,0. New User (<1 Month),Computer,3,15,E wallet,male,2,3,Mobile Phone,5,Married,2,0,19,1,1,0,118,1,6/6/2026 9:09
52785,0,9,2. Mid-Loyal (7-12 Months),Mobile Phone,3,9,Credit Card,female,3,4,Fashion,1,Married,1,0,19,0,3,4,176,0,6/6/2026 9:09
52786,0,9,2. Mid-Loyal (7-12 Months),Computer,1,10,Debit Card,female,3,3,Laptop & Accessory,4,Married,8,0,13,0,1,2,151,0,6/6/2026 9:09
52787,0,29,3. Core Loyal (>1 Year),Computer,1,7,Debit Card,male,2,3,Laptop & Accessory,3,Married,2,0,21,0,1,9,163,0,6/6/2026 9:09
52788,1,0,0. New User (<1 Month),Mobile Phone,1,7,Credit Card,male,2,3,Mobile Phone,1,Married,10,1,14,2,2,2,148,1,6/6/2026 9:09
52789,0,15,3. Core Loyal (>1 Year),Mobile Phone,1,8,Debit Card,male,2,3,Others,3,Married,6,0,11,0,4,14,289,0,6/6/2026 9:09
52790,1,19,3. Core Loyal (>1 Year),Mobile Phone,1,-1,Cash on Delivery,male,3,3,Mobile Phone,3,Married,9,0,11,6,9,8,123,0.67,6/6/2026 9:09
52791,0,14,3. Core Loyal (>1 Year),Mobile Phone,1,34,Debit Card,female,2,4,Grocery,4,Married,1,0,23,1,0,10,236,0,6/6/2026 9:09
52792,0,7,2. Mid-Loyal (7-12 Months),Mobile Phone,3,34,E wallet,female,3,4,Laptop & Accessory,3,Married,2,0,21,1,1,7,167,1,6/6/2026 9:09
52793,0,9,2. Mid-Loyal (7-12 Months),Computer,3,21,E wallet,male,2,5,Laptop & Accessory,1,Married,2,0,24,5,11,11,154,0.45,6/6/2026 9:09
52794,0,14,3. Core Loyal (>1 Year),Mobile Phone,3,9,Debit Card,male,2,4,Laptop & Accessory,4,Married,3,0,11,1,1,4,189,1,6/6/2026 9:09
52795,0,5,1. Junior User (1-6 Months),Mobile Phone,1,-1,Cash on Delivery,male,3,3,Mobile Phone,5,Single,2,0,14,0,1,2,124,0,6/6/2026 9:09
52796,0,8,2. Mid-Loyal (7-12 Months),Mobile Phone,2,32,Debit Card,female,2,3,Fashion,1,Single,2,1,16,1,1,7,188,1,6/6/2026 9:09
52797,0,11,2. Mid-Loyal (7-12 Months),Mobile Phone,3,16,Debit Card,female,3,3,Laptop & Accessory,1,Married,2,0,11,0,1,9,153,0,6/6/2026 9:09
52798,1,13,3. Core Loyal (>1 Year),Computer,3,7,Debit Card,male,3,3,Laptop & Accessory,3,Married,8,0,12,1,1,1,167,1,6/6/2026 9:09
52799,0,9,2. Mid-Loyal (7-12 Months),Mobile Phone,3,17,E wallet,female,3,4,Laptop & Accessory,1,Married,5,0,13,1,1,0,167,1,6/6/2026 9:09
52800,0,18,3. Core Loyal (>1 Year),Mobile Phone,3,26,Debit Card,female,2,3,Laptop & Accessory,3,Single,9,0,15,0,1,1,149,0,6/6/2026 9:09
52801,0,13,3. Core Loyal (>1 Year),Mobile Phone,1,8,Debit Card,male,0,4,Mobile Phone,3,Single,3,0,14,0,2,2,128,0,6/6/2026 9:09
52802,0,8,2. Mid-Loyal (7-12 Months),Computer,1,24,Debit Card,male,3,3,Laptop & Accessory,3,Married,2,1,14,0,1,2,157,0,6/6/2026 9:09
52803,0,0,0. New User (<1 Month),Mobile Phone,1,8,Credit Card,female,3,3,Mobile Phone,3,Married,3,0,14,0,1,2,120,0,6/6/2026 9:09
52804,0,8,2. Mid-Loyal (7-12 Months),Mobile Phone,1,7,Debit Card,female,0,5,Mobile Phone,1,Married,2,0,12,1,1,1,130,1,6/6/2026 9:09
52805,0,2,1. Junior User (1-6 Months),Mobile Phone,1,19,UPI,male,2,4,Laptop & Accessory,4,Married,5,1,13,0,1,3,140,0,6/6/2026 9:09
52806,0,2,1. Junior User (1-6 Months),Mobile Phone,1,34,Credit Card,female,3,4,Mobile Phone,5,Single,2,0,14,0,1,4,138,0,6/6/2026 9:09
52807,1,13,3. Core Loyal (>1 Year),Mobile Phone,3,34,E wallet,male,2,4,Fashion,5,Married,5,1,13,2,2,0,209,1,6/6/2026 9:09
52808,0,12,2. Mid-Loyal (7-12 Months),Mobile Phone,3,30,E wallet,female,2,4,Grocery,1,Married,1,0,11,3,9,-1,220,0.33,6/6/2026 9:09
52809,0,4,1. Junior User (1-6 Months),Computer,1,11,Credit Card,male,3,3,Laptop & Accessory,5,Single,1,0,19,1,1,7,199,1,6/6/2026 9:09
52810,0,0,0. New User (<1 Month),Mobile Phone,3,11,UPI,female,0,4,Mobile Phone,3,Single,1,0,18,1,1,0,130,1,6/6/2026 9:09
52811,0,9,2. Mid-Loyal (7-12 Months),Computer,1,-1,Credit Card,male,2,1,Laptop & Accessory,1,Married,5,0,17,0,1,3,126,0,6/6/2026 9:09
52812,0,12,2. Mid-Loyal (7-12 Months),Mobile Phone,1,12,Credit Card,male,2,4,Fashion,5,Married,5,0,15,0,1,7,200,0,6/6/2026 9:09
52813,0,0,0. New User (<1 Month),Mobile Phone,1,10,Debit Card,male,2,1,Laptop & Accessory,4,Married,2,1,20,0,1,3,161,0,6/6/2026 9:09
52814,0,22,3. Core Loyal (>1 Year),Computer,3,8,Credit Card,male,3,4,Laptop & Accessory,4,Married,3,0,14,1,1,8,154,1,6/6/2026 9:09
52815,0,7,2. Mid-Loyal (7-12 Months),Mobile Phone,1,14,Credit Card,male,2,1,Laptop & Accessory,3,Married,3,0,12,1,1,2,144,1,6/6/2026 9:09
52816,1,5,1. Junior User (1-6 Months),Mobile Phone,3,7,Debit Card,female,4,4,Laptop & Accessory,2,Single,10,1,12,2,2,6,185,1,6/6/2026 9:09
52817,1,1,1. Junior User (1-6 Months),Mobile Phone,1,9,UPI,male,4,5,Mobile Phone,3,Single,8,1,16,1,2,1,146,0.5,6/6/2026 9:09
52818,1,1,1. Junior User (1-6 Months),Mobile Phone,1,31,Debit Card,male,3,5,Mobile Phone,3,Single,7,1,15,1,2,4,145,0.5,6/6/2026 9:09
52819,1,1,1. Junior User (1-6 Months),Mobile Phone,3,16,Debit Card,male,3,5,Laptop & Accessory,5,Single,9,0,24,1,2,4,159,0.5,6/6/2026 9:09
52820,1,1,1. Junior User (1-6 Months),Mobile Phone,1,13,Credit Card,male,3,4,Mobile Phone,5,Single,4,0,12,2,2,4,155,1,6/6/2026 9:09
52821,1,1,1. Junior User (1-6 Months),Computer,1,23,Debit Card,female,4,6,Mobile Phone,5,Single,3,1,23,5,7,8,164,0.71,6/6/2026 9:09
52822,1,3,1. Junior User (1-6 Months),Mobile Phone,3,12,Cash on Delivery,male,3,4,Laptop & Accessory,2,Divorced,5,0,15,1,2,1,146,0.5,6/6/2026 9:09
52823,1,1,1. Junior User (1-6 Months),Mobile Phone,1,7,Credit Card,male,4,4,Mobile Phone,2,Divorced,4,1,17,3,3,1,148,1,6/6/2026 9:09
52824,1,14,3. Core Loyal (>1 Year),Mobile Phone,3,10,E wallet,male,3,5,Mobile Phone,3,Divorced,3,1,15,1,2,3,152,0.5,6/6/2026 9:09
52825,1,1,1. Junior User (1-6 Months),Mobile Phone,1,32,Debit Card,male,3,6,Mobile Phone,3,Single,3,0,13,2,2,2,148,1,6/6/2026 9:09
52826,1,5,1. Junior User (1-6 Months),Mobile Phone,1,19,Cash on Delivery,female,3,4,Others,3,Divorced,3,0,0,10,16,9,320,0.63,6/6/2026 9:09
52827,1,12,2. Mid-Loyal (7-12 Months),Mobile Phone,1,7,Debit Card,male,4,5,Fashion,3,Single,11,1,14,1,2,1,179,0.5,6/6/2026 9:09
52828,1,1,1. Junior User (1-6 Months),Mobile Phone,1,12,Cash on Delivery,male,3,4,Mobile Phone,3,Single,3,1,14,3,3,3,159,1,6/6/2026 9:09
52829,1,1,1. Junior User (1-6 Months),Mobile Phone,1,16,Credit Card,male,4,5,Mobile Phone,3,Divorced,2,1,18,1,2,1,159,0.5,6/6/2026 9:09
52830,1,10,2. Mid-Loyal (7-12 Months),Mobile Phone,3,16,Credit Card,male,4,5,Fashion,2,Single,3,0,17,1,5,-1,221,0.2,6/6/2026 9:09
52831,1,1,1. Junior User (1-6 Months),Mobile Phone,2,13,UPI,male,4,4,Mobile Phone,5,Married,6,1,23,2,2,3,146,1,6/6/2026 9:09
52832,1,1,1. Junior User (1-6 Months),Computer,1,13,Debit Card,female,4,5,Mobile Phone,2,Single,3,1,19,2,2,1,154,1,6/6/2026 9:09
52833,1,1,1. Junior User (1-6 Months),Mobile Phone,3,12,E wallet,male,3,5,Laptop & Accessory,3,Single,3,1,12,2,2,4,182,1,6/6/2026 9:09
52834,1,1,1. Junior User (1-6 Months),Computer,1,14,Debit Card,male,4,6,Laptop & Accessory,3,Single,3,1,25,2,2,7,186,1,6/6/2026 9:09
52835,1,20,3. Core Loyal (>1 Year),Mobile Phone,1,21,Debit Card,female,4,4,Mobile Phone,4,Divorced,11,1,19,2,5,4,175,0.4,6/6/2026 9:09
52836,1,1,1. Junior User (1-6 Months),Mobile Phone,3,13,Debit Card,male,4,6,Laptop & Accessory,3,Divorced,6,1,19,7,8,8,187,0.88,6/6/2026 9:09
52837,1,21,3. Core Loyal (>1 Year),Mobile Phone,1,30,Credit Card,female,4,4,Fashion,2,Divorced,3,0,13,12,16,-1,228,0.75,6/6/2026 9:09
52838,1,1,1. Junior User (1-6 Months),Mobile Phone,3,29,E wallet,male,3,4,Mobile Phone,3,Single,3,1,20,1,2,1,142,0.5,6/6/2026 9:09
52839,1,1,1. Junior User (1-6 Months),Mobile Phone,3,27,Debit Card,female,4,6,Laptop & Accessory,3,Divorced,5,1,12,2,3,3,171,0.67,6/6/2026 9:09
52840,1,15,3. Core Loyal (>1 Year),Computer,1,15,Debit Card,male,3,6,Fashion,2,Single,4,0,16,1,2,4,232,0.5,6/6/2026 9:09
52841,1,1,1. Junior User (1-6 Months),Mobile Phone,1,16,Credit Card,female,3,4,Mobile Phone,5,Single,9,0,23,2,2,5,167,1,6/6/2026 9:09
52842,0,9,2. Mid-Loyal (7-12 Months),Mobile Phone,3,7,E wallet,male,4,4,Fashion,4,Divorced,3,0,14,2,2,7,198,1,6/6/2026 9:09
52843,0,27,3. Core Loyal (>1 Year),Mobile Phone,3,13,E wallet,male,3,4,Laptop & Accessory,3,Divorced,4,1,21,1,5,6,148,0.2,6/6/2026 9:09
52844,0,19,3. Core Loyal (>1 Year),Mobile Phone,1,16,Debit Card,male,3,4,Laptop & Accessory,4,Married,10,0,19,2,2,16,148,1,6/6/2026 9:09
52845,0,6,1. Junior User (1-6 Months),Computer,3,15,E wallet,female,3,4,Fashion,2,Single,3,0,15,3,4,-1,215,0.75,6/6/2026 9:09
52846,0,3,1. Junior User (1-6 Months),Computer,1,7,Cash on Delivery,male,3,4,Laptop & Accessory,3,Divorced,3,0,14,1,2,10,168,0.5,6/6/2026 9:09
52847,0,1,1. Junior User (1-6 Months),Mobile Phone,1,14,Credit Card,male,3,5,Laptop & Accessory,3,Divorced,4,0,18,2,2,1,186,1,6/6/2026 9:09
52848,0,31,3. Core Loyal (>1 Year),Mobile Phone,1,16,Credit Card,female,4,5,Mobile Phone,4,Divorced,6,1,21,2,2,1,158,1,6/6/2026 9:09
52849,0,14,3. Core Loyal (>1 Year),Mobile Phone,3,11,E wallet,male,4,5,Fashion,2,Divorced,9,0,12,3,0,12,234,0,6/6/2026 9:09
52850,0,8,2. Mid-Loyal (7-12 Months),Computer,3,9,E wallet,female,4,4,Mobile Phone,3,Divorced,8,0,19,2,2,3,147,1,6/6/2026 9:09
52851,0,1,1. Junior User (1-6 Months),Mobile Phone,1,26,Credit Card,male,4,4,Mobile Phone,2,Divorced,3,0,25,1,3,3,148,0.33,6/6/2026 9:09
52852,0,1,1. Junior User (1-6 Months),Computer,1,16,Credit Card,male,3,4,Mobile Phone,4,Married,8,0,19,1,3,3,145,0.33,6/6/2026 9:09
52853,0,2,1. Junior User (1-6 Months),Mobile Phone,1,28,Credit Card,male,3,4,Mobile Phone,2,Divorced,3,0,12,1,2,3,152,0.5,6/6/2026 9:09
52854,0,31,3. Core Loyal (>1 Year),Mobile Phone,1,31,Debit Card,male,3,3,Fashion,2,Married,5,1,17,2,2,-1,219,1,6/6/2026 9:09
52855,0,1,1. Junior User (1-6 Months),Computer,1,10,Credit Card,male,4,5,Mobile Phone,3,Married,3,1,16,1,2,2,151,0.5,6/6/2026 9:09
52856,0,24,3. Core Loyal (>1 Year),Mobile Phone,1,18,Debit Card,female,3,4,Others,4,Single,5,0,16,3,5,5,324,0.6,6/6/2026 9:09
52857,0,15,3. Core Loyal (>1 Year),Mobile Phone,1,21,Debit Card,male,3,4,Mobile Phone,3,Married,6,0,13,2,2,9,150,1,6/6/2026 9:09
52858,0,4,1. Junior User (1-6 Months),Mobile Phone,3,12,Debit Card,female,3,4,Fashion,2,Divorced,4,0,13,3,8,-1,219,0.38,6/6/2026 9:09
52859,0,12,2. Mid-Loyal (7-12 Months),Mobile Phone,3,7,Debit Card,female,3,5,Laptop & Accessory,2,Single,6,0,23,2,2,-1,212,1,6/6/2026 9:09
52860,0,6,1. Junior User (1-6 Months),Mobile Phone,1,13,Debit Card,male,3,4,Mobile Phone,3,Single,5,0,21,1,2,5,155,0.5,6/6/2026 9:09
52861,0,1,1. Junior User (1-6 Months),Mobile Phone,1,24,Cash on Delivery,male,3,4,Mobile Phone,4,Divorced,2,1,17,2,2,2,156,1,6/6/2026 9:09
52862,1,1,1. Junior User (1-6 Months),Computer,3,7,Cash on Delivery,female,4,6,Mobile Phone,5,Single,2,0,22,2,2,1,148,1,6/6/2026 9:09
52863,0,10,2. Mid-Loyal (7-12 Months),Computer,1,10,Credit Card,male,2,4,Mobile Phone,4,Single,6,0,13,5,8,3,146,0.63,6/6/2026 9:09
52864,0,4,1. Junior User (1-6 Months),Computer,1,16,Credit Card,male,4,4,Laptop & Accessory,5,Married,3,0,12,1,7,11,156,0.14,6/6/2026 9:09
52865,0,19,3. Core Loyal (>1 Year),Mobile Phone,3,11,Debit Card,female,2,4,Laptop & Accessory,5,Married,6,1,12,1,2,4,175,0.5,6/6/2026 9:09
52866,0,30,3. Core Loyal (>1 Year),Mobile Phone,1,15,Debit Card,female,4,4,Mobile Phone,5,Married,6,1,19,2,3,3,168,0.67,6/6/2026 9:09
52867,0,7,2. Mid-Loyal (7-12 Months),Mobile Phone,1,9,Debit Card,male,3,4,Mobile Phone,2,Single,2,0,15,1,2,3,150,0.5,6/6/2026 9:09
52868,1,1,1. Junior User (1-6 Months),Mobile Phone,1,9,Debit Card,male,3,5,Mobile Phone,2,Single,3,0,23,1,2,1,136,0.5,6/6/2026 9:09
52869,0,20,3. Core Loyal (>1 Year),Mobile Phone,3,7,E wallet,female,4,4,Fashion,5,Married,3,0,26,5,16,-1,230,0.31,6/6/2026 9:09
52870,0,12,2. Mid-Loyal (7-12 Months),Mobile Phone,1,16,Debit Card,female,4,4,Mobile Phone,2,Single,3,0,13,2,3,2,148,0.67,6/6/2026 9:09
52871,0,5,1. Junior User (1-6 Months),Mobile Phone,1,19,Credit Card,female,4,4,Mobile Phone,2,Divorced,10,1,24,2,2,3,164,1,6/6/2026 9:09
52872,0,8,2. Mid-Loyal (7-12 Months),Mobile Phone,1,34,Credit Card,female,4,4,Mobile Phone,4,Single,4,0,16,2,2,3,148,1,6/6/2026 9:09
52873,1,5,1. Junior User (1-6 Months),Mobile Phone,3,27,E wallet,female,4,4,Mobile Phone,4,Single,3,1,23,1,2,3,156,0.5,6/6/2026 9:09
52874,0,24,3. Core Loyal (>1 Year),Mobile Phone,1,7,Credit Card,male,3,5,Mobile Phone,3,Divorced,4,0,16,1,2,3,162,0.5,6/6/2026 9:09
52875,0,27,3. Core Loyal (>1 Year),Mobile Phone,1,20,Credit Card,female,3,3,Laptop & Accessory,5,Married,3,0,12,2,2,4,170,1,6/6/2026 9:09
52876,0,7,2. Mid-Loyal (7-12 Months),Mobile Phone,1,21,Credit Card,female,4,4,Mobile Phone,4,Divorced,3,0,14,1,2,7,153,0.5,6/6/2026 9:09
52877,0,14,3. Core Loyal (>1 Year),Mobile Phone,1,11,Credit Card,female,3,4,Others,3,Divorced,3,0,0,1,10,10,315,0.1,6/6/2026 9:09
52878,0,29,3. Core Loyal (>1 Year),Mobile Phone,1,21,Credit Card,male,4,3,Others,4,Single,10,0,0,1,3,16,312,0.33,6/6/2026 9:09
52879,0,8,2. Mid-Loyal (7-12 Months),Computer,1,9,Debit Card,male,3,5,Laptop & Accessory,3,Divorced,3,0,18,1,2,-1,220,0.5,6/6/2026 9:09
52880,0,25,3. Core Loyal (>1 Year),Mobile Phone,1,10,Credit Card,female,4,4,Grocery,4,Single,5,0,19,0,2,1,262,0,6/6/2026 9:09
52881,0,26,3. Core Loyal (>1 Year),Mobile Phone,1,7,Debit Card,male,4,5,Others,3,Divorced,2,0,15,2,12,10,325,0.17,6/6/2026 9:09
52882,0,1,1. Junior User (1-6 Months),Mobile Phone,1,16,Credit Card,female,3,4,Mobile Phone,4,Single,3,0,17,2,2,4,148,1,6/6/2026 9:09
52883,1,1,1. Junior User (1-6 Months),Mobile Phone,1,30,Debit Card,male,3,5,Laptop & Accessory,3,Divorced,5,1,14,2,2,2,184,1,6/6/2026 9:09
52884,0,17,3. Core Loyal (>1 Year),Computer,1,14,Credit Card,male,3,3,Mobile Phone,2,Married,6,0,15,1,3,3,146,0.33,6/6/2026 9:09
52885,0,19,3. Core Loyal (>1 Year),Computer,1,9,Credit Card,male,4,5,Grocery,2,Divorced,11,0,0,10,12,9,293,0.83,6/6/2026 9:09
52886,0,11,2. Mid-Loyal (7-12 Months),Mobile Phone,1,28,Debit Card,male,4,3,Mobile Phone,5,Divorced,3,1,13,1,2,8,161,0.5,6/6/2026 9:09
52887,0,9,2. Mid-Loyal (7-12 Months),Computer,1,9,Credit Card,female,3,4,Laptop & Accessory,4,Single,7,0,12,2,2,3,169,1,6/6/2026 9:09
52888,0,16,3. Core Loyal (>1 Year),Computer,1,28,Credit Card,female,3,4,Laptop & Accessory,3,Married,4,0,17,1,2,3,178,0.5,6/6/2026 9:09
52889,0,12,2. Mid-Loyal (7-12 Months),Mobile Phone,1,9,Debit Card,male,3,4,Laptop & Accessory,3,Divorced,11,0,15,1,2,1,191,0.5,6/6/2026 9:09
52890,0,12,2. Mid-Loyal (7-12 Months),Mobile Phone,1,36,Cash on Delivery,male,3,4,Laptop & Accessory,2,Divorced,5,0,19,1,2,8,188,0.5,6/6/2026 9:09
52891,0,1,1. Junior User (1-6 Months),Computer,1,7,Cash on Delivery,male,3,5,Laptop & Accessory,5,Divorced,7,0,20,1,3,1,168,0.33,6/6/2026 9:09
52892,0,23,3. Core Loyal (>1 Year),Computer,1,25,Debit Card,male,4,4,Laptop & Accessory,2,Married,3,1,16,1,2,8,193,0.5,6/6/2026 9:09
52893,0,8,2. Mid-Loyal (7-12 Months),Computer,1,17,Credit Card,male,3,4,Mobile Phone,3,Married,3,1,18,3,3,1,163,1,6/6/2026 9:09
52894,0,14,3. Core Loyal (>1 Year),Mobile Phone,1,26,Credit Card,male,3,4,Laptop & Accessory,2,Divorced,10,1,16,2,4,8,152,0.5,6/6/2026 9:09
52895,1,2,1. Junior User (1-6 Months),Mobile Phone,1,36,Credit Card,male,4,4,Laptop & Accessory,5,Divorced,9,1,20,1,2,1,192,0.5,6/6/2026 9:09
52896,1,1,1. Junior User (1-6 Months),Mobile Phone,3,34,E wallet,female,3,4,Fashion,2,Divorced,3,0,23,2,2,10,201,1,6/6/2026 9:09
52897,0,1,1. Junior User (1-6 Months),Mobile Phone,1,12,Debit Card,male,3,3,Mobile Phone,4,Married,3,1,17,1,3,3,148,0.33,6/6/2026 9:09
52898,0,10,2. Mid-Loyal (7-12 Months),Computer,1,25,Credit Card,female,4,4,Mobile Phone,2,Single,3,0,14,2,2,8,147,1,6/6/2026 9:09
52899,0,14,3. Core Loyal (>1 Year),Computer,1,16,Debit Card,male,4,5,Laptop & Accessory,2,Divorced,11,0,15,2,2,3,174,1,6/6/2026 9:09
52900,0,20,3. Core Loyal (>1 Year),Mobile Phone,1,7,Credit Card,male,4,4,Fashion,5,Married,9,0,17,1,2,-1,219,0.5,6/6/2026 9:09
52901,1,1,1. Junior User (1-6 Months),Mobile Phone,3,11,Credit Card,male,3,6,Fashion,2,Divorced,3,0,12,8,10,-1,229,0.8,6/6/2026 9:09
52902,0,4,1. Junior User (1-6 Months),Computer,1,7,Debit Card,male,3,5,Fashion,3,Single,3,0,23,3,6,-1,210,0.5,6/6/2026 9:09
52903,0,1,1. Junior User (1-6 Months),Computer,3,27,Debit Card,female,3,4,Laptop & Accessory,3,Single,3,0,15,2,2,-1,225,1,6/6/2026 9:09
52904,0,25,3. Core Loyal (>1 Year),Mobile Phone,1,15,Debit Card,male,3,5,Fashion,4,Divorced,7,0,17,2,0,8,250,0,6/6/2026 9:09
52905,1,1,1. Junior User (1-6 Months),Mobile Phone,1,10,Cash on Delivery,female,3,4,Mobile Phone,5,Single,7,1,12,2,2,5,152,1,6/6/2026 9:09
52906,0,15,3. Core Loyal (>1 Year),Mobile Phone,3,13,Debit Card,female,4,4,Fashion,2,Single,5,1,19,1,2,1,261,0.5,6/6/2026 9:09
52907,1,1,1. Junior User (1-6 Months),Computer,3,33,E wallet,female,3,5,Laptop & Accessory,5,Single,7,0,16,1,2,2,192,0.5,6/6/2026 9:09
52908,1,1,1. Junior User (1-6 Months),Mobile Phone,1,7,Cash on Delivery,male,3,4,Mobile Phone,3,Single,2,0,15,1,2,6,146,0.5,6/6/2026 9:09
52909,0,19,3. Core Loyal (>1 Year),Computer,3,13,Credit Card,female,3,5,Fashion,2,Single,8,0,13,13,13,-1,214,1,6/6/2026 9:09
52910,0,28,3. Core Loyal (>1 Year),Mobile Phone,3,10,E wallet,female,3,4,Laptop & Accessory,5,Divorced,4,0,15,2,2,6,184,1,6/6/2026 9:09
52911,0,10,2. Mid-Loyal (7-12 Months),Mobile Phone,1,12,Debit Card,male,4,4,Laptop & Accessory,4,Single,10,0,17,1,4,8,184,0.25,6/6/2026 9:09
52912,0,7,2. Mid-Loyal (7-12 Months),Mobile Phone,1,11,Credit Card,female,3,5,Mobile Phone,4,Divorced,8,0,22,1,2,2,151,0.5,6/6/2026 9:09
52913,0,11,2. Mid-Loyal (7-12 Months),Computer,1,18,UPI,male,3,4,Fashion,2,Married,3,1,15,1,0,8,247,0,6/6/2026 9:09
52914,0,12,2. Mid-Loyal (7-12 Months),Mobile Phone,3,10,Debit Card,male,4,4,Fashion,3,Married,2,0,13,2,6,-1,231,0.33,6/6/2026 9:09
52915,0,5,1. Junior User (1-6 Months),Computer,1,7,Credit Card,male,3,6,Laptop & Accessory,3,Divorced,2,0,13,2,2,5,168,1,6/6/2026 9:09
52916,0,31,3. Core Loyal (>1 Year),Mobile Phone,1,10,Debit Card,male,4,5,Mobile Phone,2,Divorced,5,0,18,1,2,1,147,0.5,6/6/2026 9:09
52917,0,11,2. Mid-Loyal (7-12 Months),Computer,3,11,E wallet,male,3,4,Mobile Phone,2,Married,6,0,18,2,6,9,25,0.33,6/6/2026 9:09
52918,0,3,1. Junior User (1-6 Months),Computer,3,7,Credit Card,female,3,4,Fashion,2,Divorced,3,0,15,5,5,2,204,1,6/6/2026 9:09
52919,0,9,2. Mid-Loyal (7-12 Months),Computer,3,7,E wallet,female,4,4,Fashion,3,Single,3,0,15,2,2,-1,213,1,6/6/2026 9:09
52920,1,1,1. Junior User (1-6 Months),Mobile Phone,1,25,Credit Card,male,3,5,Mobile Phone,2,Single,3,1,14,1,2,2,149,0.5,6/6/2026 9:09
52921,0,26,3. Core Loyal (>1 Year),Mobile Phone,1,9,Debit Card,female,3,5,Mobile Phone,2,Single,9,0,16,1,3,3,157,0.33,6/6/2026 9:09
52922,0,16,3. Core Loyal (>1 Year),Mobile Phone,1,11,Cash on Delivery,male,3,4,Others,2,Divorced,3,0,0,1,12,16,317,0.08,6/6/2026 9:09
52923,0,31,3. Core Loyal (>1 Year),Mobile Phone,2,13,Credit Card,male,3,4,Mobile Phone,3,Divorced,10,0,18,3,3,3,148,1,6/6/2026 9:09
52924,0,24,3. Core Loyal (>1 Year),Mobile Phone,3,7,Credit Card,female,4,4,Others,2,Married,5,0,0,2,2,7,320,1,6/6/2026 9:09
52925,1,1,1. Junior User (1-6 Months),Mobile Phone,1,21,Credit Card,male,3,4,Mobile Phone,2,Divorced,7,1,14,1,2,5,149,0.5,6/6/2026 9:09
52926,0,17,3. Core Loyal (>1 Year),Mobile Phone,3,23,E wallet,female,4,4,Grocery,2,Divorced,7,1,23,0,2,10,286,0,6/6/2026 9:09
52927,1,1,1. Junior User (1-6 Months),Mobile Phone,1,9,Debit Card,female,3,4,Mobile Phone,5,Divorced,9,0,21,2,2,8,152,1,6/6/2026 9:09
52928,0,26,3. Core Loyal (>1 Year),Computer,3,9,Debit Card,male,4,5,Others,3,Single,3,1,0,8,16,13,316,0.5,6/6/2026 9:09
52929,0,6,1. Junior User (1-6 Months),Mobile Phone,3,11,Debit Card,female,3,4,Mobile Phone,4,Divorced,4,0,12,2,2,3,164,1,6/6/2026 9:09
52930,1,1,1. Junior User (1-6 Months),Mobile Phone,1,7,Debit Card,male,4,5,Mobile Phone,3,Single,2,1,15,2,2,3,162,1,6/6/2026 9:09
52931,0,13,3. Core Loyal (>1 Year),Mobile Phone,1,7,Credit Card,female,4,4,Mobile Phone,3,Married,9,0,15,1,2,3,147,0.5,6/6/2026 9:09
52932,0,6,1. Junior User (1-6 Months),Computer,3,33,E wallet,male,4,4,Laptop & Accessory,2,Divorced,2,0,19,2,3,3,170,0.67,6/6/2026 9:09
52933,0,15,3. Core Loyal (>1 Year),Mobile Phone,1,26,Debit Card,male,3,4,Laptop & Accessory,5,Married,4,0,17,2,2,1,156,1,6/6/2026 9:09
52934,0,14,3. Core Loyal (>1 Year),Mobile Phone,1,31,Cash on Delivery,male,4,4,Laptop & Accessory,2,Married,3,0,18,3,5,8,158,0.6,6/6/2026 9:09
52935,0,19,3. Core Loyal (>1 Year),Mobile Phone,1,7,UPI,male,4,3,Others,2,Divorced,2,0,0,2,2,8,317,1,6/6/2026 9:09
52936,0,5,1. Junior User (1-6 Months),Computer,1,10,Credit Card,male,4,4,Fashion,3,Married,11,0,13,0,3,3,262,0,6/6/2026 9:09
52937,0,7,2. Mid-Loyal (7-12 Months),Mobile Phone,1,12,Debit Card,female,4,5,Mobile Phone,2,Divorced,3,0,14,1,2,3,154,0.5,6/6/2026 9:09
52938,0,8,2. Mid-Loyal (7-12 Months),Mobile Phone,1,9,Debit Card,male,3,5,Laptop & Accessory,5,Divorced,8,0,14,1,6,10,185,0.17,6/6/2026 9:09
52939,0,11,2. Mid-Loyal (7-12 Months),Mobile Phone,1,7,Credit Card,female,3,5,Mobile Phone,5,Divorced,4,0,15,2,2,3,164,1,6/6/2026 9:09
52940,0,19,3. Core Loyal (>1 Year),Computer,1,14,Debit Card,male,4,3,Laptop & Accessory,3,Divorced,6,0,18,1,2,3,189,0.5,6/6/2026 9:09
52941,1,1,1. Junior User (1-6 Months),Computer,1,17,Credit Card,male,4,4,Fashion,3,Married,8,0,12,2,2,-1,225,1,6/6/2026 9:09
52942,0,13,3. Core Loyal (>1 Year),Computer,1,9,Cash on Delivery,female,4,4,Fashion,3,Single,2,0,26,11,0,9,234,0,6/6/2026 9:09
52943,0,3,1. Junior User (1-6 Months),Mobile Phone,1,22,Debit Card,male,3,4,Mobile Phone,2,Single,3,0,20,1,2,6,148,0.5,6/6/2026 9:09
52944,0,16,3. Core Loyal (>1 Year),Mobile Phone,1,24,Debit Card,female,3,3,Laptop & Accessory,5,Single,5,1,14,1,2,3,190,0.5,6/6/2026 9:09
52945,0,3,1. Junior User (1-6 Months),Mobile Phone,3,27,E wallet,male,3,4,Laptop & Accessory,2,Married,4,0,15,2,2,3,194,1,6/6/2026 9:09
52946,0,1,1. Junior User (1-6 Months),Mobile Phone,1,7,Debit Card,female,4,4,Laptop & Accessory,3,Divorced,2,0,13,2,2,3,174,1,6/6/2026 9:09
52947,0,16,3. Core Loyal (>1 Year),Mobile Phone,1,9,Credit Card,female,3,5,Mobile Phone,5,Married,2,1,12,5,8,9,151,0.63,6/6/2026 9:09
52948,0,14,3. Core Loyal (>1 Year),Mobile Phone,1,9,Credit Card,male,3,4,Others,3,Married,2,0,0,1,4,10,319,0.25,6/6/2026 9:09
52949,0,25,3. Core Loyal (>1 Year),Mobile Phone,1,7,Debit Card,male,4,4,Mobile Phone,2,Divorced,3,0,12,2,2,1,152,1,6/6/2026 9:09
52950,1,1,1. Junior User (1-6 Months),Computer,1,36,Credit Card,male,4,5,Mobile Phone,4,Single,2,0,12,2,2,5,160,1,6/6/2026 9:09
52951,0,6,1. Junior User (1-6 Months),Computer,1,14,Debit Card,male,4,3,Mobile Phone,4,Divorced,3,0,21,1,2,4,153,0.5,6/6/2026 9:09
52952,0,12,2. Mid-Loyal (7-12 Months),Computer,3,9,Debit Card,male,3,5,Laptop & Accessory,2,Divorced,5,0,19,7,8,6,177,0.88,6/6/2026 9:09
52953,0,6,1. Junior User (1-6 Months),Mobile Phone,1,9,Cash on Delivery,male,3,5,Laptop & Accessory,5,Single,6,0,14,1,2,5,147,0.5,6/6/2026 9:09
52954,0,20,3. Core Loyal (>1 Year),Mobile Phone,3,9,Cash on Delivery,female,4,6,Grocery,4,Divorced,5,1,0,7,8,8,294,0.88,6/6/2026 9:09
52955,1,1,1. Junior User (1-6 Months),Mobile Phone,1,9,Debit Card,male,4,4,Mobile Phone,3,Single,4,0,12,2,2,1,160,1,6/6/2026 9:09
52956,0,3,1. Junior User (1-6 Months),Mobile Phone,3,9,Credit Card,male,4,5,Laptop & Accessory,4,Divorced,4,0,20,1,2,1,191,0.5,6/6/2026 9:09
52957,0,5,1. Junior User (1-6 Months),Mobile Phone,1,30,Credit Card,male,4,5,Laptop & Accessory,2,Divorced,2,0,22,2,8,9,181,0.25,6/6/2026 9:09
52958,0,1,1. Junior User (1-6 Months),Computer,1,12,Debit Card,male,3,3,Laptop & Accessory,5,Married,3,0,13,2,2,6,165,1,6/6/2026 9:09
52959,0,19,3. Core Loyal (>1 Year),Mobile Phone,1,27,Credit Card,male,4,4,Grocery,2,Divorced,2,1,15,1,0,11,260,0,6/6/2026 9:09
52960,0,10,2. Mid-Loyal (7-12 Months),Mobile Phone,1,13,Debit Card,male,3,4,Mobile Phone,2,Divorced,2,0,12,5,11,12,157,0.45,6/6/2026 9:09
52961,0,29,3. Core Loyal (>1 Year),Mobile Phone,1,7,Credit Card,male,3,4,Others,5,Single,2,1,0,5,5,14,315,1,6/6/2026 9:09
52962,1,11,2. Mid-Loyal (7-12 Months),Computer,1,36,Debit Card,male,3,4,Fashion,4,Divorced,3,1,13,6,0,10,243,0,6/6/2026 9:09
52963,0,2,1. Junior User (1-6 Months),Mobile Phone,1,16,Credit Card,male,4,4,Mobile Phone,2,Divorced,3,0,24,2,2,5,146,1,6/6/2026 9:09
52964,0,11,2. Mid-Loyal (7-12 Months),Mobile Phone,3,13,Credit Card,male,4,4,Laptop & Accessory,2,Divorced,6,0,15,1,2,2,190,0.5,6/6/2026 9:09
52965,0,1,1. Junior User (1-6 Months),Mobile Phone,1,10,Credit Card,male,4,5,Mobile Phone,3,Single,3,0,18,2,2,1,157,1,6/6/2026 9:09
52966,0,11,2. Mid-Loyal (7-12 Months),Computer,1,7,Credit Card,female,1,4,Fashion,2,Married,4,1,19,0,2,3,261,0,6/6/2026 9:09
52967,0,3,1. Junior User (1-6 Months),Mobile Phone,1,29,Debit Card,female,4,3,Fashion,4,Married,9,0,19,6,0,3,245,0,6/6/2026 9:09
52968,0,12,2. Mid-Loyal (7-12 Months),Mobile Phone,3,14,Credit Card,female,3,3,Laptop & Accessory,5,Married,3,1,25,1,8,8,181,0.13,6/6/2026 9:09
52969,0,1,1. Junior User (1-6 Months),Computer,1,7,Debit Card,female,3,4,Laptop & Accessory,4,Married,3,0,21,1,2,5,189,0.5,6/6/2026 9:09
52970,0,24,3. Core Loyal (>1 Year),Mobile Phone,1,11,Debit Card,male,4,4,Others,4,Married,5,0,0,2,2,7,316,1,6/6/2026 9:09
52971,0,27,3. Core Loyal (>1 Year),Mobile Phone,1,10,Credit Card,male,3,4,Grocery,3,Divorced,5,1,0,1,2,4,301,0.5,6/6/2026 9:09
52972,0,16,3. Core Loyal (>1 Year),Mobile Phone,3,7,Debit Card,male,3,4,Laptop & Accessory,3,Divorced,3,0,26,5,12,7,174,0.42,6/6/2026 9:09
52973,0,3,1. Junior User (1-6 Months),Computer,3,9,Debit Card,male,3,4,Laptop & Accessory,2,Single,3,0,19,1,2,10,171,0.5,6/6/2026 9:09
52974,0,29,3. Core Loyal (>1 Year),Mobile Phone,1,27,Cash on Delivery,male,3,4,Laptop & Accessory,2,Divorced,5,1,20,2,2,9,179,1,6/6/2026 9:09
52975,0,1,1. Junior User (1-6 Months),Computer,1,18,Credit Card,male,3,4,Laptop & Accessory,5,Divorced,3,1,14,3,4,4,172,0.75,6/6/2026 9:09
52976,0,11,2. Mid-Loyal (7-12 Months),Mobile Phone,1,7,Debit Card,female,3,4,Mobile Phone,2,Single,3,0,13,2,6,8,146,0.33,6/6/2026 9:09
52977,1,8,2. Mid-Loyal (7-12 Months),Computer,1,31,Debit Card,male,3,4,Mobile Phone,3,Married,5,1,23,1,2,1,157,0.5,6/6/2026 9:09
52978,0,12,2. Mid-Loyal (7-12 Months),Mobile Phone,1,30,Debit Card,male,3,4,Laptop & Accessory,2,Married,11,0,15,1,2,3,182,0.5,6/6/2026 9:09
52979,1,1,1. Junior User (1-6 Months),Mobile Phone,1,23,Credit Card,male,3,4,Mobile Phone,4,Married,4,1,14,2,2,3,149,1,6/6/2026 9:09
52980,0,2,1. Junior User (1-6 Months),Mobile Phone,1,15,Debit Card,female,4,4,Mobile Phone,2,Single,3,0,22,1,2,3,158,0.5,6/6/2026 9:09
52981,0,23,3. Core Loyal (>1 Year),Computer,1,17,Debit Card,female,3,4,Others,5,Single,11,1,0,1,2,3,312,0.5,6/6/2026 9:09
52982,0,10,2. Mid-Loyal (7-12 Months),Mobile Phone,1,10,Cash on Delivery,male,2,4,Laptop & Accessory,4,Single,6,0,13,7,8,8,170,0.88,6/6/2026 9:09
52983,0,5,1. Junior User (1-6 Months),Computer,3,12,E wallet,female,3,4,Mobile Phone,4,Married,3,0,12,1,3,3,153,0.33,6/6/2026 9:09
52984,1,1,1. Junior User (1-6 Months),Mobile Phone,3,11,E wallet,male,3,5,Laptop & Accessory,2,Single,3,1,13,8,8,5,183,1,6/6/2026 9:09
52985,0,11,2. Mid-Loyal (7-12 Months),Computer,1,16,Credit Card,male,3,4,Mobile Phone,2,Divorced,3,1,13,1,2,3,148,0.5,6/6/2026 9:09
52986,0,16,3. Core Loyal (>1 Year),Computer,3,33,E wallet,female,4,4,Grocery,4,Divorced,7,0,15,3,0,9,260,0,6/6/2026 9:09
52987,1,1,1. Junior User (1-6 Months),Mobile Phone,1,10,Debit Card,male,3,4,Mobile Phone,3,Single,3,0,14,1,2,1,139,0.5,6/6/2026 9:09
52988,0,9,2. Mid-Loyal (7-12 Months),Mobile Phone,3,23,E wallet,male,4,4,Fashion,4,Divorced,2,0,16,4,7,10,205,0.57,6/6/2026 9:09
52989,0,10,2. Mid-Loyal (7-12 Months),Computer,1,25,Debit Card,male,3,3,Mobile Phone,2,Divorced,6,0,19,1,2,1,162,0.5,6/6/2026 9:09
52990,0,25,3. Core Loyal (>1 Year),Mobile Phone,1,9,Credit Card,male,3,6,Laptop & Accessory,4,Married,7,0,19,1,2,3,180,0.5,6/6/2026 9:09
52991,0,15,3. Core Loyal (>1 Year),Mobile Phone,3,9,Debit Card,male,3,4,Grocery,4,Single,3,0,20,0,2,5,285,0,6/6/2026 9:09
52992,0,1,1. Junior User (1-6 Months),Mobile Phone,3,17,Credit Card,female,4,5,Mobile Phone,3,Single,3,0,13,2,2,1,137,1,6/6/2026 9:09
52993,0,2,1. Junior User (1-6 Months),Mobile Phone,1,23,Credit Card,male,4,3,Laptop & Accessory,5,Single,2,0,20,1,2,8,182,0.5,6/6/2026 9:09
52994,0,5,1. Junior User (1-6 Months),Mobile Phone,3,14,Cash on Delivery,male,4,3,Laptop & Accessory,2,Divorced,6,0,12,4,8,8,194,0.5,6/6/2026 9:09
52995,0,13,3. Core Loyal (>1 Year),Mobile Phone,1,7,Credit Card,male,3,3,Fashion,2,Married,2,0,18,4,4,-1,221,1,6/6/2026 9:09
52996,0,10,2. Mid-Loyal (7-12 Months),Computer,1,31,Debit Card,female,3,4,Laptop & Accessory,4,Divorced,9,0,16,1,2,9,182,0.5,6/6/2026 9:09
52997,0,6,1. Junior User (1-6 Months),Mobile Phone,3,14,Debit Card,male,4,5,Laptop & Accessory,3,Divorced,3,0,15,2,5,9,180,0.4,6/6/2026 9:09
52998,0,12,2. Mid-Loyal (7-12 Months),Mobile Phone,1,32,Debit Card,female,3,5,Fashion,4,Divorced,5,0,18,2,0,2,246,0,6/6/2026 9:09
52999,0,31,3. Core Loyal (>1 Year),Computer,1,7,Debit Card,male,3,6,Laptop & Accessory,3,Married,4,1,14,2,2,3,182,1,6/6/2026 9:09
53000,0,5,1. Junior User (1-6 Months),Mobile Phone,1,12,Cash on Delivery,male,3,4,Mobile Phone,2,Divorced,2,1,13,1,2,4,173,0.5,6/6/2026 9:09
53001,0,5,1. Junior User (1-6 Months),Mobile Phone,2,9,UPI,male,4,5,Laptop & Accessory,5,Divorced,5,0,13,1,2,1,189,0.5,6/6/2026 9:09
53002,0,19,3. Core Loyal (>1 Year),Computer,1,14,Debit Card,male,4,4,Fashion,5,Married,3,0,19,6,10,12,177,0.6,6/6/2026 9:09
53003,0,5,1. Junior User (1-6 Months),Mobile Phone,1,9,Debit Card,male,3,4,Mobile Phone,2,Married,2,1,19,2,3,3,152,0.67,6/6/2026 9:09
53004,0,7,2. Mid-Loyal (7-12 Months),Computer,1,12,Debit Card,female,4,4,Fashion,4,Divorced,8,0,12,3,0,9,244,0,6/6/2026 9:09
53005,0,13,3. Core Loyal (>1 Year),Mobile Phone,1,17,Credit Card,male,3,4,Grocery,5,Divorced,3,1,0,12,12,11,296,1,6/6/2026 9:09
53006,0,17,3. Core Loyal (>1 Year),Computer,1,17,Debit Card,female,3,4,Mobile Phone,2,Single,2,0,20,1,2,8,150,0.5,6/6/2026 9:09
53007,0,23,3. Core Loyal (>1 Year),Mobile Phone,1,7,Cash on Delivery,female,3,5,Grocery,3,Single,9,1,13,0,2,8,265,0,6/6/2026 9:09
53008,1,16,3. Core Loyal (>1 Year),Mobile Phone,1,15,Credit Card,male,3,5,Laptop & Accessory,4,Divorced,4,0,16,8,8,8,174,1,6/6/2026 9:09
53009,0,1,1. Junior User (1-6 Months),Mobile Phone,1,12,Debit Card,female,3,4,Mobile Phone,4,Single,3,1,13,1,2,3,150,0.5,6/6/2026 9:09
53010,0,6,1. Junior User (1-6 Months),Mobile Phone,3,15,Cash on Delivery,female,4,5,Laptop & Accessory,4,Divorced,3,1,12,7,12,10,177,0.58,6/6/2026 9:09
53011,0,1,1. Junior User (1-6 Months),Mobile Phone,3,9,Debit Card,male,4,4,Laptop & Accessory,3,Single,3,1,12,2,2,5,170,1,6/6/2026 9:09
53012,0,5,1. Junior User (1-6 Months),Mobile Phone,3,14,E wallet,male,4,4,Laptop & Accessory,2,Married,6,0,13,1,2,8,200,0.5,6/6/2026 9:09
53013,0,6,1. Junior User (1-6 Months),Mobile Phone,1,9,Credit Card,female,4,3,Laptop & Accessory,2,Single,9,0,17,2,2,8,176,1,6/6/2026 9:09
53014,1,1,1. Junior User (1-6 Months),Mobile Phone,1,9,Credit Card,male,3,6,Mobile Phone,2,Divorced,7,1,14,3,3,3,160,1,6/6/2026 9:09
53015,0,4,1. Junior User (1-6 Months),Mobile Phone,1,35,Credit Card,female,4,4,Laptop & Accessory,2,Divorced,3,0,14,1,2,10,183,0.5,6/6/2026 9:09
53016,0,5,1. Junior User (1-6 Months),Computer,1,14,Debit Card,female,3,5,Fashion,3,Divorced,3,0,25,4,9,-1,214,0.44,6/6/2026 9:09
53017,0,13,3. Core Loyal (>1 Year),Computer,1,6,Credit Card,male,3,5,Others,2,Divorced,3,0,0,10,14,4,318,0.71,6/6/2026 9:09
53018,1,3,1. Junior User (1-6 Months),Mobile Phone,3,10,Credit Card,female,3,4,Laptop & Accessory,3,Divorced,6,1,19,2,2,1,177,1,6/6/2026 9:09
53019,0,7,2. Mid-Loyal (7-12 Months),Computer,3,17,E wallet,male,3,5,Laptop & Accessory,2,Single,5,0,15,2,2,2,172,1,6/6/2026 9:09
53020,0,21,3. Core Loyal (>1 Year),Mobile Phone,1,12,Debit Card,male,3,4,Others,3,Divorced,6,0,0,1,2,2,308,0.5,6/6/2026 9:09
53021,0,17,3. Core Loyal (>1 Year),Computer,1,17,Debit Card,female,3,5,Laptop & Accessory,3,Married,3,0,12,1,2,1,178,0.5,6/6/2026 9:09
53022,0,1,1. Junior User (1-6 Months),Computer,3,7,E wallet,male,4,4,Laptop & Accessory,4,Divorced,2,1,14,1,2,5,188,0.5,6/6/2026 9:09
53023,0,28,3. Core Loyal (>1 Year),Computer,1,27,Debit Card,female,3,4,Laptop & Accessory,3,Single,5,0,13,2,2,4,174,1,6/6/2026 9:09
53024,0,17,3. Core Loyal (>1 Year),Mobile Phone,1,14,Debit Card,female,3,4,Fashion,5,Divorced,10,0,17,2,2,-1,225,1,6/6/2026 9:09
53025,0,19,3. Core Loyal (>1 Year),Mobile Phone,1,15,UPI,male,4,4,Laptop & Accessory,2,Divorced,11,0,15,8,10,9,162,0.8,6/6/2026 9:09
53026,0,14,3. Core Loyal (>1 Year),Mobile Phone,3,7,Credit Card,male,3,6,Laptop & Accessory,2,Divorced,4,1,23,2,2,3,200,1,6/6/2026 9:09
53027,1,1,1. Junior User (1-6 Months),Mobile Phone,1,15,UPI,male,4,6,Mobile Phone,5,Divorced,3,1,12,2,2,8,146,1,6/6/2026 9:09
53028,0,3,1. Junior User (1-6 Months),Mobile Phone,1,16,UPI,male,2,5,Mobile Phone,2,Single,2,0,18,3,3,3,165,1,6/6/2026 9:09
53029,0,4,1. Junior User (1-6 Months),Mobile Phone,3,12,E wallet,female,2,5,Laptop & Accessory,3,Married,3,0,14,1,2,3,186,0.5,6/6/2026 9:09
53030,0,1,1. Junior User (1-6 Months),Mobile Phone,3,15,E wallet,female,3,4,Laptop & Accessory,4,Divorced,3,0,19,1,2,8,187,0.5,6/6/2026 9:09
53031,0,11,2. Mid-Loyal (7-12 Months),Mobile Phone,1,12,Credit Card,male,4,4,Laptop & Accessory,2,Married,9,0,17,1,2,5,188,0.5,6/6/2026 9:09
53032,0,12,2. Mid-Loyal (7-12 Months),Mobile Phone,1,22,Debit Card,male,4,5,Fashion,2,Married,2,1,15,2,0,10,240,0,6/6/2026 9:09
53033,0,5,1. Junior User (1-6 Months),Mobile Phone,1,14,Credit Card,female,3,4,Fashion,2,Single,3,1,15,3,5,11,196,0.6,6/6/2026 9:09
53034,0,3,1. Junior User (1-6 Months),Mobile Phone,3,17,E wallet,female,3,5,Laptop & Accessory,4,Married,3,1,15,1,2,8,208,0.5,6/6/2026 9:09
53035,0,9,2. Mid-Loyal (7-12 Months),Mobile Phone,1,12,Cash on Delivery,male,4,4,Fashion,4,Single,2,0,14,1,2,14,206,0.5,6/6/2026 9:09
53036,0,1,1. Junior User (1-6 Months),Mobile Phone,1,33,Debit Card,male,3,4,Mobile Phone,2,Married,3,0,13,2,2,3,154,1,6/6/2026 9:09
53037,0,15,3. Core Loyal (>1 Year),Mobile Phone,1,13,Credit Card,male,4,5,Laptop & Accessory,4,Single,8,1,16,2,2,3,185,1,6/6/2026 9:09
53038,0,21,3. Core Loyal (>1 Year),Computer,3,11,Credit Card,male,3,4,Laptop & Accessory,3,Single,5,0,20,1,2,1,155,0.5,6/6/2026 9:09
53039,0,16,3. Core Loyal (>1 Year),Mobile Phone,1,30,Debit Card,female,3,4,Grocery,2,Single,4,0,15,0,2,1,285,0,6/6/2026 9:09
53040,0,3,1. Junior User (1-6 Months),Computer,3,9,Debit Card,male,4,4,Laptop & Accessory,3,Divorced,3,0,15,2,2,3,171,1,6/6/2026 9:09
53041,0,16,3. Core Loyal (>1 Year),Mobile Phone,2,9,Cash on Delivery,male,3,4,Mobile Phone,3,Married,2,1,12,2,2,1,152,1,6/6/2026 9:09
53042,0,6,1. Junior User (1-6 Months),Mobile Phone,1,9,Credit Card,female,4,4,Mobile Phone,4,Divorced,3,0,14,1,2,8,149,0.5,6/6/2026 9:09
53043,0,22,3. Core Loyal (>1 Year),Mobile Phone,3,36,Credit Card,female,4,4,Fashion,3,Divorced,5,0,22,1,0,1,250,0,6/6/2026 9:09
53044,0,11,2. Mid-Loyal (7-12 Months),Mobile Phone,1,13,Credit Card,male,3,3,Laptop & Accessory,5,Married,6,1,14,3,7,8,185,0.43,6/6/2026 9:09
53045,0,4,1. Junior User (1-6 Months),Computer,3,32,Cash on Delivery,female,3,4,Laptop & Accessory,3,Divorced,9,1,13,2,3,3,172,0.67,6/6/2026 9:09
53046,0,1,1. Junior User (1-6 Months),Mobile Phone,3,7,Debit Card,male,3,4,Laptop & Accessory,3,Divorced,3,0,18,3,8,8,178,0.38,6/6/2026 9:09
53047,0,16,3. Core Loyal (>1 Year),Mobile Phone,1,9,UPI,male,4,5,Laptop & Accessory,2,Single,5,0,24,1,2,1,193,0.5,6/6/2026 9:09
53048,1,1,1. Junior User (1-6 Months),Computer,3,7,Cash on Delivery,female,3,5,Mobile Phone,4,Single,3,1,12,2,2,3,147,1,6/6/2026 9:09
53049,0,10,2. Mid-Loyal (7-12 Months),Computer,3,7,Credit Card,female,3,4,Laptop & Accessory,2,Single,6,0,16,2,2,1,192,1,6/6/2026 9:09
53050,0,10,2. Mid-Loyal (7-12 Months),Computer,3,10,Credit Card,male,3,5,Fashion,2,Divorced,6,0,12,1,2,-1,222,0.5,6/6/2026 9:09
53051,0,31,3. Core Loyal (>1 Year),Mobile Phone,1,7,Credit Card,male,3,4,Laptop & Accessory,3,Divorced,4,0,12,2,2,3,193,1,6/6/2026 9:09
53052,0,14,3. Core Loyal (>1 Year),Mobile Phone,1,17,Debit Card,female,3,3,Mobile Phone,3,Divorced,5,1,14,1,2,8,147,0.5,6/6/2026 9:09
53053,0,1,1. Junior User (1-6 Months),Computer,3,16,Credit Card,male,3,4,Mobile Phone,2,Single,3,0,25,1,3,3,151,0.33,6/6/2026 9:09
53054,1,1,1. Junior User (1-6 Months),Mobile Phone,3,12,E wallet,female,3,4,Mobile Phone,3,Single,3,1,14,2,2,1,154,1,6/6/2026 9:09
53055,0,11,2. Mid-Loyal (7-12 Months),Mobile Phone,1,17,Credit Card,female,4,4,Mobile Phone,5,Divorced,8,0,21,2,2,4,160,1,6/6/2026 9:09
53056,0,20,3. Core Loyal (>1 Year),Computer,1,14,Credit Card,female,2,4,Laptop & Accessory,3,Divorced,4,0,15,1,2,1,178,0.5,6/6/2026 9:09
53057,1,5,1. Junior User (1-6 Months),Computer,3,11,E wallet,male,3,4,Laptop & Accessory,4,Single,3,0,19,8,8,-1,219,1,6/6/2026 9:09
53058,0,24,3. Core Loyal (>1 Year),Mobile Phone,1,17,Cash on Delivery,male,4,5,Fashion,2,Single,8,0,16,1,2,-1,230,0.5,6/6/2026 9:09
53059,1,4,1. Junior User (1-6 Months),Mobile Phone,3,29,E wallet,male,4,5,Laptop & Accessory,3,Divorced,4,1,13,2,2,1,189,1,6/6/2026 9:09
53060,0,5,1. Junior User (1-6 Months),Mobile Phone,1,16,Debit Card,male,3,5,Mobile Phone,4,Single,2,1,17,2,3,3,152,0.67,6/6/2026 9:09
53061,1,1,1. Junior User (1-6 Months),Mobile Phone,3,19,Debit Card,female,3,3,Mobile Phone,4,Single,3,0,16,1,2,1,152,0.5,6/6/2026 9:09
53062,0,3,1. Junior User (1-6 Months),Mobile Phone,1,30,Debit Card,male,3,4,Mobile Phone,2,Single,11,0,17,2,2,3,147,1,6/6/2026 9:09
53063,0,9,2. Mid-Loyal (7-12 Months),Mobile Phone,1,16,Debit Card,male,4,5,Laptop & Accessory,4,Single,11,0,20,2,2,1,190,1,6/6/2026 9:09
53064,0,1,1. Junior User (1-6 Months),Mobile Phone,1,7,Credit Card,male,3,4,Mobile Phone,4,Married,3,0,12,1,2,5,163,0.5,6/6/2026 9:09
53065,0,2,1. Junior User (1-6 Months),Mobile Phone,3,16,Debit Card,male,4,4,Laptop & Accessory,2,Single,3,0,17,2,2,8,178,1,6/6/2026 9:09
53066,0,23,3. Core Loyal (>1 Year),Mobile Phone,1,14,UPI,male,3,5,Fashion,3,Single,10,0,25,2,2,1,170,1,6/6/2026 9:09
53067,0,25,3. Core Loyal (>1 Year),Mobile Phone,3,21,Debit Card,female,3,4,Laptop & Accessory,2,Divorced,6,0,12,1,2,8,174,0.5,6/6/2026 9:09
53068,0,10,2. Mid-Loyal (7-12 Months),Mobile Phone,1,9,Debit Card,female,4,4,Mobile Phone,3,Divorced,6,0,14,2,3,3,150,0.67,6/6/2026 9:09
53069,1,1,1. Junior User (1-6 Months),Computer,3,26,E wallet,male,4,3,Laptop & Accessory,2,Single,10,1,14,2,2,5,178,1,6/6/2026 9:09
53070,0,29,3. Core Loyal (>1 Year),Mobile Phone,1,9,Debit Card,female,4,4,Grocery,2,Single,4,1,14,0,2,3,292,0,6/6/2026 9:09
53071,0,1,1. Junior User (1-6 Months),Mobile Phone,3,17,E wallet,female,4,4,Laptop & Accessory,3,Married,3,1,13,1,2,4,168,0.5,6/6/2026 9:09
53072,0,4,1. Junior User (1-6 Months),Mobile Phone,3,9,Cash on Delivery,male,4,4,Mobile Phone,4,Divorced,3,0,19,2,2,1,150,1,6/6/2026 9:09
53073,1,1,1. Junior User (1-6 Months),Computer,1,10,Cash on Delivery,male,4,4,Mobile Phone,5,Single,2,0,23,1,2,5,156,0.5,6/6/2026 9:09
53074,0,1,1. Junior User (1-6 Months),Mobile Phone,1,18,Credit Card,female,3,4,Mobile Phone,4,Divorced,3,0,14,2,2,3,147,1,6/6/2026 9:09
53075,0,10,2. Mid-Loyal (7-12 Months),Mobile Phone,3,9,Credit Card,male,4,5,Fashion,3,Divorced,3,0,14,10,10,1,201,1,6/6/2026 9:09
53076,1,1,1. Junior User (1-6 Months),Computer,1,11,Cash on Delivery,male,3,4,Mobile Phone,2,Single,20,1,24,2,2,1,148,1,6/6/2026 9:09
53077,0,11,2. Mid-Loyal (7-12 Months),Mobile Phone,1,21,Debit Card,female,4,4,Mobile Phone,5,Married,3,0,13,4,13,18,155,0.31,6/6/2026 9:09
53078,0,14,3. Core Loyal (>1 Year),Mobile Phone,3,9,E wallet,female,3,4,Laptop & Accessory,4,Married,9,0,13,1,2,4,182,0.5,6/6/2026 9:09
53079,0,16,3. Core Loyal (>1 Year),Mobile Phone,1,7,Debit Card,female,4,4,Mobile Phone,5,Married,5,0,17,2,2,3,151,1,6/6/2026 9:09
53080,0,11,2. Mid-Loyal (7-12 Months),Mobile Phone,1,17,Debit Card,male,3,4,Laptop & Accessory,4,Single,4,1,13,1,2,2,167,0.5,6/6/2026 9:09
53081,0,17,3. Core Loyal (>1 Year),Mobile Phone,1,19,Debit Card,male,3,5,Grocery,4,Married,3,0,12,0,4,10,268,0,6/6/2026 9:09
53082,0,14,3. Core Loyal (>1 Year),Mobile Phone,1,9,Credit Card,female,4,5,Laptop & Accessory,3,Divorced,8,0,23,2,2,1,159,1,6/6/2026 9:09
53083,0,28,3. Core Loyal (>1 Year),Mobile Phone,1,12,Credit Card,male,3,4,Others,5,Divorced,6,0,0,2,2,3,319,1,6/6/2026 9:09
53084,0,8,2. Mid-Loyal (7-12 Months),Computer,3,11,E wallet,female,4,4,Laptop & Accessory,3,Divorced,11,0,16,2,2,3,190,1,6/6/2026 9:09
53085,0,5,1. Junior User (1-6 Months),Mobile Phone,1,14,Credit Card,female,3,4,Laptop & Accessory,5,Divorced,3,0,13,4,4,13,168,1,6/6/2026 9:09
53086,0,17,3. Core Loyal (>1 Year),Computer,1,28,Credit Card,male,4,4,Mobile Phone,2,Divorced,9,0,21,1,2,3,148,0.5,6/6/2026 9:09
53087,0,17,3. Core Loyal (>1 Year),Mobile Phone,1,15,UPI,female,4,4,Laptop & Accessory,3,Married,6,1,15,1,2,3,170,0.5,6/6/2026 9:09
53088,0,1,1. Junior User (1-6 Months),Mobile Phone,3,11,Debit Card,female,3,5,Laptop & Accessory,2,Single,3,1,12,1,2,4,170,0.5,6/6/2026 9:09
53089,0,11,2. Mid-Loyal (7-12 Months),Computer,1,32,Credit Card,female,4,4,Laptop & Accessory,3,Divorced,5,1,16,4,11,8,169,0.36,6/6/2026 9:09
53090,0,5,1. Junior User (1-6 Months),Mobile Phone,1,7,Debit Card,male,4,5,Mobile Phone,5,Divorced,3,0,13,1,4,3,147,0.25,6/6/2026 9:09
53091,0,13,3. Core Loyal (>1 Year),Computer,1,7,Debit Card,male,3,4,Others,3,Married,3,1,0,1,2,7,317,0.5,6/6/2026 9:09
53092,0,30,3. Core Loyal (>1 Year),Computer,3,13,Debit Card,female,3,3,Grocery,5,Divorced,11,0,12,3,0,8,257,0,6/6/2026 9:09
53093,0,4,1. Junior User (1-6 Months),Mobile Phone,3,19,Cash on Delivery,female,3,4,Laptop & Accessory,3,Single,2,0,12,4,5,5,191,0.8,6/6/2026 9:09
53094,0,15,3. Core Loyal (>1 Year),Mobile Phone,3,7,E wallet,male,3,3,Fashion,5,Divorced,3,0,17,2,2,8,209,1,6/6/2026 9:09
53095,0,2,1. Junior User (1-6 Months),Mobile Phone,1,24,Credit Card,male,4,4,Laptop & Accessory,5,Married,3,0,13,1,2,9,171,0.5,6/6/2026 9:09
53096,1,1,1. Junior User (1-6 Months),Mobile Phone,1,10,Credit Card,male,4,4,Mobile Phone,5,Divorced,7,0,14,2,2,3,165,1,6/6/2026 9:09
53097,0,26,3. Core Loyal (>1 Year),Mobile Phone,1,10,Credit Card,male,3,5,Fashion,3,Divorced,4,1,15,1,2,5,205,0.5,6/6/2026 9:09
53098,0,19,3. Core Loyal (>1 Year),Mobile Phone,1,17,Debit Card,male,4,4,Mobile Phone,2,Divorced,5,0,22,2,2,3,152,1,6/6/2026 9:09
53099,0,26,3. Core Loyal (>1 Year),Mobile Phone,1,11,Debit Card,female,2,4,Grocery,2,Divorced,4,0,14,0,2,5,291,0,6/6/2026 9:09
53100,0,16,3. Core Loyal (>1 Year),Computer,1,36,Debit Card,female,4,4,Laptop & Accessory,3,Married,4,0,12,2,2,3,171,1,6/6/2026 9:09
53101,0,4,1. Junior User (1-6 Months),Mobile Phone,1,9,Debit Card,female,3,6,Laptop & Accessory,2,Single,4,0,21,1,2,3,186,0.5,6/6/2026 9:09
53102,0,31,3. Core Loyal (>1 Year),Mobile Phone,1,14,Debit Card,female,3,4,Others,5,Divorced,7,0,0,1,12,11,321,0.08,6/6/2026 9:09
53103,0,20,3. Core Loyal (>1 Year),Mobile Phone,1,25,Credit Card,female,3,4,Laptop & Accessory,3,Married,4,0,15,1,2,9,173,0.5,6/6/2026 9:09
53104,0,16,3. Core Loyal (>1 Year),Computer,1,35,Cash on Delivery,female,3,5,Laptop & Accessory,2,Divorced,2,0,12,1,2,5,170,0.5,6/6/2026 9:09
53105,1,1,1. Junior User (1-6 Months),Mobile Phone,3,7,Cash on Delivery,female,4,4,Mobile Phone,4,Single,3,1,17,2,2,5,157,1,6/6/2026 9:09
53106,1,1,1. Junior User (1-6 Months),Computer,3,13,E wallet,female,3,6,Mobile Phone,3,Married,2,0,17,2,2,1,149,1,6/6/2026 9:09
53107,0,12,2. Mid-Loyal (7-12 Months),Computer,1,9,Debit Card,male,3,4,Mobile Phone,2,Divorced,3,1,24,2,2,1,142,1,6/6/2026 9:09
53108,0,14,3. Core Loyal (>1 Year),Mobile Phone,3,9,Debit Card,female,4,4,Others,3,Divorced,2,0,0,1,2,13,305,0.5,6/6/2026 9:09
53109,0,1,1. Junior User (1-6 Months),Mobile Phone,1,30,Debit Card,female,3,4,Mobile Phone,2,Married,3,0,23,2,2,3,154,1,6/6/2026 9:09
53110,0,4,1. Junior User (1-6 Months),Computer,1,10,Debit Card,male,3,4,Mobile Phone,2,Divorced,6,0,16,1,2,5,146,0.5,6/6/2026 9:09
53111,0,3,1. Junior User (1-6 Months),Mobile Phone,1,10,Credit Card,male,4,5,Fashion,3,Divorced,3,0,19,2,0,8,244,0,6/6/2026 9:09
53112,1,1,1. Junior User (1-6 Months),Mobile Phone,1,32,Cash on Delivery,female,4,5,Mobile Phone,4,Divorced,7,0,17,1,2,2,150,0.5,6/6/2026 9:09
53113,1,1,1. Junior User (1-6 Months),Mobile Phone,2,9,Cash on Delivery,male,3,5,Mobile Phone,2,Single,3,0,13,2,2,1,151,1,6/6/2026 9:09
53114,0,4,1. Junior User (1-6 Months),Computer,3,29,UPI,female,4,4,Fashion,5,Divorced,2,0,12,3,8,9,209,0.38,6/6/2026 9:09
53115,0,31,3. Core Loyal (>1 Year),Mobile Phone,3,36,E wallet,male,3,5,Grocery,2,Married,5,0,13,0,2,1,266,0,6/6/2026 9:09
53116,0,24,3. Core Loyal (>1 Year),Mobile Phone,1,36,Debit Card,male,3,5,Grocery,3,Divorced,2,0,0,12,16,8,295,0.75,6/6/2026 9:09
53117,0,4,1. Junior User (1-6 Months),Computer,1,9,Credit Card,female,3,4,Mobile Phone,2,Single,2,0,15,6,7,8,151,0.86,6/6/2026 9:09
53118,0,31,3. Core Loyal (>1 Year),Computer,3,35,E wallet,female,4,5,Fashion,5,Divorced,6,0,20,14,14,-1,228,1,6/6/2026 9:09
53119,0,21,3. Core Loyal (>1 Year),Mobile Phone,1,9,Credit Card,female,4,4,Laptop & Accessory,2,Married,7,0,14,1,2,5,176,0.5,6/6/2026 9:09
53120,0,20,3. Core Loyal (>1 Year),Mobile Phone,1,9,Debit Card,male,3,4,Grocery,3,Divorced,8,0,0,1,2,2,304,0.5,6/6/2026 9:09
53121,0,9,2. Mid-Loyal (7-12 Months),Mobile Phone,1,29,Debit Card,male,3,6,Mobile Phone,3,Single,2,0,16,3,5,4,167,0.6,6/6/2026 9:09
53122,0,28,3. Core Loyal (>1 Year),Mobile Phone,1,15,Debit Card,female,3,4,Laptop & Accessory,3,Single,9,0,12,2,2,1,163,1,6/6/2026 9:09
53123,0,8,2. Mid-Loyal (7-12 Months),Mobile Phone,1,9,Debit Card,male,4,5,Mobile Phone,3,Married,5,0,13,6,6,8,153,1,6/6/2026 9:09
53124,0,20,3. Core Loyal (>1 Year),Mobile Phone,3,17,E wallet,female,4,5,Fashion,2,Divorced,4,1,20,2,2,-1,216,1,6/6/2026 9:09
53125,0,5,1. Junior User (1-6 Months),Mobile Phone,1,16,Debit Card,male,3,4,Fashion,4,Married,3,0,26,2,2,9,231,1,6/6/2026 9:09
53126,1,1,1. Junior User (1-6 Months),Mobile Phone,1,22,Credit Card,male,3,4,Fashion,3,Divorced,9,1,13,0,8,8,261,0,6/6/2026 9:09
53127,1,1,1. Junior User (1-6 Months),Mobile Phone,1,17,Credit Card,male,3,6,Mobile Phone,2,Married,9,0,14,1,2,4,159,0.5,6/6/2026 9:09
53128,0,4,1. Junior User (1-6 Months),Mobile Phone,3,14,E wallet,male,3,4,Mobile Phone,4,Single,2,0,15,2,2,3,155,1,6/6/2026 9:09
53129,0,9,2. Mid-Loyal (7-12 Months),Mobile Phone,1,23,Debit Card,male,4,4,Fashion,3,Divorced,6,1,13,1,2,1,201,0.5,6/6/2026 9:09
53130,1,1,1. Junior User (1-6 Months),Computer,1,27,Debit Card,male,4,4,Fashion,3,Divorced,5,0,13,2,2,-1,223,1,6/6/2026 9:09
53131,1,1,1. Junior User (1-6 Months),Computer,2,30,UPI,female,3,4,Fashion,5,Married,11,1,16,2,2,-1,225,1,6/6/2026 9:09
53132,0,16,3. Core Loyal (>1 Year),Computer,1,12,UPI,male,4,4,Mobile Phone,3,Divorced,6,0,18,3,3,1,146,1,6/6/2026 9:09
53133,0,10,2. Mid-Loyal (7-12 Months),Computer,3,17,Credit Card,male,3,4,Fashion,2,Single,3,0,15,2,10,-1,225,0.2,6/6/2026 9:09
53134,1,1,1. Junior User (1-6 Months),Computer,1,11,Cash on Delivery,male,3,5,Mobile Phone,3,Single,7,0,17,2,2,3,164,1,6/6/2026 9:09
53135,0,22,3. Core Loyal (>1 Year),Mobile Phone,3,9,E wallet,female,3,4,Laptop & Accessory,2,Divorced,4,0,15,5,7,8,166,0.71,6/6/2026 9:09
53136,0,29,3. Core Loyal (>1 Year),Mobile Phone,3,25,Debit Card,female,3,4,Grocery,4,Single,5,0,0,1,8,8,293,0.13,6/6/2026 9:09
53137,0,15,3. Core Loyal (>1 Year),Computer,3,17,Debit Card,male,3,4,Laptop & Accessory,2,Single,9,0,15,1,2,11,187,0.5,6/6/2026 9:09
53138,0,9,2. Mid-Loyal (7-12 Months),Mobile Phone,3,7,E wallet,male,3,4,Laptop & Accessory,3,Divorced,11,0,12,4,7,10,172,0.57,6/6/2026 9:09
53139,0,14,3. Core Loyal (>1 Year),Mobile Phone,1,13,Debit Card,female,4,4,Grocery,3,Single,9,0,16,5,0,14,257,0,6/6/2026 9:09
53140,0,13,3. Core Loyal (>1 Year),Computer,1,15,Debit Card,female,3,4,Mobile Phone,3,Divorced,3,0,12,1,2,8,163,0.5,6/6/2026 9:09
53141,0,5,1. Junior User (1-6 Months),Mobile Phone,3,9,Debit Card,male,4,4,Laptop & Accessory,2,Single,6,1,14,2,2,6,191,1,6/6/2026 9:09
53142,0,16,3. Core Loyal (>1 Year),Mobile Phone,1,31,Credit Card,male,3,4,Fashion,5,Divorced,3,1,22,5,6,9,199,0.83,6/6/2026 9:09
53143,0,19,3. Core Loyal (>1 Year),Mobile Phone,3,9,UPI,male,4,4,Laptop & Accessory,4,Divorced,2,0,20,4,4,8,173,1,6/6/2026 9:09
53144,1,1,1. Junior User (1-6 Months),Computer,2,24,Debit Card,female,3,4,Mobile Phone,3,Married,2,1,12,1,2,1,152,0.5,6/6/2026 9:09
53145,0,3,1. Junior User (1-6 Months),Mobile Phone,1,26,Cash on Delivery,male,3,4,Laptop & Accessory,2,Married,6,0,13,1,2,3,168,0.5,6/6/2026 9:09
53146,0,7,2. Mid-Loyal (7-12 Months),Mobile Phone,1,7,Credit Card,female,4,3,Grocery,3,Married,6,0,20,0,2,6,287,0,6/6/2026 9:09
53147,0,1,1. Junior User (1-6 Months),Mobile Phone,3,14,Debit Card,male,3,5,Fashion,2,Married,11,0,22,2,0,2,241,0,6/6/2026 9:09
53148,1,1,1. Junior User (1-6 Months),Computer,3,12,E wallet,male,4,4,Mobile Phone,4,Single,3,1,15,2,2,1,144,1,6/6/2026 9:09
53149,0,14,3. Core Loyal (>1 Year),Computer,3,35,UPI,male,3,6,Fashion,5,Married,5,0,16,2,0,2,234,0,6/6/2026 9:09
53150,0,15,3. Core Loyal (>1 Year),Computer,1,9,UPI,female,4,5,Laptop & Accessory,3,Single,4,1,18,1,2,8,193,0.5,6/6/2026 9:09
53151,0,1,1. Junior User (1-6 Months),Mobile Phone,3,36,Credit Card,male,3,4,Laptop & Accessory,3,Married,7,0,13,2,2,1,168,1,6/6/2026 9:09
53152,0,9,2. Mid-Loyal (7-12 Months),Mobile Phone,3,7,Credit Card,female,4,4,Laptop & Accessory,3,Single,3,0,17,1,2,4,174,0.5,6/6/2026 9:09
53153,0,8,2. Mid-Loyal (7-12 Months),Mobile Phone,3,28,Debit Card,male,4,3,Laptop & Accessory,2,Single,3,0,13,6,6,8,178,1,6/6/2026 9:09
53154,1,1,1. Junior User (1-6 Months),Mobile Phone,1,31,Cash on Delivery,male,4,6,Mobile Phone,2,Single,3,1,19,2,2,1,148,1,6/6/2026 9:09
53155,0,11,2. Mid-Loyal (7-12 Months),Mobile Phone,1,7,Cash on Delivery,female,3,4,Fashion,2,Single,6,0,18,2,2,3,200,1,6/6/2026 9:09
53156,0,20,3. Core Loyal (>1 Year),Computer,1,25,Credit Card,female,3,4,Fashion,3,Divorced,7,0,12,2,2,-1,230,1,6/6/2026 9:09
53157,0,15,3. Core Loyal (>1 Year),Mobile Phone,3,9,Debit Card,female,4,4,Grocery,5,Divorced,9,0,17,0,12,9,291,0,6/6/2026 9:09
53158,0,11,2. Mid-Loyal (7-12 Months),Computer,3,16,Credit Card,male,4,4,Fashion,4,Married,3,0,14,7,8,-1,213,0.88,6/6/2026 9:09
53159,0,26,3. Core Loyal (>1 Year),Mobile Phone,1,13,Cash on Delivery,male,4,4,Laptop & Accessory,5,Married,5,1,13,3,7,10,181,0.43,6/6/2026 9:09
53160,1,1,1. Junior User (1-6 Months),Computer,3,18,UPI,male,3,3,Laptop & Accessory,3,Divorced,10,0,13,2,2,3,172,1,6/6/2026 9:09
53161,0,1,1. Junior User (1-6 Months),Computer,3,31,Credit Card,male,3,4,Mobile Phone,2,Divorced,2,0,14,1,3,2,149,0.33,6/6/2026 9:09
53162,0,12,2. Mid-Loyal (7-12 Months),Mobile Phone,1,17,Credit Card,female,4,4,Laptop & Accessory,3,Divorced,5,0,20,2,2,-1,223,1,6/6/2026 9:09
53163,0,11,2. Mid-Loyal (7-12 Months),Mobile Phone,1,7,Debit Card,female,4,4,Laptop & Accessory,4,Divorced,8,0,13,4,5,4,189,0.8,6/6/2026 9:09
53164,0,23,3. Core Loyal (>1 Year),Mobile Phone,1,25,Debit Card,male,3,5,Others,3,Married,3,1,0,1,2,10,320,0.5,6/6/2026 9:09
53165,0,1,1. Junior User (1-6 Months),Mobile Phone,1,30,Credit Card,male,3,3,Mobile Phone,2,Divorced,3,1,12,1,2,5,152,0.5,6/6/2026 9:09
53166,0,1,1. Junior User (1-6 Months),Mobile Phone,3,35,E wallet,male,4,4,Laptop & Accessory,4,Divorced,3,0,21,2,2,5,188,1,6/6/2026 9:09
53167,0,1,1. Junior User (1-6 Months),Mobile Phone,1,24,UPI,male,4,5,Mobile Phone,4,Divorced,3,0,22,2,2,1,146,1,6/6/2026 9:09
53168,0,24,3. Core Loyal (>1 Year),Computer,2,10,Credit Card,male,3,4,Others,4,Divorced,3,0,0,7,11,8,307,0.64,6/6/2026 9:09
53169,0,1,1. Junior User (1-6 Months),Mobile Phone,3,20,Credit Card,male,3,4,Mobile Phone,3,Divorced,3,0,12,2,2,7,146,1,6/6/2026 9:09
53170,1,1,1. Junior User (1-6 Months),Computer,1,14,Debit Card,female,3,4,Mobile Phone,3,Divorced,3,1,17,1,2,3,154,0.5,6/6/2026 9:09
53171,1,1,1. Junior User (1-6 Months),Computer,3,19,Debit Card,male,4,5,Mobile Phone,5,Divorced,3,0,19,2,2,1,145,1,6/6/2026 9:09
53172,0,8,2. Mid-Loyal (7-12 Months),Mobile Phone,1,7,Debit Card,male,3,5,Mobile Phone,2,Divorced,3,1,14,1,2,4,161,0.5,6/6/2026 9:09
53173,1,1,1. Junior User (1-6 Months),Mobile Phone,3,20,Credit Card,male,3,4,Laptop & Accessory,5,Married,4,0,18,1,2,3,167,0.5,6/6/2026 9:09
53174,0,9,2. Mid-Loyal (7-12 Months),Mobile Phone,1,32,UPI,male,3,5,Laptop & Accessory,2,Single,6,0,15,1,2,3,162,0.5,6/6/2026 9:09
53175,0,5,1. Junior User (1-6 Months),Mobile Phone,3,13,Credit Card,male,4,3,Laptop & Accessory,2,Married,6,0,23,4,6,8,180,0.67,6/6/2026 9:09
53176,0,1,1. Junior User (1-6 Months),Mobile Phone,1,13,Credit Card,female,4,5,Mobile Phone,3,Married,2,0,13,2,2,4,147,1,6/6/2026 9:09
53177,0,11,2. Mid-Loyal (7-12 Months),Mobile Phone,3,9,E wallet,male,4,4,Laptop & Accessory,3,Divorced,6,1,12,1,2,-1,221,0.5,6/6/2026 9:09
53178,0,1,1. Junior User (1-6 Months),Mobile Phone,1,7,Debit Card,female,3,5,Mobile Phone,4,Single,3,0,14,2,2,1,153,1,6/6/2026 9:09
53179,0,16,3. Core Loyal (>1 Year),Mobile Phone,1,9,Debit Card,female,3,4,Laptop & Accessory,2,Divorced,3,0,14,3,3,3,166,1,6/6/2026 9:09
53180,0,17,3. Core Loyal (>1 Year),Mobile Phone,1,13,UPI,male,3,5,Grocery,2,Married,6,1,15,0,2,1,291,0,6/6/2026 9:09
53181,0,12,2. Mid-Loyal (7-12 Months),Mobile Phone,1,7,Debit Card,female,3,4,Mobile Phone,5,Single,5,0,18,2,2,1,151,1,6/6/2026 9:09
53182,0,17,3. Core Loyal (>1 Year),Computer,1,16,Credit Card,male,4,4,Laptop & Accessory,3,Married,5,1,14,3,5,8,182,0.6,6/6/2026 9:09
53183,0,22,3. Core Loyal (>1 Year),Mobile Phone,1,7,Debit Card,female,3,5,Grocery,5,Divorced,9,0,12,0,2,3,279,0,6/6/2026 9:09
53184,0,18,3. Core Loyal (>1 Year),Mobile Phone,2,7,Debit Card,female,3,5,Laptop & Accessory,3,Single,6,0,12,2,2,3,185,1,6/6/2026 9:09
53185,0,8,2. Mid-Loyal (7-12 Months),Mobile Phone,3,21,Cash on Delivery,female,3,4,Mobile Phone,3,Married,3,1,19,2,2,7,151,1,6/6/2026 9:09
53186,1,1,1. Junior User (1-6 Months),Mobile Phone,3,9,E wallet,male,3,4,Mobile Phone,5,Married,2,0,12,1,2,3,155,0.5,6/6/2026 9:09
53187,0,1,1. Junior User (1-6 Months),Mobile Phone,3,29,Cash on Delivery,male,3,4,Mobile Phone,3,Single,3,0,12,2,2,3,159,1,6/6/2026 9:09
53188,0,18,3. Core Loyal (>1 Year),Mobile Phone,1,10,UPI,male,3,4,Others,2,Divorced,6,1,0,2,2,2,320,1,6/6/2026 9:09
53189,0,1,1. Junior User (1-6 Months),Mobile Phone,1,13,Credit Card,male,4,4,Mobile Phone,3,Divorced,2,0,21,3,3,3,153,1,6/6/2026 9:09
53190,0,7,2. Mid-Loyal (7-12 Months),Mobile Phone,3,15,E wallet,male,3,4,Laptop & Accessory,3,Married,2,0,13,2,2,3,196,1,6/6/2026 9:09
53191,0,6,1. Junior User (1-6 Months),Mobile Phone,1,16,Debit Card,female,4,4,Laptop & Accessory,2,Divorced,3,1,13,2,2,6,188,1,6/6/2026 9:09
53192,0,4,1. Junior User (1-6 Months),Computer,1,10,Credit Card,female,4,4,Mobile Phone,3,Married,3,0,21,2,2,1,146,1,6/6/2026 9:09
53193,0,27,3. Core Loyal (>1 Year),Mobile Phone,3,7,Credit Card,female,3,4,Laptop & Accessory,5,Single,9,0,21,7,9,11,209,0.78,6/6/2026 9:09
53194,0,8,2. Mid-Loyal (7-12 Months),Mobile Phone,1,7,Debit Card,male,3,4,Mobile Phone,2,Divorced,3,0,13,7,9,9,152,0.78,6/6/2026 9:09
53195,1,9,2. Mid-Loyal (7-12 Months),Computer,3,33,Debit Card,female,4,4,Laptop & Accessory,5,Divorced,4,0,15,1,2,1,168,0.5,6/6/2026 9:09
53196,0,1,1. Junior User (1-6 Months),Mobile Phone,1,13,Debit Card,female,4,4,Mobile Phone,2,Divorced,3,1,14,1,2,3,152,0.5,6/6/2026 9:09
53197,0,11,2. Mid-Loyal (7-12 Months),Mobile Phone,1,10,UPI,male,3,4,Fashion,3,Divorced,3,0,16,7,8,-1,219,0.88,6/6/2026 9:09
53198,0,3,1. Junior User (1-6 Months),Mobile Phone,3,10,Credit Card,female,4,4,Laptop & Accessory,3,Divorced,3,0,15,1,2,3,181,0.5,6/6/2026 9:09
53199,0,9,2. Mid-Loyal (7-12 Months),Mobile Phone,1,13,Debit Card,male,3,6,Laptop & Accessory,2,Single,3,0,14,12,12,9,191,1,6/6/2026 9:09
53200,0,7,2. Mid-Loyal (7-12 Months),Computer,1,13,Debit Card,male,2,4,Laptop & Accessory,2,Married,5,0,24,5,5,8,202,1,6/6/2026 9:09
53201,0,28,3. Core Loyal (>1 Year),Mobile Phone,2,26,Credit Card,male,3,4,Fashion,4,Divorced,4,0,16,4,0,2,232,0,6/6/2026 9:09
53202,0,10,2. Mid-Loyal (7-12 Months),Mobile Phone,1,16,Credit Card,male,3,5,Laptop & Accessory,4,Married,4,1,12,2,2,-1,213,1,6/6/2026 9:09
53203,0,1,1. Junior User (1-6 Months),Mobile Phone,1,10,Credit Card,male,3,5,Mobile Phone,2,Single,2,0,14,1,2,2,145,0.5,6/6/2026 9:09
53204,1,1,1. Junior User (1-6 Months),Mobile Phone,1,17,Credit Card,male,3,4,Mobile Phone,3,Single,3,1,12,1,2,2,135,0.5,6/6/2026 9:09
53205,1,1,1. Junior User (1-6 Months),Computer,1,10,Debit Card,male,4,4,Mobile Phone,5,Single,3,1,12,10,10,8,158,1,6/6/2026 9:09
53206,0,9,2. Mid-Loyal (7-12 Months),Computer,1,10,Debit Card,male,3,5,Mobile Phone,3,Divorced,3,0,19,2,2,1,138,1,6/6/2026 9:09
53207,0,1,1. Junior User (1-6 Months),Mobile Phone,1,11,Credit Card,male,3,3,Mobile Phone,5,Divorced,4,0,17,1,2,3,153,0.5,6/6/2026 9:09
53208,0,1,1. Junior User (1-6 Months),Mobile Phone,3,15,Debit Card,male,3,3,Laptop & Accessory,4,Divorced,2,0,23,1,2,3,174,0.5,6/6/2026 9:09
53209,0,12,2. Mid-Loyal (7-12 Months),Mobile Phone,3,14,E wallet,female,3,5,Laptop & Accessory,2,Single,2,0,21,2,2,6,165,1,6/6/2026 9:09
53210,0,3,1. Junior User (1-6 Months),Computer,1,7,Debit Card,male,4,6,Mobile Phone,2,Married,3,0,19,3,3,9,152,1,6/6/2026 9:09
53211,0,22,3. Core Loyal (>1 Year),Mobile Phone,3,9,E wallet,male,3,3,Laptop & Accessory,4,Divorced,5,0,13,3,3,3,206,1,6/6/2026 9:09
53212,0,1,1. Junior User (1-6 Months),Computer,3,10,Credit Card,female,4,3,Laptop & Accessory,2,Married,3,1,21,2,2,5,171,1,6/6/2026 9:09
53213,0,11,2. Mid-Loyal (7-12 Months),Mobile Phone,1,17,Debit Card,male,4,3,Mobile Phone,2,Single,5,0,18,2,2,1,172,1,6/6/2026 9:09
53214,0,24,3. Core Loyal (>1 Year),Mobile Phone,1,35,Credit Card,male,4,3,Mobile Phone,3,Divorced,3,1,12,4,4,9,157,1,6/6/2026 9:09
53215,0,8,2. Mid-Loyal (7-12 Months),Mobile Phone,1,16,Credit Card,female,3,5,Fashion,4,Single,3,0,15,5,8,-1,211,0.63,6/6/2026 9:09
53216,1,1,1. Junior User (1-6 Months),Mobile Phone,3,10,Debit Card,female,4,4,Laptop & Accessory,3,Single,11,0,15,2,3,1,171,0.67,6/6/2026 9:09
53217,0,13,3. Core Loyal (>1 Year),Mobile Phone,1,9,Cash on Delivery,female,4,5,Laptop & Accessory,3,Single,3,0,12,3,12,11,171,0.25,6/6/2026 9:09
53218,0,6,1. Junior User (1-6 Months),Mobile Phone,3,17,E wallet,male,3,4,Laptop & Accessory,2,Single,3,0,13,1,2,9,179,0.5,6/6/2026 9:09
53219,1,14,3. Core Loyal (>1 Year),Computer,3,15,Cash on Delivery,male,3,4,Laptop & Accessory,3,Divorced,5,1,15,2,2,4,193,1,6/6/2026 9:09
53220,0,12,2. Mid-Loyal (7-12 Months),Mobile Phone,1,7,Debit Card,female,3,3,Laptop & Accessory,2,Single,2,0,14,2,2,9,201,1,6/6/2026 9:09
53221,0,1,1. Junior User (1-6 Months),Mobile Phone,1,7,Debit Card,female,4,4,Fashion,5,Divorced,3,0,12,2,2,8,199,1,6/6/2026 9:09
53222,0,6,1. Junior User (1-6 Months),Mobile Phone,1,10,Debit Card,female,3,4,Fashion,2,Single,5,0,16,4,0,8,237,0,6/6/2026 9:09
53223,0,21,3. Core Loyal (>1 Year),Mobile Phone,3,21,E wallet,male,3,4,Laptop & Accessory,5,Single,4,0,13,1,2,8,175,0.5,6/6/2026 9:09
53224,0,14,3. Core Loyal (>1 Year),Computer,3,12,Debit Card,male,3,5,Fashion,5,Divorced,7,1,22,1,2,-1,230,0.5,6/6/2026 9:09
53225,0,27,3. Core Loyal (>1 Year),Mobile Phone,1,14,Debit Card,male,3,3,Grocery,3,Divorced,5,0,20,0,2,4,273,0,6/6/2026 9:09
53226,0,15,3. Core Loyal (>1 Year),Mobile Phone,2,17,UPI,male,4,5,Others,2,Married,5,0,0,13,13,7,316,1,6/6/2026 9:09
53227,0,31,3. Core Loyal (>1 Year),Mobile Phone,3,23,E wallet,male,3,4,Laptop & Accessory,5,Single,10,0,15,2,3,3,179,0.67,6/6/2026 9:09
53228,0,1,1. Junior User (1-6 Months),Computer,1,17,Debit Card,male,3,4,Fashion,5,Married,3,0,22,2,2,-1,213,1,6/6/2026 9:09
53229,0,15,3. Core Loyal (>1 Year),Mobile Phone,2,7,UPI,male,3,5,Others,3,Divorced,3,0,0,3,3,11,317,1,6/6/2026 9:09
53230,0,24,3. Core Loyal (>1 Year),Mobile Phone,3,15,E wallet,male,3,4,Mobile Phone,4,Divorced,9,0,16,2,3,3,164,0.67,6/6/2026 9:09
53231,1,1,1. Junior User (1-6 Months),Mobile Phone,1,7,Debit Card,female,4,6,Mobile Phone,4,Single,9,1,14,2,4,8,147,0.5,6/6/2026 9:09
53232,0,10,2. Mid-Loyal (7-12 Months),Computer,1,15,Debit Card,female,4,3,Fashion,5,Divorced,11,0,15,1,0,6,242,0,6/6/2026 9:09
53233,0,12,2. Mid-Loyal (7-12 Months),Mobile Phone,1,7,Debit Card,female,3,4,Fashion,3,Single,6,1,15,1,2,1,204,0.5,6/6/2026 9:09
53234,0,18,3. Core Loyal (>1 Year),Computer,1,31,Credit Card,male,3,6,Mobile Phone,3,Single,4,0,15,1,2,5,162,0.5,6/6/2026 9:09
53235,0,21,3. Core Loyal (>1 Year),Computer,3,10,Credit Card,female,3,4,Grocery,3,Married,11,1,13,0,12,14,263,0,6/6/2026 9:09
53236,0,4,1. Junior User (1-6 Months),Mobile Phone,3,34,E wallet,male,3,4,Laptop & Accessory,2,Married,9,0,24,5,8,8,178,0.63,6/6/2026 9:09
53237,0,3,1. Junior User (1-6 Months),Mobile Phone,3,17,Debit Card,male,3,4,Mobile Phone,3,Single,3,0,12,1,2,1,151,0.5,6/6/2026 9:09
53238,1,6,1. Junior User (1-6 Months),Computer,1,26,Credit Card,male,3,3,Mobile Phone,3,Married,8,1,13,3,3,3,153,1,6/6/2026 9:09
53239,0,17,3. Core Loyal (>1 Year),Computer,3,22,Debit Card,male,3,5,Laptop & Accessory,2,Divorced,5,0,19,1,3,3,193,0.33,6/6/2026 9:09
53240,0,8,2. Mid-Loyal (7-12 Months),Mobile Phone,1,15,Credit Card,female,4,4,Laptop & Accessory,3,Single,5,0,12,2,5,4,186,0.4,6/6/2026 9:09
53241,0,1,1. Junior User (1-6 Months),Mobile Phone,1,16,Credit Card,male,3,4,Mobile Phone,5,Divorced,3,0,15,1,2,3,150,0.5,6/6/2026 9:09
53242,0,13,3. Core Loyal (>1 Year),Mobile Phone,2,10,UPI,female,3,3,Laptop & Accessory,4,Divorced,11,0,16,4,4,7,189,1,6/6/2026 9:09
53243,0,30,3. Core Loyal (>1 Year),Mobile Phone,1,16,Credit Card,male,3,4,Grocery,2,Divorced,9,0,12,1,0,2,236,0,6/6/2026 9:09
53244,0,14,3. Core Loyal (>1 Year),Mobile Phone,1,9,Credit Card,female,3,5,Mobile Phone,2,Single,2,1,21,3,3,4,148,1,6/6/2026 9:09
53245,0,1,1. Junior User (1-6 Months),Mobile Phone,1,14,Credit Card,female,3,5,Laptop & Accessory,5,Single,10,0,20,2,2,8,193,1,6/6/2026 9:09
53246,0,3,1. Junior User (1-6 Months),Mobile Phone,3,17,E wallet,male,3,4,Mobile Phone,4,Married,3,0,15,1,3,3,148,0.33,6/6/2026 9:09
53247,0,27,3. Core Loyal (>1 Year),Mobile Phone,1,13,Debit Card,male,3,4,Laptop & Accessory,2,Single,4,0,18,2,3,3,150,0.67,6/6/2026 9:09
53248,0,9,2. Mid-Loyal (7-12 Months),Computer,1,9,Debit Card,female,4,4,Laptop & Accessory,5,Married,4,0,12,1,2,1,176,0.5,6/6/2026 9:09
53249,0,6,1. Junior User (1-6 Months),Computer,1,31,Debit Card,male,4,4,Laptop & Accessory,2,Divorced,3,0,16,3,5,8,178,0.6,6/6/2026 9:09
53250,0,12,2. Mid-Loyal (7-12 Months),Mobile Phone,1,9,Credit Card,male,4,4,Mobile Phone,3,Divorced,8,1,14,1,2,2,156,0.5,6/6/2026 9:09
53251,0,8,2. Mid-Loyal (7-12 Months),Mobile Phone,1,15,Debit Card,female,3,4,Laptop & Accessory,5,Married,5,0,15,2,2,1,176,1,6/6/2026 9:09
53252,0,26,3. Core Loyal (>1 Year),Mobile Phone,3,10,E wallet,male,3,5,Grocery,5,Divorced,3,0,0,2,2,17,294,1,6/6/2026 9:09
53253,1,1,1. Junior User (1-6 Months),Mobile Phone,1,7,UPI,male,4,4,Mobile Phone,2,Single,3,1,14,6,8,9,152,0.75,6/6/2026 9:09
53254,0,1,1. Junior User (1-6 Months),Mobile Phone,3,33,Credit Card,female,3,4,Laptop & Accessory,2,Single,3,0,24,1,2,5,187,0.5,6/6/2026 9:09
53255,0,19,3. Core Loyal (>1 Year),Mobile Phone,3,9,Cash on Delivery,male,3,6,Laptop & Accessory,3,Single,2,0,14,1,4,2,191,0.25,6/6/2026 9:09
53256,0,1,1. Junior User (1-6 Months),Mobile Phone,1,17,Credit Card,male,4,3,Mobile Phone,3,Single,3,0,19,2,2,3,160,1,6/6/2026 9:09
53257,1,11,2. Mid-Loyal (7-12 Months),Computer,3,34,Debit Card,female,4,2,Laptop & Accessory,3,Single,6,1,13,2,2,4,189,1,6/6/2026 9:09
53258,0,8,2. Mid-Loyal (7-12 Months),Mobile Phone,3,9,UPI,male,3,4,Laptop & Accessory,2,Single,3,0,23,1,2,5,188,0.5,6/6/2026 9:09
53259,1,19,3. Core Loyal (>1 Year),Mobile Phone,1,9,Credit Card,male,4,4,Others,5,Divorced,7,1,14,2,2,5,324,1,6/6/2026 9:09
53260,0,10,2. Mid-Loyal (7-12 Months),Computer,3,15,Debit Card,male,4,5,Fashion,5,Single,3,0,16,1,2,10,201,0.5,6/6/2026 9:09
53261,0,26,3. Core Loyal (>1 Year),Computer,1,26,Credit Card,male,3,4,Mobile Phone,2,Divorced,2,0,19,2,2,3,168,1,6/6/2026 9:09
53262,0,1,1. Junior User (1-6 Months),Computer,1,7,Debit Card,female,4,6,Mobile Phone,2,Married,5,0,15,3,3,1,169,1,6/6/2026 9:09
53263,0,3,1. Junior User (1-6 Months),Mobile Phone,1,34,Credit Card,female,4,4,Laptop & Accessory,3,Divorced,6,0,13,2,2,2,168,1,6/6/2026 9:09
53264,1,1,1. Junior User (1-6 Months),Mobile Phone,3,15,Cash on Delivery,male,3,5,Laptop & Accessory,5,Single,8,0,18,2,2,3,178,1,6/6/2026 9:09
53265,0,8,2. Mid-Loyal (7-12 Months),Mobile Phone,1,7,Debit Card,female,4,2,Mobile Phone,2,Single,4,0,17,1,2,4,158,0.5,6/6/2026 9:09
53266,0,28,3. Core Loyal (>1 Year),Mobile Phone,1,26,Credit Card,female,4,4,Laptop & Accessory,5,Married,11,1,12,1,2,5,180,0.5,6/6/2026 9:09
53267,0,3,1. Junior User (1-6 Months),Computer,3,6,E wallet,male,3,4,Laptop & Accessory,2,Divorced,2,0,20,1,2,2,168,0.5,6/6/2026 9:09
53268,0,11,2. Mid-Loyal (7-12 Months),Mobile Phone,1,17,Debit Card,female,3,4,Mobile Phone,5,Married,2,1,14,4,5,4,153,0.8,6/6/2026 9:09
53269,0,12,2. Mid-Loyal (7-12 Months),Computer,1,9,Debit Card,female,4,2,Laptop & Accessory,5,Single,8,1,13,5,5,13,185,1,6/6/2026 9:09
53270,0,8,2. Mid-Loyal (7-12 Months),Mobile Phone,1,9,Credit Card,female,3,5,Mobile Phone,5,Single,3,0,12,2,2,4,169,1,6/6/2026 9:09
53271,0,9,2. Mid-Loyal (7-12 Months),Mobile Phone,3,15,Debit Card,female,4,4,Mobile Phone,2,Divorced,3,0,17,1,2,3,151,0.5,6/6/2026 9:09
53272,0,4,1. Junior User (1-6 Months),Mobile Phone,1,7,Debit Card,male,3,6,Mobile Phone,3,Divorced,5,0,22,2,2,3,163,1,6/6/2026 9:09
53273,0,14,3. Core Loyal (>1 Year),Computer,1,9,Credit Card,female,3,2,Laptop & Accessory,4,Divorced,3,0,25,1,4,8,167,0.25,6/6/2026 9:09
53274,0,8,2. Mid-Loyal (7-12 Months),Mobile Phone,3,15,Debit Card,female,4,4,Laptop & Accessory,5,Divorced,7,0,18,2,2,3,190,1,6/6/2026 9:09
53275,0,16,3. Core Loyal (>1 Year),Computer,1,15,Debit Card,male,4,4,Others,2,Married,3,0,0,1,15,10,309,0.07,6/6/2026 9:09
53276,1,1,1. Junior User (1-6 Months),Mobile Phone,1,13,Debit Card,male,4,2,Mobile Phone,5,Divorced,3,1,22,2,2,1,141,1,6/6/2026 9:09
53277,0,1,1. Junior User (1-6 Months),Computer,1,16,Debit Card,male,3,5,Mobile Phone,4,Married,3,0,12,2,2,1,152,1,6/6/2026 9:09
53278,0,26,3. Core Loyal (>1 Year),Mobile Phone,1,18,Debit Card,female,3,4,Laptop & Accessory,3,Divorced,10,0,21,2,2,5,156,1,6/6/2026 9:09
53279,0,24,3. Core Loyal (>1 Year),Mobile Phone,1,9,Credit Card,male,4,4,Grocery,3,Divorced,7,0,0,1,2,4,301,0.5,6/6/2026 9:09
53280,1,1,1. Junior User (1-6 Months),Mobile Phone,1,7,Debit Card,female,3,5,Mobile Phone,5,Divorced,3,1,12,1,2,1,148,0.5,6/6/2026 9:09
53281,0,7,2. Mid-Loyal (7-12 Months),Mobile Phone,1,14,Credit Card,male,3,4,Fashion,3,Divorced,2,0,12,1,0,8,242,0,6/6/2026 9:09
53282,1,1,1. Junior User (1-6 Months),Mobile Phone,3,23,E wallet,female,4,4,Laptop & Accessory,5,Single,7,0,16,2,2,3,178,1,6/6/2026 9:09
53283,0,21,3. Core Loyal (>1 Year),Mobile Phone,1,9,UPI,female,3,4,Grocery,2,Divorced,3,1,0,4,4,1,293,1,6/6/2026 9:09
53284,0,10,2. Mid-Loyal (7-12 Months),Mobile Phone,1,7,UPI,female,3,4,Laptop & Accessory,4,Divorced,2,0,16,1,2,6,177,0.5,6/6/2026 9:09
53285,0,3,1. Junior User (1-6 Months),Mobile Phone,1,30,Debit Card,male,3,2,Mobile Phone,3,Divorced,3,0,25,2,2,8,152,1,6/6/2026 9:09
53286,1,21,3. Core Loyal (>1 Year),Mobile Phone,1,9,Debit Card,male,3,4,Others,4,Single,9,1,0,6,14,9,317,0.43,6/6/2026 9:09
53287,0,9,2. Mid-Loyal (7-12 Months),Mobile Phone,1,7,Debit Card,female,3,2,Mobile Phone,3,Single,5,0,14,1,3,3,150,0.33,6/6/2026 9:09
53288,0,16,3. Core Loyal (>1 Year),Mobile Phone,1,7,Debit Card,female,3,5,Laptop & Accessory,2,Divorced,11,1,14,1,2,3,186,0.5,6/6/2026 9:09
53289,1,1,1. Junior User (1-6 Months),Mobile Phone,1,9,Credit Card,male,3,4,Mobile Phone,3,Single,8,0,18,1,3,2,169,0.33,6/6/2026 9:09
53290,0,10,2. Mid-Loyal (7-12 Months),Mobile Phone,2,20,UPI,male,3,4,Mobile Phone,4,Divorced,5,0,14,2,2,5,146,1,6/6/2026 9:09
53291,0,6,1. Junior User (1-6 Months),Mobile Phone,1,11,Debit Card,female,4,5,Laptop & Accessory,3,Divorced,3,0,13,2,7,9,187,0.29,6/6/2026 9:09
53292,0,14,3. Core Loyal (>1 Year),Computer,1,23,Credit Card,male,3,5,Laptop & Accessory,3,Single,8,0,15,2,2,1,176,1,6/6/2026 9:09
53293,0,4,1. Junior User (1-6 Months),Mobile Phone,1,9,Credit Card,female,3,5,Laptop & Accessory,2,Single,7,1,25,2,2,1,194,1,6/6/2026 9:09
53294,0,19,3. Core Loyal (>1 Year),Mobile Phone,1,9,Debit Card,female,4,5,Mobile Phone,3,Single,3,0,15,2,2,1,148,1,6/6/2026 9:09
53295,0,16,3. Core Loyal (>1 Year),Mobile Phone,1,36,Debit Card,male,4,4,Laptop & Accessory,4,Divorced,3,0,14,3,8,9,169,0.38,6/6/2026 9:09
53296,0,12,2. Mid-Loyal (7-12 Months),Computer,1,19,Debit Card,male,3,5,Laptop & Accessory,5,Married,4,0,16,2,2,3,188,1,6/6/2026 9:09
53297,0,8,2. Mid-Loyal (7-12 Months),Computer,1,23,Debit Card,female,4,5,Mobile Phone,2,Single,3,0,17,2,2,4,151,1,6/6/2026 9:09
53298,1,13,3. Core Loyal (>1 Year),Mobile Phone,3,18,E wallet,female,3,4,Fashion,2,Divorced,3,0,19,1,8,8,202,0.13,6/6/2026 9:09
53299,1,19,3. Core Loyal (>1 Year),Mobile Phone,3,9,Credit Card,male,3,4,Laptop & Accessory,2,Single,6,0,17,1,8,4,177,0.13,6/6/2026 9:09
53300,0,17,3. Core Loyal (>1 Year),Mobile Phone,1,21,Debit Card,male,4,4,Grocery,5,Divorced,8,0,0,2,2,1,297,1,6/6/2026 9:09
53301,0,1,1. Junior User (1-6 Months),Mobile Phone,1,12,Cash on Delivery,male,3,5,Fashion,2,Married,3,1,17,1,0,9,253,0,6/6/2026 9:09
53302,0,9,2. Mid-Loyal (7-12 Months),Mobile Phone,1,14,UPI,male,3,4,Fashion,3,Single,5,0,22,1,2,-1,227,0.5,6/6/2026 9:09
53303,0,2,1. Junior User (1-6 Months),Mobile Phone,3,9,E wallet,female,3,4,Laptop & Accessory,4,Divorced,3,1,21,8,8,6,173,1,6/6/2026 9:09
53304,0,8,2. Mid-Loyal (7-12 Months),Mobile Phone,2,10,UPI,male,3,4,Mobile Phone,2,Divorced,2,0,20,2,2,3,162,1,6/6/2026 9:09
53305,1,1,1. Junior User (1-6 Months),Computer,1,12,Credit Card,female,3,5,Mobile Phone,3,Divorced,3,1,15,1,2,8,149,0.5,6/6/2026 9:09
53306,0,1,1. Junior User (1-6 Months),Computer,1,10,Credit Card,male,3,4,Mobile Phone,2,Divorced,3,0,12,2,2,1,142,1,6/6/2026 9:09
53307,0,25,3. Core Loyal (>1 Year),Mobile Phone,3,33,E wallet,female,4,4,Grocery,3,Divorced,4,0,15,0,5,18,288,0,6/6/2026 9:09
53308,0,18,3. Core Loyal (>1 Year),Mobile Phone,1,11,Credit Card,male,3,4,Laptop & Accessory,4,Single,11,0,13,2,3,4,184,0.67,6/6/2026 9:09
53309,0,1,1. Junior User (1-6 Months),Mobile Phone,1,9,Credit Card,male,4,2,Mobile Phone,5,Single,9,0,14,2,2,2,159,1,6/6/2026 9:09
53310,0,7,2. Mid-Loyal (7-12 Months),Mobile Phone,3,7,Credit Card,male,3,2,Laptop & Accessory,5,Married,3,0,23,1,2,9,165,0.5,6/6/2026 9:09
53311,0,9,2. Mid-Loyal (7-12 Months),Mobile Phone,1,34,Credit Card,female,3,5,Mobile Phone,5,Single,3,0,12,2,2,2,151,1,6/6/2026 9:09
53312,0,10,2. Mid-Loyal (7-12 Months),Mobile Phone,3,7,Debit Card,male,3,4,Laptop & Accessory,2,Divorced,3,1,15,3,5,12,187,0.6,6/6/2026 9:09
53313,0,6,1. Junior User (1-6 Months),Mobile Phone,3,20,Debit Card,male,4,4,Laptop & Accessory,2,Married,4,0,12,1,2,4,169,0.5,6/6/2026 9:09
53314,0,4,1. Junior User (1-6 Months),Computer,1,12,Debit Card,male,4,5,Mobile Phone,2,Married,11,0,13,1,2,4,163,0.5,6/6/2026 9:09
53315,0,27,3. Core Loyal (>1 Year),Mobile Phone,3,14,E wallet,female,4,5,Fashion,2,Divorced,9,1,19,1,0,5,234,0,6/6/2026 9:09
53316,0,19,3. Core Loyal (>1 Year),Mobile Phone,3,16,E wallet,male,4,4,Fashion,5,Married,6,1,13,2,0,3,233,0,6/6/2026 9:09
53317,0,6,1. Junior User (1-6 Months),Mobile Phone,1,15,Credit Card,female,4,2,Laptop & Accessory,3,Divorced,7,0,13,2,2,4,177,1,6/6/2026 9:09
53318,0,26,3. Core Loyal (>1 Year),Computer,1,32,Credit Card,female,3,5,Grocery,2,Divorced,5,0,23,0,2,1,263,0,6/6/2026 9:09
53319,0,11,2. Mid-Loyal (7-12 Months),Mobile Phone,3,23,E wallet,male,4,5,Laptop & Accessory,3,Married,6,0,20,2,2,1,188,1,6/6/2026 9:09
53320,0,2,1. Junior User (1-6 Months),Mobile Phone,2,15,Credit Card,male,4,5,Mobile Phone,2,Married,3,0,14,1,2,5,174,0.5,6/6/2026 9:09
53321,0,1,1. Junior User (1-6 Months),Mobile Phone,1,7,Debit Card,male,3,5,Laptop & Accessory,2,Divorced,8,0,23,3,3,3,173,1,6/6/2026 9:09
53322,0,18,3. Core Loyal (>1 Year),Mobile Phone,1,15,Debit Card,male,4,2,Mobile Phone,2,Divorced,4,1,25,2,2,3,153,1,6/6/2026 9:09
53323,0,16,3. Core Loyal (>1 Year),Computer,1,9,Credit Card,male,3,4,Mobile Phone,2,Single,7,1,15,1,3,3,150,0.33,6/6/2026 9:09
53324,0,10,2. Mid-Loyal (7-12 Months),Mobile Phone,2,15,Debit Card,male,4,5,Mobile Phone,5,Divorced,2,0,22,2,2,4,148,1,6/6/2026 9:09
53325,0,1,1. Junior User (1-6 Months),Mobile Phone,3,10,UPI,male,4,4,Laptop & Accessory,5,Divorced,3,1,19,2,2,4,167,1,6/6/2026 9:09
53326,0,9,2. Mid-Loyal (7-12 Months),Mobile Phone,1,16,Debit Card,female,4,5,Fashion,3,Divorced,3,1,21,3,0,16,232,0,6/6/2026 9:09
53327,1,1,1. Junior User (1-6 Months),Computer,1,32,Debit Card,female,4,4,Mobile Phone,4,Married,3,1,20,1,8,9,145,0.13,6/6/2026 9:09
53328,0,6,1. Junior User (1-6 Months),Computer,1,7,Debit Card,male,4,4,Mobile Phone,2,Married,2,0,13,1,2,3,148,0.5,6/6/2026 9:09
53329,0,1,1. Junior User (1-6 Months),Mobile Phone,3,11,E wallet,male,3,5,Laptop & Accessory,5,Divorced,3,0,13,2,2,4,168,1,6/6/2026 9:09
53330,0,23,3. Core Loyal (>1 Year),Mobile Phone,1,7,Cash on Delivery,female,3,4,Mobile Phone,5,Divorced,4,0,17,2,2,3,161,1,6/6/2026 9:09
53331,0,1,1. Junior User (1-6 Months),Computer,1,11,Debit Card,male,3,5,Mobile Phone,2,Divorced,2,0,18,1,4,5,157,0.25,6/6/2026 9:09
53332,0,6,1. Junior User (1-6 Months),Computer,3,12,Debit Card,male,3,4,Laptop & Accessory,4,Divorced,3,0,15,3,6,4,190,0.5,6/6/2026 9:09
53333,0,12,2. Mid-Loyal (7-12 Months),Mobile Phone,3,16,E wallet,male,4,5,Mobile Phone,4,Divorced,2,0,20,1,2,3,154,0.5,6/6/2026 9:09
53334,0,16,3. Core Loyal (>1 Year),Mobile Phone,1,10,Debit Card,female,4,2,Laptop & Accessory,2,Divorced,4,1,14,1,2,4,177,0.5,6/6/2026 9:09
53335,0,5,1. Junior User (1-6 Months),Mobile Phone,1,18,Debit Card,male,3,4,Mobile Phone,2,Divorced,5,1,20,2,2,3,149,1,6/6/2026 9:09
53336,1,1,1. Junior User (1-6 Months),Mobile Phone,3,7,Credit Card,female,3,5,Mobile Phone,3,Married,8,1,20,1,2,3,153,0.5,6/6/2026 9:09
53337,0,27,3. Core Loyal (>1 Year),Mobile Phone,3,15,E wallet,male,4,4,Grocery,2,Divorced,7,0,15,1,0,3,243,0,6/6/2026 9:09
53338,0,9,2. Mid-Loyal (7-12 Months),Mobile Phone,1,32,Cash on Delivery,male,4,5,Fashion,4,Divorced,5,0,17,4,0,9,234,0,6/6/2026 9:09
53339,0,11,2. Mid-Loyal (7-12 Months),Computer,3,28,Credit Card,female,3,4,Mobile Phone,2,Divorced,7,0,16,2,2,1,155,1,6/6/2026 9:09
53340,0,27,3. Core Loyal (>1 Year),Mobile Phone,1,30,Debit Card,female,4,4,Grocery,2,Single,8,0,19,0,4,9,268,0,6/6/2026 9:09
53341,0,17,3. Core Loyal (>1 Year),Computer,1,7,Debit Card,female,3,4,Laptop & Accessory,2,Divorced,6,0,14,2,3,3,181,0.67,6/6/2026 9:09
53342,0,21,3. Core Loyal (>1 Year),Mobile Phone,3,9,E wallet,female,3,4,Laptop & Accessory,2,Divorced,2,1,23,6,8,8,170,0.75,6/6/2026 9:09
53343,0,11,2. Mid-Loyal (7-12 Months),Computer,3,26,Credit Card,male,3,4,Fashion,4,Single,3,1,14,1,2,10,201,0.5,6/6/2026 9:09
53344,0,24,3. Core Loyal (>1 Year),Computer,1,9,Debit Card,male,4,4,Grocery,5,Married,3,0,0,14,15,8,304,0.93,6/6/2026 9:09
53345,0,13,3. Core Loyal (>1 Year),Mobile Phone,2,9,Debit Card,female,3,5,Laptop & Accessory,2,Divorced,10,0,12,1,2,5,177,0.5,6/6/2026 9:09
53346,0,7,2. Mid-Loyal (7-12 Months),Mobile Phone,2,10,UPI,male,3,4,Mobile Phone,4,Married,5,1,12,1,2,4,148,0.5,6/6/2026 9:09
53347,1,1,1. Junior User (1-6 Months),Mobile Phone,1,32,Debit Card,male,3,4,Mobile Phone,2,Single,3,1,25,2,2,2,153,1,6/6/2026 9:09
53348,0,3,1. Junior User (1-6 Months),Mobile Phone,1,14,Credit Card,female,4,5,Mobile Phone,2,Married,8,0,15,2,2,4,150,1,6/6/2026 9:09
53349,0,18,3. Core Loyal (>1 Year),Mobile Phone,1,16,Debit Card,male,4,4,Mobile Phone,5,Divorced,3,1,14,3,8,2,151,0.38,6/6/2026 9:09
53350,0,2,1. Junior User (1-6 Months),Mobile Phone,3,12,Credit Card,male,4,4,Laptop & Accessory,2,Single,3,0,15,2,2,3,174,1,6/6/2026 9:09
53351,1,21,3. Core Loyal (>1 Year),Computer,1,9,Debit Card,male,3,5,Mobile Phone,2,Married,11,1,15,1,2,1,149,0.5,6/6/2026 9:09
53352,0,17,3. Core Loyal (>1 Year),Mobile Phone,1,15,Debit Card,female,3,4,Laptop & Accessory,4,Married,6,0,22,2,2,1,173,1,6/6/2026 9:09
53353,1,1,1. Junior User (1-6 Months),Mobile Phone,3,9,Credit Card,female,3,5,Mobile Phone,3,Single,3,0,14,1,2,3,145,0.5,6/6/2026 9:09
53354,1,1,1. Junior User (1-6 Months),Mobile Phone,1,25,UPI,female,4,4,Mobile Phone,2,Single,3,0,20,2,2,1,152,1,6/6/2026 9:09
53355,0,10,2. Mid-Loyal (7-12 Months),Mobile Phone,1,21,Debit Card,male,4,4,Laptop & Accessory,2,Divorced,2,1,18,5,5,12,191,1,6/6/2026 9:09
53356,0,21,3. Core Loyal (>1 Year),Mobile Phone,3,9,Debit Card,female,4,5,Mobile Phone,2,Single,3,1,19,2,2,3,158,1,6/6/2026 9:09
53357,1,1,1. Junior User (1-6 Months),Mobile Phone,1,10,Debit Card,female,3,4,Laptop & Accessory,3,Divorced,2,1,20,2,2,3,167,1,6/6/2026 9:09
53358,1,5,1. Junior User (1-6 Months),Mobile Phone,1,9,Debit Card,female,3,6,Mobile Phone,2,Married,6,1,14,1,2,1,153,0.5,6/6/2026 9:09
53359,0,2,1. Junior User (1-6 Months),Mobile Phone,1,16,Credit Card,female,4,4,Mobile Phone,3,Married,7,0,19,3,3,3,149,1,6/6/2026 9:09
53360,1,3,1. Junior User (1-6 Months),Mobile Phone,1,13,Credit Card,male,4,4,Mobile Phone,5,Divorced,9,1,22,2,3,3,149,0.67,6/6/2026 9:09
53361,0,1,1. Junior User (1-6 Months),Mobile Phone,1,11,Debit Card,female,4,4,Mobile Phone,3,Single,3,0,20,2,2,1,148,1,6/6/2026 9:09
53362,0,8,2. Mid-Loyal (7-12 Months),Mobile Phone,1,17,Debit Card,male,3,4,Mobile Phone,4,Married,3,0,15,2,2,1,145,1,6/6/2026 9:09
53363,0,16,3. Core Loyal (>1 Year),Mobile Phone,3,21,Credit Card,female,4,5,Laptop & Accessory,3,Single,9,0,18,1,2,4,187,0.5,6/6/2026 9:09
53364,0,7,2. Mid-Loyal (7-12 Months),Mobile Phone,1,7,UPI,male,4,5,Mobile Phone,5,Single,5,1,12,1,2,3,153,0.5,6/6/2026 9:09
53365,0,31,3. Core Loyal (>1 Year),Mobile Phone,1,12,Cash on Delivery,female,3,5,Fashion,4,Married,4,1,14,2,2,-1,231,1,6/6/2026 9:09
53366,0,5,1. Junior User (1-6 Months),Mobile Phone,3,14,Debit Card,male,3,5,Mobile Phone,3,Divorced,5,0,16,4,6,3,148,0.67,6/6/2026 9:09
53367,0,9,2. Mid-Loyal (7-12 Months),Mobile Phone,1,28,Debit Card,female,3,4,Laptop & Accessory,2,Divorced,3,1,26,1,2,8,165,0.5,6/6/2026 9:09
53368,0,23,3. Core Loyal (>1 Year),Mobile Phone,1,15,UPI,female,3,4,Fashion,4,Divorced,6,0,12,1,2,8,199,0.5,6/6/2026 9:09
53369,0,22,3. Core Loyal (>1 Year),Mobile Phone,1,27,Credit Card,male,3,4,Mobile Phone,3,Divorced,6,0,18,1,2,1,148,0.5,6/6/2026 9:09
53370,0,5,1. Junior User (1-6 Months),Computer,3,27,E wallet,female,3,4,Laptop & Accessory,3,Divorced,3,0,14,2,2,1,194,1,6/6/2026 9:09
53371,0,10,2. Mid-Loyal (7-12 Months),Mobile Phone,1,14,UPI,male,4,4,Mobile Phone,2,Single,4,0,19,1,2,2,172,0.5,6/6/2026 9:09
53372,0,12,2. Mid-Loyal (7-12 Months),Mobile Phone,1,7,Cash on Delivery,female,4,4,Fashion,5,Divorced,3,0,14,4,6,12,261,0.67,6/6/2026 9:09
53373,0,6,1. Junior User (1-6 Months),Computer,1,7,Debit Card,female,4,5,Mobile Phone,4,Divorced,8,0,21,2,2,3,148,1,6/6/2026 9:09
53374,1,1,1. Junior User (1-6 Months),Mobile Phone,3,26,E wallet,male,3,5,Mobile Phone,4,Divorced,3,1,19,1,2,1,149,0.5,6/6/2026 9:09
53375,0,14,3. Core Loyal (>1 Year),Mobile Phone,3,17,E wallet,male,4,5,Fashion,4,Married,4,0,13,2,2,-1,222,1,6/6/2026 9:09
53376,0,1,1. Junior User (1-6 Months),Computer,3,7,Credit Card,male,3,5,Laptop & Accessory,5,Single,3,0,13,2,2,8,168,1,6/6/2026 9:09
53377,0,15,3. Core Loyal (>1 Year),Mobile Phone,1,13,Credit Card,male,3,4,Mobile Phone,5,Single,4,1,14,2,3,18,172,0.67,6/6/2026 9:09
53378,0,10,2. Mid-Loyal (7-12 Months),Mobile Phone,1,9,Credit Card,male,4,4,Mobile Phone,3,Single,6,0,22,3,4,10,150,0.75,6/6/2026 9:09
53379,1,1,1. Junior User (1-6 Months),Mobile Phone,3,28,UPI,male,3,5,Mobile Phone,4,Single,3,1,14,1,2,1,146,0.5,6/6/2026 9:09
53380,1,1,1. Junior User (1-6 Months),Mobile Phone,1,11,Cash on Delivery,male,3,4,Mobile Phone,5,Single,3,0,20,2,2,1,155,1,6/6/2026 9:09
53381,0,5,1. Junior User (1-6 Months),Mobile Phone,1,19,Credit Card,female,3,4,Laptop & Accessory,2,Divorced,2,1,12,1,9,6,184,0.11,6/6/2026 9:09
53382,0,14,3. Core Loyal (>1 Year),Computer,1,16,Credit Card,male,3,4,Mobile Phone,4,Married,10,1,15,1,2,1,161,0.5,6/6/2026 9:09
53383,0,6,1. Junior User (1-6 Months),Mobile Phone,1,10,Credit Card,female,4,4,Laptop & Accessory,5,Divorced,3,0,13,7,7,4,192,1,6/6/2026 9:09
53384,1,1,1. Junior User (1-6 Months),Mobile Phone,3,10,Debit Card,male,3,5,Fashion,2,Divorced,3,1,12,4,4,-1,228,1,6/6/2026 9:09
53385,0,7,2. Mid-Loyal (7-12 Months),Mobile Phone,1,7,Debit Card,female,3,5,Laptop & Accessory,2,Single,2,0,15,1,2,5,194,0.5,6/6/2026 9:09
53386,1,1,1. Junior User (1-6 Months),Mobile Phone,3,7,Debit Card,male,3,5,Fashion,3,Divorced,7,0,12,2,12,-1,231,0.17,6/6/2026 9:09
53387,0,19,3. Core Loyal (>1 Year),Computer,1,11,Debit Card,male,3,4,Laptop & Accessory,4,Divorced,3,0,13,2,2,9,169,1,6/6/2026 9:09
53388,0,3,1. Junior User (1-6 Months),Computer,3,27,Cash on Delivery,female,3,4,Mobile Phone,2,Divorced,3,0,16,1,2,3,147,0.5,6/6/2026 9:09
53389,0,9,2. Mid-Loyal (7-12 Months),Mobile Phone,3,25,Credit Card,female,3,4,Laptop & Accessory,3,Divorced,3,0,17,2,2,1,171,1,6/6/2026 9:09
53390,0,26,3. Core Loyal (>1 Year),Mobile Phone,1,7,Debit Card,male,4,4,Grocery,2,Divorced,4,0,0,8,8,9,296,1,6/6/2026 9:09
53391,1,21,3. Core Loyal (>1 Year),Mobile Phone,1,9,Cash on Delivery,male,3,4,Mobile Phone,3,Single,6,0,25,2,2,1,150,1,6/6/2026 9:09
53392,0,27,3. Core Loyal (>1 Year),Mobile Phone,3,9,Credit Card,male,3,4,Grocery,3,Married,8,0,14,0,16,3,274,0,6/6/2026 9:09
53393,0,4,1. Junior User (1-6 Months),Mobile Phone,3,15,UPI,male,4,4,Fashion,3,Married,7,0,12,5,8,8,198,0.63,6/6/2026 9:09
53394,0,12,2. Mid-Loyal (7-12 Months),Computer,3,17,Cash on Delivery,female,3,4,Laptop & Accessory,2,Single,3,1,14,1,2,4,182,0.5,6/6/2026 9:09
53395,0,9,2. Mid-Loyal (7-12 Months),Mobile Phone,3,10,Debit Card,male,4,4,Fashion,2,Married,8,0,14,1,2,9,203,0.5,6/6/2026 9:09
53396,0,13,3. Core Loyal (>1 Year),Mobile Phone,3,9,Debit Card,male,3,2,Fashion,3,Single,2,0,19,2,2,8,204,1,6/6/2026 9:09
53397,1,4,1. Junior User (1-6 Months),Computer,3,31,Debit Card,female,4,2,Grocery,4,Single,6,1,17,2,0,1,257,0,6/6/2026 9:09
53398,0,21,3. Core Loyal (>1 Year),Computer,1,23,Credit Card,male,4,2,Laptop & Accessory,3,Married,3,1,20,1,3,8,176,0.33,6/6/2026 9:09
53399,0,10,2. Mid-Loyal (7-12 Months),Computer,3,15,Cash on Delivery,male,3,4,Laptop & Accessory,2,Married,6,0,14,2,2,8,176,1,6/6/2026 9:09
53400,1,1,1. Junior User (1-6 Months),Computer,1,16,Credit Card,male,3,5,Mobile Phone,5,Single,2,1,23,2,2,3,148,1,6/6/2026 9:09
53401,0,7,2. Mid-Loyal (7-12 Months),Computer,3,24,Debit Card,male,3,4,Grocery,3,Single,3,0,0,6,7,1,299,0.86,6/6/2026 9:09
53402,1,1,1. Junior User (1-6 Months),Mobile Phone,1,17,Debit Card,female,4,5,Mobile Phone,5,Single,8,1,21,2,2,1,149,1,6/6/2026 9:09
53403,0,7,2. Mid-Loyal (7-12 Months),Mobile Phone,1,20,Debit Card,female,3,4,Mobile Phone,2,Single,5,0,19,2,2,3,160,1,6/6/2026 9:09
53404,0,19,3. Core Loyal (>1 Year),Mobile Phone,1,7,Credit Card,female,4,4,Mobile Phone,2,Married,5,0,15,1,2,3,148,0.5,6/6/2026 9:09
53405,0,24,3. Core Loyal (>1 Year),Mobile Phone,1,7,Credit Card,male,4,4,Grocery,2,Married,11,0,0,1,2,4,299,0.5,6/6/2026 9:09
53406,0,7,2. Mid-Loyal (7-12 Months),Computer,1,7,UPI,female,3,2,Laptop & Accessory,4,Divorced,3,1,14,1,2,3,180,0.5,6/6/2026 9:09
53407,0,15,3. Core Loyal (>1 Year),Computer,1,16,Credit Card,male,4,4,Others,3,Married,4,0,0,2,2,12,319,1,6/6/2026 9:09
53408,0,1,1. Junior User (1-6 Months),Mobile Phone,1,23,Cash on Delivery,female,3,4,Mobile Phone,4,Divorced,11,0,15,3,3,3,153,1,6/6/2026 9:09
53409,0,19,3. Core Loyal (>1 Year),Computer,1,30,Debit Card,male,3,4,Laptop & Accessory,5,Divorced,3,1,16,2,2,9,161,1,6/6/2026 9:09
53410,0,21,3. Core Loyal (>1 Year),Mobile Phone,3,11,Debit Card,female,3,4,Laptop & Accessory,2,Single,3,1,18,2,2,8,167,1,6/6/2026 9:09
53411,1,1,1. Junior User (1-6 Months),Mobile Phone,1,29,Debit Card,female,3,4,Mobile Phone,3,Divorced,6,1,12,1,2,2,146,0.5,6/6/2026 9:09
53412,0,24,3. Core Loyal (>1 Year),Mobile Phone,1,31,Debit Card,male,4,4,Grocery,3,Divorced,5,1,19,0,2,6,265,0,6/6/2026 9:09
53413,0,12,2. Mid-Loyal (7-12 Months),Computer,1,17,Credit Card,male,4,4,Mobile Phone,3,Divorced,2,0,18,1,2,3,152,0.5,6/6/2026 9:09
53414,0,20,3. Core Loyal (>1 Year),Mobile Phone,1,14,Credit Card,male,4,4,Fashion,3,Married,8,0,14,1,0,8,233,0,6/6/2026 9:09
53415,0,1,1. Junior User (1-6 Months),Mobile Phone,1,24,Credit Card,female,3,5,Laptop & Accessory,3,Married,3,0,16,3,4,3,169,0.75,6/6/2026 9:09
53416,1,1,1. Junior User (1-6 Months),Mobile Phone,1,21,UPI,male,3,5,Mobile Phone,4,Married,3,1,25,2,2,3,162,1,6/6/2026 9:09
53417,0,5,1. Junior User (1-6 Months),Computer,1,7,Debit Card,female,4,4,Laptop & Accessory,5,Divorced,3,0,13,2,2,4,166,1,6/6/2026 9:09
53418,0,1,1. Junior User (1-6 Months),Computer,1,12,Debit Card,male,4,4,Mobile Phone,2,Single,3,0,16,2,2,1,136,1,6/6/2026 9:09
53419,0,28,3. Core Loyal (>1 Year),Mobile Phone,1,24,Cash on Delivery,female,3,4,Fashion,3,Divorced,10,0,12,2,0,9,232,0,6/6/2026 9:09
53420,0,9,2. Mid-Loyal (7-12 Months),Mobile Phone,1,32,Credit Card,female,3,4,Fashion,3,Married,3,1,12,3,11,-1,229,0.27,6/6/2026 9:09
53421,0,4,1. Junior User (1-6 Months),Mobile Phone,1,15,Debit Card,female,4,2,Fashion,5,Divorced,2,1,13,1,0,8,239,0,6/6/2026 9:09
53422,1,1,1. Junior User (1-6 Months),Mobile Phone,1,18,Credit Card,female,4,5,Mobile Phone,5,Single,3,1,16,1,2,1,151,0.5,6/6/2026 9:09
53423,1,1,1. Junior User (1-6 Months),Computer,1,12,Credit Card,female,3,4,Mobile Phone,4,Single,2,0,18,1,2,3,149,0.5,6/6/2026 9:09
53424,0,1,1. Junior User (1-6 Months),Mobile Phone,1,9,Credit Card,male,3,2,Laptop & Accessory,2,Divorced,3,0,13,2,2,4,180,1,6/6/2026 9:09
53425,0,1,1. Junior User (1-6 Months),Mobile Phone,1,15,Debit Card,male,4,6,Mobile Phone,5,Divorced,3,0,16,2,2,2,150,1,6/6/2026 9:09
53426,0,22,3. Core Loyal (>1 Year),Mobile Phone,1,13,Debit Card,male,4,5,Laptop & Accessory,3,Single,4,0,14,1,3,3,167,0.33,6/6/2026 9:09
53427,0,22,3. Core Loyal (>1 Year),Mobile Phone,1,11,Debit Card,male,4,5,Fashion,3,Single,9,0,15,2,0,9,235,0,6/6/2026 9:09
53428,0,15,3. Core Loyal (>1 Year),Mobile Phone,1,14,Credit Card,female,3,4,Laptop & Accessory,3,Single,8,0,15,2,3,2,175,0.67,6/6/2026 9:09
53429,0,13,3. Core Loyal (>1 Year),Mobile Phone,1,7,Debit Card,female,4,5,Grocery,2,Divorced,3,0,17,1,0,9,252,0,6/6/2026 9:09
53430,0,1,1. Junior User (1-6 Months),Mobile Phone,1,9,Debit Card,female,3,4,Laptop & Accessory,2,Divorced,2,0,19,1,3,3,167,0.33,6/6/2026 9:09
53431,0,9,2. Mid-Loyal (7-12 Months),Mobile Phone,1,17,UPI,male,3,4,Mobile Phone,2,Married,3,0,21,2,2,3,164,1,6/6/2026 9:09
53432,0,16,3. Core Loyal (>1 Year),Mobile Phone,3,12,E wallet,male,3,4,Others,3,Divorced,8,0,0,1,2,1,308,0.5,6/6/2026 9:09
53433,0,24,3. Core Loyal (>1 Year),Mobile Phone,1,16,Debit Card,male,4,4,Mobile Phone,2,Divorced,6,0,19,2,2,1,149,1,6/6/2026 9:09
53434,0,31,3. Core Loyal (>1 Year),Mobile Phone,1,9,Debit Card,female,4,5,Grocery,2,Single,5,1,14,0,5,4,262,0,6/6/2026 9:09
53435,1,1,1. Junior User (1-6 Months),Mobile Phone,1,18,Credit Card,female,4,6,Laptop & Accessory,4,Divorced,7,0,16,2,2,1,173,1,6/6/2026 9:09
53436,0,29,3. Core Loyal (>1 Year),Computer,1,25,Credit Card,male,4,4,Laptop & Accessory,4,Divorced,5,1,15,7,7,8,189,1,6/6/2026 9:09
53437,0,15,3. Core Loyal (>1 Year),Computer,1,14,Debit Card,female,3,6,Others,3,Married,3,0,23,2,6,11,325,0.33,6/6/2026 9:09
53438,0,12,2. Mid-Loyal (7-12 Months),Mobile Phone,3,10,Debit Card,male,3,4,Laptop & Accessory,2,Single,10,1,13,2,2,1,194,1,6/6/2026 9:09
53439,1,1,1. Junior User (1-6 Months),Computer,3,36,Credit Card,male,4,6,Laptop & Accessory,5,Single,10,0,19,1,3,3,175,0.33,6/6/2026 9:09
53440,1,16,3. Core Loyal (>1 Year),Mobile Phone,3,9,E wallet,female,3,6,Others,2,Divorced,3,0,16,6,7,10,323,0.86,6/6/2026 9:09
53441,0,18,3. Core Loyal (>1 Year),Mobile Phone,3,35,Credit Card,female,3,2,Grocery,2,Divorced,5,1,19,2,0,12,258,0,6/6/2026 9:09
53442,0,24,3. Core Loyal (>1 Year),Computer,3,7,Debit Card,female,4,4,Laptop & Accessory,3,Divorced,2,0,13,2,2,14,188,1,6/6/2026 9:09
53443,1,1,1. Junior User (1-6 Months),Mobile Phone,1,23,Debit Card,female,3,2,Mobile Phone,5,Single,3,0,17,16,16,15,152,1,6/6/2026 9:09
53444,0,13,3. Core Loyal (>1 Year),Computer,1,29,Credit Card,female,3,4,Fashion,5,Single,3,1,14,2,0,9,234,0,6/6/2026 9:09
53445,0,7,2. Mid-Loyal (7-12 Months),Computer,3,15,Debit Card,female,3,5,Mobile Phone,2,Single,2,0,20,3,3,3,148,1,6/6/2026 9:09
53446,0,19,3. Core Loyal (>1 Year),Mobile Phone,3,18,Debit Card,female,3,4,Grocery,2,Divorced,5,0,0,2,2,2,302,1,6/6/2026 9:09
53447,0,6,1. Junior User (1-6 Months),Computer,1,36,Credit Card,female,4,4,Mobile Phone,3,Single,11,0,13,6,8,8,165,0.75,6/6/2026 9:09
53448,0,8,2. Mid-Loyal (7-12 Months),Mobile Phone,3,7,E wallet,male,4,2,Laptop & Accessory,2,Married,2,0,12,2,2,-1,222,1,6/6/2026 9:09
53449,0,31,3. Core Loyal (>1 Year),Mobile Phone,3,7,Cash on Delivery,male,4,4,Fashion,2,Divorced,5,1,15,1,0,5,244,0,6/6/2026 9:09
53450,0,19,3. Core Loyal (>1 Year),Mobile Phone,2,31,Credit Card,male,3,4,Mobile Phone,4,Single,3,0,17,1,2,5,147,0.5,6/6/2026 9:09
53451,0,27,3. Core Loyal (>1 Year),Computer,3,9,E wallet,female,3,5,Fashion,4,Divorced,4,0,13,1,7,13,200,0.14,6/6/2026 9:09
53452,1,1,1. Junior User (1-6 Months),Mobile Phone,1,22,UPI,male,3,4,Laptop & Accessory,3,Married,9,0,15,1,2,1,173,0.5,6/6/2026 9:09
53453,1,1,1. Junior User (1-6 Months),Computer,1,9,Debit Card,male,3,4,Mobile Phone,5,Divorced,8,1,15,2,2,3,145,1,6/6/2026 9:09
53454,0,8,2. Mid-Loyal (7-12 Months),Mobile Phone,3,17,Debit Card,female,3,4,Mobile Phone,3,Divorced,3,1,20,1,2,1,147,0.5,6/6/2026 9:09
53455,0,2,1. Junior User (1-6 Months),Mobile Phone,3,17,Credit Card,male,4,4,Mobile Phone,4,Divorced,3,0,23,2,2,1,136,1,6/6/2026 9:09
53456,0,12,2. Mid-Loyal (7-12 Months),Computer,1,10,UPI,male,3,4,Mobile Phone,3,Divorced,5,0,17,3,3,3,153,1,6/6/2026 9:09
53457,0,24,3. Core Loyal (>1 Year),Mobile Phone,1,9,Credit Card,male,4,4,Others,3,Divorced,4,1,0,8,8,8,317,1,6/6/2026 9:09
53458,0,11,2. Mid-Loyal (7-12 Months),Mobile Phone,1,10,UPI,female,3,4,Laptop & Accessory,4,Single,5,0,16,2,2,2,166,1,6/6/2026 9:09
53459,0,14,3. Core Loyal (>1 Year),Mobile Phone,3,33,E wallet,male,4,4,Laptop & Accessory,5,Divorced,3,0,15,6,8,6,209,0.75,6/6/2026 9:09
53460,0,1,1. Junior User (1-6 Months),Computer,1,7,Credit Card,female,4,5,Mobile Phone,3,Married,3,0,14,2,2,4,145,1,6/6/2026 9:09
53461,0,20,3. Core Loyal (>1 Year),Mobile Phone,1,7,Credit Card,male,3,4,Others,2,Married,11,0,0,2,3,3,321,0.67,6/6/2026 9:09
53462,0,28,3. Core Loyal (>1 Year),Mobile Phone,3,9,Debit Card,female,3,5,Fashion,3,Divorced,8,0,12,7,0,1,232,0,6/6/2026 9:09
53463,0,30,3. Core Loyal (>1 Year),Computer,1,16,Credit Card,female,4,4,Mobile Phone,3,Divorced,4,0,20,1,2,4,154,0.5,6/6/2026 9:09
53464,0,10,2. Mid-Loyal (7-12 Months),Mobile Phone,1,19,Credit Card,female,3,5,Fashion,2,Single,2,0,12,6,8,-1,214,0.75,6/6/2026 9:09
53465,0,29,3. Core Loyal (>1 Year),Computer,1,9,Credit Card,male,3,5,Grocery,5,Single,9,0,0,4,7,3,293,0.57,6/6/2026 9:09
53466,0,17,3. Core Loyal (>1 Year),Mobile Phone,3,32,Credit Card,male,4,5,Fashion,2,Married,7,0,14,2,0,1,259,0,6/6/2026 9:09
53467,1,1,1. Junior User (1-6 Months),Computer,3,16,E wallet,female,3,4,Mobile Phone,2,Single,3,1,15,1,2,3,148,0.5,6/6/2026 9:09
53468,1,1,1. Junior User (1-6 Months),Mobile Phone,1,17,Debit Card,female,3,5,Mobile Phone,5,Single,3,0,14,2,2,1,139,1,6/6/2026 9:09
53469,0,20,3. Core Loyal (>1 Year),Mobile Phone,1,15,Debit Card,female,4,5,Laptop & Accessory,5,Married,10,1,24,2,2,8,171,1,6/6/2026 9:09
53470,1,15,3. Core Loyal (>1 Year),Mobile Phone,1,11,Debit Card,male,3,4,Mobile Phone,3,Divorced,11,1,13,2,3,8,150,0.67,6/6/2026 9:09
53471,1,1,1. Junior User (1-6 Months),Computer,1,31,Cash on Delivery,male,4,5,Fashion,5,Single,3,0,13,1,2,-1,212,0.5,6/6/2026 9:09
53472,0,1,1. Junior User (1-6 Months),Mobile Phone,1,7,Credit Card,male,3,5,Mobile Phone,5,Divorced,3,0,17,1,2,4,165,0.5,6/6/2026 9:09
53473,0,4,1. Junior User (1-6 Months),Mobile Phone,1,27,UPI,male,3,4,Laptop & Accessory,5,Divorced,2,0,16,2,2,-1,225,1,6/6/2026 9:09
53474,0,15,3. Core Loyal (>1 Year),Mobile Phone,1,14,Cash on Delivery,female,3,2,Mobile Phone,3,Divorced,3,0,14,2,2,9,159,1,6/6/2026 9:09
53475,0,12,2. Mid-Loyal (7-12 Months),Mobile Phone,1,24,Debit Card,female,4,5,Fashion,3,Divorced,2,0,19,1,2,-1,213,0.5,6/6/2026 9:09
53476,0,14,3. Core Loyal (>1 Year),Mobile Phone,1,27,Cash on Delivery,male,4,4,Fashion,2,Divorced,6,0,21,5,12,-1,228,0.42,6/6/2026 9:09
53477,0,1,1. Junior User (1-6 Months),Computer,1,15,Debit Card,male,3,6,Mobile Phone,3,Divorced,3,0,20,2,2,3,171,1,6/6/2026 9:09
53478,0,29,3. Core Loyal (>1 Year),Computer,1,9,Debit Card,male,4,4,Fashion,4,Divorced,5,0,19,2,0,3,235,0,6/6/2026 9:09
53479,0,2,1. Junior User (1-6 Months),Mobile Phone,1,17,UPI,female,3,4,Laptop & Accessory,3,Single,5,0,14,2,2,8,162,1,6/6/2026 9:09
53480,1,8,2. Mid-Loyal (7-12 Months),Mobile Phone,2,7,Credit Card,male,4,5,Fashion,5,Divorced,11,0,15,3,4,-1,230,0.75,6/6/2026 9:09
53481,0,7,2. Mid-Loyal (7-12 Months),Mobile Phone,1,12,Debit Card,male,3,5,Fashion,2,Married,6,0,16,1,2,3,196,0.5,6/6/2026 9:09
53482,1,1,1. Junior User (1-6 Months),Mobile Phone,3,11,Cash on Delivery,male,3,4,Fashion,5,Single,2,1,23,4,5,-1,221,0.8,6/6/2026 9:09
53483,1,1,1. Junior User (1-6 Months),Computer,1,36,Credit Card,female,3,5,Laptop & Accessory,3,Single,3,0,23,4,4,9,170,1,6/6/2026 9:09
53484,0,2,1. Junior User (1-6 Months),Mobile Phone,1,22,Debit Card,male,3,4,Mobile Phone,3,Married,3,0,17,3,3,3,147,1,6/6/2026 9:09
53485,0,8,2. Mid-Loyal (7-12 Months),Computer,1,10,Debit Card,male,3,4,Laptop & Accessory,2,Single,2,0,18,2,2,5,203,1,6/6/2026 9:09
53486,0,11,2. Mid-Loyal (7-12 Months),Mobile Phone,3,17,Debit Card,female,3,5,Laptop & Accessory,2,Married,4,1,15,1,2,1,192,0.5,6/6/2026 9:09
53487,1,1,1. Junior User (1-6 Months),Mobile Phone,1,11,Cash on Delivery,male,3,4,Mobile Phone,2,Divorced,3,1,16,6,6,7,162,1,6/6/2026 9:09
53488,1,1,1. Junior User (1-6 Months),Mobile Phone,1,28,Credit Card,male,3,4,Mobile Phone,3,Married,3,0,21,2,2,1,149,1,6/6/2026 9:09
53489,1,1,1. Junior User (1-6 Months),Mobile Phone,1,32,Credit Card,male,3,5,Mobile Phone,4,Single,6,1,21,1,3,3,148,0.33,6/6/2026 9:09
53490,0,16,3. Core Loyal (>1 Year),Mobile Phone,1,9,Credit Card,male,3,4,Grocery,5,Divorced,2,0,0,6,14,8,302,0.43,6/6/2026 9:09
53491,1,1,1. Junior User (1-6 Months),Computer,1,5,Credit Card,male,3,5,Mobile Phone,4,Married,3,0,16,1,2,1,151,0.5,6/6/2026 9:09
53492,1,14,3. Core Loyal (>1 Year),Computer,3,7,UPI,male,3,4,Laptop & Accessory,3,Single,5,1,15,1,2,1,172,0.5,6/6/2026 9:09
53493,0,7,2. Mid-Loyal (7-12 Months),Computer,3,14,Debit Card,female,2,4,Laptop & Accessory,4,Divorced,2,0,18,2,2,3,168,1,6/6/2026 9:09
53494,0,8,2. Mid-Loyal (7-12 Months),Computer,1,10,Debit Card,male,3,5,Mobile Phone,2,Divorced,5,0,18,2,2,1,155,1,6/6/2026 9:09
53495,0,22,3. Core Loyal (>1 Year),Computer,1,7,Credit Card,male,3,2,Grocery,2,Single,4,0,0,1,3,2,294,0.33,6/6/2026 9:09
53496,0,19,3. Core Loyal (>1 Year),Computer,3,16,Debit Card,female,4,5,Laptop & Accessory,3,Divorced,3,0,14,1,5,13,181,0.2,6/6/2026 9:09
53497,0,26,3. Core Loyal (>1 Year),Mobile Phone,1,14,Debit Card,male,3,4,Fashion,4,Single,9,0,20,4,5,-1,229,0.8,6/6/2026 9:09
53498,0,12,2. Mid-Loyal (7-12 Months),Mobile Phone,3,17,E wallet,male,4,5,Fashion,3,Married,2,1,15,3,3,-1,212,1,6/6/2026 9:09
53499,0,3,1. Junior User (1-6 Months),Mobile Phone,1,35,Debit Card,female,4,4,Mobile Phone,2,Married,6,0,23,1,2,8,150,0.5,6/6/2026 9:09
53500,0,2,1. Junior User (1-6 Months),Mobile Phone,1,10,Credit Card,female,4,4,Fashion,4,Married,2,0,18,1,2,8,202,0.5,6/6/2026 9:09
53501,0,20,3. Core Loyal (>1 Year),Mobile Phone,3,10,E wallet,male,3,4,Grocery,3,Divorced,5,0,0,2,5,10,300,0.4,6/6/2026 9:09
53502,0,12,2. Mid-Loyal (7-12 Months),Mobile Phone,3,9,E wallet,male,3,4,Fashion,4,Single,9,0,17,2,2,1,199,1,6/6/2026 9:09
53503,0,17,3. Core Loyal (>1 Year),Computer,1,34,Debit Card,female,3,4,Fashion,5,Divorced,10,0,12,1,0,2,233,0,6/6/2026 9:09
53504,1,3,1. Junior User (1-6 Months),Computer,1,9,Debit Card,male,3,4,Grocery,2,Married,9,0,12,8,0,6,247,0,6/6/2026 9:09
53505,0,14,3. Core Loyal (>1 Year),Mobile Phone,1,21,Credit Card,male,3,5,Others,3,Single,3,0,0,5,5,10,321,1,6/6/2026 9:09
53506,0,1,1. Junior User (1-6 Months),Mobile Phone,1,7,Cash on Delivery,female,4,5,Mobile Phone,4,Single,3,1,12,1,3,3,146,0.33,6/6/2026 9:09
53507,0,13,3. Core Loyal (>1 Year),Computer,1,16,Debit Card,male,4,4,Laptop & Accessory,4,Single,22,0,16,2,2,4,193,1,6/6/2026 9:09
53508,0,10,2. Mid-Loyal (7-12 Months),Computer,1,25,Debit Card,male,4,4,Laptop & Accessory,2,Single,4,0,21,2,2,10,203,1,6/6/2026 9:09
53509,0,5,1. Junior User (1-6 Months),Computer,3,27,Debit Card,male,4,2,Mobile Phone,2,Divorced,2,0,13,2,3,3,153,0.67,6/6/2026 9:09
53510,0,2,1. Junior User (1-6 Months),Mobile Phone,1,9,Debit Card,male,4,5,Mobile Phone,4,Divorced,2,0,18,1,2,5,157,0.5,6/6/2026 9:09
53511,0,9,2. Mid-Loyal (7-12 Months),Computer,3,18,E wallet,male,3,4,Laptop & Accessory,2,Married,3,0,12,1,2,3,175,0.5,6/6/2026 9:09
53512,0,23,3. Core Loyal (>1 Year),Mobile Phone,3,15,Cash on Delivery,male,3,5,Grocery,4,Divorced,8,0,18,2,0,4,256,0,6/6/2026 9:09
53513,0,8,2. Mid-Loyal (7-12 Months),Computer,1,9,Debit Card,male,4,4,Laptop & Accessory,3,Single,4,0,12,2,2,3,165,1,6/6/2026 9:09
53514,0,3,1. Junior User (1-6 Months),Computer,1,17,Debit Card,female,4,4,Mobile Phone,4,Married,2,0,15,2,2,2,158,1,6/6/2026 9:09
53515,0,16,3. Core Loyal (>1 Year),Mobile Phone,1,36,Credit Card,male,3,6,Laptop & Accessory,2,Single,6,0,20,2,2,1,168,1,6/6/2026 9:09
53516,0,3,1. Junior User (1-6 Months),Mobile Phone,1,15,Credit Card,male,4,5,Laptop & Accessory,2,Divorced,3,1,14,1,2,3,176,0.5,6/6/2026 9:09
53517,0,12,2. Mid-Loyal (7-12 Months),Mobile Phone,2,7,UPI,male,3,2,Mobile Phone,3,Divorced,3,0,14,2,6,1,153,0.33,6/6/2026 9:09
53518,0,5,1. Junior User (1-6 Months),Computer,1,13,Debit Card,male,3,5,Mobile Phone,3,Married,3,1,15,2,2,3,152,1,6/6/2026 9:09
53519,1,1,1. Junior User (1-6 Months),Computer,1,15,Credit Card,male,4,4,Mobile Phone,3,Single,3,0,13,1,2,1,144,0.5,6/6/2026 9:09
53520,1,1,1. Junior User (1-6 Months),Mobile Phone,3,16,E wallet,female,4,4,Laptop & Accessory,5,Single,2,1,18,1,2,4,207,0.5,6/6/2026 9:09
53521,0,15,3. Core Loyal (>1 Year),Mobile Phone,1,19,Debit Card,male,3,4,Mobile Phone,2,Divorced,5,1,12,2,2,1,173,1,6/6/2026 9:09
53522,1,1,1. Junior User (1-6 Months),Computer,1,22,Credit Card,male,4,4,Mobile Phone,3,Divorced,3,0,13,3,3,3,151,1,6/6/2026 9:09
53523,0,11,2. Mid-Loyal (7-12 Months),Mobile Phone,1,32,Credit Card,female,3,5,Laptop & Accessory,2,Married,9,0,14,1,2,4,182,0.5,6/6/2026 9:09
53524,0,1,1. Junior User (1-6 Months),Mobile Phone,1,13,Debit Card,male,3,5,Mobile Phone,3,Divorced,3,0,14,3,3,3,150,1,6/6/2026 9:09
53525,0,8,2. Mid-Loyal (7-12 Months),Mobile Phone,3,16,Debit Card,female,4,4,Laptop & Accessory,3,Divorced,3,0,21,2,2,4,182,1,6/6/2026 9:09
53526,0,9,2. Mid-Loyal (7-12 Months),Mobile Phone,2,15,Cash on Delivery,male,4,4,Mobile Phone,3,Single,3,0,18,1,2,5,168,0.5,6/6/2026 9:09
53527,1,1,1. Junior User (1-6 Months),Mobile Phone,3,30,Debit Card,female,3,5,Fashion,5,Divorced,3,0,14,1,4,11,198,0.25,6/6/2026 9:09
53528,0,14,3. Core Loyal (>1 Year),Computer,1,16,Credit Card,female,3,4,Fashion,3,Single,11,0,18,1,0,14,260,0,6/6/2026 9:09
53529,1,6,1. Junior User (1-6 Months),Computer,3,19,Debit Card,male,3,4,Grocery,5,Single,2,1,13,0,14,15,263,0,6/6/2026 9:09
53530,0,16,3. Core Loyal (>1 Year),Mobile Phone,3,11,E wallet,male,3,4,Laptop & Accessory,5,Single,9,0,14,2,2,6,177,1,6/6/2026 9:09
53531,0,9,2. Mid-Loyal (7-12 Months),Mobile Phone,1,7,Credit Card,male,3,5,Mobile Phone,3,Divorced,8,0,13,2,2,8,148,1,6/6/2026 9:09
53532,0,1,1. Junior User (1-6 Months),Mobile Phone,1,31,Credit Card,male,3,4,Mobile Phone,4,Single,10,0,23,2,2,3,161,1,6/6/2026 9:09
53533,1,1,1. Junior User (1-6 Months),Mobile Phone,1,19,Debit Card,female,4,4,Mobile Phone,2,Divorced,3,1,12,2,2,1,150,1,6/6/2026 9:09
53534,0,1,1. Junior User (1-6 Months),Mobile Phone,1,10,Credit Card,male,3,2,Mobile Phone,2,Divorced,3,0,23,2,2,8,169,1,6/6/2026 9:09
53535,0,4,1. Junior User (1-6 Months),Mobile Phone,3,17,E wallet,male,4,5,Laptop & Accessory,3,Divorced,3,0,19,2,2,5,191,1,6/6/2026 9:09
53536,0,14,3. Core Loyal (>1 Year),Computer,1,33,Credit Card,female,4,5,Laptop & Accessory,2,Divorced,5,1,14,2,2,1,169,1,6/6/2026 9:09
53537,0,9,2. Mid-Loyal (7-12 Months),Mobile Phone,1,9,Debit Card,male,3,5,Fashion,4,Married,4,0,19,7,7,-1,228,1,6/6/2026 9:09
53538,0,8,2. Mid-Loyal (7-12 Months),Computer,1,7,Credit Card,male,4,5,Laptop & Accessory,5,Single,2,0,21,2,5,10,178,0.4,6/6/2026 9:09
53539,0,9,2. Mid-Loyal (7-12 Months),Computer,1,11,UPI,male,3,5,Mobile Phone,2,Divorced,3,0,14,3,3,3,149,1,6/6/2026 9:09
53540,1,7,2. Mid-Loyal (7-12 Months),Mobile Phone,3,16,E wallet,female,3,6,Laptop & Accessory,3,Single,10,0,14,2,2,4,178,1,6/6/2026 9:09
53541,0,6,1. Junior User (1-6 Months),Computer,3,9,Debit Card,female,4,4,Mobile Phone,5,Married,3,0,13,1,2,1,153,0.5,6/6/2026 9:09
53542,0,30,3. Core Loyal (>1 Year),Mobile Phone,1,11,Cash on Delivery,female,4,4,Others,5,Married,6,0,14,1,5,3,324,0.2,6/6/2026 9:09
53543,0,3,1. Junior User (1-6 Months),Mobile Phone,1,13,Credit Card,female,3,4,Mobile Phone,2,Divorced,3,0,14,1,2,9,156,0.5,6/6/2026 9:09
53544,0,1,1. Junior User (1-6 Months),Mobile Phone,1,16,Debit Card,male,3,4,Mobile Phone,5,Single,3,0,26,1,2,1,151,0.5,6/6/2026 9:09
53545,0,19,3. Core Loyal (>1 Year),Mobile Phone,1,14,Credit Card,female,3,4,Mobile Phone,3,Divorced,6,1,20,2,2,3,170,1,6/6/2026 9:09
53546,0,11,2. Mid-Loyal (7-12 Months),Mobile Phone,1,7,Debit Card,female,3,5,Laptop & Accessory,2,Divorced,3,0,14,4,4,12,190,1,6/6/2026 9:09
53547,0,1,1. Junior User (1-6 Months),Mobile Phone,1,10,Debit Card,male,3,5,Mobile Phone,3,Single,3,0,13,1,2,3,155,0.5,6/6/2026 9:09
53548,1,8,2. Mid-Loyal (7-12 Months),Mobile Phone,1,17,Debit Card,male,4,4,Mobile Phone,3,Single,3,1,12,2,2,3,154,1,6/6/2026 9:09
53549,0,27,3. Core Loyal (>1 Year),Mobile Phone,1,14,Credit Card,female,3,4,Others,3,Married,5,0,0,5,5,8,311,1,6/6/2026 9:09
53550,0,3,1. Junior User (1-6 Months),Mobile Phone,1,22,Debit Card,female,4,6,Mobile Phone,2,Divorced,2,1,19,2,2,4,147,1,6/6/2026 9:09
53551,1,1,1. Junior User (1-6 Months),Computer,1,10,Debit Card,male,3,5,Mobile Phone,2,Divorced,2,1,12,1,2,1,154,0.5,6/6/2026 9:09
53552,0,20,3. Core Loyal (>1 Year),Mobile Phone,3,9,E wallet,female,4,4,Grocery,5,Divorced,10,0,0,13,16,10,295,0.81,6/6/2026 9:09
53553,0,18,3. Core Loyal (>1 Year),Computer,1,24,Debit Card,male,4,6,Mobile Phone,3,Single,4,0,14,2,2,1,148,1,6/6/2026 9:09
53554,0,7,2. Mid-Loyal (7-12 Months),Mobile Phone,2,9,UPI,male,3,4,Mobile Phone,3,Divorced,3,0,14,1,2,5,161,0.5,6/6/2026 9:09
53555,1,5,1. Junior User (1-6 Months),Computer,1,12,Debit Card,male,4,5,Mobile Phone,5,Married,8,0,18,2,2,1,146,1,6/6/2026 9:09
53556,0,4,1. Junior User (1-6 Months),Mobile Phone,3,36,Debit Card,male,4,4,Laptop & Accessory,5,Married,10,0,20,2,2,4,166,1,6/6/2026 9:09
53557,0,14,3. Core Loyal (>1 Year),Computer,3,9,Credit Card,male,4,4,Laptop & Accessory,4,Divorced,7,0,13,2,2,1,168,1,6/6/2026 9:09
53558,0,24,3. Core Loyal (>1 Year),Computer,1,9,Credit Card,female,2,4,Grocery,5,Divorced,4,0,0,3,3,3,304,1,6/6/2026 9:09
53559,0,2,1. Junior User (1-6 Months),Mobile Phone,1,26,Credit Card,male,4,5,Mobile Phone,5,Divorced,3,0,13,2,4,4,157,0.5,6/6/2026 9:09
53560,0,20,3. Core Loyal (>1 Year),Mobile Phone,1,22,Debit Card,male,3,4,Others,4,Divorced,7,0,0,2,2,4,316,1,6/6/2026 9:09
53561,0,9,2. Mid-Loyal (7-12 Months),Mobile Phone,3,24,Debit Card,male,4,4,Laptop & Accessory,5,Divorced,5,1,16,2,2,-1,215,1,6/6/2026 9:09
53562,1,1,1. Junior User (1-6 Months),Mobile Phone,1,24,Debit Card,female,4,4,Mobile Phone,4,Divorced,3,0,14,1,2,1,147,0.5,6/6/2026 9:09
53563,0,7,2. Mid-Loyal (7-12 Months),Computer,3,32,Credit Card,female,3,4,Laptop & Accessory,3,Divorced,3,0,13,1,2,2,170,0.5,6/6/2026 9:09
53564,0,10,2. Mid-Loyal (7-12 Months),Mobile Phone,1,13,Debit Card,male,3,6,Mobile Phone,3,Married,3,0,15,1,2,8,152,0.5,6/6/2026 9:09
53565,0,4,1. Junior User (1-6 Months),Mobile Phone,1,14,Debit Card,male,3,4,Laptop & Accessory,3,Married,3,0,14,9,9,10,160,1,6/6/2026 9:09
53566,0,18,3. Core Loyal (>1 Year),Mobile Phone,1,36,UPI,male,3,4,Laptop & Accessory,2,Single,3,0,26,2,2,18,170,1,6/6/2026 9:09
53567,0,1,1. Junior User (1-6 Months),Mobile Phone,3,28,E wallet,male,3,2,Mobile Phone,2,Single,3,0,18,1,3,3,152,0.33,6/6/2026 9:09
53568,0,20,3. Core Loyal (>1 Year),Mobile Phone,1,9,Cash on Delivery,male,3,4,Laptop & Accessory,2,Married,4,0,12,2,2,5,199,1,6/6/2026 9:09
53569,0,16,3. Core Loyal (>1 Year),Computer,2,9,Credit Card,male,4,2,Laptop & Accessory,5,Divorced,9,0,17,1,2,4,188,0.5,6/6/2026 9:09
53570,0,31,3. Core Loyal (>1 Year),Mobile Phone,3,14,E wallet,male,3,2,Laptop & Accessory,2,Married,2,1,19,1,2,10,177,0.5,6/6/2026 9:09
53571,0,6,1. Junior User (1-6 Months),Computer,1,20,UPI,female,4,5,Mobile Phone,4,Divorced,3,0,21,1,3,3,152,0.33,6/6/2026 9:09
53572,0,6,1. Junior User (1-6 Months),Computer,1,9,Debit Card,female,3,4,Laptop & Accessory,3,Single,6,1,15,2,2,8,175,1,6/6/2026 9:09
53573,0,10,2. Mid-Loyal (7-12 Months),Mobile Phone,1,7,Cash on Delivery,female,4,6,Fashion,5,Married,4,1,22,6,8,-1,228,0.75,6/6/2026 9:09
53574,0,7,2. Mid-Loyal (7-12 Months),Mobile Phone,1,16,Credit Card,male,3,4,Mobile Phone,2,Divorced,2,0,14,2,5,11,153,0.4,6/6/2026 9:09
53575,0,14,3. Core Loyal (>1 Year),Mobile Phone,3,17,Cash on Delivery,female,3,5,Laptop & Accessory,4,Married,9,0,13,2,2,4,194,1,6/6/2026 9:09
53576,0,1,1. Junior User (1-6 Months),Mobile Phone,3,17,Debit Card,male,3,4,Laptop & Accessory,2,Single,2,0,15,1,2,2,175,0.5,6/6/2026 9:09
53577,0,4,1. Junior User (1-6 Months),Mobile Phone,1,7,Credit Card,male,4,4,Mobile Phone,4,Divorced,2,1,22,2,6,8,161,0.33,6/6/2026 9:09
53578,0,16,3. Core Loyal (>1 Year),Computer,1,33,Credit Card,female,3,4,Fashion,5,Divorced,5,1,18,1,0,1,257,0,6/6/2026 9:09
53579,0,9,2. Mid-Loyal (7-12 Months),Computer,3,15,E wallet,female,4,5,Fashion,2,Divorced,6,1,12,3,5,-1,229,0.6,6/6/2026 9:09
53580,0,1,1. Junior User (1-6 Months),Mobile Phone,1,21,Debit Card,male,3,4,Mobile Phone,5,Divorced,3,1,15,3,7,9,147,0.43,6/6/2026 9:09
53581,0,28,3. Core Loyal (>1 Year),Computer,1,7,Debit Card,female,3,4,Fashion,3,Married,9,0,18,2,2,-1,230,1,6/6/2026 9:09
53582,0,18,3. Core Loyal (>1 Year),Mobile Phone,1,9,Debit Card,female,4,2,Mobile Phone,2,Divorced,3,0,14,7,8,8,145,0.88,6/6/2026 9:09
53583,1,1,1. Junior User (1-6 Months),Computer,1,17,Credit Card,female,4,5,Mobile Phone,4,Single,3,1,26,2,2,1,144,1,6/6/2026 9:09
53584,0,3,1. Junior User (1-6 Months),Mobile Phone,1,7,Debit Card,female,4,4,Mobile Phone,2,Married,3,0,16,1,2,3,163,0.5,6/6/2026 9:09
53585,0,28,3. Core Loyal (>1 Year),Mobile Phone,1,10,Debit Card,male,3,4,Grocery,2,Divorced,5,0,0,2,2,10,303,1,6/6/2026 9:09
53586,0,5,1. Junior User (1-6 Months),Mobile Phone,1,18,Credit Card,male,4,4,Laptop & Accessory,5,Divorced,3,1,13,1,2,2,193,0.5,6/6/2026 9:09
53587,0,5,1. Junior User (1-6 Months),Mobile Phone,1,31,Credit Card,female,4,5,Laptop & Accessory,5,Single,3,0,20,1,2,9,193,0.5,6/6/2026 9:09
53588,0,31,3. Core Loyal (>1 Year),Mobile Phone,3,10,Debit Card,female,3,5,Laptop & Accessory,2,Single,7,0,18,1,2,6,177,0.5,6/6/2026 9:09
53589,0,17,3. Core Loyal (>1 Year),Mobile Phone,1,10,Debit Card,male,4,6,Others,2,Divorced,5,0,0,2,2,8,322,1,6/6/2026 9:09
53590,0,23,3. Core Loyal (>1 Year),Mobile Phone,1,11,Credit Card,male,3,5,Others,3,Divorced,4,0,0,1,2,1,312,0.5,6/6/2026 9:09
53591,0,10,2. Mid-Loyal (7-12 Months),Computer,1,10,Cash on Delivery,male,3,4,Mobile Phone,4,Divorced,3,0,13,2,2,8,162,1,6/6/2026 9:09
53592,0,22,3. Core Loyal (>1 Year),Mobile Phone,1,9,Cash on Delivery,male,4,2,Mobile Phone,4,Single,7,0,12,1,2,1,151,0.5,6/6/2026 9:09
53593,0,1,1. Junior User (1-6 Months),Mobile Phone,1,11,Debit Card,male,4,4,Mobile Phone,3,Married,3,0,12,2,2,4,150,1,6/6/2026 9:09
53594,0,3,1. Junior User (1-6 Months),Mobile Phone,1,14,Debit Card,male,3,4,Laptop & Accessory,2,Married,3,1,12,1,2,1,191,0.5,6/6/2026 9:09
53595,0,22,3. Core Loyal (>1 Year),Mobile Phone,1,7,Debit Card,male,4,5,Others,2,Single,8,0,0,2,2,1,308,1,6/6/2026 9:09
53596,0,3,1. Junior User (1-6 Months),Mobile Phone,1,7,Debit Card,female,3,5,Grocery,2,Married,5,0,15,0,2,8,286,0,6/6/2026 9:09
53597,0,8,2. Mid-Loyal (7-12 Months),Mobile Phone,1,27,Cash on Delivery,female,3,2,Mobile Phone,3,Divorced,2,0,18,2,2,1,151,1,6/6/2026 9:09
53598,0,18,3. Core Loyal (>1 Year),Mobile Phone,3,12,E wallet,male,3,4,Others,4,Divorced,9,0,0,2,4,11,307,0.5,6/6/2026 9:09
53599,0,7,2. Mid-Loyal (7-12 Months),Mobile Phone,3,17,E wallet,male,3,2,Fashion,3,Married,2,1,15,2,2,9,209,1,6/6/2026 9:09
53600,0,1,1. Junior User (1-6 Months),Mobile Phone,1,32,Debit Card,female,3,2,Mobile Phone,2,Single,3,1,13,2,2,2,155,1,6/6/2026 9:09
53601,0,1,1. Junior User (1-6 Months),Mobile Phone,1,7,Debit Card,male,3,4,Mobile Phone,3,Divorced,3,0,23,1,2,2,137,0.5,6/6/2026 9:09
53602,1,1,1. Junior User (1-6 Months),Computer,3,31,Debit Card,male,4,6,Mobile Phone,2,Single,3,1,15,2,2,1,136,1,6/6/2026 9:09
53603,0,1,1. Junior User (1-6 Months),Mobile Phone,1,11,Debit Card,male,3,4,Mobile Phone,2,Single,3,1,21,1,3,3,154,0.33,6/6/2026 9:09
53604,1,9,2. Mid-Loyal (7-12 Months),Mobile Phone,3,9,E wallet,female,4,6,Others,4,Single,4,1,0,1,2,12,313,0.5,6/6/2026 9:09
53605,0,29,3. Core Loyal (>1 Year),Computer,1,15,Credit Card,male,3,5,Grocery,4,Married,3,1,16,4,16,1,261,0.25,6/6/2026 9:09
53606,1,1,1. Junior User (1-6 Months),Computer,1,17,Debit Card,female,3,5,Mobile Phone,3,Single,3,0,21,3,3,3,151,1,6/6/2026 9:09
53607,0,20,3. Core Loyal (>1 Year),Mobile Phone,3,11,E wallet,female,3,5,Others,4,Divorced,4,0,0,2,2,9,313,1,6/6/2026 9:09
53608,0,8,2. Mid-Loyal (7-12 Months),Mobile Phone,3,9,E wallet,female,3,4,Laptop & Accessory,5,Single,2,1,13,2,2,3,170,1,6/6/2026 9:09
53609,0,25,3. Core Loyal (>1 Year),Computer,3,16,Debit Card,male,3,4,Others,4,Married,6,1,25,3,12,11,323,0.25,6/6/2026 9:09
53610,0,31,3. Core Loyal (>1 Year),Mobile Phone,1,25,Credit Card,male,4,4,Fashion,2,Single,8,0,13,2,6,-1,230,0.33,6/6/2026 9:09
53611,0,8,2. Mid-Loyal (7-12 Months),Computer,1,26,Credit Card,female,3,4,Laptop & Accessory,4,Married,6,0,14,4,6,11,169,0.67,6/6/2026 9:09
53612,0,2,1. Junior User (1-6 Months),Computer,1,7,Credit Card,male,3,4,Mobile Phone,3,Single,2,1,12,1,2,3,147,0.5,6/6/2026 9:09
53613,0,18,3. Core Loyal (>1 Year),Mobile Phone,1,11,Debit Card,male,4,2,Others,5,Married,3,0,0,2,15,14,317,0.13,6/6/2026 9:09
53614,0,8,2. Mid-Loyal (7-12 Months),Computer,2,18,Debit Card,male,3,5,Laptop & Accessory,4,Divorced,6,0,12,1,2,9,170,0.5,6/6/2026 9:09
53615,0,9,2. Mid-Loyal (7-12 Months),Mobile Phone,1,13,Debit Card,male,4,4,Mobile Phone,3,Divorced,2,1,15,2,3,3,160,0.67,6/6/2026 9:09
53616,0,16,3. Core Loyal (>1 Year),Mobile Phone,1,14,Credit Card,female,4,2,Laptop & Accessory,4,Divorced,8,1,17,1,2,1,149,0.5,6/6/2026 9:09
53617,0,17,3. Core Loyal (>1 Year),Mobile Phone,3,11,E wallet,female,3,5,Fashion,2,Single,5,0,15,11,16,-1,227,0.69,6/6/2026 9:09
53618,0,10,2. Mid-Loyal (7-12 Months),Mobile Phone,1,9,Debit Card,female,3,4,Laptop & Accessory,4,Single,11,1,12,5,6,13,179,0.83,6/6/2026 9:09
53619,1,8,2. Mid-Loyal (7-12 Months),Mobile Phone,1,22,Credit Card,female,4,4,Fashion,2,Divorced,3,0,12,1,2,6,205,0.5,6/6/2026 9:09
53620,0,2,1. Junior User (1-6 Months),Computer,1,9,Debit Card,male,3,5,Mobile Phone,2,Divorced,3,1,13,3,3,3,164,1,6/6/2026 9:09
53621,0,25,3. Core Loyal (>1 Year),Computer,1,13,Credit Card,female,3,5,Mobile Phone,3,Single,2,0,15,8,8,8,153,1,6/6/2026 9:09
53622,0,4,1. Junior User (1-6 Months),Computer,1,16,Credit Card,female,4,4,Laptop & Accessory,3,Single,9,1,19,2,2,8,172,1,6/6/2026 9:09
53623,1,1,1. Junior User (1-6 Months),Mobile Phone,1,14,Cash on Delivery,female,3,4,Mobile Phone,3,Married,5,1,14,2,8,8,158,0.25,6/6/2026 9:09
53624,0,2,1. Junior User (1-6 Months),Mobile Phone,1,7,Cash on Delivery,male,3,4,Mobile Phone,5,Single,4,0,12,1,2,3,146,0.5,6/6/2026 9:09
53625,0,1,1. Junior User (1-6 Months),Mobile Phone,1,7,Credit Card,female,3,4,Mobile Phone,4,Single,3,0,19,2,3,2,146,0.67,6/6/2026 9:09
53626,0,6,1. Junior User (1-6 Months),Mobile Phone,3,15,Credit Card,male,3,2,Laptop & Accessory,2,Divorced,3,0,16,1,2,9,187,0.5,6/6/2026 9:09
53627,0,19,3. Core Loyal (>1 Year),Computer,1,32,Credit Card,female,3,4,Others,4,Single,5,0,0,2,2,1,306,1,6/6/2026 9:09
53628,0,13,3. Core Loyal (>1 Year),Mobile Phone,1,20,Credit Card,female,4,5,Grocery,4,Married,8,1,0,14,16,3,296,0.88,6/6/2026 9:09
53629,0,31,3. Core Loyal (>1 Year),Mobile Phone,1,30,Debit Card,male,3,4,Mobile Phone,3,Married,3,0,13,3,3,3,149,1,6/6/2026 9:09
53630,1,1,1. Junior User (1-6 Months),Mobile Phone,1,14,Debit Card,male,4,4,Laptop & Accessory,3,Divorced,3,0,19,2,2,2,174,1,6/6/2026 9:09
53631,1,3,1. Junior User (1-6 Months),Mobile Phone,1,30,Credit Card,male,4,4,Mobile Phone,5,Single,2,0,14,1,2,4,164,0.5,6/6/2026 9:09
53632,0,4,1. Junior User (1-6 Months),Mobile Phone,1,13,Cash on Delivery,female,3,5,Laptop & Accessory,2,Divorced,2,0,13,6,7,8,171,0.86,6/6/2026 9:09
53633,0,10,2. Mid-Loyal (7-12 Months),Mobile Phone,1,17,Cash on Delivery,female,4,4,Fashion,3,Divorced,5,0,13,1,2,8,196,0.5,6/6/2026 9:09
53634,0,20,3. Core Loyal (>1 Year),Mobile Phone,2,7,Debit Card,female,3,4,Mobile Phone,5,Single,8,0,13,4,6,8,159,0.67,6/6/2026 9:09
53635,0,2,1. Junior User (1-6 Months),Computer,1,7,Debit Card,female,3,6,Laptop & Accessory,2,Divorced,2,0,12,8,8,6,192,1,6/6/2026 9:09
53636,0,24,3. Core Loyal (>1 Year),Mobile Phone,1,35,Debit Card,female,3,4,Grocery,5,Divorced,6,1,0,1,2,3,294,0.5,6/6/2026 9:09
53637,1,4,1. Junior User (1-6 Months),Mobile Phone,3,32,E wallet,male,3,5,Fashion,4,Single,4,1,13,1,2,-1,216,0.5,6/6/2026 9:09
53638,1,16,3. Core Loyal (>1 Year),Mobile Phone,3,12,Debit Card,male,4,4,Fashion,4,Single,11,1,20,6,8,-1,209,0.75,6/6/2026 9:09
53639,0,4,1. Junior User (1-6 Months),Mobile Phone,1,24,Credit Card,female,4,4,Fashion,5,Divorced,3,1,24,1,0,9,244,0,6/6/2026 9:09
53640,0,13,3. Core Loyal (>1 Year),Mobile Phone,1,25,Debit Card,male,3,4,Laptop & Accessory,3,Single,2,0,12,1,2,8,170,0.5,6/6/2026 9:09
53641,0,5,1. Junior User (1-6 Months),Computer,3,9,Debit Card,female,3,4,Fashion,3,Married,3,1,20,4,10,-1,224,0.4,6/6/2026 9:09
53642,0,15,3. Core Loyal (>1 Year),Computer,3,17,Credit Card,male,3,6,Laptop & Accessory,4,Single,3,0,14,4,12,10,187,0.33,6/6/2026 9:09
53643,1,1,1. Junior User (1-6 Months),Computer,3,7,Debit Card,female,3,4,Mobile Phone,4,Single,3,1,12,2,3,3,148,0.67,6/6/2026 9:09
53644,1,8,2. Mid-Loyal (7-12 Months),Mobile Phone,1,10,Debit Card,male,3,4,Mobile Phone,5,Divorced,6,0,13,2,2,3,149,1,6/6/2026 9:09
53645,0,16,3. Core Loyal (>1 Year),Computer,1,9,Debit Card,male,3,4,Grocery,3,Divorced,2,1,0,1,3,11,304,0.33,6/6/2026 9:09
53646,0,29,3. Core Loyal (>1 Year),Mobile Phone,1,9,Credit Card,female,3,6,Others,3,Divorced,6,0,0,6,10,12,317,0.6,6/6/2026 9:09
53647,0,30,3. Core Loyal (>1 Year),Mobile Phone,2,15,Debit Card,male,3,4,Others,4,Single,8,0,0,2,8,8,322,0.25,6/6/2026 9:09
53648,0,14,3. Core Loyal (>1 Year),Computer,1,23,Debit Card,male,4,4,Mobile Phone,3,Married,11,0,17,2,2,1,160,1,6/6/2026 9:09
53649,0,8,2. Mid-Loyal (7-12 Months),Mobile Phone,1,16,Debit Card,male,3,4,Fashion,2,Married,2,0,12,2,2,-1,210,1,6/6/2026 9:09
53650,0,14,3. Core Loyal (>1 Year),Mobile Phone,1,9,Debit Card,male,4,4,Laptop & Accessory,2,Single,3,0,14,4,9,9,172,0.44,6/6/2026 9:09
53651,0,15,3. Core Loyal (>1 Year),Computer,3,7,E wallet,female,4,4,Laptop & Accessory,5,Married,2,0,18,1,2,8,166,0.5,6/6/2026 9:09
53652,0,9,2. Mid-Loyal (7-12 Months),Computer,1,11,Debit Card,male,3,4,Laptop & Accessory,3,Single,3,1,12,2,2,2,167,1,6/6/2026 9:09
53653,0,25,3. Core Loyal (>1 Year),Mobile Phone,2,12,Debit Card,male,3,4,Grocery,4,Married,3,1,12,0,2,11,265,0,6/6/2026 9:09
53654,0,12,2. Mid-Loyal (7-12 Months),Mobile Phone,3,9,Debit Card,female,3,4,Laptop & Accessory,5,Married,5,0,16,1,2,8,194,0.5,6/6/2026 9:09
53655,0,8,2. Mid-Loyal (7-12 Months),Mobile Phone,3,22,Credit Card,female,4,4,Laptop & Accessory,5,Single,3,0,13,2,10,7,186,0.2,6/6/2026 9:09
53656,0,1,1. Junior User (1-6 Months),Mobile Phone,1,26,Credit Card,male,4,4,Mobile Phone,2,Divorced,5,0,12,2,2,3,162,1,6/6/2026 9:09
53657,1,21,3. Core Loyal (>1 Year),Mobile Phone,1,14,Credit Card,female,3,5,Fashion,5,Divorced,9,1,15,5,6,-1,225,0.83,6/6/2026 9:09
53658,0,14,3. Core Loyal (>1 Year),Mobile Phone,1,7,Debit Card,male,3,4,Mobile Phone,4,Divorced,5,0,23,2,2,4,149,1,6/6/2026 9:09
53659,0,10,2. Mid-Loyal (7-12 Months),Computer,3,14,E wallet,female,3,2,Laptop & Accessory,5,Divorced,4,0,17,6,7,14,171,0.86,6/6/2026 9:09
53660,0,22,3. Core Loyal (>1 Year),Mobile Phone,1,11,Debit Card,male,3,4,Fashion,2,Single,3,0,12,2,2,9,204,1,6/6/2026 9:09
53661,0,1,1. Junior User (1-6 Months),Mobile Phone,3,18,Credit Card,female,4,2,Mobile Phone,2,Divorced,10,0,15,2,2,1,150,1,6/6/2026 9:09
53662,0,25,3. Core Loyal (>1 Year),Mobile Phone,1,18,Cash on Delivery,female,3,5,Grocery,4,Single,5,0,17,1,0,4,256,0,6/6/2026 9:09
53663,0,1,1. Junior User (1-6 Months),Computer,1,7,Debit Card,female,4,4,Mobile Phone,2,Single,3,0,16,2,2,1,141,1,6/6/2026 9:09
53664,0,9,2. Mid-Loyal (7-12 Months),Mobile Phone,1,7,Credit Card,female,3,5,Laptop & Accessory,2,Divorced,2,0,13,2,2,1,179,1,6/6/2026 9:09
53665,0,1,1. Junior User (1-6 Months),Computer,3,9,Debit Card,male,3,6,Laptop & Accessory,2,Single,5,0,21,2,2,1,176,1,6/6/2026 9:09
53666,1,19,3. Core Loyal (>1 Year),Mobile Phone,3,20,E wallet,male,3,2,Grocery,3,Single,8,1,18,0,4,9,262,0,6/6/2026 9:09
53667,0,30,3. Core Loyal (>1 Year),Mobile Phone,1,30,Debit Card,male,4,4,Grocery,4,Divorced,6,1,13,12,0,10,259,0,6/6/2026 9:09
53668,0,8,2. Mid-Loyal (7-12 Months),Computer,1,33,Cash on Delivery,female,4,5,Mobile Phone,3,Married,3,0,21,2,2,1,145,1,6/6/2026 9:09
53669,0,14,3. Core Loyal (>1 Year),Mobile Phone,1,9,Credit Card,female,3,2,Laptop & Accessory,3,Married,7,0,21,6,12,9,189,0.5,6/6/2026 9:09
53670,0,8,2. Mid-Loyal (7-12 Months),Mobile Phone,1,36,Credit Card,male,3,4,Laptop & Accessory,3,Divorced,6,0,14,1,8,8,179,0.13,6/6/2026 9:09
53671,1,1,1. Junior User (1-6 Months),Computer,3,9,Debit Card,female,3,5,Mobile Phone,2,Single,9,0,15,1,2,1,153,0.5,6/6/2026 9:09
53672,1,1,1. Junior User (1-6 Months),Computer,3,25,E wallet,female,4,4,Laptop & Accessory,3,Divorced,2,1,19,4,4,3,171,1,6/6/2026 9:09
53673,0,12,2. Mid-Loyal (7-12 Months),Computer,1,14,Debit Card,male,3,2,Mobile Phone,3,Married,3,0,12,1,2,4,151,0.5,6/6/2026 9:09
53674,0,8,2. Mid-Loyal (7-12 Months),Mobile Phone,1,9,Cash on Delivery,female,4,4,Laptop & Accessory,2,Single,3,0,12,2,5,12,192,0.4,6/6/2026 9:09
53675,0,2,1. Junior User (1-6 Months),Mobile Phone,3,33,Debit Card,male,3,5,Laptop & Accessory,5,Divorced,3,0,12,2,2,5,172,1,6/6/2026 9:09
53676,1,1,1. Junior User (1-6 Months),Mobile Phone,1,29,Credit Card,male,4,4,Laptop & Accessory,3,Divorced,3,1,16,4,7,8,187,0.57,6/6/2026 9:09
53677,0,13,3. Core Loyal (>1 Year),Mobile Phone,3,28,Debit Card,male,3,5,Laptop & Accessory,2,Divorced,5,1,13,1,2,5,186,0.5,6/6/2026 9:09
53678,0,25,3. Core Loyal (>1 Year),Computer,3,9,E wallet,male,3,4,Fashion,4,Divorced,4,0,12,1,4,-1,231,0.25,6/6/2026 9:09
53679,0,15,3. Core Loyal (>1 Year),Computer,1,29,Debit Card,female,4,4,Laptop & Accessory,2,Married,5,1,15,1,4,4,180,0.25,6/6/2026 9:09
53680,0,11,2. Mid-Loyal (7-12 Months),Mobile Phone,1,11,Debit Card,male,3,4,Mobile Phone,3,Divorced,9,1,16,2,2,4,155,1,6/6/2026 9:09
53681,0,7,2. Mid-Loyal (7-12 Months),Computer,3,12,Debit Card,male,4,4,Laptop & Accessory,2,Divorced,8,0,14,2,2,-1,225,1,6/6/2026 9:09
53682,0,6,1. Junior User (1-6 Months),Mobile Phone,3,9,E wallet,male,3,4,Laptop & Accessory,4,Divorced,2,1,14,1,2,3,166,0.5,6/6/2026 9:09
53683,0,13,3. Core Loyal (>1 Year),Computer,1,32,Debit Card,male,4,4,Fashion,3,Divorced,5,0,22,1,0,6,234,0,6/6/2026 9:09
53684,0,1,1. Junior User (1-6 Months),Mobile Phone,3,25,Debit Card,male,4,2,Laptop & Accessory,3,Divorced,4,0,12,1,2,3,187,0.5,6/6/2026 9:09
53685,0,26,3. Core Loyal (>1 Year),Computer,1,35,Credit Card,female,3,2,Grocery,3,Divorced,4,1,12,1,0,3,257,0,6/6/2026 9:09
53686,0,17,3. Core Loyal (>1 Year),Mobile Phone,1,13,Credit Card,female,4,5,Laptop & Accessory,3,Single,3,1,15,2,2,9,166,1,6/6/2026 9:09
53687,0,1,1. Junior User (1-6 Months),Mobile Phone,3,17,E wallet,female,4,5,Laptop & Accessory,2,Divorced,3,1,12,3,5,5,183,0.6,6/6/2026 9:09
53688,1,1,1. Junior User (1-6 Months),Mobile Phone,1,24,Debit Card,female,3,4,Mobile Phone,3,Single,3,1,14,4,8,8,149,0.5,6/6/2026 9:09
53689,0,1,1. Junior User (1-6 Months),Mobile Phone,1,9,Credit Card,male,3,5,Mobile Phone,2,Single,2,0,13,1,2,2,164,0.5,6/6/2026 9:09
53690,0,16,3. Core Loyal (>1 Year),Mobile Phone,2,17,UPI,female,3,4,Grocery,5,Divorced,2,0,0,1,2,10,293,0.5,6/6/2026 9:09
53691,0,26,3. Core Loyal (>1 Year),Mobile Phone,1,15,UPI,female,3,4,Mobile Phone,5,Divorced,11,0,14,2,2,5,155,1,6/6/2026 9:09
53692,0,11,2. Mid-Loyal (7-12 Months),Mobile Phone,1,18,Credit Card,female,4,4,Mobile Phone,3,Single,6,0,19,1,2,3,161,0.5,6/6/2026 9:09
53693,0,9,2. Mid-Loyal (7-12 Months),Computer,1,25,Debit Card,male,3,4,Fashion,2,Single,4,0,12,1,3,-1,219,0.33,6/6/2026 9:09
53694,0,1,1. Junior User (1-6 Months),Mobile Phone,1,7,Cash on Delivery,male,3,4,Mobile Phone,2,Divorced,6,0,12,2,2,3,157,1,6/6/2026 9:09
53695,0,1,1. Junior User (1-6 Months),Mobile Phone,1,14,UPI,male,4,2,Mobile Phone,5,Single,2,0,13,2,2,8,161,1,6/6/2026 9:09
53696,0,3,1. Junior User (1-6 Months),Mobile Phone,2,24,UPI,male,3,5,Fashion,5,Single,3,0,14,1,2,10,205,0.5,6/6/2026 9:09
53697,1,1,1. Junior User (1-6 Months),Computer,1,35,Debit Card,male,4,5,Laptop & Accessory,5,Single,5,0,21,1,2,4,168,0.5,6/6/2026 9:09
53698,1,1,1. Junior User (1-6 Months),Computer,1,21,UPI,female,3,4,Fashion,2,Single,2,1,13,3,8,8,201,0.38,6/6/2026 9:09
53699,0,28,3. Core Loyal (>1 Year),Mobile Phone,1,7,Credit Card,female,3,4,Grocery,2,Single,8,0,0,6,13,8,298,0.46,6/6/2026 9:09
53700,0,31,3. Core Loyal (>1 Year),Mobile Phone,1,7,Credit Card,female,4,4,Others,5,Divorced,5,1,0,2,2,6,322,1,6/6/2026 9:09
53701,0,29,3. Core Loyal (>1 Year),Mobile Phone,1,7,Credit Card,male,3,2,Grocery,2,Married,4,0,14,0,2,1,272,0,6/6/2026 9:09
53702,0,10,2. Mid-Loyal (7-12 Months),Mobile Phone,3,10,E wallet,female,3,4,Laptop & Accessory,4,Single,5,1,17,1,2,-1,218,0.5,6/6/2026 9:09
53703,1,1,1. Junior User (1-6 Months),Computer,3,7,Debit Card,female,3,6,Mobile Phone,3,Single,3,0,13,2,2,1,139,1,6/6/2026 9:09
53704,0,4,1. Junior User (1-6 Months),Mobile Phone,3,14,E wallet,female,4,4,Laptop & Accessory,5,Married,9,0,15,2,2,3,173,1,6/6/2026 9:09
53705,0,5,1. Junior User (1-6 Months),Mobile Phone,1,15,Debit Card,female,4,4,Grocery,4,Single,5,0,12,0,2,1,289,0,6/6/2026 9:09
53706,0,8,2. Mid-Loyal (7-12 Months),Computer,1,7,UPI,male,4,4,Mobile Phone,5,Married,7,0,15,2,2,4,155,1,6/6/2026 9:09
53707,1,1,1. Junior User (1-6 Months),Mobile Phone,1,15,Debit Card,female,3,5,Mobile Phone,4,Single,3,0,13,1,2,1,138,0.5,6/6/2026 9:09
53708,0,1,1. Junior User (1-6 Months),Mobile Phone,1,18,Debit Card,male,4,4,Mobile Phone,5,Divorced,2,0,15,2,2,5,146,1,6/6/2026 9:09
53709,0,10,2. Mid-Loyal (7-12 Months),Mobile Phone,1,11,Debit Card,male,3,5,Laptop & Accessory,2,Single,3,0,17,2,2,9,183,1,6/6/2026 9:09
53710,0,10,2. Mid-Loyal (7-12 Months),Mobile Phone,3,23,E wallet,female,4,5,Laptop & Accessory,5,Divorced,6,0,14,2,2,3,181,1,6/6/2026 9:09
53711,0,21,3. Core Loyal (>1 Year),Mobile Phone,1,7,Cash on Delivery,male,4,4,Mobile Phone,2,Divorced,9,0,13,2,2,3,159,1,6/6/2026 9:09
53712,1,1,1. Junior User (1-6 Months),Mobile Phone,3,16,Debit Card,male,4,5,Mobile Phone,5,Divorced,5,0,13,2,3,3,169,0.67,6/6/2026 9:09
53713,0,11,2. Mid-Loyal (7-12 Months),Computer,1,12,Cash on Delivery,male,3,2,Mobile Phone,3,Single,2,0,15,2,2,4,160,1,6/6/2026 9:09
53714,0,30,3. Core Loyal (>1 Year),Mobile Phone,1,7,Debit Card,female,3,4,Mobile Phone,5,Divorced,4,0,23,2,2,1,146,1,6/6/2026 9:09
53715,0,21,3. Core Loyal (>1 Year),Mobile Phone,1,9,Credit Card,female,3,4,Grocery,3,Divorced,5,0,0,4,6,7,297,0.67,6/6/2026 9:09
53716,0,1,1. Junior User (1-6 Months),Mobile Phone,3,11,Credit Card,female,3,4,Laptop & Accessory,3,Divorced,3,1,13,2,2,4,167,1,6/6/2026 9:09
53717,0,6,1. Junior User (1-6 Months),Mobile Phone,3,14,E wallet,male,4,4,Laptop & Accessory,2,Divorced,6,0,13,2,2,-1,217,1,6/6/2026 9:09
53718,0,8,2. Mid-Loyal (7-12 Months),Mobile Phone,1,7,Debit Card,female,3,5,Mobile Phone,4,Divorced,7,0,18,2,2,3,158,1,6/6/2026 9:09
53719,0,15,3. Core Loyal (>1 Year),Mobile Phone,1,12,Credit Card,male,3,2,Mobile Phone,3,Divorced,4,1,13,2,2,4,146,1,6/6/2026 9:09
53720,0,14,3. Core Loyal (>1 Year),Computer,1,16,UPI,male,3,4,Laptop & Accessory,3,Married,5,0,12,2,2,8,165,1,6/6/2026 9:09
53721,0,5,1. Junior User (1-6 Months),Mobile Phone,3,15,Debit Card,male,3,4,Fashion,2,Married,3,0,19,3,0,10,233,0,6/6/2026 9:09
53722,1,10,2. Mid-Loyal (7-12 Months),Mobile Phone,3,16,E wallet,male,3,4,Fashion,1,Married,6,0,12,1,5,-1,226,0.2,6/6/2026 9:09
53723,1,3,1. Junior User (1-6 Months),Computer,1,9,Debit Card,female,3,5,Mobile Phone,5,Single,4,1,24,1,2,1,161,0.5,6/6/2026 9:09
53724,1,1,1. Junior User (1-6 Months),Computer,1,7,Debit Card,female,4,2,Fashion,4,Single,3,0,12,4,5,8,199,0.8,6/6/2026 9:09
53725,0,19,3. Core Loyal (>1 Year),Mobile Phone,1,27,Credit Card,male,4,6,Fashion,5,Married,4,1,19,1,0,8,234,0,6/6/2026 9:09
53726,0,5,1. Junior User (1-6 Months),Mobile Phone,2,15,Credit Card,female,4,2,Mobile Phone,4,Single,11,0,19,1,2,3,146,0.5,6/6/2026 9:09
53727,1,1,1. Junior User (1-6 Months),Computer,1,9,Debit Card,male,4,4,Mobile Phone,1,Divorced,8,1,14,3,3,3,162,1,6/6/2026 9:09
53728,0,19,3. Core Loyal (>1 Year),Mobile Phone,1,36,Cash on Delivery,male,3,4,Fashion,1,Divorced,6,1,19,2,2,-1,219,1,6/6/2026 9:09
53729,0,22,3. Core Loyal (>1 Year),Mobile Phone,3,14,E wallet,male,4,4,Laptop & Accessory,5,Married,6,0,12,2,3,3,180,0.67,6/6/2026 9:09
53730,1,1,1. Junior User (1-6 Months),Mobile Phone,2,16,Cash on Delivery,female,3,4,Mobile Phone,3,Divorced,3,0,16,2,3,3,152,0.67,6/6/2026 9:09
53731,0,14,3. Core Loyal (>1 Year),Computer,1,15,Credit Card,male,3,5,Fashion,4,Married,4,0,12,0,5,9,263,0,6/6/2026 9:09
53732,0,2,1. Junior User (1-6 Months),Mobile Phone,3,12,Credit Card,male,3,4,Laptop & Accessory,5,Single,2,0,19,2,2,-1,210,1,6/6/2026 9:09
53733,0,18,3. Core Loyal (>1 Year),Computer,1,12,Debit Card,male,3,5,Mobile Phone,3,Single,5,0,15,1,2,4,157,0.5,6/6/2026 9:09
53734,0,27,3. Core Loyal (>1 Year),Mobile Phone,1,9,Credit Card,male,3,2,Grocery,4,Single,6,0,13,0,9,9,291,0,6/6/2026 9:09
53735,0,23,3. Core Loyal (>1 Year),Mobile Phone,1,12,Cash on Delivery,male,4,4,Laptop & Accessory,3,Divorced,4,0,15,1,2,3,192,0.5,6/6/2026 9:09
53736,0,14,3. Core Loyal (>1 Year),Mobile Phone,1,9,Credit Card,male,4,4,Mobile Phone,3,Married,4,0,15,1,2,3,148,0.5,6/6/2026 9:09
53737,0,18,3. Core Loyal (>1 Year),Mobile Phone,1,27,Debit Card,male,3,4,Mobile Phone,4,Single,3,0,14,2,2,4,159,1,6/6/2026 9:09
53738,0,7,2. Mid-Loyal (7-12 Months),Computer,3,14,Credit Card,male,3,4,Laptop & Accessory,5,Divorced,2,0,15,1,2,4,169,0.5,6/6/2026 9:09
53739,0,8,2. Mid-Loyal (7-12 Months),Mobile Phone,3,10,UPI,male,3,6,Laptop & Accessory,5,Single,5,0,19,3,4,13,173,0.75,6/6/2026 9:09
53740,0,4,1. Junior User (1-6 Months),Mobile Phone,3,23,Debit Card,male,4,4,Laptop & Accessory,3,Divorced,10,0,16,1,3,3,178,0.33,6/6/2026 9:09
53741,0,16,3. Core Loyal (>1 Year),Computer,1,16,Credit Card,female,4,4,Mobile Phone,1,Single,3,0,14,5,6,9,162,0.83,6/6/2026 9:09
53742,0,18,3. Core Loyal (>1 Year),Computer,3,7,E wallet,female,4,4,Laptop & Accessory,3,Divorced,9,0,13,2,2,1,173,1,6/6/2026 9:09
53743,0,4,1. Junior User (1-6 Months),Computer,1,14,Cash on Delivery,male,4,4,Mobile Phone,3,Married,3,0,14,1,2,1,138,0.5,6/6/2026 9:09
53744,0,51,3. Core Loyal (>1 Year),Mobile Phone,1,7,Debit Card,male,4,2,Laptop & Accessory,3,Divorced,2,0,25,2,3,9,174,0.67,6/6/2026 9:09
53745,0,23,3. Core Loyal (>1 Year),Mobile Phone,1,14,Debit Card,male,3,4,Fashion,4,Married,5,0,15,1,2,-1,230,0.5,6/6/2026 9:09
53746,0,8,2. Mid-Loyal (7-12 Months),Computer,1,22,Credit Card,male,4,4,Grocery,5,Married,9,0,0,3,7,10,295,0.43,6/6/2026 9:09
53747,1,1,1. Junior User (1-6 Months),Computer,3,7,Cash on Delivery,male,4,4,Mobile Phone,3,Divorced,5,0,16,2,2,3,154,1,6/6/2026 9:09
53748,1,1,1. Junior User (1-6 Months),Computer,3,20,Cash on Delivery,female,3,4,Laptop & Accessory,4,Single,7,0,12,1,2,1,183,0.5,6/6/2026 9:09
53749,1,1,1. Junior User (1-6 Months),Mobile Phone,3,31,Credit Card,female,3,5,Laptop & Accessory,4,Single,2,1,24,3,11,11,171,0.27,6/6/2026 9:09
53750,0,9,2. Mid-Loyal (7-12 Months),Mobile Phone,3,14,Debit Card,male,4,4,Mobile Phone,3,Divorced,3,0,14,2,2,1,149,1,6/6/2026 9:09
53751,1,1,1. Junior User (1-6 Months),Computer,1,16,Credit Card,male,3,4,Mobile Phone,5,Single,4,1,12,1,2,1,157,0.5,6/6/2026 9:09
53752,0,1,1. Junior User (1-6 Months),Computer,3,20,Debit Card,female,4,4,Mobile Phone,4,Divorced,3,0,14,1,2,1,145,0.5,6/6/2026 9:09
53753,0,18,3. Core Loyal (>1 Year),Computer,1,9,Credit Card,male,3,4,Fashion,3,Single,7,1,19,1,3,-1,227,0.33,6/6/2026 9:09
53754,0,3,1. Junior User (1-6 Months),Mobile Phone,3,26,Debit Card,male,4,5,Laptop & Accessory,3,Married,3,0,15,2,2,-1,211,1,6/6/2026 9:09
53755,0,4,1. Junior User (1-6 Months),Mobile Phone,2,7,Debit Card,male,3,4,Mobile Phone,3,Married,2,0,22,1,2,4,146,0.5,6/6/2026 9:09
53756,0,29,3. Core Loyal (>1 Year),Mobile Phone,1,11,Debit Card,male,2,4,Laptop & Accessory,3,Divorced,2,1,17,1,2,3,165,0.5,6/6/2026 9:09
53757,0,7,2. Mid-Loyal (7-12 Months),Mobile Phone,1,11,Credit Card,female,3,5,Mobile Phone,4,Divorced,10,0,12,1,2,3,163,0.5,6/6/2026 9:09
53758,0,21,3. Core Loyal (>1 Year),Mobile Phone,3,21,Credit Card,female,4,4,Laptop & Accessory,3,Divorced,5,1,18,2,2,3,171,1,6/6/2026 9:09
53759,1,1,1. Junior User (1-6 Months),Computer,1,9,Credit Card,male,3,5,Mobile Phone,5,Single,9,0,12,1,2,1,151,0.5,6/6/2026 9:09
53760,0,2,1. Junior User (1-6 Months),Mobile Phone,1,7,Debit Card,male,4,5,Mobile Phone,3,Married,3,0,15,1,2,1,141,0.5,6/6/2026 9:09
53761,0,2,1. Junior User (1-6 Months),Computer,3,14,Debit Card,male,3,4,Laptop & Accessory,5,Single,2,0,15,2,2,4,174,1,6/6/2026 9:09
53762,0,23,3. Core Loyal (>1 Year),Mobile Phone,1,10,Credit Card,female,3,5,Laptop & Accessory,5,Divorced,6,0,26,2,2,3,173,1,6/6/2026 9:09
53763,0,3,1. Junior User (1-6 Months),Computer,1,9,Debit Card,female,4,4,Mobile Phone,4,Divorced,2,0,14,1,2,3,157,0.5,6/6/2026 9:09
53764,0,2,1. Junior User (1-6 Months),Mobile Phone,1,36,Debit Card,male,4,6,Laptop & Accessory,4,Divorced,3,0,15,2,2,8,190,1,6/6/2026 9:09
53765,0,7,2. Mid-Loyal (7-12 Months),Mobile Phone,1,15,Debit Card,male,4,4,Laptop & Accessory,3,Single,4,1,18,1,2,1,189,0.5,6/6/2026 9:09
53766,0,6,1. Junior User (1-6 Months),Mobile Phone,1,17,Credit Card,male,1,4,Fashion,1,Single,4,0,26,1,0,1,237,0,6/6/2026 9:09
53767,0,28,3. Core Loyal (>1 Year),Computer,1,18,Credit Card,female,3,4,Grocery,1,Married,5,0,21,0,2,13,285,0,6/6/2026 9:09
53768,1,1,1. Junior User (1-6 Months),Mobile Phone,1,7,Cash on Delivery,male,4,5,Mobile Phone,5,Single,8,0,14,1,2,8,149,0.5,6/6/2026 9:09
53769,0,18,3. Core Loyal (>1 Year),Mobile Phone,1,35,Debit Card,male,3,4,Grocery,5,Divorced,5,0,14,0,15,18,288,0,6/6/2026 9:09
53770,0,13,3. Core Loyal (>1 Year),Mobile Phone,1,13,Debit Card,female,3,4,Fashion,4,Single,6,0,19,1,3,3,209,0.33,6/6/2026 9:09
53771,0,20,3. Core Loyal (>1 Year),Mobile Phone,3,10,Debit Card,female,3,4,Grocery,4,Divorced,10,0,13,0,6,2,291,0,6/6/2026 9:09
53772,0,9,2. Mid-Loyal (7-12 Months),Mobile Phone,1,23,Debit Card,female,4,5,Fashion,4,Single,3,0,20,2,4,-1,211,0.5,6/6/2026 9:09
53773,0,1,1. Junior User (1-6 Months),Mobile Phone,1,27,Debit Card,male,4,4,Laptop & Accessory,3,Single,2,0,15,2,2,3,148,1,6/6/2026 9:09
53774,1,4,1. Junior User (1-6 Months),Mobile Phone,1,16,Debit Card,male,3,4,Mobile Phone,5,Single,5,0,15,2,2,1,145,1,6/6/2026 9:09
53775,0,8,2. Mid-Loyal (7-12 Months),Mobile Phone,3,7,Cash on Delivery,male,4,5,Fashion,3,Divorced,3,1,15,8,9,7,196,0.89,6/6/2026 9:09
53776,1,1,1. Junior User (1-6 Months),Computer,1,10,Debit Card,female,3,4,Mobile Phone,3,Single,3,0,13,7,8,8,166,0.88,6/6/2026 9:09
53777,0,24,3. Core Loyal (>1 Year),Computer,1,29,Credit Card,male,3,6,Grocery,1,Single,3,1,14,0,14,10,269,0,6/6/2026 9:09
53778,0,8,2. Mid-Loyal (7-12 Months),Mobile Phone,3,14,Cash on Delivery,male,3,4,Mobile Phone,3,Married,2,1,26,1,6,8,148,0.17,6/6/2026 9:09
53779,0,16,3. Core Loyal (>1 Year),Mobile Phone,1,9,Credit Card,male,4,5,Mobile Phone,4,Married,6,0,15,2,2,1,173,1,6/6/2026 9:09
53780,0,11,2. Mid-Loyal (7-12 Months),Mobile Phone,1,20,Credit Card,male,3,4,Laptop & Accessory,1,Married,3,0,18,1,4,8,168,0.25,6/6/2026 9:09
53781,0,3,1. Junior User (1-6 Months),Mobile Phone,1,15,UPI,female,3,6,Laptop & Accessory,5,Married,5,0,14,1,2,-1,222,0.5,6/6/2026 9:09
53782,0,7,2. Mid-Loyal (7-12 Months),Mobile Phone,1,32,Debit Card,male,3,5,Laptop & Accessory,4,Single,3,0,14,1,2,3,168,0.5,6/6/2026 9:09
53783,0,19,3. Core Loyal (>1 Year),Mobile Phone,1,35,Cash on Delivery,male,4,4,Mobile Phone,1,Married,6,0,21,2,2,4,146,1,6/6/2026 9:09
53784,0,16,3. Core Loyal (>1 Year),Computer,1,9,Debit Card,male,3,4,Fashion,1,Married,4,1,15,13,14,-1,226,0.93,6/6/2026 9:09
53785,0,14,3. Core Loyal (>1 Year),Mobile Phone,3,16,Credit Card,male,3,4,Laptop & Accessory,5,Married,2,0,13,3,8,2,180,0.38,6/6/2026 9:09
53786,0,7,2. Mid-Loyal (7-12 Months),Mobile Phone,1,35,Debit Card,male,4,4,Laptop & Accessory,3,Married,3,1,13,2,6,8,177,0.33,6/6/2026 9:09
53787,0,14,3. Core Loyal (>1 Year),Mobile Phone,2,13,Credit Card,male,3,4,Grocery,1,Single,3,1,22,0,8,8,289,0,6/6/2026 9:09
53788,0,1,1. Junior User (1-6 Months),Mobile Phone,1,28,Cash on Delivery,male,3,5,Mobile Phone,5,Married,2,0,15,1,2,1,148,0.5,6/6/2026 9:09
53789,0,14,3. Core Loyal (>1 Year),Computer,1,15,Debit Card,male,4,4,Laptop & Accessory,1,Married,5,1,19,3,3,3,166,1,6/6/2026 9:09
53790,0,19,3. Core Loyal (>1 Year),Mobile Phone,1,7,Cash on Delivery,male,4,4,Fashion,4,Married,3,0,13,7,8,8,199,0.88,6/6/2026 9:09
53791,0,9,2. Mid-Loyal (7-12 Months),Mobile Phone,3,7,Debit Card,female,4,5,Mobile Phone,3,Married,2,0,24,3,5,3,149,0.6,6/6/2026 9:09
53792,0,6,1. Junior User (1-6 Months),Mobile Phone,1,12,Debit Card,female,4,5,Laptop & Accessory,4,Married,5,0,13,2,3,6,184,0.67,6/6/2026 9:09
53793,0,10,2. Mid-Loyal (7-12 Months),Mobile Phone,3,9,Debit Card,male,4,4,Mobile Phone,1,Single,5,1,22,1,2,3,151,0.5,6/6/2026 9:09
53794,0,22,3. Core Loyal (>1 Year),Mobile Phone,3,23,Debit Card,female,4,4,Laptop & Accessory,3,Married,10,0,15,2,8,8,189,0.25,6/6/2026 9:09
53795,0,3,1. Junior User (1-6 Months),Mobile Phone,1,16,Debit Card,male,4,2,Mobile Phone,3,Married,8,0,19,2,2,1,150,1,6/6/2026 9:09
53796,0,7,2. Mid-Loyal (7-12 Months),Mobile Phone,3,15,Debit Card,male,3,4,Laptop & Accessory,5,Married,4,0,14,3,3,3,189,1,6/6/2026 9:09
53797,1,1,1. Junior User (1-6 Months),Mobile Phone,3,7,Debit Card,male,4,5,Laptop & Accessory,5,Married,3,0,12,4,7,-1,222,0.57,6/6/2026 9:09
53798,0,12,2. Mid-Loyal (7-12 Months),Computer,2,17,UPI,male,4,4,Laptop & Accessory,3,Married,5,0,12,1,2,3,186,0.5,6/6/2026 9:09
53799,0,9,2. Mid-Loyal (7-12 Months),Mobile Phone,1,7,Credit Card,male,4,5,Mobile Phone,5,Single,3,0,20,1,2,3,150,0.5,6/6/2026 9:09
53800,0,4,1. Junior User (1-6 Months),Mobile Phone,3,36,Cash on Delivery,male,3,4,Fashion,4,Married,5,0,13,1,2,-1,218,0.5,6/6/2026 9:09
53801,1,1,1. Junior User (1-6 Months),Mobile Phone,1,9,Debit Card,female,4,4,Mobile Phone,5,Married,3,1,13,2,2,1,146,1,6/6/2026 9:09
53802,1,17,3. Core Loyal (>1 Year),Mobile Phone,1,9,Cash on Delivery,female,4,5,Fashion,1,Married,2,0,17,2,2,-1,227,1,6/6/2026 9:09
53803,1,2,1. Junior User (1-6 Months),Mobile Phone,1,9,Credit Card,male,3,4,Laptop & Accessory,4,Married,6,0,12,1,2,5,174,0.5,6/6/2026 9:09
53804,0,6,1. Junior User (1-6 Months),Computer,1,7,Cash on Delivery,male,4,4,Laptop & Accessory,5,Married,6,0,15,2,2,3,166,1,6/6/2026 9:09
53805,0,22,3. Core Loyal (>1 Year),Mobile Phone,1,22,UPI,female,4,4,Mobile Phone,5,Married,10,0,13,8,8,7,149,1,6/6/2026 9:09
53806,0,8,2. Mid-Loyal (7-12 Months),Mobile Phone,1,14,Credit Card,male,3,4,Mobile Phone,1,Single,3,0,14,1,2,1,155,0.5,6/6/2026 9:09
53807,0,29,3. Core Loyal (>1 Year),Mobile Phone,3,33,E wallet,male,3,5,Others,1,Married,3,0,0,3,3,14,321,1,6/6/2026 9:09
53808,0,8,2. Mid-Loyal (7-12 Months),Mobile Phone,1,7,Debit Card,male,3,4,Laptop & Accessory,1,Married,11,0,18,2,3,2,180,0.67,6/6/2026 9:09
53809,0,1,1. Junior User (1-6 Months),Mobile Phone,1,10,Debit Card,female,3,4,Mobile Phone,1,Married,3,0,22,2,2,1,146,1,6/6/2026 9:09
53810,0,12,2. Mid-Loyal (7-12 Months),Mobile Phone,3,21,Debit Card,male,4,4,Laptop & Accessory,4,Married,2,0,12,6,8,-1,224,0.75,6/6/2026 9:09
53811,0,12,2. Mid-Loyal (7-12 Months),Mobile Phone,3,23,Debit Card,female,3,4,Laptop & Accessory,4,Single,4,0,13,1,2,3,167,0.5,6/6/2026 9:09
53812,0,10,2. Mid-Loyal (7-12 Months),Mobile Phone,3,7,Debit Card,female,4,4,Laptop & Accessory,3,Single,8,0,14,2,2,1,193,1,6/6/2026 9:09
53813,0,3,1. Junior User (1-6 Months),Mobile Phone,1,10,Credit Card,male,3,4,Mobile Phone,5,Single,3,1,19,1,2,6,172,0.5,6/6/2026 9:09
53814,0,9,2. Mid-Loyal (7-12 Months),Mobile Phone,1,17,Credit Card,female,3,4,Laptop & Accessory,3,Single,5,1,17,2,2,5,186,1,6/6/2026 9:09
53815,0,13,3. Core Loyal (>1 Year),Mobile Phone,3,13,Credit Card,male,3,2,Fashion,3,Married,4,0,12,5,8,7,207,0.63,6/6/2026 9:09
53816,0,3,1. Junior User (1-6 Months),Computer,1,9,Debit Card,male,3,4,Laptop & Accessory,1,Married,3,0,20,1,2,-1,214,0.5,6/6/2026 9:09
53817,0,24,3. Core Loyal (>1 Year),Mobile Phone,3,6,E wallet,male,3,4,Others,3,Married,6,1,0,1,2,1,318,0.5,6/6/2026 9:09
53818,0,1,1. Junior User (1-6 Months),Mobile Phone,1,17,Cash on Delivery,male,3,2,Mobile Phone,3,Married,4,0,17,3,3,3,146,1,6/6/2026 9:09
53819,0,10,2. Mid-Loyal (7-12 Months),Computer,1,13,Debit Card,male,4,2,Laptop & Accessory,5,Married,5,1,14,2,2,3,181,1,6/6/2026 9:09
53820,0,16,3. Core Loyal (>1 Year),Mobile Phone,1,16,UPI,male,4,5,Others,1,Single,10,0,0,2,2,2,321,1,6/6/2026 9:09
53821,0,9,2. Mid-Loyal (7-12 Months),Mobile Phone,1,35,Debit Card,male,3,2,Laptop & Accessory,3,Married,3,0,18,6,7,9,159,0.86,6/6/2026 9:09
53822,0,8,2. Mid-Loyal (7-12 Months),Computer,1,17,Cash on Delivery,male,4,5,Laptop & Accessory,3,Married,3,0,15,3,8,8,176,0.38,6/6/2026 9:09
53823,0,14,3. Core Loyal (>1 Year),Mobile Phone,3,21,Debit Card,female,3,4,Laptop & Accessory,5,Married,3,0,16,1,2,3,171,0.5,6/6/2026 9:09
53824,0,17,3. Core Loyal (>1 Year),Mobile Phone,1,34,Cash on Delivery,male,3,2,Mobile Phone,4,Married,7,0,13,2,2,3,174,1,6/6/2026 9:09
53825,0,9,2. Mid-Loyal (7-12 Months),Mobile Phone,1,14,Debit Card,male,4,5,Mobile Phone,1,Married,3,0,19,2,2,2,152,1,6/6/2026 9:09
53826,0,20,3. Core Loyal (>1 Year),Mobile Phone,3,7,Debit Card,male,3,2,Grocery,5,Single,3,0,0,2,2,13,301,1,6/6/2026 9:09
53827,1,1,1. Junior User (1-6 Months),Mobile Phone,1,31,Credit Card,male,3,4,Mobile Phone,4,Married,3,1,18,1,2,1,149,0.5,6/6/2026 9:09
53828,0,1,1. Junior User (1-6 Months),Computer,1,33,UPI,female,3,5,Mobile Phone,3,Married,3,1,15,1,2,4,153,0.5,6/6/2026 9:09
53829,0,24,3. Core Loyal (>1 Year),Computer,1,27,Credit Card,male,3,4,Grocery,3,Married,4,1,16,4,0,14,237,0,6/6/2026 9:09
53830,0,6,1. Junior User (1-6 Months),Mobile Phone,1,12,UPI,female,3,2,Mobile Phone,1,Married,5,0,18,2,2,3,158,1,6/6/2026 9:09
53831,0,18,3. Core Loyal (>1 Year),Mobile Phone,1,14,Credit Card,female,3,4,Others,1,Married,2,1,0,2,2,11,315,1,6/6/2026 9:09
53832,0,4,1. Junior User (1-6 Months),Mobile Phone,1,14,Credit Card,male,3,5,Mobile Phone,4,Married,3,0,13,1,2,2,146,0.5,6/6/2026 9:09
53833,0,19,3. Core Loyal (>1 Year),Mobile Phone,1,12,Credit Card,female,3,6,Laptop & Accessory,5,Single,3,1,15,2,2,5,183,1,6/6/2026 9:09
53834,0,19,3. Core Loyal (>1 Year),Computer,3,33,E wallet,male,3,5,Laptop & Accessory,5,Married,3,0,16,1,5,6,169,0.2,6/6/2026 9:09
53835,0,5,1. Junior User (1-6 Months),Computer,3,9,UPI,male,3,4,Laptop & Accessory,5,Single,9,0,14,1,2,4,178,0.5,6/6/2026 9:09
53836,0,10,2. Mid-Loyal (7-12 Months),Mobile Phone,1,19,Debit Card,female,4,4,Laptop & Accessory,3,Married,11,1,13,1,2,2,172,0.5,6/6/2026 9:09
53837,0,8,2. Mid-Loyal (7-12 Months),Computer,1,17,Debit Card,male,3,2,Laptop & Accessory,1,Married,3,0,14,6,8,3,172,0.75,6/6/2026 9:09
53838,0,23,3. Core Loyal (>1 Year),Mobile Phone,1,32,Debit Card,female,3,4,Mobile Phone,5,Married,3,0,15,1,2,5,157,0.5,6/6/2026 9:09
53839,0,13,3. Core Loyal (>1 Year),Mobile Phone,1,17,Credit Card,male,4,4,Laptop & Accessory,5,Married,4,0,14,5,8,8,179,0.63,6/6/2026 9:09
53840,0,1,1. Junior User (1-6 Months),Mobile Phone,1,26,UPI,male,4,5,Mobile Phone,5,Married,3,0,12,1,2,8,166,0.5,6/6/2026 9:09
53841,0,9,2. Mid-Loyal (7-12 Months),Mobile Phone,1,25,Debit Card,male,3,2,Laptop & Accessory,5,Married,3,0,12,1,2,11,177,0.5,6/6/2026 9:09
53842,0,2,1. Junior User (1-6 Months),Mobile Phone,1,34,Credit Card,female,3,6,Laptop & Accessory,5,Married,2,0,22,2,2,1,25,1,6/6/2026 9:09
53843,0,1,1. Junior User (1-6 Months),Mobile Phone,1,12,Credit Card,male,4,4,Mobile Phone,1,Single,3,0,19,2,3,3,156,0.67,6/6/2026 9:09
53844,1,1,1. Junior User (1-6 Months),Computer,3,10,Credit Card,female,4,4,Mobile Phone,1,Single,3,1,13,1,2,1,141,0.5,6/6/2026 9:09
53845,0,21,3. Core Loyal (>1 Year),Mobile Phone,2,33,Debit Card,female,4,4,Others,3,Married,5,0,0,2,2,1,322,1,6/6/2026 9:09
53846,0,13,3. Core Loyal (>1 Year),Mobile Phone,1,10,Credit Card,male,4,5,Laptop & Accessory,3,Married,2,0,16,1,2,8,156,0.5,6/6/2026 9:09
53847,0,14,3. Core Loyal (>1 Year),Mobile Phone,1,22,Debit Card,female,4,5,Fashion,3,Married,3,0,14,2,15,-1,229,0.13,6/6/2026 9:09
53848,0,9,2. Mid-Loyal (7-12 Months),Computer,1,15,Debit Card,female,3,4,Laptop & Accessory,3,Married,3,0,13,3,3,10,166,1,6/6/2026 9:09
53849,0,11,2. Mid-Loyal (7-12 Months),Mobile Phone,1,26,Debit Card,male,3,4,Laptop & Accessory,3,Married,5,0,18,1,2,3,183,0.5,6/6/2026 9:09
53850,0,13,3. Core Loyal (>1 Year),Computer,1,11,Credit Card,female,3,4,Laptop & Accessory,3,Single,2,0,14,4,4,9,175,1,6/6/2026 9:09
53851,0,19,3. Core Loyal (>1 Year),Mobile Phone,1,9,UPI,female,3,5,Laptop & Accessory,1,Married,3,0,20,3,4,10,183,0.75,6/6/2026 9:09
53852,0,12,2. Mid-Loyal (7-12 Months),Mobile Phone,1,9,Credit Card,female,3,5,Fashion,3,Married,5,1,20,2,2,3,203,1,6/6/2026 9:09
53853,1,1,1. Junior User (1-6 Months),Mobile Phone,3,17,Credit Card,male,3,5,Fashion,5,Married,11,0,18,5,7,-1,228,0.71,6/6/2026 9:09
53854,0,11,2. Mid-Loyal (7-12 Months),Mobile Phone,1,17,Credit Card,female,4,4,Mobile Phone,4,Married,3,0,12,2,8,8,164,0.25,6/6/2026 9:09
53855,0,14,3. Core Loyal (>1 Year),Mobile Phone,1,23,Debit Card,female,3,4,Fashion,1,Single,8,1,16,2,4,4,204,0.5,6/6/2026 9:09
53856,0,18,3. Core Loyal (>1 Year),Computer,2,7,UPI,male,3,4,Laptop & Accessory,1,Married,6,1,12,2,2,3,182,1,6/6/2026 9:09
53857,0,22,3. Core Loyal (>1 Year),Computer,1,11,Credit Card,male,3,5,Grocery,1,Married,4,0,26,0,3,3,277,0,6/6/2026 9:09
53858,1,1,1. Junior User (1-6 Months),Mobile Phone,3,22,Credit Card,male,3,6,Laptop & Accessory,1,Married,8,1,15,2,3,3,179,0.67,6/6/2026 9:09
53859,0,1,1. Junior User (1-6 Months),Computer,1,9,Cash on Delivery,female,3,4,Mobile Phone,1,Single,3,1,14,2,2,4,163,1,6/6/2026 9:09
53860,0,1,1. Junior User (1-6 Months),Mobile Phone,1,15,Credit Card,female,3,2,Mobile Phone,3,Married,9,0,18,1,2,3,160,0.5,6/6/2026 9:09
53861,0,1,1. Junior User (1-6 Months),Computer,1,9,Credit Card,male,3,4,Mobile Phone,1,Single,4,0,14,1,2,3,151,0.5,6/6/2026 9:09
53862,1,4,1. Junior User (1-6 Months),Mobile Phone,1,14,Debit Card,male,4,4,Mobile Phone,5,Single,5,1,15,1,2,4,147,0.5,6/6/2026 9:09
53863,0,3,1. Junior User (1-6 Months),Mobile Phone,3,17,Credit Card,male,3,5,Laptop & Accessory,3,Single,11,0,12,2,2,5,184,1,6/6/2026 9:09
53864,0,10,2. Mid-Loyal (7-12 Months),Mobile Phone,1,12,Debit Card,female,3,4,Fashion,5,Married,6,0,13,2,2,3,205,1,6/6/2026 9:09
53865,0,1,1. Junior User (1-6 Months),Computer,1,9,Debit Card,male,4,2,Laptop & Accessory,3,Married,3,0,18,1,2,8,177,0.5,6/6/2026 9:09
53866,0,13,3. Core Loyal (>1 Year),Mobile Phone,1,19,Credit Card,male,4,4,Laptop & Accessory,4,Married,6,0,22,2,2,1,178,1,6/6/2026 9:09
53867,0,23,3. Core Loyal (>1 Year),Mobile Phone,1,29,UPI,female,4,4,Grocery,4,Married,5,0,17,0,2,3,289,0,6/6/2026 9:09
53868,0,24,3. Core Loyal (>1 Year),Mobile Phone,1,24,Debit Card,female,3,5,Fashion,5,Married,7,0,16,2,0,12,258,0,6/6/2026 9:09
53869,0,1,1. Junior User (1-6 Months),Mobile Phone,3,9,Credit Card,female,3,4,Mobile Phone,3,Single,3,0,20,1,3,3,153,0.33,6/6/2026 9:09
53870,0,8,2. Mid-Loyal (7-12 Months),Mobile Phone,1,10,Debit Card,female,4,4,Laptop & Accessory,4,Married,3,0,13,8,8,10,179,1,6/6/2026 9:09
53871,0,10,2. Mid-Loyal (7-12 Months),Mobile Phone,1,14,Debit Card,male,4,4,Mobile Phone,4,Single,4,0,12,1,2,4,145,0.5,6/6/2026 9:09
53872,0,23,3. Core Loyal (>1 Year),Mobile Phone,1,13,Debit Card,female,3,5,Grocery,3,Married,4,1,20,0,3,13,265,0,6/6/2026 9:09
53873,0,10,2. Mid-Loyal (7-12 Months),Computer,1,7,Credit Card,female,3,5,Laptop & Accessory,3,Married,2,0,16,2,2,3,169,1,6/6/2026 9:09
53874,0,10,2. Mid-Loyal (7-12 Months),Mobile Phone,1,10,Debit Card,male,4,2,Laptop & Accessory,5,Married,8,0,21,2,2,5,193,1,6/6/2026 9:09
53875,0,28,3. Core Loyal (>1 Year),Mobile Phone,1,29,Credit Card,female,4,4,Grocery,3,Married,5,0,0,3,5,8,299,0.6,6/6/2026 9:09
53876,0,17,3. Core Loyal (>1 Year),Mobile Phone,1,22,Debit Card,male,4,5,Grocery,3,Married,3,0,0,5,7,12,301,0.71,6/6/2026 9:09
53877,1,1,1. Junior User (1-6 Months),Computer,3,19,UPI,male,3,4,Laptop & Accessory,1,Single,5,1,25,4,7,8,171,0.57,6/6/2026 9:09
53878,0,12,2. Mid-Loyal (7-12 Months),Computer,1,7,Debit Card,male,3,4,Laptop & Accessory,1,Married,9,0,16,3,3,10,172,1,6/6/2026 9:09
53879,0,3,1. Junior User (1-6 Months),Mobile Phone,3,12,Credit Card,male,3,5,Laptop & Accessory,4,Married,3,1,14,1,2,10,167,0.5,6/6/2026 9:09
53880,0,7,2. Mid-Loyal (7-12 Months),Mobile Phone,3,9,Credit Card,male,4,4,Laptop & Accessory,1,Married,3,0,15,2,2,5,180,1,6/6/2026 9:09
53881,0,6,1. Junior User (1-6 Months),Mobile Phone,1,9,Credit Card,male,3,4,Laptop & Accessory,4,Married,2,0,14,1,2,7,180,0.5,6/6/2026 9:09
53882,0,5,1. Junior User (1-6 Months),Mobile Phone,3,12,Debit Card,female,4,4,Laptop & Accessory,1,Married,3,0,12,1,2,3,180,0.5,6/6/2026 9:09
53883,0,23,3. Core Loyal (>1 Year),Mobile Phone,1,23,Credit Card,female,4,4,Mobile Phone,5,Married,6,1,17,2,3,3,151,0.67,6/6/2026 9:09
53884,0,12,2. Mid-Loyal (7-12 Months),Computer,1,9,Credit Card,female,3,5,Mobile Phone,4,Single,3,0,23,2,4,4,149,0.5,6/6/2026 9:09
53885,0,21,3. Core Loyal (>1 Year),Mobile Phone,3,9,Debit Card,female,3,2,Grocery,4,Married,8,0,15,0,2,3,285,0,6/6/2026 9:09
53886,0,23,3. Core Loyal (>1 Year),Mobile Phone,1,7,Debit Card,male,3,4,Grocery,3,Single,6,0,15,0,2,1,279,0,6/6/2026 9:09
53887,0,15,3. Core Loyal (>1 Year),Mobile Phone,3,30,Debit Card,male,4,4,Fashion,3,Single,5,1,17,1,2,3,196,0.5,6/6/2026 9:09
53888,0,1,1. Junior User (1-6 Months),Mobile Phone,3,16,Debit Card,male,3,4,Mobile Phone,5,Single,3,0,12,1,2,3,152,0.5,6/6/2026 9:09
53889,0,7,2. Mid-Loyal (7-12 Months),Computer,3,23,Debit Card,female,3,4,Laptop & Accessory,1,Married,3,1,26,1,2,3,179,0.5,6/6/2026 9:09
53890,0,10,2. Mid-Loyal (7-12 Months),Mobile Phone,1,33,Debit Card,male,4,4,Laptop & Accessory,3,Married,8,0,15,2,2,3,178,1,6/6/2026 9:09
53891,0,18,3. Core Loyal (>1 Year),Mobile Phone,2,7,Debit Card,female,3,4,Mobile Phone,1,Married,6,1,19,3,3,3,157,1,6/6/2026 9:09
53892,1,1,1. Junior User (1-6 Months),Mobile Phone,1,15,Credit Card,male,4,5,Mobile Phone,3,Single,3,1,12,2,2,3,165,1,6/6/2026 9:09
53893,0,12,2. Mid-Loyal (7-12 Months),Mobile Phone,1,11,Credit Card,female,3,4,Mobile Phone,3,Married,9,0,20,1,2,1,158,0.5,6/6/2026 9:09
53894,0,27,3. Core Loyal (>1 Year),Mobile Phone,1,31,Credit Card,male,3,2,Fashion,1,Married,5,0,16,1,2,3,195,0.5,6/6/2026 9:09
53895,1,12,2. Mid-Loyal (7-12 Months),Computer,3,14,Credit Card,female,4,4,Mobile Phone,3,Married,4,1,12,5,8,8,152,0.63,6/6/2026 9:09
53896,1,1,1. Junior User (1-6 Months),Mobile Phone,1,9,Debit Card,male,4,4,Mobile Phone,4,Single,3,0,13,2,2,1,139,1,6/6/2026 9:09
53897,0,1,1. Junior User (1-6 Months),Computer,1,14,Credit Card,male,4,4,Mobile Phone,1,Single,3,0,21,6,6,8,151,1,6/6/2026 9:09
53898,0,29,3. Core Loyal (>1 Year),Mobile Phone,1,29,Cash on Delivery,male,4,5,Mobile Phone,4,Married,7,0,13,2,2,3,160,1,6/6/2026 9:09
53899,0,8,2. Mid-Loyal (7-12 Months),Mobile Phone,1,12,Credit Card,male,3,5,Laptop & Accessory,1,Married,3,0,15,5,5,14,165,1,6/6/2026 9:09
53900,0,31,3. Core Loyal (>1 Year),Mobile Phone,1,7,Credit Card,male,4,6,Fashion,1,Married,5,0,21,1,0,1,234,0,6/6/2026 9:09
53901,0,7,2. Mid-Loyal (7-12 Months),Mobile Phone,1,28,Credit Card,male,4,2,Mobile Phone,4,Married,3,0,19,3,3,14,145,1,6/6/2026 9:09
53902,0,11,2. Mid-Loyal (7-12 Months),Computer,3,7,Credit Card,male,3,6,Laptop & Accessory,1,Married,3,0,15,1,2,-1,220,0.5,6/6/2026 9:09
53903,0,8,2. Mid-Loyal (7-12 Months),Mobile Phone,1,26,Debit Card,female,3,5,Mobile Phone,1,Married,3,0,13,4,9,8,154,0.44,6/6/2026 9:09
53904,1,1,1. Junior User (1-6 Months),Mobile Phone,3,14,Debit Card,male,3,4,Mobile Phone,1,Married,3,1,22,2,2,3,148,1,6/6/2026 9:09
53905,0,18,3. Core Loyal (>1 Year),Mobile Phone,1,9,Debit Card,female,4,2,Fashion,1,Married,3,1,20,7,7,8,204,1,6/6/2026 9:09
53906,0,9,2. Mid-Loyal (7-12 Months),Computer,1,9,Credit Card,male,4,5,Mobile Phone,1,Single,2,1,15,2,2,5,174,1,6/6/2026 9:09
53907,0,17,3. Core Loyal (>1 Year),Mobile Phone,3,9,Credit Card,male,4,4,Laptop & Accessory,1,Married,3,1,18,1,9,9,203,0.11,6/6/2026 9:09
53908,0,1,1. Junior User (1-6 Months),Mobile Phone,1,16,Credit Card,male,4,2,Mobile Phone,3,Married,3,0,17,1,2,5,169,0.5,6/6/2026 9:09
53909,0,15,3. Core Loyal (>1 Year),Mobile Phone,3,13,E wallet,male,3,4,Fashion,3,Single,3,0,13,7,9,-1,217,0.78,6/6/2026 9:09
53910,0,3,1. Junior User (1-6 Months),Mobile Phone,1,16,Credit Card,female,3,4,Mobile Phone,3,Married,11,0,18,2,2,3,155,1,6/6/2026 9:09
53911,0,10,2. Mid-Loyal (7-12 Months),Mobile Phone,3,9,Debit Card,female,3,4,Laptop & Accessory,1,Single,5,0,16,4,7,8,170,0.57,6/6/2026 9:09
53912,0,19,3. Core Loyal (>1 Year),Computer,1,7,Debit Card,male,4,5,Fashion,3,Married,5,0,24,4,0,5,232,0,6/6/2026 9:09
53913,1,1,1. Junior User (1-6 Months),Mobile Phone,2,29,UPI,male,3,6,Mobile Phone,3,Married,3,0,12,1,2,1,141,0.5,6/6/2026 9:09
53914,1,11,2. Mid-Loyal (7-12 Months),Computer,3,16,Debit Card,male,3,6,Grocery,3,Married,9,0,12,2,0,11,254,0,6/6/2026 9:09
53915,0,1,1. Junior User (1-6 Months),Mobile Phone,1,24,Credit Card,male,4,6,Mobile Phone,3,Married,3,0,16,1,2,3,148,0.5,6/6/2026 9:09
53916,0,19,3. Core Loyal (>1 Year),Mobile Phone,1,35,Cash on Delivery,female,3,5,Grocery,4,Single,3,0,0,4,9,7,292,0.44,6/6/2026 9:09
53917,0,6,1. Junior User (1-6 Months),Computer,1,17,Debit Card,male,3,4,Mobile Phone,3,Married,8,0,14,1,2,4,159,0.5,6/6/2026 9:09
53918,0,5,1. Junior User (1-6 Months),Mobile Phone,1,9,Debit Card,male,4,4,Mobile Phone,3,Married,3,0,15,1,2,4,160,0.5,6/6/2026 9:09
53919,0,15,3. Core Loyal (>1 Year),Computer,2,11,UPI,male,3,6,Laptop & Accessory,4,Married,8,0,20,1,2,3,189,0.5,6/6/2026 9:09
53920,0,14,3. Core Loyal (>1 Year),Mobile Phone,1,15,Debit Card,female,4,4,Laptop & Accessory,5,Married,4,1,17,1,2,1,190,0.5,6/6/2026 9:09
53921,0,1,1. Junior User (1-6 Months),Mobile Phone,1,36,Credit Card,male,4,4,Mobile Phone,5,Married,3,0,14,2,2,3,164,1,6/6/2026 9:09
53922,0,20,3. Core Loyal (>1 Year),Mobile Phone,1,20,Debit Card,male,3,4,Laptop & Accessory,4,Single,8,0,15,2,2,10,181,1,6/6/2026 9:09
53923,0,9,2. Mid-Loyal (7-12 Months),Mobile Phone,1,34,Debit Card,male,3,4,Laptop & Accessory,3,Married,4,0,17,1,2,8,194,0.5,6/6/2026 9:09
53924,0,4,1. Junior User (1-6 Months),Mobile Phone,1,23,Debit Card,male,3,4,Mobile Phone,1,Married,3,0,13,1,2,9,154,0.5,6/6/2026 9:09
53925,0,21,3. Core Loyal (>1 Year),Computer,3,9,E wallet,male,3,4,Laptop & Accessory,4,Married,9,0,12,1,2,1,175,0.5,6/6/2026 9:09
53926,0,20,3. Core Loyal (>1 Year),Mobile Phone,3,9,Debit Card,male,4,4,Fashion,1,Married,6,1,13,1,2,-1,229,0.5,6/6/2026 9:09
53927,1,1,1. Junior User (1-6 Months),Mobile Phone,3,20,E wallet,male,4,5,Laptop & Accessory,5,Married,7,1,14,3,3,3,186,1,6/6/2026 9:09
53928,1,1,1. Junior User (1-6 Months),Mobile Phone,3,7,Debit Card,male,3,6,Laptop & Accessory,4,Single,8,0,16,1,2,1,192,0.5,6/6/2026 9:09
53929,0,1,1. Junior User (1-6 Months),Mobile Phone,1,11,Credit Card,female,3,4,Mobile Phone,4,Single,3,0,14,2,2,3,158,1,6/6/2026 9:09
53930,0,5,1. Junior User (1-6 Months),Computer,1,31,Cash on Delivery,female,2,4,Laptop & Accessory,1,Single,4,0,21,2,2,5,177,1,6/6/2026 9:09
53931,0,13,3. Core Loyal (>1 Year),Computer,1,7,Debit Card,male,4,4,Laptop & Accessory,1,Married,3,1,16,4,6,9,190,0.67,6/6/2026 9:09
53932,0,6,1. Junior User (1-6 Months),Mobile Phone,3,26,Debit Card,male,4,6,Fashion,3,Married,5,0,14,2,2,-1,221,1,6/6/2026 9:09
53933,0,14,3. Core Loyal (>1 Year),Mobile Phone,3,14,Credit Card,male,3,4,Others,4,Single,3,0,0,2,13,9,323,0.15,6/6/2026 9:09
53934,0,19,3. Core Loyal (>1 Year),Mobile Phone,2,11,Debit Card,female,3,6,Fashion,3,Married,6,0,22,2,2,-1,223,1,6/6/2026 9:09
53935,0,4,1. Junior User (1-6 Months),Computer,1,9,Cash on Delivery,female,4,5,Mobile Phone,5,Single,2,0,17,1,2,8,175,0.5,6/6/2026 9:09
53936,0,1,1. Junior User (1-6 Months),Computer,2,17,Credit Card,male,3,4,Mobile Phone,1,Married,2,0,15,2,3,2,146,0.67,6/6/2026 9:09
53937,1,1,1. Junior User (1-6 Months),Computer,2,15,UPI,female,4,5,Mobile Phone,1,Married,8,0,12,2,2,3,147,1,6/6/2026 9:09
53938,0,5,1. Junior User (1-6 Months),Mobile Phone,3,12,Cash on Delivery,male,3,4,Laptop & Accessory,3,Married,3,0,20,1,2,3,208,0.5,6/6/2026 9:09
53939,0,1,1. Junior User (1-6 Months),Mobile Phone,1,15,Credit Card,female,4,4,Mobile Phone,1,Single,3,0,12,2,2,5,159,1,6/6/2026 9:09
53940,1,1,1. Junior User (1-6 Months),Mobile Phone,3,16,E wallet,female,3,6,Mobile Phone,4,Single,3,0,14,2,3,3,153,0.67,6/6/2026 9:09
53941,0,3,1. Junior User (1-6 Months),Computer,1,7,Debit Card,male,4,2,Laptop & Accessory,3,Single,10,1,13,1,2,3,188,0.5,6/6/2026 9:09
53942,0,4,1. Junior User (1-6 Months),Mobile Phone,3,22,E wallet,male,4,5,Fashion,5,Married,4,0,12,1,2,8,196,0.5,6/6/2026 9:09
53943,0,8,2. Mid-Loyal (7-12 Months),Mobile Phone,1,9,Credit Card,male,4,2,Mobile Phone,1,Married,2,1,15,1,2,3,154,0.5,6/6/2026 9:09
53944,0,7,2. Mid-Loyal (7-12 Months),Computer,3,9,E wallet,female,4,4,Laptop & Accessory,4,Single,10,0,16,1,2,8,176,0.5,6/6/2026 9:09
53945,0,23,3. Core Loyal (>1 Year),Mobile Phone,3,18,E wallet,female,4,4,Laptop & Accessory,1,Single,5,0,13,1,2,5,170,0.5,6/6/2026 9:09
53946,1,1,1. Junior User (1-6 Months),Mobile Phone,3,23,Debit Card,female,4,4,Fashion,5,Single,4,1,21,1,2,-1,211,0.5,6/6/2026 9:09
53947,0,12,2. Mid-Loyal (7-12 Months),Computer,1,9,Credit Card,female,4,5,Mobile Phone,4,Married,6,0,15,1,2,6,150,0.5,6/6/2026 9:09
53948,1,1,1. Junior User (1-6 Months),Mobile Phone,3,23,E wallet,male,4,4,Fashion,3,Married,4,0,14,2,2,1,207,1,6/6/2026 9:09
53949,0,3,1. Junior User (1-6 Months),Mobile Phone,1,11,Cash on Delivery,female,4,5,Mobile Phone,5,Married,3,0,14,1,2,1,146,0.5,6/6/2026 9:09
53950,0,1,1. Junior User (1-6 Months),Mobile Phone,1,23,Debit Card,male,3,2,Laptop & Accessory,3,Married,5,0,17,2,2,8,178,1,6/6/2026 9:09
53951,0,6,1. Junior User (1-6 Months),Computer,1,12,Cash on Delivery,male,4,4,Mobile Phone,4,Single,4,0,15,2,2,8,152,1,6/6/2026 9:09
53952,0,12,2. Mid-Loyal (7-12 Months),Mobile Phone,1,25,Credit Card,male,3,6,Laptop & Accessory,1,Married,5,1,17,1,2,1,183,0.5,6/6/2026 9:09
53953,1,7,2. Mid-Loyal (7-12 Months),Computer,1,24,Cash on Delivery,male,3,5,Mobile Phone,3,Married,11,1,17,2,2,1,149,1,6/6/2026 9:09
53954,0,16,3. Core Loyal (>1 Year),Mobile Phone,1,19,Credit Card,male,3,4,Mobile Phone,4,Married,10,0,23,2,2,5,153,1,6/6/2026 9:09
53955,0,29,3. Core Loyal (>1 Year),Mobile Phone,1,9,Credit Card,male,3,5,Others,5,Married,10,0,0,1,2,1,315,0.5,6/6/2026 9:09
53956,0,7,2. Mid-Loyal (7-12 Months),Computer,1,11,Cash on Delivery,male,3,4,Laptop & Accessory,4,Married,7,0,16,1,2,8,156,0.5,6/6/2026 9:09
53957,0,15,3. Core Loyal (>1 Year),Mobile Phone,1,16,Debit Card,male,4,4,Mobile Phone,5,Married,3,0,21,2,2,5,148,1,6/6/2026 9:09
53958,0,8,2. Mid-Loyal (7-12 Months),Computer,3,17,Debit Card,male,3,4,Laptop & Accessory,3,Married,3,1,15,2,2,8,165,1,6/6/2026 9:09
53959,0,27,3. Core Loyal (>1 Year),Computer,1,7,Credit Card,female,3,5,Grocery,3,Married,6,1,21,1,0,3,255,0,6/6/2026 9:09
53960,0,17,3. Core Loyal (>1 Year),Mobile Phone,2,9,Debit Card,male,4,4,Mobile Phone,1,Single,2,0,14,1,2,9,160,0.5,6/6/2026 9:09
53961,0,8,2. Mid-Loyal (7-12 Months),Mobile Phone,3,10,Debit Card,female,3,6,Laptop & Accessory,1,Single,7,0,13,2,3,3,185,0.67,6/6/2026 9:09
53962,1,1,1. Junior User (1-6 Months),Mobile Phone,3,14,E wallet,male,3,4,Mobile Phone,4,Single,3,0,14,2,2,1,152,1,6/6/2026 9:09
53963,0,12,2. Mid-Loyal (7-12 Months),Mobile Phone,1,13,UPI,female,3,5,Mobile Phone,3,Married,3,0,12,1,2,5,162,0.5,6/6/2026 9:09
53964,1,1,1. Junior User (1-6 Months),Mobile Phone,1,15,Credit Card,female,4,4,Mobile Phone,5,Married,3,1,18,1,2,1,149,0.5,6/6/2026 9:09
53965,0,5,1. Junior User (1-6 Months),Mobile Phone,3,36,E wallet,female,4,5,Laptop & Accessory,1,Married,3,0,15,3,6,8,180,0.5,6/6/2026 9:09
53966,0,25,3. Core Loyal (>1 Year),Mobile Phone,1,10,Cash on Delivery,female,3,4,Fashion,3,Married,4,0,12,3,0,3,256,0,6/6/2026 9:09
53967,0,11,2. Mid-Loyal (7-12 Months),Mobile Phone,3,16,E wallet,male,3,5,Laptop & Accessory,4,Married,3,0,15,1,2,4,167,0.5,6/6/2026 9:09
53968,0,20,3. Core Loyal (>1 Year),Mobile Phone,1,9,Credit Card,male,3,4,Others,1,Married,9,1,0,2,3,3,318,0.67,6/6/2026 9:09
53969,0,10,2. Mid-Loyal (7-12 Months),Mobile Phone,1,17,Debit Card,male,3,4,Fashion,5,Married,9,1,14,2,6,8,208,0.33,6/6/2026 9:09
53970,1,8,2. Mid-Loyal (7-12 Months),Computer,1,7,Credit Card,male,3,4,Mobile Phone,4,Married,3,1,13,2,3,4,148,0.67,6/6/2026 9:09
53971,0,11,2. Mid-Loyal (7-12 Months),Mobile Phone,2,15,UPI,male,3,4,Laptop & Accessory,4,Married,4,0,14,5,5,8,166,1,6/6/2026 9:09
53972,1,1,1. Junior User (1-6 Months),Mobile Phone,3,34,Debit Card,male,3,4,Laptop & Accessory,1,Single,3,1,19,1,8,8,183,0.13,6/6/2026 9:09
53973,0,7,2. Mid-Loyal (7-12 Months),Mobile Phone,1,15,Debit Card,male,3,2,Mobile Phone,5,Married,8,0,20,7,8,7,156,0.88,6/6/2026 9:09
53974,0,2,1. Junior User (1-6 Months),Mobile Phone,1,7,Debit Card,male,3,4,Mobile Phone,1,Married,3,0,12,1,2,4,145,0.5,6/6/2026 9:09
53975,0,13,3. Core Loyal (>1 Year),Mobile Phone,1,17,Credit Card,male,4,4,Fashion,3,Single,9,0,22,3,0,3,260,0,6/6/2026 9:09
53976,0,20,3. Core Loyal (>1 Year),Computer,3,33,Debit Card,male,4,5,Laptop & Accessory,4,Single,10,0,16,3,3,3,205,1,6/6/2026 9:09
53977,0,14,3. Core Loyal (>1 Year),Mobile Phone,1,9,Debit Card,female,3,4,Mobile Phone,5,Married,6,0,18,2,2,3,159,1,6/6/2026 9:09
53978,0,16,3. Core Loyal (>1 Year),Mobile Phone,1,20,Credit Card,male,4,2,Laptop & Accessory,5,Married,7,0,19,2,2,1,180,1,6/6/2026 9:09
53979,0,9,2. Mid-Loyal (7-12 Months),Computer,1,9,Credit Card,male,3,4,Laptop & Accessory,1,Married,4,0,15,1,2,8,183,0.5,6/6/2026 9:09
53980,0,12,2. Mid-Loyal (7-12 Months),Computer,2,9,UPI,male,4,4,Mobile Phone,4,Married,7,0,14,4,4,9,151,1,6/6/2026 9:09
53981,1,1,1. Junior User (1-6 Months),Computer,1,16,Debit Card,male,4,4,Laptop & Accessory,5,Married,6,0,18,1,2,8,178,0.5,6/6/2026 9:09
53982,1,1,1. Junior User (1-6 Months),Mobile Phone,1,17,Credit Card,male,3,4,Laptop & Accessory,5,Single,3,0,16,1,2,9,167,0.5,6/6/2026 9:09
53983,0,13,3. Core Loyal (>1 Year),Computer,3,27,Debit Card,male,3,4,Laptop & Accessory,1,Married,4,0,19,2,3,3,166,0.67,6/6/2026 9:09
53984,0,17,3. Core Loyal (>1 Year),Computer,1,16,Debit Card,male,3,4,Mobile Phone,3,Single,6,0,14,1,2,3,149,0.5,6/6/2026 9:09
53985,0,15,3. Core Loyal (>1 Year),Mobile Phone,1,12,Debit Card,male,3,2,Laptop & Accessory,4,Single,5,0,13,2,2,3,194,1,6/6/2026 9:09
53986,0,15,3. Core Loyal (>1 Year),Mobile Phone,3,11,E wallet,female,3,4,Fashion,3,Married,2,1,14,1,14,-1,229,0.07,6/6/2026 9:09
53987,0,4,1. Junior User (1-6 Months),Mobile Phone,1,17,Credit Card,female,4,4,Fashion,3,Single,11,0,15,1,2,-1,222,0.5,6/6/2026 9:09
53988,1,1,1. Junior User (1-6 Months),Mobile Phone,2,27,Credit Card,female,4,4,Mobile Phone,4,Married,2,1,12,1,2,5,146,0.5,6/6/2026 9:09
53989,1,10,2. Mid-Loyal (7-12 Months),Mobile Phone,1,28,Credit Card,female,4,4,Laptop & Accessory,4,Married,6,0,23,2,4,-1,214,0.5,6/6/2026 9:09
53990,0,14,3. Core Loyal (>1 Year),Mobile Phone,1,7,Debit Card,female,3,4,Laptop & Accessory,1,Married,6,0,18,1,2,4,190,0.5,6/6/2026 9:09
53991,0,8,2. Mid-Loyal (7-12 Months),Mobile Phone,3,15,Cash on Delivery,male,4,2,Laptop & Accessory,3,Married,3,0,22,1,5,9,193,0.2,6/6/2026 9:09
53992,0,31,3. Core Loyal (>1 Year),Computer,3,9,Credit Card,male,3,4,Grocery,4,Married,6,0,23,11,15,15,25,0.73,6/6/2026 9:09
53993,0,9,2. Mid-Loyal (7-12 Months),Mobile Phone,1,30,Credit Card,male,4,6,Mobile Phone,3,Married,2,0,17,2,2,4,152,1,6/6/2026 9:09
53994,0,21,3. Core Loyal (>1 Year),Mobile Phone,1,11,Debit Card,female,4,5,Fashion,4,Married,10,1,13,3,15,-1,228,0.2,6/6/2026 9:09
53995,0,14,3. Core Loyal (>1 Year),Mobile Phone,1,19,Debit Card,female,3,4,Laptop & Accessory,5,Married,4,0,13,8,8,8,169,1,6/6/2026 9:09
53996,0,28,3. Core Loyal (>1 Year),Mobile Phone,1,14,Credit Card,female,4,4,Laptop & Accessory,1,Married,6,0,16,2,2,8,194,1,6/6/2026 9:09
53997,0,5,1. Junior User (1-6 Months),Computer,3,14,E wallet,female,4,4,Fashion,5,Married,4,0,15,3,3,-1,221,1,6/6/2026 9:09
53998,0,2,1. Junior User (1-6 Months),Mobile Phone,1,7,Credit Card,female,4,4,Mobile Phone,5,Married,3,0,26,2,2,3,161,1,6/6/2026 9:09
53999,0,12,2. Mid-Loyal (7-12 Months),Mobile Phone,3,9,E wallet,female,4,6,Laptop & Accessory,1,Married,4,1,21,1,2,4,179,0.5,6/6/2026 9:09
54000,0,1,1. Junior User (1-6 Months),Mobile Phone,3,17,Credit Card,male,3,4,Laptop & Accessory,1,Single,3,0,14,1,2,3,172,0.5,6/6/2026 9:09
54001,0,31,3. Core Loyal (>1 Year),Computer,1,22,Debit Card,male,3,4,Grocery,3,Married,4,1,15,0,3,3,283,0,6/6/2026 9:09
54002,0,1,1. Junior User (1-6 Months),Computer,1,21,Credit Card,female,3,4,Mobile Phone,3,Single,3,0,17,2,2,1,140,1,6/6/2026 9:09
54003,1,1,1. Junior User (1-6 Months),Mobile Phone,2,25,UPI,male,3,2,Mobile Phone,5,Married,2,0,18,2,2,1,155,1,6/6/2026 9:09
54004,1,1,1. Junior User (1-6 Months),Mobile Phone,2,20,UPI,male,3,5,Mobile Phone,5,Married,6,1,16,2,3,1,148,0.67,6/6/2026 9:09
54005,0,19,3. Core Loyal (>1 Year),Computer,3,9,Debit Card,female,4,4,Laptop & Accessory,3,Married,6,0,23,4,6,8,177,0.67,6/6/2026 9:09
54006,0,10,2. Mid-Loyal (7-12 Months),Mobile Phone,1,9,UPI,female,4,4,Laptop & Accessory,4,Married,6,1,23,1,2,1,195,0.5,6/6/2026 9:09
54007,0,17,3. Core Loyal (>1 Year),Computer,3,9,Debit Card,male,4,4,Laptop & Accessory,1,Married,3,0,21,6,8,8,182,0.75,6/6/2026 9:09
54008,0,1,1. Junior User (1-6 Months),Computer,1,12,Debit Card,female,3,4,Mobile Phone,1,Single,2,1,15,2,2,3,149,1,6/6/2026 9:09
54009,0,3,1. Junior User (1-6 Months),Computer,1,27,Credit Card,male,3,4,Mobile Phone,1,Married,3,0,14,2,4,11,163,0.5,6/6/2026 9:09
54010,0,6,1. Junior User (1-6 Months),Computer,3,17,E wallet,male,4,4,Laptop & Accessory,1,Single,10,0,14,2,2,1,171,1,6/6/2026 9:09
54011,0,16,3. Core Loyal (>1 Year),Computer,1,17,Cash on Delivery,male,3,4,Mobile Phone,3,Married,5,0,23,2,4,4,154,0.5,6/6/2026 9:09
54012,0,21,3. Core Loyal (>1 Year),Mobile Phone,1,16,Debit Card,female,4,4,Mobile Phone,3,Single,6,0,13,2,3,1,146,0.67,6/6/2026 9:09
54013,0,20,3. Core Loyal (>1 Year),Mobile Phone,1,9,Debit Card,male,3,4,Fashion,1,Married,5,0,15,2,5,-1,211,0.4,6/6/2026 9:09
54014,0,2,1. Junior User (1-6 Months),Computer,2,7,Debit Card,male,3,4,Mobile Phone,1,Married,3,0,16,1,3,3,152,0.33,6/6/2026 9:09
54015,0,3,1. Junior User (1-6 Months),Mobile Phone,1,36,Debit Card,male,4,6,Laptop & Accessory,3,Married,10,0,18,2,2,7,189,1,6/6/2026 9:09
54016,0,16,3. Core Loyal (>1 Year),Mobile Phone,1,15,Debit Card,male,3,4,Mobile Phone,3,Single,6,0,14,2,2,1,165,1,6/6/2026 9:09
54017,1,1,1. Junior User (1-6 Months),Mobile Phone,3,9,E wallet,male,3,5,Laptop & Accessory,4,Single,9,1,13,3,3,-1,224,1,6/6/2026 9:09
54018,0,20,3. Core Loyal (>1 Year),Mobile Phone,3,10,Cash on Delivery,female,3,2,Grocery,5,Married,4,0,13,2,0,9,257,0,6/6/2026 9:09
54019,0,1,1. Junior User (1-6 Months),Mobile Phone,3,30,Credit Card,female,3,5,Laptop & Accessory,3,Married,3,0,22,5,6,9,160,0.83,6/6/2026 9:09
54020,0,3,1. Junior User (1-6 Months),Mobile Phone,2,13,Credit Card,male,3,5,Mobile Phone,4,Married,3,0,12,2,2,1,153,1,6/6/2026 9:09
54021,0,17,3. Core Loyal (>1 Year),Mobile Phone,1,13,Credit Card,female,3,5,Others,3,Married,9,0,0,4,7,15,319,0.57,6/6/2026 9:09
54022,0,22,3. Core Loyal (>1 Year),Mobile Phone,1,17,Debit Card,male,4,5,Others,4,Married,6,0,0,4,13,10,322,0.31,6/6/2026 9:09
54023,1,1,1. Junior User (1-6 Months),Computer,1,31,Debit Card,male,4,5,Mobile Phone,1,Single,3,1,25,2,2,1,149,1,6/6/2026 9:09
54024,1,10,2. Mid-Loyal (7-12 Months),Mobile Phone,3,17,Debit Card,female,4,4,Fashion,4,Married,7,0,22,1,2,8,198,0.5,6/6/2026 9:09
54025,0,1,1. Junior User (1-6 Months),Computer,1,22,Debit Card,female,4,5,Mobile Phone,5,Married,2,0,20,8,8,4,173,1,6/6/2026 9:09
54026,0,13,3. Core Loyal (>1 Year),Mobile Phone,1,26,UPI,male,3,4,Laptop & Accessory,1,Married,10,0,15,2,3,3,164,0.67,6/6/2026 9:09
54027,0,29,3. Core Loyal (>1 Year),Mobile Phone,1,9,Cash on Delivery,male,4,5,Mobile Phone,1,Married,10,0,21,1,2,5,152,0.5,6/6/2026 9:09
54028,0,2,1. Junior User (1-6 Months),Mobile Phone,3,10,Credit Card,female,4,4,Mobile Phone,4,Married,3,0,20,2,2,1,154,1,6/6/2026 9:09
54029,1,1,1. Junior User (1-6 Months),Mobile Phone,3,16,Credit Card,male,3,4,Mobile Phone,1,Single,3,0,14,1,2,1,136,0.5,6/6/2026 9:09
54030,1,1,1. Junior User (1-6 Months),Mobile Phone,1,14,Debit Card,male,4,4,Mobile Phone,4,Single,3,1,24,2,2,1,150,1,6/6/2026 9:09
54031,0,10,2. Mid-Loyal (7-12 Months),Mobile Phone,3,17,Cash on Delivery,female,4,5,Laptop & Accessory,3,Married,3,1,14,2,2,8,182,1,6/6/2026 9:09
54032,0,5,1. Junior User (1-6 Months),Mobile Phone,1,27,Debit Card,male,3,4,Laptop & Accessory,3,Married,3,0,12,1,2,3,167,0.5,6/6/2026 9:09
54033,0,8,2. Mid-Loyal (7-12 Months),Mobile Phone,3,11,Debit Card,male,4,4,Fashion,1,Married,4,1,14,1,2,-1,222,0.5,6/6/2026 9:09
54034,0,3,1. Junior User (1-6 Months),Mobile Phone,1,14,Debit Card,male,3,4,Mobile Phone,5,Single,5,0,15,1,2,3,146,0.5,6/6/2026 9:09
54035,0,11,2. Mid-Loyal (7-12 Months),Mobile Phone,1,14,Credit Card,male,4,4,Laptop & Accessory,5,Married,7,1,23,1,2,5,168,0.5,6/6/2026 9:09
54036,0,9,2. Mid-Loyal (7-12 Months),Mobile Phone,1,23,UPI,female,3,5,Laptop & Accessory,4,Married,2,1,12,2,2,3,173,1,6/6/2026 9:09
54037,0,19,3. Core Loyal (>1 Year),Mobile Phone,1,32,Debit Card,female,4,5,Laptop & Accessory,1,Married,2,0,14,1,4,9,184,0.25,6/6/2026 9:09
54038,0,10,2. Mid-Loyal (7-12 Months),Computer,2,9,UPI,male,4,5,Laptop & Accessory,1,Single,3,0,22,2,2,9,164,1,6/6/2026 9:09
54039,0,14,3. Core Loyal (>1 Year),Mobile Phone,1,7,Debit Card,male,4,4,Grocery,5,Married,4,0,0,10,12,17,293,0.83,6/6/2026 9:09
54040,0,1,1. Junior User (1-6 Months),Mobile Phone,1,7,Debit Card,female,3,5,Mobile Phone,3,Married,3,1,14,1,2,1,154,0.5,6/6/2026 9:09
54041,0,1,1. Junior User (1-6 Months),Mobile Phone,3,9,Credit Card,female,3,2,Laptop & Accessory,3,Single,2,0,15,1,2,8,190,0.5,6/6/2026 9:09
54042,0,22,3. Core Loyal (>1 Year),Computer,1,29,Credit Card,female,3,4,Grocery,1,Married,5,0,0,1,5,8,297,0.2,6/6/2026 9:09
54043,0,18,3. Core Loyal (>1 Year),Mobile Phone,1,7,Debit Card,male,4,2,Laptop & Accessory,5,Married,4,0,16,3,3,3,175,1,6/6/2026 9:09
54044,1,1,1. Junior User (1-6 Months),Computer,1,23,Cash on Delivery,male,3,6,Mobile Phone,5,Married,3,1,24,4,4,1,148,1,6/6/2026 9:09
54045,1,20,3. Core Loyal (>1 Year),Mobile Phone,1,31,Debit Card,male,4,4,Mobile Phone,1,Single,3,0,17,1,2,1,151,0.5,6/6/2026 9:09
54046,0,10,2. Mid-Loyal (7-12 Months),Mobile Phone,3,24,E wallet,male,3,5,Laptop & Accessory,4,Married,4,0,17,2,2,4,180,1,6/6/2026 9:09
54047,0,15,3. Core Loyal (>1 Year),Mobile Phone,3,15,E wallet,female,3,4,Laptop & Accessory,4,Married,7,0,22,2,2,5,169,1,6/6/2026 9:09
54048,0,16,3. Core Loyal (>1 Year),Mobile Phone,1,13,Credit Card,male,3,4,Fashion,5,Married,11,0,14,4,0,8,258,0,6/6/2026 9:09
54049,0,5,1. Junior User (1-6 Months),Mobile Phone,3,17,Credit Card,female,3,4,Laptop & Accessory,1,Married,4,1,12,1,2,5,191,0.5,6/6/2026 9:09
54050,0,8,2. Mid-Loyal (7-12 Months),Mobile Phone,3,10,Credit Card,female,4,5,Laptop & Accessory,1,Married,5,1,13,1,2,2,206,0.5,6/6/2026 9:09
54051,0,5,1. Junior User (1-6 Months),Mobile Phone,1,11,Credit Card,female,4,2,Mobile Phone,3,Married,10,0,13,3,3,3,165,1,6/6/2026 9:09
54052,0,1,1. Junior User (1-6 Months),Computer,1,13,UPI,male,4,2,Mobile Phone,1,Married,2,0,19,3,8,8,150,0.38,6/6/2026 9:09
54053,0,19,3. Core Loyal (>1 Year),Computer,1,7,Credit Card,male,3,4,Laptop & Accessory,3,Single,6,0,13,2,2,4,179,1,6/6/2026 9:09
54054,0,7,2. Mid-Loyal (7-12 Months),Mobile Phone,3,17,E wallet,male,3,4,Laptop & Accessory,3,Single,3,0,15,1,2,10,180,0.5,6/6/2026 9:09
54055,0,2,1. Junior User (1-6 Months),Computer,3,7,Debit Card,male,3,5,Laptop & Accessory,1,Married,3,1,13,1,2,8,193,0.5,6/6/2026 9:09
54056,1,1,1. Junior User (1-6 Months),Computer,3,31,Cash on Delivery,male,3,2,Mobile Phone,5,Single,3,0,18,2,2,1,136,1,6/6/2026 9:09
54057,0,13,3. Core Loyal (>1 Year),Computer,3,28,Debit Card,female,3,6,Laptop & Accessory,3,Married,8,0,20,1,2,3,182,0.5,6/6/2026 9:09
54058,0,1,1. Junior User (1-6 Months),Mobile Phone,1,9,Cash on Delivery,male,3,4,Mobile Phone,4,Married,3,0,12,2,2,3,147,1,6/6/2026 9:09
54059,0,8,2. Mid-Loyal (7-12 Months),Computer,1,29,UPI,male,3,5,Laptop & Accessory,1,Married,3,1,16,4,7,12,182,0.57,6/6/2026 9:09
54060,1,1,1. Junior User (1-6 Months),Mobile Phone,3,20,E wallet,female,3,4,Laptop & Accessory,3,Single,5,1,12,3,3,-1,224,1,6/6/2026 9:09
54061,0,21,3. Core Loyal (>1 Year),Computer,1,21,Cash on Delivery,male,4,4,Laptop & Accessory,4,Married,10,0,19,1,2,8,180,0.5,6/6/2026 9:09
54062,0,30,3. Core Loyal (>1 Year),Mobile Phone,3,18,E wallet,female,3,5,Laptop & Accessory,5,Married,6,0,17,1,2,1,179,0.5,6/6/2026 9:09
54063,0,13,3. Core Loyal (>1 Year),Mobile Phone,1,16,Credit Card,male,3,4,Laptop & Accessory,5,Married,3,0,26,5,8,10,177,0.63,6/6/2026 9:09
54064,0,12,2. Mid-Loyal (7-12 Months),Computer,1,15,Credit Card,female,3,5,Laptop & Accessory,4,Married,3,1,17,2,2,8,146,1,6/6/2026 9:09
54065,0,31,3. Core Loyal (>1 Year),Mobile Phone,3,28,Debit Card,female,4,4,Grocery,1,Married,6,1,0,2,2,1,304,1,6/6/2026 9:09
54066,1,1,1. Junior User (1-6 Months),Computer,1,12,Debit Card,female,3,2,Mobile Phone,3,Single,5,1,15,1,2,4,149,0.5,6/6/2026 9:09
54067,0,12,2. Mid-Loyal (7-12 Months),Mobile Phone,1,16,Debit Card,male,4,4,Mobile Phone,1,Married,4,0,20,2,2,4,173,1,6/6/2026 9:09
54068,0,23,3. Core Loyal (>1 Year),Computer,1,9,Debit Card,male,3,4,Others,1,Married,5,0,0,3,5,4,317,0.6,6/6/2026 9:09
54069,0,16,3. Core Loyal (>1 Year),Mobile Phone,3,19,E wallet,male,4,4,Laptop & Accessory,1,Married,5,1,13,1,2,1,176,0.5,6/6/2026 9:09
54070,1,1,1. Junior User (1-6 Months),Computer,2,29,UPI,female,3,5,Mobile Phone,4,Married,3,0,13,2,2,1,154,1,6/6/2026 9:09
54071,0,9,2. Mid-Loyal (7-12 Months),Mobile Phone,3,25,Credit Card,male,4,4,Laptop & Accessory,5,Married,2,0,17,1,2,5,25,0.5,6/6/2026 9:09
54072,0,2,1. Junior User (1-6 Months),Computer,1,23,Credit Card,male,3,4,Mobile Phone,3,Single,3,0,15,1,2,5,146,0.5,6/6/2026 9:09
54073,0,5,1. Junior User (1-6 Months),Computer,1,10,Credit Card,male,3,4,Mobile Phone,5,Married,3,1,14,1,3,4,156,0.33,6/6/2026 9:09
54074,0,10,2. Mid-Loyal (7-12 Months),Computer,1,16,Debit Card,male,4,2,Mobile Phone,4,Married,3,0,23,2,2,3,153,1,6/6/2026 9:09
54075,0,8,2. Mid-Loyal (7-12 Months),Mobile Phone,3,7,E wallet,male,3,4,Fashion,1,Single,3,0,22,2,3,-1,224,0.67,6/6/2026 9:09
54076,0,8,2. Mid-Loyal (7-12 Months),Mobile Phone,3,20,Credit Card,male,3,4,Fashion,3,Married,3,0,19,2,2,-1,211,1,6/6/2026 9:09
54077,0,1,1. Junior User (1-6 Months),Mobile Phone,1,7,Credit Card,male,4,4,Mobile Phone,5,Single,2,0,14,4,8,7,154,0.5,6/6/2026 9:09
54078,0,3,1. Junior User (1-6 Months),Mobile Phone,1,7,Debit Card,male,3,4,Laptop & Accessory,5,Married,2,0,13,2,2,3,179,1,6/6/2026 9:09
54079,0,6,1. Junior User (1-6 Months),Computer,1,22,Credit Card,female,3,4,Laptop & Accessory,1,Married,7,0,19,1,2,3,192,0.5,6/6/2026 9:09
54080,0,5,1. Junior User (1-6 Months),Computer,1,7,Debit Card,male,3,6,Laptop & Accessory,5,Married,3,0,22,2,9,8,175,0.22,6/6/2026 9:09
54081,1,1,1. Junior User (1-6 Months),Mobile Phone,1,24,Cash on Delivery,male,3,5,Mobile Phone,1,Married,7,0,13,1,2,4,149,0.5,6/6/2026 9:09
54082,0,12,2. Mid-Loyal (7-12 Months),Mobile Phone,3,7,Debit Card,male,3,5,Mobile Phone,5,Single,6,0,15,1,2,1,154,0.5,6/6/2026 9:09
54083,0,9,2. Mid-Loyal (7-12 Months),Mobile Phone,3,14,Debit Card,female,3,4,Laptop & Accessory,1,Married,3,1,12,2,2,10,177,1,6/6/2026 9:09
54084,0,1,1. Junior User (1-6 Months),Mobile Phone,3,16,E wallet,male,3,4,Laptop & Accessory,1,Single,3,0,15,1,2,8,166,0.5,6/6/2026 9:09
54085,0,6,1. Junior User (1-6 Months),Mobile Phone,1,12,Debit Card,male,3,5,Laptop & Accessory,1,Single,10,0,25,1,2,-1,222,0.5,6/6/2026 9:09
54086,1,1,1. Junior User (1-6 Months),Computer,3,33,E wallet,male,4,4,Laptop & Accessory,1,Married,3,1,12,1,2,9,181,0.5,6/6/2026 9:09
54087,1,17,3. Core Loyal (>1 Year),Mobile Phone,3,31,Debit Card,male,4,4,Fashion,5,Single,8,1,14,3,3,-1,229,1,6/6/2026 9:09
54088,0,28,3. Core Loyal (>1 Year),Mobile Phone,1,16,Debit Card,female,4,4,Laptop & Accessory,3,Married,5,0,12,1,3,4,154,0.33,6/6/2026 9:09
54089,0,7,2. Mid-Loyal (7-12 Months),Computer,1,14,Debit Card,male,3,4,Laptop & Accessory,3,Married,3,0,21,3,3,9,185,1,6/6/2026 9:09
54090,0,17,3. Core Loyal (>1 Year),Mobile Phone,1,18,Debit Card,male,2,4,Fashion,3,Married,3,0,18,2,2,10,200,1,6/6/2026 9:09
54091,0,12,2. Mid-Loyal (7-12 Months),Computer,2,7,UPI,male,3,4,Mobile Phone,4,Married,2,1,12,2,2,3,155,1,6/6/2026 9:09
54092,0,29,3. Core Loyal (>1 Year),Mobile Phone,2,33,UPI,male,4,2,Others,4,Married,6,1,0,2,2,5,321,1,6/6/2026 9:09
54093,0,5,1. Junior User (1-6 Months),Mobile Phone,1,9,Credit Card,female,3,6,Mobile Phone,1,Married,3,1,12,2,2,1,136,1,6/6/2026 9:09
54094,0,13,3. Core Loyal (>1 Year),Mobile Phone,3,22,E wallet,male,4,4,Grocery,5,Single,2,0,13,5,0,11,258,0,6/6/2026 9:09
54095,0,16,3. Core Loyal (>1 Year),Computer,1,30,Debit Card,male,3,5,Laptop & Accessory,3,Single,3,0,13,3,4,8,168,0.75,6/6/2026 9:09
54096,0,5,1. Junior User (1-6 Months),Computer,1,17,Credit Card,female,3,4,Fashion,3,Married,6,0,21,4,0,9,235,0,6/6/2026 9:09
54097,0,28,3. Core Loyal (>1 Year),Mobile Phone,1,17,Credit Card,female,4,4,Laptop & Accessory,5,Single,8,1,20,1,2,5,169,0.5,6/6/2026 9:09
54098,0,1,1. Junior User (1-6 Months),Mobile Phone,1,7,Debit Card,male,3,5,Laptop & Accessory,3,Single,3,0,13,2,2,3,171,1,6/6/2026 9:09
54099,0,1,1. Junior User (1-6 Months),Mobile Phone,1,19,UPI,male,4,4,Mobile Phone,1,Single,3,0,14,2,2,5,151,1,6/6/2026 9:09
54100,0,14,3. Core Loyal (>1 Year),Computer,1,18,Cash on Delivery,female,4,4,Laptop & Accessory,3,Married,3,0,12,3,10,5,188,0.3,6/6/2026 9:09
54101,0,14,3. Core Loyal (>1 Year),Mobile Phone,3,9,E wallet,female,4,4,Laptop & Accessory,4,Married,5,0,15,2,6,11,182,0.33,6/6/2026 9:09
54102,0,1,1. Junior User (1-6 Months),Mobile Phone,2,9,UPI,female,3,4,Mobile Phone,4,Married,6,0,15,1,2,3,147,0.5,6/6/2026 9:09
54103,0,4,1. Junior User (1-6 Months),Mobile Phone,1,7,Credit Card,male,4,4,Mobile Phone,4,Married,3,0,14,1,2,8,162,0.5,6/6/2026 9:09
54104,0,1,1. Junior User (1-6 Months),Mobile Phone,1,9,UPI,male,3,4,Mobile Phone,3,Married,8,1,20,1,2,3,165,0.5,6/6/2026 9:09
54105,0,21,3. Core Loyal (>1 Year),Mobile Phone,1,32,Credit Card,male,3,4,Fashion,3,Single,4,0,24,2,13,-1,211,0.15,6/6/2026 9:09
54106,0,7,2. Mid-Loyal (7-12 Months),Computer,1,7,Credit Card,male,3,5,Mobile Phone,3,Married,3,0,13,1,2,1,145,0.5,6/6/2026 9:09
54107,0,12,2. Mid-Loyal (7-12 Months),Mobile Phone,3,7,Debit Card,male,3,4,Laptop & Accessory,4,Married,2,0,16,5,6,9,169,0.83,6/6/2026 9:09
54108,0,5,1. Junior User (1-6 Months),Mobile Phone,3,9,Debit Card,male,3,4,Mobile Phone,3,Married,2,0,20,2,2,3,156,1,6/6/2026 9:09
54109,0,12,2. Mid-Loyal (7-12 Months),Computer,1,13,Debit Card,male,4,5,Laptop & Accessory,3,Married,4,0,12,3,8,8,178,0.38,6/6/2026 9:09
54110,0,16,3. Core Loyal (>1 Year),Mobile Phone,1,25,Debit Card,male,3,4,Laptop & Accessory,5,Married,8,1,18,1,2,3,179,0.5,6/6/2026 9:09
54111,0,15,3. Core Loyal (>1 Year),Mobile Phone,1,7,Debit Card,male,4,4,Mobile Phone,1,Married,5,0,23,1,2,1,153,0.5,6/6/2026 9:09
54112,0,21,3. Core Loyal (>1 Year),Computer,1,7,Credit Card,female,4,4,Fashion,4,Married,2,0,19,1,0,13,245,0,6/6/2026 9:09
54113,0,9,2. Mid-Loyal (7-12 Months),Mobile Phone,1,18,Credit Card,male,3,4,Mobile Phone,3,Married,9,1,12,1,3,3,152,0.33,6/6/2026 9:09
54114,0,1,1. Junior User (1-6 Months),Mobile Phone,1,7,Debit Card,male,4,4,Mobile Phone,3,Single,2,0,13,1,2,3,159,0.5,6/6/2026 9:09
54115,0,9,2. Mid-Loyal (7-12 Months),Mobile Phone,1,16,Credit Card,male,3,4,Laptop & Accessory,3,Single,3,0,20,1,2,9,176,0.5,6/6/2026 9:09
54116,0,7,2. Mid-Loyal (7-12 Months),Mobile Phone,1,22,Credit Card,female,4,4,Laptop & Accessory,1,Married,2,1,14,6,9,2,37,0.67,6/6/2026 9:09
54117,0,6,1. Junior User (1-6 Months),Mobile Phone,1,36,Debit Card,female,3,5,Mobile Phone,4,Single,3,0,14,4,5,2,153,0.8,6/6/2026 9:09
54118,0,14,3. Core Loyal (>1 Year),Mobile Phone,1,7,Debit Card,male,3,4,Mobile Phone,1,Married,10,0,20,1,2,1,149,0.5,6/6/2026 9:09
54119,0,6,1. Junior User (1-6 Months),Mobile Phone,3,7,Credit Card,male,4,5,Mobile Phone,4,Married,2,0,15,1,3,3,148,0.33,6/6/2026 9:09
54120,0,13,3. Core Loyal (>1 Year),Mobile Phone,1,31,Debit Card,male,3,4,Laptop & Accessory,1,Single,9,0,14,2,2,8,166,1,6/6/2026 9:09
54121,0,12,2. Mid-Loyal (7-12 Months),Mobile Phone,1,17,Credit Card,female,3,6,Fashion,3,Married,5,0,13,2,0,12,257,0,6/6/2026 9:09
54122,0,6,1. Junior User (1-6 Months),Mobile Phone,3,7,E wallet,female,3,4,Fashion,1,Married,3,0,20,4,6,-1,229,0.67,6/6/2026 9:09
54123,0,11,2. Mid-Loyal (7-12 Months),Mobile Phone,1,17,Debit Card,female,3,2,Fashion,1,Married,3,1,26,0,7,9,262,0,6/6/2026 9:09
54124,0,1,1. Junior User (1-6 Months),Mobile Phone,3,15,UPI,female,3,4,Laptop & Accessory,3,Married,2,1,23,2,2,5,174,1,6/6/2026 9:09
54125,0,26,3. Core Loyal (>1 Year),Computer,3,127,Debit Card,male,3,4,Mobile Phone,1,Married,4,0,16,2,2,1,160,1,6/6/2026 9:09
54126,0,18,3. Core Loyal (>1 Year),Mobile Phone,1,7,Credit Card,male,3,4,Mobile Phone,1,Single,8,1,13,1,2,3,149,0.5,6/6/2026 9:09
54127,0,1,1. Junior User (1-6 Months),Mobile Phone,3,12,Credit Card,male,3,4,Mobile Phone,5,Single,3,1,12,2,2,3,149,1,6/6/2026 9:09
54128,0,13,3. Core Loyal (>1 Year),Computer,1,16,Debit Card,male,3,4,Others,1,Single,4,0,0,1,2,4,319,0.5,6/6/2026 9:09
54129,1,1,1. Junior User (1-6 Months),Computer,3,16,E wallet,male,3,4,Mobile Phone,5,Married,3,0,20,2,2,1,143,1,6/6/2026 9:09
54130,0,10,2. Mid-Loyal (7-12 Months),Mobile Phone,3,10,Credit Card,female,4,5,Fashion,1,Married,2,0,20,4,4,5,201,1,6/6/2026 9:09
54131,0,10,2. Mid-Loyal (7-12 Months),Computer,1,11,Debit Card,female,4,4,Laptop & Accessory,4,Married,9,0,14,2,2,3,176,1,6/6/2026 9:09
54132,0,30,3. Core Loyal (>1 Year),Computer,1,7,Debit Card,male,3,4,Laptop & Accessory,3,Married,3,0,22,1,2,10,188,0.5,6/6/2026 9:09
54133,1,1,1. Junior User (1-6 Months),Mobile Phone,1,7,Credit Card,male,3,4,Mobile Phone,1,Married,11,1,15,3,3,3,173,1,6/6/2026 9:09
54134,0,16,3. Core Loyal (>1 Year),Mobile Phone,1,9,Debit Card,male,3,4,Others,3,Married,7,0,0,2,5,15,314,0.4,6/6/2026 9:09
54135,1,20,3. Core Loyal (>1 Year),Mobile Phone,1,14,Cash on Delivery,male,4,4,Mobile Phone,3,Married,10,0,12,7,10,9,148,0.7,6/6/2026 9:09
54136,0,15,3. Core Loyal (>1 Year),Mobile Phone,1,35,Debit Card,female,3,5,Grocery,4,Married,2,0,24,2,0,11,261,0,6/6/2026 9:09
54137,0,8,2. Mid-Loyal (7-12 Months),Mobile Phone,3,35,E wallet,female,4,5,Laptop & Accessory,3,Married,3,0,22,2,2,8,192,1,6/6/2026 9:09
54138,0,10,2. Mid-Loyal (7-12 Months),Computer,3,22,E wallet,male,3,6,Laptop & Accessory,1,Married,3,0,25,5,12,12,179,0.42,6/6/2026 9:09
54139,0,15,3. Core Loyal (>1 Year),Mobile Phone,3,10,Debit Card,male,3,5,Laptop & Accessory,4,Married,4,0,12,1,2,-1,214,0.5,6/6/2026 9:09
54140,0,6,1. Junior User (1-6 Months),Mobile Phone,1,9,Cash on Delivery,male,4,4,Mobile Phone,5,Single,3,0,15,2,2,3,149,1,6/6/2026 9:09
54141,0,9,2. Mid-Loyal (7-12 Months),Mobile Phone,2,33,Debit Card,female,3,4,Fashion,1,Single,3,1,17,2,2,-1,213,1,6/6/2026 9:09
54142,0,12,2. Mid-Loyal (7-12 Months),Mobile Phone,3,17,Debit Card,female,4,4,Laptop & Accessory,1,Married,3,0,12,1,2,10,178,0.5,6/6/2026 9:09
54143,1,14,3. Core Loyal (>1 Year),Computer,3,7,Debit Card,male,4,4,Laptop & Accessory,3,Married,9,0,13,2,2,2,192,1,6/6/2026 9:09
54144,0,10,2. Mid-Loyal (7-12 Months),Mobile Phone,3,18,E wallet,female,4,5,Laptop & Accessory,1,Married,6,0,14,2,2,1,192,1,6/6/2026 9:09
54145,0,19,3. Core Loyal (>1 Year),Mobile Phone,3,27,Debit Card,female,3,4,Laptop & Accessory,3,Single,10,0,16,2,2,2,174,1,6/6/2026 9:09
54146,0,14,3. Core Loyal (>1 Year),Mobile Phone,1,9,Debit Card,male,3,5,Mobile Phone,3,Single,4,0,15,1,3,3,153,0.33,6/6/2026 9:09
54147,0,9,2. Mid-Loyal (7-12 Months),Computer,1,25,Debit Card,male,4,4,Laptop & Accessory,3,Married,3,1,15,2,2,3,182,1,6/6/2026 9:09
54148,0,14,3. Core Loyal (>1 Year),Mobile Phone,1,9,Credit Card,female,4,4,Mobile Phone,3,Married,4,0,15,2,2,3,145,1,6/6/2026 9:09
54149,0,9,2. Mid-Loyal (7-12 Months),Mobile Phone,1,7,Debit Card,female,4,6,Mobile Phone,1,Married,3,0,13,1,2,2,155,0.5,6/6/2026 9:09
54150,0,3,1. Junior User (1-6 Months),Mobile Phone,1,20,UPI,male,3,5,Laptop & Accessory,4,Married,6,1,14,2,2,4,165,1,6/6/2026 9:09
54151,0,3,1. Junior User (1-6 Months),Mobile Phone,1,35,Credit Card,female,4,5,Mobile Phone,5,Single,3,0,15,1,2,5,163,0.5,6/6/2026 9:09
54152,1,14,3. Core Loyal (>1 Year),Mobile Phone,3,35,E wallet,male,3,5,Fashion,5,Married,6,1,14,1,0,1,234,0,6/6/2026 9:09
54153,0,13,3. Core Loyal (>1 Year),Mobile Phone,3,31,E wallet,female,3,5,Grocery,1,Married,2,0,12,2,0,7,245,0,6/6/2026 9:09
54154,0,5,1. Junior User (1-6 Months),Computer,1,12,Credit Card,male,4,4,Laptop & Accessory,5,Single,2,0,20,1,2,-1,224,0.5,6/6/2026 9:09
54155,0,1,1. Junior User (1-6 Months),Mobile Phone,3,12,UPI,female,2,5,Mobile Phone,3,Single,2,0,19,1,2,1,155,0.5,6/6/2026 9:09
54156,0,10,2. Mid-Loyal (7-12 Months),Computer,1,30,Credit Card,male,3,2,Laptop & Accessory,1,Married,6,0,18,1,2,4,151,0.5,6/6/2026 9:09
54157,0,13,3. Core Loyal (>1 Year),Mobile Phone,1,13,Credit Card,male,3,5,Fashion,5,Married,6,0,16,2,2,-1,225,1,6/6/2026 9:09
54158,0,1,1. Junior User (1-6 Months),Mobile Phone,1,11,Debit Card,male,3,2,Laptop & Accessory,4,Married,3,1,21,2,2,4,186,1,6/6/2026 9:09
54159,0,23,3. Core Loyal (>1 Year),Computer,3,9,Credit Card,male,4,5,Laptop & Accessory,4,Married,4,0,15,2,2,9,179,1,6/6/2026 9:09
54160,0,8,2. Mid-Loyal (7-12 Months),Mobile Phone,1,15,Credit Card,male,3,2,Laptop & Accessory,3,Married,4,0,13,1,2,3,169,0.5,6/6/2026 9:09
54161,1,5,1. Junior User (1-6 Months),Mobile Phone,3,7,Debit Card,female,4,4,Laptop & Accessory,1,Single,10,1,12,1,2,6,185,0.5,6/6/2026 9:09
54162,0,23,3. Core Loyal (>1 Year),Computer,1,15,Debit Card,male,4,5,Laptop & Accessory,4,Married,3,0,24,1,2,8,176,0.5,6/6/2026 9:09
54163,1,1,1. Junior User (1-6 Months),Mobile Phone,1,9,UPI,male,4,5,Mobile Phone,3,Single,8,1,16,1,2,1,146,0.5,6/6/2026 9:09
54164,0,7,2. Mid-Loyal (7-12 Months),Computer,1,10,Debit Card,female,3,4,Mobile Phone,3,Married,3,1,12,3,4,1,154,0.75,6/6/2026 9:09
54165,0,1,1. Junior User (1-6 Months),Mobile Phone,1,9,Credit Card,male,3,4,Mobile Phone,4,Married,11,0,13,2,3,3,160,0.67,6/6/2026 9:09
54166,0,6,1. Junior User (1-6 Months),Computer,1,9,Debit Card,male,4,4,Mobile Phone,1,Single,2,0,14,2,4,7,156,0.5,6/6/2026 9:09
54167,0,31,3. Core Loyal (>1 Year),Mobile Phone,1,10,Credit Card,female,3,2,Mobile Phone,5,Married,6,1,21,1,2,1,152,0.5,6/6/2026 9:09
54168,0,4,1. Junior User (1-6 Months),Mobile Phone,1,31,Debit Card,male,4,4,Mobile Phone,3,Married,3,0,23,2,2,1,152,1,6/6/2026 9:09
54169,0,12,2. Mid-Loyal (7-12 Months),Computer,1,30,Debit Card,male,3,5,Fashion,3,Single,2,0,22,2,2,-1,220,1,6/6/2026 9:09
54170,0,10,2. Mid-Loyal (7-12 Months),Mobile Phone,1,34,Credit Card,male,4,4,Laptop & Accessory,3,Married,8,0,14,1,8,8,177,0.13,6/6/2026 9:09
54171,0,9,2. Mid-Loyal (7-12 Months),Mobile Phone,1,23,Credit Card,male,3,2,Mobile Phone,4,Married,2,0,14,2,2,4,149,1,6/6/2026 9:09
54172,0,3,1. Junior User (1-6 Months),Mobile Phone,1,22,Debit Card,female,3,5,Laptop & Accessory,3,Single,2,1,13,2,2,9,167,1,6/6/2026 9:09
54173,0,5,1. Junior User (1-6 Months),Mobile Phone,1,33,Debit Card,male,3,4,Mobile Phone,3,Married,3,0,18,4,5,4,154,0.8,6/6/2026 9:09
54174,0,8,2. Mid-Loyal (7-12 Months),Mobile Phone,1,26,Credit Card,male,4,4,Mobile Phone,1,Married,2,0,12,1,2,3,152,0.5,6/6/2026 9:09
54175,1,1,1. Junior User (1-6 Months),Mobile Phone,1,31,Debit Card,male,3,5,Mobile Phone,3,Single,7,1,15,1,2,4,145,0.5,6/6/2026 9:09
54176,0,3,1. Junior User (1-6 Months),Mobile Phone,1,28,Debit Card,female,3,2,Fashion,5,Married,3,0,12,7,9,-1,225,0.78,6/6/2026 9:09
54177,0,6,1. Junior User (1-6 Months),Mobile Phone,1,12,Debit Card,male,4,2,Mobile Phone,4,Married,2,1,13,2,2,6,158,1,6/6/2026 9:09
54178,0,1,1. Junior User (1-6 Months),Computer,1,23,Credit Card,male,4,2,Mobile Phone,1,Married,3,1,14,1,2,1,154,0.5,6/6/2026 9:09
54179,0,27,3. Core Loyal (>1 Year),Mobile Phone,3,9,Debit Card,female,4,5,Grocery,1,Married,4,0,17,0,4,8,279,0,6/6/2026 9:09
54180,0,12,2. Mid-Loyal (7-12 Months),Mobile Phone,1,9,Debit Card,male,3,4,Mobile Phone,1,Single,7,1,12,1,2,3,164,0.5,6/6/2026 9:09
54181,0,1,1. Junior User (1-6 Months),Computer,1,18,UPI,female,4,2,Laptop & Accessory,3,Married,2,0,19,1,2,4,165,0.5,6/6/2026 9:09
54182,1,1,1. Junior User (1-6 Months),Mobile Phone,3,16,Debit Card,male,3,5,Mobile Phone,5,Single,9,0,24,1,2,4,159,0.5,6/6/2026 9:09
54183,0,8,2. Mid-Loyal (7-12 Months),Mobile Phone,1,14,Debit Card,female,3,4,Fashion,4,Single,2,0,12,1,0,12,245,0,6/6/2026 9:09
54184,0,1,1. Junior User (1-6 Months),Mobile Phone,1,22,Debit Card,male,4,4,Mobile Phone,1,Single,3,0,15,2,2,1,137,1,6/6/2026 9:09
54185,1,1,1. Junior User (1-6 Months),Mobile Phone,1,13,Credit Card,male,3,4,Mobile Phone,5,Single,4,0,12,1,2,4,155,0.5,6/6/2026 9:09
54186,0,27,3. Core Loyal (>1 Year),Mobile Phone,1,12,UPI,female,3,4,Others,3,Married,6,0,0,2,5,9,316,0.4,6/6/2026 9:09
54187,1,1,1. Junior User (1-6 Months),Computer,1,23,Debit Card,female,4,6,Mobile Phone,5,Single,3,1,23,1,7,8,164,0.14,6/6/2026 9:09
54188,0,16,3. Core Loyal (>1 Year),Mobile Phone,3,15,E wallet,male,3,4,Laptop & Accessory,4,Married,2,0,12,3,5,3,193,0.6,6/6/2026 9:09
54189,0,18,3. Core Loyal (>1 Year),Mobile Phone,1,14,Credit Card,female,3,5,Fashion,1,Married,5,0,15,1,6,-1,227,0.17,6/6/2026 9:09
54190,0,20,3. Core Loyal (>1 Year),Mobile Phone,3,9,E wallet,female,3,4,Others,5,Single,5,0,0,3,3,2,314,1,6/6/2026 9:09
54191,0,7,2. Mid-Loyal (7-12 Months),Mobile Phone,1,9,Credit Card,male,4,4,Mobile Phone,1,Single,6,0,12,1,2,1,150,0.5,6/6/2026 9:09
54192,0,18,3. Core Loyal (>1 Year),Mobile Phone,1,17,UPI,male,3,4,Laptop & Accessory,1,Married,4,1,14,1,2,4,190,0.5,6/6/2026 9:09
54193,0,4,1. Junior User (1-6 Months),Mobile Phone,1,16,Credit Card,male,3,5,Mobile Phone,3,Single,3,0,14,1,2,9,147,0.5,6/6/2026 9:09
54194,1,3,1. Junior User (1-6 Months),Mobile Phone,3,12,Cash on Delivery,male,3,4,Laptop & Accessory,1,Married,5,0,15,1,2,1,146,0.5,6/6/2026 9:09
54195,1,1,1. Junior User (1-6 Months),Mobile Phone,1,7,Credit Card,male,4,4,Mobile Phone,1,Married,4,1,17,1,3,1,148,0.33,6/6/2026 9:09
54196,0,17,3. Core Loyal (>1 Year),Mobile Phone,1,9,Credit Card,female,4,2,Mobile Phone,3,Married,3,0,13,2,2,5,151,1,6/6/2026 9:09
54197,1,14,3. Core Loyal (>1 Year),Mobile Phone,3,10,E wallet,male,3,5,Mobile Phone,3,Married,3,1,15,2,2,3,152,1,6/6/2026 9:09
54198,0,9,2. Mid-Loyal (7-12 Months),Mobile Phone,3,9,E wallet,female,4,4,Mobile Phone,1,Married,3,0,14,3,3,3,145,1,6/6/2026 9:09
54199,0,10,2. Mid-Loyal (7-12 Months),Mobile Phone,1,12,Debit Card,female,3,5,Mobile Phone,5,Married,11,1,15,2,2,1,159,1,6/6/2026 9:09
54200,0,7,2. Mid-Loyal (7-12 Months),Computer,3,7,Debit Card,female,3,2,Laptop & Accessory,5,Married,4,0,20,1,2,4,179,0.5,6/6/2026 9:09
54201,0,9,2. Mid-Loyal (7-12 Months),Mobile Phone,1,11,UPI,male,4,4,Mobile Phone,1,Married,3,0,13,2,2,1,145,1,6/6/2026 9:09
54202,0,1,1. Junior User (1-6 Months),Mobile Phone,1,9,Debit Card,female,3,4,Mobile Phone,5,Married,3,0,14,2,2,1,148,1,6/6/2026 9:09
54203,1,1,1. Junior User (1-6 Months),Mobile Phone,1,32,Debit Card,male,3,6,Mobile Phone,3,Single,3,0,13,1,2,2,148,0.5,6/6/2026 9:09
54204,0,1,1. Junior User (1-6 Months),Computer,3,15,Debit Card,male,3,4,Fashion,3,Single,3,0,16,2,2,-1,212,1,6/6/2026 9:09
54205,0,4,1. Junior User (1-6 Months),Computer,1,7,Credit Card,female,3,4,Laptop & Accessory,1,Single,3,0,24,2,4,8,165,0.5,6/6/2026 9:09
54206,1,5,1. Junior User (1-6 Months),Mobile Phone,1,19,Cash on Delivery,female,3,4,Others,3,Married,3,0,0,2,16,9,320,0.13,6/6/2026 9:09
54207,0,8,2. Mid-Loyal (7-12 Months),Computer,3,30,E wallet,male,4,4,Laptop & Accessory,3,Single,2,0,21,1,9,8,171,0.11,6/6/2026 9:09
54208,0,11,2. Mid-Loyal (7-12 Months),Mobile Phone,1,26,Debit Card,male,4,4,Mobile Phone,4,Married,6,0,22,1,2,1,155,0.5,6/6/2026 9:09
54209,0,20,3. Core Loyal (>1 Year),Computer,3,12,E wallet,male,4,4,Laptop & Accessory,1,Single,6,1,22,2,2,9,183,1,6/6/2026 9:09
54210,0,9,2. Mid-Loyal (7-12 Months),Mobile Phone,1,15,Debit Card,male,3,2,Mobile Phone,1,Married,3,0,20,2,2,2,148,1,6/6/2026 9:09
54211,1,12,2. Mid-Loyal (7-12 Months),Mobile Phone,1,7,Debit Card,male,4,5,Fashion,3,Single,11,1,14,1,2,1,179,0.5,6/6/2026 9:09
54212,1,1,1. Junior User (1-6 Months),Mobile Phone,1,12,Cash on Delivery,male,3,4,Mobile Phone,3,Single,3,1,14,1,3,3,159,0.33,6/6/2026 9:09
54213,0,18,3. Core Loyal (>1 Year),Mobile Phone,3,7,E wallet,female,4,4,Laptop & Accessory,5,Married,7,1,22,2,2,4,180,1,6/6/2026 9:09
54214,0,9,2. Mid-Loyal (7-12 Months),Computer,1,18,Credit Card,male,4,5,Fashion,5,Married,4,1,14,2,3,-1,224,0.67,6/6/2026 9:09
54215,0,1,1. Junior User (1-6 Months),Mobile Phone,3,30,E wallet,female,3,5,Laptop & Accessory,1,Married,9,1,20,1,2,1,167,0.5,6/6/2026 9:09
54216,0,7,2. Mid-Loyal (7-12 Months),Computer,1,30,Debit Card,female,4,4,Fashion,1,Single,3,1,13,4,0,13,260,0,6/6/2026 9:09
54217,0,9,2. Mid-Loyal (7-12 Months),Computer,3,6,Debit Card,male,4,4,Fashion,5,Married,3,0,23,1,2,-1,216,0.5,6/6/2026 9:09
54218,0,9,2. Mid-Loyal (7-12 Months),Mobile Phone,1,30,Credit Card,female,2,4,Mobile Phone,5,Married,5,1,16,1,3,3,165,0.33,6/6/2026 9:09
54219,0,5,1. Junior User (1-6 Months),Mobile Phone,1,14,Debit Card,male,3,4,Laptop & Accessory,1,Married,5,0,23,1,2,8,184,0.5,6/6/2026 9:09
54220,0,11,2. Mid-Loyal (7-12 Months),Mobile Phone,1,7,Debit Card,male,3,5,Laptop & Accessory,3,Married,3,0,19,1,2,8,185,0.5,6/6/2026 9:09
54221,0,6,1. Junior User (1-6 Months),Mobile Phone,1,7,Credit Card,male,3,4,Laptop & Accessory,1,Married,3,1,23,6,8,9,187,0.75,6/6/2026 9:09
54222,0,12,2. Mid-Loyal (7-12 Months),Computer,1,36,Debit Card,female,3,4,Laptop & Accessory,1,Single,3,0,12,7,10,10,149,0.7,6/6/2026 9:09
54223,0,24,3. Core Loyal (>1 Year),Mobile Phone,1,14,Credit Card,female,3,5,Others,3,Married,7,1,0,5,14,9,312,0.36,6/6/2026 9:09
54224,0,31,3. Core Loyal (>1 Year),Mobile Phone,3,32,Debit Card,female,5,4,Fashion,5,Single,9,0,12,7,8,10,201,0.88,6/6/2026 9:09
54225,0,10,2. Mid-Loyal (7-12 Months),Mobile Phone,1,15,Cash on Delivery,female,3,4,Fashion,3,Married,3,0,14,8,13,-1,226,0.62,6/6/2026 9:09
54226,0,29,3. Core Loyal (>1 Year),Mobile Phone,1,15,Credit Card,female,3,4,Grocery,3,Married,4,1,15,0,2,3,273,0,6/6/2026 9:09
54227,0,10,2. Mid-Loyal (7-12 Months),Computer,1,18,Debit Card,male,4,5,Laptop & Accessory,4,Single,3,0,14,2,2,4,190,1,6/6/2026 9:09
54228,0,19,3. Core Loyal (>1 Year),Mobile Phone,1,14,Debit Card,male,3,4,Fashion,5,Married,4,0,18,1,2,-1,222,0.5,6/6/2026 9:09
54229,0,9,2. Mid-Loyal (7-12 Months),Computer,1,7,Credit Card,male,4,4,Mobile Phone,5,Married,6,0,14,1,2,3,147,0.5,6/6/2026 9:09
54230,1,1,1. Junior User (1-6 Months),Mobile Phone,1,16,Credit Card,male,4,5,Mobile Phone,3,Married,2,1,18,2,2,1,159,1,6/6/2026 9:09
54231,0,31,3. Core Loyal (>1 Year),Computer,3,7,Debit Card,female,3,5,Laptop & Accessory,3,Single,9,0,12,2,2,4,180,1,6/6/2026 9:09
54232,0,3,1. Junior User (1-6 Months),Mobile Phone,1,9,Debit Card,male,4,4,Mobile Phone,4,Married,2,0,24,2,2,5,152,1,6/6/2026 9:09
54233,0,5,1. Junior User (1-6 Months),Mobile Phone,1,7,Credit Card,male,3,4,Mobile Phone,4,Single,3,0,18,2,2,1,150,1,6/6/2026 9:09
54234,0,6,1. Junior User (1-6 Months),Mobile Phone,1,7,Debit Card,male,4,4,Laptop & Accessory,4,Married,3,0,18,2,2,10,187,1,6/6/2026 9:09
54235,0,10,2. Mid-Loyal (7-12 Months),Mobile Phone,1,13,Debit Card,female,3,2,Mobile Phone,1,Married,5,0,13,1,2,1,155,0.5,6/6/2026 9:09
54236,0,5,1. Junior User (1-6 Months),Mobile Phone,1,15,Debit Card,female,4,4,Laptop & Accessory,1,Single,3,0,24,2,2,9,169,1,6/6/2026 9:09
54237,0,9,2. Mid-Loyal (7-12 Months),Mobile Phone,3,7,E wallet,male,3,5,Laptop & Accessory,5,Single,2,0,15,2,3,9,168,0.67,6/6/2026 9:09
54238,0,19,3. Core Loyal (>1 Year),Mobile Phone,1,13,UPI,male,3,4,Fashion,5,Married,6,1,15,2,0,1,257,0,6/6/2026 9:09
54239,0,11,2. Mid-Loyal (7-12 Months),Mobile Phone,1,14,Credit Card,male,2,4,Fashion,3,Single,6,0,14,0,2,3,262,0,6/6/2026 9:09
54240,0,20,3. Core Loyal (>1 Year),Mobile Phone,2,12,Credit Card,male,4,4,Laptop & Accessory,4,Married,3,1,23,2,2,3,175,1,6/6/2026 9:09
54241,0,4,1. Junior User (1-6 Months),Mobile Phone,1,7,Debit Card,male,3,5,Laptop & Accessory,1,Married,3,1,13,2,4,1,176,0.5,6/6/2026 9:09
54242,0,9,2. Mid-Loyal (7-12 Months),Mobile Phone,1,7,Credit Card,male,2,5,Mobile Phone,3,Single,3,0,19,2,2,5,154,1,6/6/2026 9:09
54243,0,29,3. Core Loyal (>1 Year),Mobile Phone,3,7,Debit Card,male,4,4,Fashion,1,Married,5,0,15,1,2,-1,227,0.5,6/6/2026 9:09
54244,0,12,2. Mid-Loyal (7-12 Months),Computer,1,13,Credit Card,female,4,6,Laptop & Accessory,1,Married,9,1,13,1,2,10,178,0.5,6/6/2026 9:09
54245,0,8,2. Mid-Loyal (7-12 Months),Mobile Phone,1,7,Credit Card,male,4,4,Laptop & Accessory,4,Married,3,0,16,2,2,4,168,1,6/6/2026 9:09
54246,0,30,3. Core Loyal (>1 Year),Mobile Phone,1,14,Debit Card,male,3,6,Fashion,1,Single,6,0,12,1,2,3,198,0.5,6/6/2026 9:09
54247,0,1,1. Junior User (1-6 Months),Mobile Phone,3,9,Cash on Delivery,male,4,4,Mobile Phone,5,Married,5,0,14,2,2,1,148,1,6/6/2026 9:09
54248,0,25,3. Core Loyal (>1 Year),Mobile Phone,1,16,Debit Card,male,4,4,Mobile Phone,1,Married,5,0,24,2,2,4,146,1,6/6/2026 9:09
54249,0,4,1. Junior User (1-6 Months),Mobile Phone,1,9,Debit Card,male,5,5,Laptop & Accessory,1,Married,3,0,20,4,11,9,167,0.36,6/6/2026 9:09
54250,1,10,2. Mid-Loyal (7-12 Months),Mobile Phone,3,16,Credit Card,male,4,5,Fashion,1,Single,3,0,17,4,5,-1,221,0.8,6/6/2026 9:09
54251,0,14,3. Core Loyal (>1 Year),Computer,1,7,Debit Card,male,4,5,Grocery,4,Married,3,0,23,6,0,12,260,0,6/6/2026 9:09
54252,0,25,3. Core Loyal (>1 Year),Mobile Phone,3,28,E wallet,male,4,4,Laptop & Accessory,1,Single,2,1,23,1,2,1,179,0.5,6/6/2026 9:09
54253,0,4,1. Junior User (1-6 Months),Mobile Phone,3,11,Credit Card,female,4,5,Laptop & Accessory,4,Married,3,1,13,3,3,8,177,1,6/6/2026 9:09
54254,0,20,3. Core Loyal (>1 Year),Computer,1,7,Credit Card,male,3,5,Fashion,5,Married,4,1,14,5,0,6,232,0,6/6/2026 9:09
54255,0,6,1. Junior User (1-6 Months),Mobile Phone,3,13,Credit Card,male,3,4,Laptop & Accessory,3,Single,3,0,17,6,6,8,175,1,6/6/2026 9:09
54256,0,28,3. Core Loyal (>1 Year),Mobile Phone,1,9,Cash on Delivery,female,3,4,Fashion,3,Married,11,0,13,1,0,4,260,0,6/6/2026 9:09
54257,0,1,1. Junior User (1-6 Months),Mobile Phone,3,10,UPI,female,3,4,Laptop & Accessory,3,Married,2,0,22,1,2,3,175,0.5,6/6/2026 9:09
54258,0,2,1. Junior User (1-6 Months),Computer,3,11,Credit Card,male,3,4,Laptop & Accessory,3,Married,3,0,16,1,2,5,167,0.5,6/6/2026 9:09
54259,0,31,3. Core Loyal (>1 Year),Mobile Phone,3,17,Credit Card,male,3,4,Grocery,3,Single,2,0,14,0,2,9,264,0,6/6/2026 9:09
54260,0,18,3. Core Loyal (>1 Year),Computer,1,30,Credit Card,male,4,4,Laptop & Accessory,4,Married,6,0,13,1,2,3,145,0.5,6/6/2026 9:09
54261,1,1,1. Junior User (1-6 Months),Mobile Phone,2,13,UPI,male,4,4,Mobile Phone,5,Married,6,1,23,1,2,3,146,0.5,6/6/2026 9:09
54262,0,6,1. Junior User (1-6 Months),Mobile Phone,1,7,Debit Card,male,4,4,Mobile Phone,5,Single,3,0,14,1,2,1,155,0.5,6/6/2026 9:09
54263,1,1,1. Junior User (1-6 Months),Computer,1,13,Debit Card,female,4,5,Mobile Phone,1,Single,3,1,19,1,2,1,154,0.5,6/6/2026 9:09
54264,0,8,2. Mid-Loyal (7-12 Months),Mobile Phone,1,13,UPI,female,3,4,Laptop & Accessory,3,Single,3,0,15,1,3,11,173,0.33,6/6/2026 9:09
54265,0,11,2. Mid-Loyal (7-12 Months),Computer,1,9,Debit Card,male,4,5,Laptop & Accessory,1,Married,7,0,15,2,2,1,177,1,6/6/2026 9:09
54266,0,31,3. Core Loyal (>1 Year),Computer,2,9,UPI,female,3,5,Others,1,Married,11,0,0,1,3,3,313,0.33,6/6/2026 9:09
54267,0,24,3. Core Loyal (>1 Year),Computer,1,7,Debit Card,female,4,4,Others,4,Married,5,1,0,1,2,8,307,0.5,6/6/2026 9:09
54268,1,1,1. Junior User (1-6 Months),Mobile Phone,3,12,E wallet,male,3,5,Laptop & Accessory,3,Single,3,1,12,1,2,4,182,0.5,6/6/2026 9:09
54269,0,1,1. Junior User (1-6 Months),Mobile Phone,1,14,Credit Card,male,4,5,Mobile Phone,1,Married,3,0,12,1,3,2,154,0.33,6/6/2026 9:09
54270,0,1,1. Junior User (1-6 Months),Mobile Phone,1,22,Credit Card,female,3,4,Mobile Phone,1,Single,3,0,16,2,2,1,154,1,6/6/2026 9:09
54271,0,25,3. Core Loyal (>1 Year),Computer,1,7,Credit Card,female,2,5,Fashion,5,Single,5,0,21,5,13,9,200,0.38,6/6/2026 9:09
54272,1,1,1. Junior User (1-6 Months),Computer,1,14,Debit Card,male,4,6,Laptop & Accessory,3,Single,3,1,25,2,2,7,186,1,6/6/2026 9:09
54273,0,28,3. Core Loyal (>1 Year),Computer,2,33,UPI,female,2,2,Grocery,1,Single,4,1,0,3,5,5,298,0.6,6/6/2026 9:09
54274,0,1,1. Junior User (1-6 Months),Mobile Phone,1,25,Debit Card,male,3,4,Mobile Phone,3,Married,2,0,13,1,2,3,153,0.5,6/6/2026 9:09
54275,0,8,2. Mid-Loyal (7-12 Months),Mobile Phone,1,13,Debit Card,female,3,5,Laptop & Accessory,4,Married,8,0,16,2,2,1,170,1,6/6/2026 9:09
54276,0,11,2. Mid-Loyal (7-12 Months),Mobile Phone,3,10,Debit Card,male,3,4,Fashion,1,Single,4,0,13,1,2,4,199,0.5,6/6/2026 9:09
54277,0,8,2. Mid-Loyal (7-12 Months),Mobile Phone,1,12,Credit Card,female,3,5,Fashion,5,Single,4,0,13,3,0,9,241,0,6/6/2026 9:09
54278,0,10,2. Mid-Loyal (7-12 Months),Computer,3,18,Cash on Delivery,female,4,4,Fashion,1,Married,2,0,15,1,3,-1,222,0.33,6/6/2026 9:09
54279,0,10,2. Mid-Loyal (7-12 Months),Mobile Phone,1,10,Debit Card,female,3,4,Mobile Phone,1,Married,7,0,23,1,2,1,153,0.5,6/6/2026 9:09
54280,0,17,3. Core Loyal (>1 Year),Computer,3,33,Debit Card,male,4,4,Grocery,1,Married,3,1,0,2,5,13,295,0.4,6/6/2026 9:09
54281,0,4,1. Junior User (1-6 Months),Computer,1,30,Debit Card,male,4,6,Mobile Phone,3,Married,3,0,26,1,2,10,151,0.5,6/6/2026 9:09
54282,0,7,2. Mid-Loyal (7-12 Months),Computer,3,29,E wallet,male,4,4,Laptop & Accessory,4,Married,2,0,14,1,2,8,186,0.5,6/6/2026 9:09
54283,1,20,3. Core Loyal (>1 Year),Mobile Phone,1,21,Debit Card,female,4,4,Mobile Phone,4,Married,11,1,19,4,5,4,175,0.8,6/6/2026 9:09
54284,0,25,3. Core Loyal (>1 Year),Mobile Phone,1,13,Debit Card,male,3,4,Others,3,Single,9,0,0,9,16,16,320,0.56,6/6/2026 9:09
54285,1,1,1. Junior User (1-6 Months),Mobile Phone,3,13,Debit Card,male,4,6,Laptop & Accessory,3,Married,6,1,19,1,8,8,187,0.13,6/6/2026 9:09
54286,0,1,1. Junior User (1-6 Months),Mobile Phone,1,13,UPI,female,3,5,Mobile Phone,4,Married,3,0,20,3,5,4,149,0.6,6/6/2026 9:09
54287,1,21,3. Core Loyal (>1 Year),Mobile Phone,1,30,Credit Card,female,4,4,Fashion,1,Married,3,0,13,8,16,-1,228,0.5,6/6/2026 9:09
54288,1,1,1. Junior User (1-6 Months),Mobile Phone,3,29,E wallet,male,3,4,Mobile Phone,3,Single,3,1,20,2,2,1,142,1,6/6/2026 9:09
54289,0,1,1. Junior User (1-6 Months),Mobile Phone,1,9,Cash on Delivery,male,4,4,Mobile Phone,1,Married,2,0,15,3,3,2,150,1,6/6/2026 9:09
54290,0,23,3. Core Loyal (>1 Year),Mobile Phone,1,27,Credit Card,female,4,4,Laptop & Accessory,5,Married,3,0,15,6,6,12,191,1,6/6/2026 9:09
54291,0,17,3. Core Loyal (>1 Year),Computer,1,35,Credit Card,female,4,2,Mobile Phone,3,Single,6,0,13,1,2,3,172,0.5,6/6/2026 9:09
54292,0,24,3. Core Loyal (>1 Year),Computer,3,19,E wallet,female,4,4,Fashion,1,Single,6,0,12,2,3,-1,217,0.67,6/6/2026 9:09
54293,1,1,1. Junior User (1-6 Months),Mobile Phone,3,27,Debit Card,female,4,6,Laptop & Accessory,3,Married,5,1,12,1,3,3,171,0.33,6/6/2026 9:09
54294,0,15,3. Core Loyal (>1 Year),Mobile Phone,3,16,Debit Card,male,4,4,Fashion,3,Married,5,1,14,1,2,8,207,0.5,6/6/2026 9:09
54295,0,1,1. Junior User (1-6 Months),Mobile Phone,2,32,Debit Card,female,4,4,Mobile Phone,3,Married,3,0,24,3,6,8,154,0.5,6/6/2026 9:09
54296,0,10,2. Mid-Loyal (7-12 Months),Mobile Phone,1,13,Credit Card,male,3,4,Laptop & Accessory,4,Married,8,0,21,1,2,2,174,0.5,6/6/2026 9:09
54297,1,15,3. Core Loyal (>1 Year),Computer,1,15,Debit Card,male,3,6,Fashion,1,Single,4,0,16,2,2,4,232,1,6/6/2026 9:09
54298,0,13,3. Core Loyal (>1 Year),Mobile Phone,3,11,Debit Card,female,3,5,Laptop & Accessory,3,Married,6,0,15,6,6,10,184,1,6/6/2026 9:09
54299,0,1,1. Junior User (1-6 Months),Mobile Phone,3,35,Debit Card,male,3,5,Laptop & Accessory,3,Married,4,0,19,2,3,-1,211,0.67,6/6/2026 9:09
54300,0,4,1. Junior User (1-6 Months),Mobile Phone,2,16,UPI,male,3,4,Laptop & Accessory,1,Married,2,1,20,5,5,8,188,1,6/6/2026 9:09
54301,1,1,1. Junior User (1-6 Months),Mobile Phone,1,16,Credit Card,female,3,4,Mobile Phone,5,Single,9,0,23,2,2,5,167,1,6/6/2026 9:09
54302,0,19,3. Core Loyal (>1 Year),Mobile Phone,1,36,Credit Card,male,3,4,Mobile Phone,1,Single,7,0,14,2,2,4,160,1,6/6/2026 9:09
54303,0,12,2. Mid-Loyal (7-12 Months),Mobile Phone,1,10,Cash on Delivery,female,3,4,Laptop & Accessory,3,Single,5,1,21,3,3,3,168,1,6/6/2026 9:09
54304,0,4,1. Junior User (1-6 Months),Mobile Phone,1,25,Debit Card,female,4,4,Mobile Phone,3,Single,3,0,15,2,2,5,151,1,6/6/2026 9:09
54305,0,6,1. Junior User (1-6 Months),Computer,3,16,Credit Card,male,3,6,Laptop & Accessory,1,Married,2,0,18,1,2,8,172,0.5,6/6/2026 9:09
54306,0,4,1. Junior User (1-6 Months),Mobile Phone,1,12,Cash on Delivery,female,3,4,Mobile Phone,5,Married,7,0,15,1,3,31,157,0.33,6/6/2026 9:09
54307,0,4,1. Junior User (1-6 Months),Mobile Phone,1,9,Credit Card,male,3,5,Mobile Phone,1,Single,2,0,14,1,2,3,152,0.5,6/6/2026 9:09
54308,0,15,3. Core Loyal (>1 Year),Computer,1,17,Debit Card,male,4,5,Grocery,5,Married,6,0,0,3,8,8,297,0.38,6/6/2026 9:09
54309,0,15,3. Core Loyal (>1 Year),Mobile Phone,1,16,Debit Card,male,4,4,Mobile Phone,5,Married,4,0,22,1,2,5,147,0.5,6/6/2026 9:09
54310,0,1,1. Junior User (1-6 Months),Mobile Phone,1,10,Credit Card,female,4,4,Mobile Phone,4,Single,3,0,15,2,2,1,140,1,6/6/2026 9:09
54311,0,14,3. Core Loyal (>1 Year),Computer,1,33,Credit Card,female,3,4,Laptop & Accessory,4,Married,3,0,12,1,3,14,181,0.33,6/6/2026 9:09
54312,0,9,2. Mid-Loyal (7-12 Months),Mobile Phone,3,7,E wallet,male,4,4,Fashion,4,Married,3,0,14,1,2,7,198,0.5,6/6/2026 9:09
54313,0,27,3. Core Loyal (>1 Year),Mobile Phone,3,13,E wallet,male,3,4,Laptop & Accessory,3,Married,4,1,21,1,5,6,148,0.2,6/6/2026 9:09
54314,0,19,3. Core Loyal (>1 Year),Mobile Phone,1,16,Debit Card,male,3,4,Laptop & Accessory,4,Married,10,0,19,2,2,16,148,1,6/6/2026 9:09
54315,0,6,1. Junior User (1-6 Months),Computer,3,15,E wallet,female,3,4,Fashion,1,Single,3,0,15,3,4,-1,215,0.75,6/6/2026 9:09
54316,0,3,1. Junior User (1-6 Months),Computer,1,7,Cash on Delivery,male,3,4,Laptop & Accessory,3,Married,3,0,14,1,2,10,168,0.5,6/6/2026 9:09
54317,0,25,3. Core Loyal (>1 Year),Mobile Phone,1,14,Credit Card,male,3,5,Laptop & Accessory,3,Married,4,0,18,2,2,1,186,1,6/6/2026 9:09
54318,0,31,3. Core Loyal (>1 Year),Mobile Phone,1,16,Credit Card,female,4,5,Mobile Phone,4,Married,6,1,21,2,2,1,158,1,6/6/2026 9:09
54319,0,14,3. Core Loyal (>1 Year),Mobile Phone,3,11,E wallet,male,4,5,Fashion,1,Married,9,0,12,2,0,12,234,0,6/6/2026 9:09
54320,0,8,2. Mid-Loyal (7-12 Months),Computer,3,9,E wallet,female,4,4,Mobile Phone,3,Married,8,0,19,1,2,3,147,0.5,6/6/2026 9:09
54321,0,1,1. Junior User (1-6 Months),Mobile Phone,1,26,Credit Card,male,4,4,Mobile Phone,1,Married,3,0,25,3,3,3,148,1,6/6/2026 9:09
54322,0,1,1. Junior User (1-6 Months),Computer,1,16,Credit Card,male,3,4,Mobile Phone,4,Married,8,0,19,3,3,3,145,1,6/6/2026 9:09
54323,0,2,1. Junior User (1-6 Months),Mobile Phone,1,28,Credit Card,male,3,4,Mobile Phone,1,Married,3,0,12,1,2,3,152,0.5,6/6/2026 9:09
54324,0,31,3. Core Loyal (>1 Year),Mobile Phone,1,31,Debit Card,male,3,2,Fashion,1,Married,5,1,17,2,2,-1,219,1,6/6/2026 9:09
54325,0,1,1. Junior User (1-6 Months),Computer,1,10,Credit Card,male,4,5,Mobile Phone,3,Married,3,1,16,1,2,2,151,0.5,6/6/2026 9:09
54326,0,24,3. Core Loyal (>1 Year),Mobile Phone,1,18,Debit Card,female,3,4,Others,4,Single,5,0,16,1,5,5,324,0.2,6/6/2026 9:09
54327,0,15,3. Core Loyal (>1 Year),Mobile Phone,1,21,Debit Card,male,3,4,Mobile Phone,3,Married,6,0,13,2,2,9,150,1,6/6/2026 9:09
54328,0,4,1. Junior User (1-6 Months),Mobile Phone,3,12,Debit Card,female,3,4,Fashion,1,Married,4,0,13,2,8,-1,219,0.25,6/6/2026 9:09
54329,0,12,2. Mid-Loyal (7-12 Months),Mobile Phone,3,7,Debit Card,female,3,5,Laptop & Accessory,1,Single,6,0,23,1,2,-1,212,0.5,6/6/2026 9:09
54330,0,6,1. Junior User (1-6 Months),Mobile Phone,1,13,Debit Card,male,3,4,Mobile Phone,3,Single,5,0,21,1,2,5,155,0.5,6/6/2026 9:09
54331,0,1,1. Junior User (1-6 Months),Mobile Phone,1,24,Cash on Delivery,male,3,4,Mobile Phone,4,Married,2,1,17,1,2,2,156,0.5,6/6/2026 9:09
54332,1,1,1. Junior User (1-6 Months),Computer,3,7,Cash on Delivery,female,4,6,Mobile Phone,5,Single,2,0,22,2,2,1,148,1,6/6/2026 9:09
54333,0,10,2. Mid-Loyal (7-12 Months),Computer,1,10,Credit Card,male,2,4,Mobile Phone,4,Single,6,0,13,3,8,3,146,0.38,6/6/2026 9:09
54334,0,4,1. Junior User (1-6 Months),Computer,1,16,Credit Card,male,4,4,Laptop & Accessory,5,Married,3,0,12,6,7,11,156,0.86,6/6/2026 9:09
54335,0,19,3. Core Loyal (>1 Year),Mobile Phone,3,11,Debit Card,female,2,4,Laptop & Accessory,5,Married,6,1,12,1,2,4,175,0.5,6/6/2026 9:09
54336,0,30,3. Core Loyal (>1 Year),Mobile Phone,1,15,Debit Card,female,4,4,Mobile Phone,5,Married,6,1,19,3,3,3,168,1,6/6/2026 9:09
54337,0,7,2. Mid-Loyal (7-12 Months),Mobile Phone,1,9,Debit Card,male,3,4,Mobile Phone,1,Single,2,0,15,2,2,3,150,1,6/6/2026 9:09
54338,1,1,1. Junior User (1-6 Months),Mobile Phone,1,9,Debit Card,male,3,5,Mobile Phone,1,Single,3,0,23,2,2,1,136,1,6/6/2026 9:09
54339,0,20,3. Core Loyal (>1 Year),Mobile Phone,3,7,E wallet,female,4,4,Fashion,5,Married,3,0,26,9,16,-1,230,0.56,6/6/2026 9:09
54340,0,12,2. Mid-Loyal (7-12 Months),Mobile Phone,1,16,Debit Card,female,4,4,Mobile Phone,1,Single,3,0,13,2,3,2,148,0.67,6/6/2026 9:09
54341,0,5,1. Junior User (1-6 Months),Mobile Phone,1,19,Credit Card,female,4,4,Mobile Phone,1,Married,10,1,24,2,2,3,164,1,6/6/2026 9:09
54342,0,8,2. Mid-Loyal (7-12 Months),Mobile Phone,1,34,Credit Card,female,4,4,Mobile Phone,4,Single,4,0,16,1,2,3,148,0.5,6/6/2026 9:09
54343,1,5,1. Junior User (1-6 Months),Mobile Phone,3,27,E wallet,female,4,4,Mobile Phone,4,Single,3,1,23,1,2,3,156,0.5,6/6/2026 9:09
54344,0,24,3. Core Loyal (>1 Year),Mobile Phone,1,7,Credit Card,male,3,5,Mobile Phone,3,Married,4,0,16,2,2,3,162,1,6/6/2026 9:09
54345,0,27,3. Core Loyal (>1 Year),Mobile Phone,1,20,Credit Card,female,3,2,Laptop & Accessory,5,Married,3,0,12,2,2,4,170,1,6/6/2026 9:09
54346,0,7,2. Mid-Loyal (7-12 Months),Mobile Phone,1,21,Credit Card,female,4,4,Mobile Phone,4,Married,3,0,14,2,2,7,153,1,6/6/2026 9:09
54347,0,14,3. Core Loyal (>1 Year),Mobile Phone,1,11,Credit Card,female,3,4,Others,3,Married,3,0,0,2,10,10,315,0.2,6/6/2026 9:09
54348,0,29,3. Core Loyal (>1 Year),Mobile Phone,1,21,Credit Card,male,4,2,Others,4,Single,10,0,0,3,3,16,312,1,6/6/2026 9:09
54349,0,8,2. Mid-Loyal (7-12 Months),Computer,1,9,Debit Card,male,3,5,Laptop & Accessory,3,Married,3,0,18,1,2,-1,220,0.5,6/6/2026 9:09
54350,0,25,3. Core Loyal (>1 Year),Mobile Phone,1,10,Credit Card,female,4,4,Grocery,4,Single,5,0,19,0,2,1,262,0,6/6/2026 9:09
54351,0,26,3. Core Loyal (>1 Year),Mobile Phone,1,7,Debit Card,male,4,5,Others,3,Married,2,0,15,8,12,10,325,0.67,6/6/2026 9:09
54352,0,1,1. Junior User (1-6 Months),Mobile Phone,1,16,Credit Card,female,5,4,Mobile Phone,4,Single,3,0,17,1,2,4,148,0.5,6/6/2026 9:09
54353,1,1,1. Junior User (1-6 Months),Mobile Phone,1,30,Debit Card,male,3,5,Laptop & Accessory,3,Married,5,1,14,2,2,2,184,1,6/6/2026 9:09
54354,0,17,3. Core Loyal (>1 Year),Computer,1,14,Credit Card,male,3,2,Mobile Phone,1,Married,6,0,15,2,3,3,146,0.67,6/6/2026 9:09
54355,0,19,3. Core Loyal (>1 Year),Computer,1,9,Credit Card,male,4,5,Grocery,1,Married,11,0,0,2,12,9,293,0.17,6/6/2026 9:09
54356,0,11,2. Mid-Loyal (7-12 Months),Mobile Phone,1,28,Debit Card,male,4,2,Mobile Phone,5,Married,3,1,13,2,2,8,161,1,6/6/2026 9:09
54357,0,9,2. Mid-Loyal (7-12 Months),Computer,1,9,Credit Card,female,3,4,Laptop & Accessory,4,Single,7,0,12,1,2,3,169,0.5,6/6/2026 9:09
54358,0,16,3. Core Loyal (>1 Year),Computer,1,28,Credit Card,female,3,4,Laptop & Accessory,3,Married,4,0,17,1,2,3,178,0.5,6/6/2026 9:09
54359,0,12,2. Mid-Loyal (7-12 Months),Mobile Phone,1,9,Debit Card,male,3,4,Laptop & Accessory,3,Married,11,0,15,2,2,1,191,1,6/6/2026 9:09
54360,0,12,2. Mid-Loyal (7-12 Months),Mobile Phone,1,36,Cash on Delivery,male,3,4,Laptop & Accessory,1,Married,5,0,19,1,2,8,188,0.5,6/6/2026 9:09
54361,0,1,1. Junior User (1-6 Months),Computer,1,7,Cash on Delivery,male,3,5,Laptop & Accessory,5,Married,7,0,20,3,3,1,168,1,6/6/2026 9:09
54362,0,23,3. Core Loyal (>1 Year),Computer,1,25,Debit Card,male,4,4,Laptop & Accessory,1,Married,3,1,16,1,2,8,193,0.5,6/6/2026 9:09
54363,0,8,2. Mid-Loyal (7-12 Months),Computer,1,17,Credit Card,male,3,4,Mobile Phone,3,Married,3,1,18,3,3,1,163,1,6/6/2026 9:09
54364,0,14,3. Core Loyal (>1 Year),Mobile Phone,1,26,Credit Card,male,2,4,Laptop & Accessory,1,Married,10,1,16,4,4,8,152,1,6/6/2026 9:09
54365,1,2,1. Junior User (1-6 Months),Mobile Phone,1,36,Credit Card,male,4,4,Laptop & Accessory,5,Married,9,1,20,2,2,1,192,1,6/6/2026 9:09
54366,1,1,1. Junior User (1-6 Months),Mobile Phone,3,34,E wallet,female,3,4,Fashion,1,Married,3,0,23,1,2,10,201,0.5,6/6/2026 9:09
54367,0,1,1. Junior User (1-6 Months),Mobile Phone,1,12,Debit Card,male,3,2,Mobile Phone,4,Married,3,1,17,3,3,3,148,1,6/6/2026 9:09
54368,0,10,2. Mid-Loyal (7-12 Months),Computer,1,25,Credit Card,female,4,4,Mobile Phone,1,Single,3,0,14,1,2,8,147,0.5,6/6/2026 9:09
54369,0,14,3. Core Loyal (>1 Year),Computer,1,16,Debit Card,male,4,5,Laptop & Accessory,1,Married,11,0,15,1,2,3,174,0.5,6/6/2026 9:09
54370,0,20,3. Core Loyal (>1 Year),Mobile Phone,1,7,Credit Card,male,4,4,Fashion,5,Married,9,0,17,1,2,-1,219,0.5,6/6/2026 9:09
54371,1,1,1. Junior User (1-6 Months),Mobile Phone,3,11,Credit Card,male,3,6,Fashion,1,Married,3,0,12,7,10,-1,229,0.7,6/6/2026 9:09
54372,0,4,1. Junior User (1-6 Months),Computer,1,7,Debit Card,male,3,5,Fashion,3,Single,3,0,23,5,6,-1,210,0.83,6/6/2026 9:09
54373,0,1,1. Junior User (1-6 Months),Computer,3,27,Debit Card,female,3,4,Laptop & Accessory,3,Single,3,0,15,2,2,-1,225,1,6/6/2026 9:09
54374,0,25,3. Core Loyal (>1 Year),Mobile Phone,1,15,Debit Card,male,3,5,Fashion,4,Married,7,0,17,3,0,8,250,0,6/6/2026 9:09
54375,1,1,1. Junior User (1-6 Months),Mobile Phone,1,10,Cash on Delivery,female,3,4,Mobile Phone,5,Single,7,1,12,1,2,5,152,0.5,6/6/2026 9:09
54376,0,15,3. Core Loyal (>1 Year),Mobile Phone,3,13,Debit Card,female,4,4,Fashion,1,Single,5,1,19,0,2,1,261,0,6/6/2026 9:09
54377,1,1,1. Junior User (1-6 Months),Computer,3,33,E wallet,female,3,5,Laptop & Accessory,5,Single,7,0,16,2,2,2,192,1,6/6/2026 9:09
54378,1,1,1. Junior User (1-6 Months),Mobile Phone,1,7,Cash on Delivery,male,3,4,Mobile Phone,3,Single,2,0,15,1,2,6,146,0.5,6/6/2026 9:09
54379,0,19,3. Core Loyal (>1 Year),Computer,3,13,Credit Card,female,3,5,Fashion,1,Single,8,0,13,6,13,-1,214,0.46,6/6/2026 9:09
54380,0,28,3. Core Loyal (>1 Year),Mobile Phone,3,10,E wallet,female,3,4,Laptop & Accessory,5,Married,4,0,15,2,2,6,184,1,6/6/2026 9:09
54381,0,10,2. Mid-Loyal (7-12 Months),Mobile Phone,1,12,Debit Card,male,4,4,Laptop & Accessory,4,Single,10,0,17,3,4,8,184,0.75,6/6/2026 9:09
54382,0,7,2. Mid-Loyal (7-12 Months),Mobile Phone,1,11,Credit Card,female,3,5,Mobile Phone,4,Married,8,0,22,1,2,2,151,0.5,6/6/2026 9:09
54383,0,11,2. Mid-Loyal (7-12 Months),Computer,1,18,UPI,male,3,4,Fashion,1,Married,3,1,15,2,0,8,247,0,6/6/2026 9:09
54384,0,12,2. Mid-Loyal (7-12 Months),Mobile Phone,3,10,Debit Card,male,4,4,Fashion,3,Married,2,0,13,2,6,-1,231,0.33,6/6/2026 9:09
54385,0,5,1. Junior User (1-6 Months),Computer,1,7,Credit Card,male,3,6,Laptop & Accessory,3,Married,2,0,13,1,2,5,168,0.5,6/6/2026 9:09
54386,0,31,3. Core Loyal (>1 Year),Mobile Phone,1,10,Debit Card,male,4,5,Mobile Phone,1,Married,5,0,18,1,2,1,147,0.5,6/6/2026 9:09
54387,0,11,2. Mid-Loyal (7-12 Months),Computer,3,11,E wallet,male,3,4,Mobile Phone,1,Married,6,0,18,4,6,9,153,0.67,6/6/2026 9:09
54388,0,3,1. Junior User (1-6 Months),Computer,3,7,Credit Card,female,3,4,Fashion,1,Married,3,0,15,5,5,2,204,1,6/6/2026 9:09
54389,0,9,2. Mid-Loyal (7-12 Months),Computer,3,7,E wallet,female,4,4,Fashion,3,Single,3,0,15,2,2,-1,213,1,6/6/2026 9:09
54390,1,1,1. Junior User (1-6 Months),Mobile Phone,1,25,Credit Card,male,3,5,Mobile Phone,1,Single,3,1,14,1,2,2,149,0.5,6/6/2026 9:09
54391,0,26,3. Core Loyal (>1 Year),Mobile Phone,1,9,Debit Card,female,3,5,Mobile Phone,1,Single,9,0,16,3,3,3,157,1,6/6/2026 9:09
54392,0,16,3. Core Loyal (>1 Year),Mobile Phone,1,11,Cash on Delivery,male,3,4,Others,1,Married,3,0,0,1,12,16,317,0.08,6/6/2026 9:09
54393,0,31,3. Core Loyal (>1 Year),Mobile Phone,2,13,Credit Card,male,3,4,Mobile Phone,3,Married,10,0,18,1,3,3,148,0.33,6/6/2026 9:09
54394,0,24,3. Core Loyal (>1 Year),Mobile Phone,3,7,Credit Card,female,4,4,Others,1,Married,5,0,0,2,2,7,320,1,6/6/2026 9:09
54395,1,1,1. Junior User (1-6 Months),Mobile Phone,1,21,Credit Card,male,3,4,Mobile Phone,1,Married,7,1,14,2,2,5,149,1,6/6/2026 9:09
54396,0,17,3. Core Loyal (>1 Year),Mobile Phone,3,23,E wallet,female,4,4,Grocery,1,Married,7,1,23,0,2,10,286,0,6/6/2026 9:09
54397,1,1,1. Junior User (1-6 Months),Mobile Phone,1,9,Debit Card,female,3,4,Mobile Phone,5,Married,9,0,21,2,2,8,152,1,6/6/2026 9:09
54398,0,26,3. Core Loyal (>1 Year),Computer,3,9,Debit Card,male,4,5,Others,3,Single,3,1,0,2,16,13,316,0.13,6/6/2026 9:09
54399,0,6,1. Junior User (1-6 Months),Mobile Phone,3,11,Debit Card,female,3,4,Mobile Phone,4,Married,4,0,12,2,2,3,164,1,6/6/2026 9:09
54400,1,1,1. Junior User (1-6 Months),Mobile Phone,1,7,Debit Card,male,4,5,Mobile Phone,3,Single,2,1,15,1,2,3,162,0.5,6/6/2026 9:09
54401,0,13,3. Core Loyal (>1 Year),Mobile Phone,1,7,Credit Card,female,4,4,Mobile Phone,3,Married,9,0,15,2,2,3,147,1,6/6/2026 9:09
54402,0,6,1. Junior User (1-6 Months),Computer,3,33,E wallet,male,4,4,Laptop & Accessory,1,Married,2,0,19,3,3,3,170,1,6/6/2026 9:09
54403,0,15,3. Core Loyal (>1 Year),Mobile Phone,1,26,Debit Card,male,3,4,Laptop & Accessory,5,Married,4,0,17,1,2,1,156,0.5,6/6/2026 9:09
54404,0,14,3. Core Loyal (>1 Year),Mobile Phone,1,31,Cash on Delivery,male,4,4,Laptop & Accessory,1,Married,3,0,18,3,5,8,158,0.6,6/6/2026 9:09
54405,0,19,3. Core Loyal (>1 Year),Mobile Phone,1,7,UPI,male,4,2,Others,1,Married,2,0,0,2,2,8,317,1,6/6/2026 9:09
54406,0,5,1. Junior User (1-6 Months),Computer,1,10,Credit Card,male,4,4,Fashion,3,Married,11,0,13,0,3,3,262,0,6/6/2026 9:09
54407,0,7,2. Mid-Loyal (7-12 Months),Mobile Phone,1,12,Debit Card,female,4,5,Mobile Phone,1,Married,3,0,14,1,2,3,154,0.5,6/6/2026 9:09
54408,0,8,2. Mid-Loyal (7-12 Months),Mobile Phone,1,9,Debit Card,male,3,5,Laptop & Accessory,5,Married,8,0,14,1,6,10,185,0.17,6/6/2026 9:09
54409,0,11,2. Mid-Loyal (7-12 Months),Mobile Phone,1,7,Credit Card,female,3,5,Mobile Phone,5,Married,4,0,15,1,2,3,164,0.5,6/6/2026 9:09
54410,0,19,3. Core Loyal (>1 Year),Computer,1,14,Debit Card,male,4,2,Laptop & Accessory,3,Married,6,0,18,2,2,3,189,1,6/6/2026 9:09
54411,1,1,1. Junior User (1-6 Months),Computer,1,17,Credit Card,male,4,4,Fashion,3,Married,8,0,12,1,2,-1,225,0.5,6/6/2026 9:09
54412,0,13,3. Core Loyal (>1 Year),Computer,1,9,Cash on Delivery,female,4,4,Fashion,3,Single,2,0,26,7,0,9,234,0,6/6/2026 9:09
54413,0,3,1. Junior User (1-6 Months),Mobile Phone,1,22,Debit Card,male,3,4,Mobile Phone,1,Single,3,0,20,2,2,6,148,1,6/6/2026 9:09
54414,0,16,3. Core Loyal (>1 Year),Mobile Phone,1,24,Debit Card,female,3,2,Laptop & Accessory,5,Single,5,1,14,2,2,3,190,1,6/6/2026 9:09
54415,0,3,1. Junior User (1-6 Months),Mobile Phone,3,27,E wallet,male,3,4,Laptop & Accessory,1,Married,4,0,15,2,2,3,194,1,6/6/2026 9:09
54416,0,1,1. Junior User (1-6 Months),Mobile Phone,1,7,Debit Card,female,4,4,Laptop & Accessory,3,Married,2,0,13,2,2,3,174,1,6/6/2026 9:09
54417,0,16,3. Core Loyal (>1 Year),Mobile Phone,1,9,Credit Card,female,3,5,Mobile Phone,5,Married,2,1,12,8,8,9,151,1,6/6/2026 9:09
54418,0,14,3. Core Loyal (>1 Year),Mobile Phone,1,9,Credit Card,male,3,4,Others,3,Married,2,0,0,4,4,10,319,1,6/6/2026 9:09
54419,0,25,3. Core Loyal (>1 Year),Mobile Phone,1,7,Debit Card,male,4,4,Mobile Phone,1,Married,3,0,12,2,2,1,152,1,6/6/2026 9:09
54420,1,1,1. Junior User (1-6 Months),Computer,1,36,Credit Card,male,4,5,Mobile Phone,4,Single,2,0,12,1,2,5,160,0.5,6/6/2026 9:09
54421,0,6,1. Junior User (1-6 Months),Computer,1,14,Debit Card,male,4,2,Mobile Phone,4,Married,3,0,21,1,2,4,153,0.5,6/6/2026 9:09
54422,0,12,2. Mid-Loyal (7-12 Months),Computer,3,9,Debit Card,male,3,5,Laptop & Accessory,1,Married,5,0,19,2,8,6,177,0.25,6/6/2026 9:09
54423,0,6,1. Junior User (1-6 Months),Mobile Phone,1,9,Cash on Delivery,male,3,5,Laptop & Accessory,5,Single,6,0,14,1,2,5,147,0.5,6/6/2026 9:09
54424,0,20,3. Core Loyal (>1 Year),Mobile Phone,3,9,Cash on Delivery,female,4,6,Grocery,4,Married,5,1,0,7,8,8,294,0.88,6/6/2026 9:09
54425,1,1,1. Junior User (1-6 Months),Mobile Phone,1,9,Debit Card,male,4,4,Mobile Phone,3,Single,4,0,12,1,2,1,160,0.5,6/6/2026 9:09
54426,0,3,1. Junior User (1-6 Months),Mobile Phone,3,9,Credit Card,male,4,5,Laptop & Accessory,4,Married,4,0,20,2,2,1,191,1,6/6/2026 9:09
54427,0,5,1. Junior User (1-6 Months),Mobile Phone,1,30,Credit Card,male,4,5,Laptop & Accessory,1,Married,2,0,22,1,8,9,181,0.13,6/6/2026 9:09
54428,0,1,1. Junior User (1-6 Months),Computer,1,12,Debit Card,male,3,2,Laptop & Accessory,5,Married,3,0,13,2,2,6,165,1,6/6/2026 9:09
54429,0,19,3. Core Loyal (>1 Year),Mobile Phone,1,27,Credit Card,male,4,4,Grocery,1,Married,2,1,15,3,0,11,260,0,6/6/2026 9:09
54430,0,10,2. Mid-Loyal (7-12 Months),Mobile Phone,1,13,Debit Card,male,3,4,Mobile Phone,1,Married,2,0,12,2,11,12,157,0.18,6/6/2026 9:09
54431,0,29,3. Core Loyal (>1 Year),Mobile Phone,1,7,Credit Card,male,3,4,Others,5,Single,2,1,0,4,5,14,315,0.8,6/6/2026 9:09
54432,1,11,2. Mid-Loyal (7-12 Months),Computer,1,36,Debit Card,male,3,4,Fashion,4,Married,3,1,13,5,0,10,243,0,6/6/2026 9:09
54433,0,2,1. Junior User (1-6 Months),Mobile Phone,1,16,Credit Card,male,4,4,Mobile Phone,1,Married,3,0,24,2,2,5,146,1,6/6/2026 9:09
54434,0,11,2. Mid-Loyal (7-12 Months),Mobile Phone,3,13,Credit Card,male,4,4,Laptop & Accessory,1,Married,6,0,15,2,2,2,190,1,6/6/2026 9:09
54435,0,1,1. Junior User (1-6 Months),Mobile Phone,1,10,Credit Card,male,4,5,Mobile Phone,3,Single,3,0,18,2,2,1,157,1,6/6/2026 9:09
54436,0,11,2. Mid-Loyal (7-12 Months),Computer,1,7,Credit Card,female,4,4,Fashion,1,Married,4,1,19,0,2,3,261,0,6/6/2026 9:09
54437,0,9,2. Mid-Loyal (7-12 Months),Mobile Phone,1,29,Debit Card,female,4,2,Fashion,4,Married,9,0,19,6,0,3,245,0,6/6/2026 9:09
54438,0,12,2. Mid-Loyal (7-12 Months),Mobile Phone,3,14,Credit Card,female,3,2,Laptop & Accessory,5,Married,3,1,25,5,8,8,181,0.63,6/6/2026 9:09
54439,0,1,1. Junior User (1-6 Months),Computer,1,7,Debit Card,female,3,4,Laptop & Accessory,4,Married,3,0,21,2,2,5,189,1,6/6/2026 9:09
54440,0,24,3. Core Loyal (>1 Year),Mobile Phone,1,11,Debit Card,male,4,4,Others,4,Married,5,0,0,1,2,7,316,0.5,6/6/2026 9:09
54441,0,27,3. Core Loyal (>1 Year),Mobile Phone,1,10,Credit Card,male,3,4,Grocery,3,Married,5,1,0,2,2,4,301,1,6/6/2026 9:09
54442,0,16,3. Core Loyal (>1 Year),Mobile Phone,3,7,Debit Card,male,2,4,Laptop & Accessory,3,Married,3,0,26,7,12,7,174,0.58,6/6/2026 9:09
54443,0,3,1. Junior User (1-6 Months),Computer,3,9,Debit Card,male,3,4,Laptop & Accessory,1,Single,3,0,19,1,2,10,171,0.5,6/6/2026 9:09
54444,0,29,3. Core Loyal (>1 Year),Mobile Phone,1,27,Cash on Delivery,male,3,4,Laptop & Accessory,1,Married,5,1,20,1,2,9,179,0.5,6/6/2026 9:09
54445,0,1,1. Junior User (1-6 Months),Computer,1,18,Credit Card,male,3,4,Laptop & Accessory,5,Married,3,1,14,2,4,4,172,0.5,6/6/2026 9:09
54446,0,11,2. Mid-Loyal (7-12 Months),Mobile Phone,1,7,Debit Card,female,3,4,Mobile Phone,1,Single,3,0,13,2,6,8,146,0.33,6/6/2026 9:09
54447,1,8,2. Mid-Loyal (7-12 Months),Computer,1,31,Debit Card,male,3,4,Mobile Phone,3,Married,5,1,23,1,2,1,157,0.5,6/6/2026 9:09
54448,0,12,2. Mid-Loyal (7-12 Months),Mobile Phone,1,30,Debit Card,male,3,4,Laptop & Accessory,1,Married,11,0,15,1,2,3,182,0.5,6/6/2026 9:09
54449,1,1,1. Junior User (1-6 Months),Mobile Phone,1,23,Credit Card,male,3,4,Mobile Phone,4,Married,4,1,14,2,2,3,149,1,6/6/2026 9:09
54450,0,2,1. Junior User (1-6 Months),Mobile Phone,1,15,Debit Card,female,4,4,Mobile Phone,1,Single,3,0,22,2,2,3,158,1,6/6/2026 9:09
54451,0,23,3. Core Loyal (>1 Year),Computer,1,17,Debit Card,female,3,4,Others,5,Single,11,1,0,1,2,3,312,0.5,6/6/2026 9:09
54452,0,10,2. Mid-Loyal (7-12 Months),Mobile Phone,1,10,Cash on Delivery,male,2,4,Laptop & Accessory,4,Single,6,0,13,3,8,8,170,0.38,6/6/2026 9:09
54453,0,5,1. Junior User (1-6 Months),Computer,3,12,E wallet,female,3,4,Mobile Phone,4,Married,3,0,12,1,3,3,153,0.33,6/6/2026 9:09
54454,1,1,1. Junior User (1-6 Months),Mobile Phone,3,11,E wallet,male,3,5,Laptop & Accessory,1,Single,3,1,13,5,8,5,183,0.63,6/6/2026 9:09
54455,0,11,2. Mid-Loyal (7-12 Months),Computer,1,16,Credit Card,male,3,4,Mobile Phone,1,Married,3,1,13,1,2,3,148,0.5,6/6/2026 9:09
54456,0,16,3. Core Loyal (>1 Year),Computer,3,33,E wallet,female,4,4,Grocery,4,Married,7,0,15,4,0,9,260,0,6/6/2026 9:09
54457,1,1,1. Junior User (1-6 Months),Mobile Phone,1,10,Debit Card,male,3,4,Mobile Phone,3,Single,3,0,14,2,2,1,139,1,6/6/2026 9:09
54458,0,9,2. Mid-Loyal (7-12 Months),Mobile Phone,3,23,E wallet,male,4,4,Fashion,4,Married,2,0,16,4,7,10,205,0.57,6/6/2026 9:09
54459,0,10,2. Mid-Loyal (7-12 Months),Computer,1,25,Debit Card,male,3,2,Mobile Phone,1,Married,6,0,19,2,2,1,162,1,6/6/2026 9:09
54460,0,25,3. Core Loyal (>1 Year),Mobile Phone,1,9,Credit Card,male,3,6,Laptop & Accessory,4,Married,7,0,19,1,2,3,180,0.5,6/6/2026 9:09
54461,0,15,3. Core Loyal (>1 Year),Mobile Phone,3,9,Debit Card,male,3,4,Grocery,4,Single,3,0,20,0,2,5,285,0,6/6/2026 9:09
54462,0,1,1. Junior User (1-6 Months),Mobile Phone,3,17,Credit Card,female,4,5,Mobile Phone,3,Single,3,0,13,1,2,1,137,0.5,6/6/2026 9:09
54463,0,2,1. Junior User (1-6 Months),Mobile Phone,1,23,Credit Card,male,4,2,Laptop & Accessory,5,Single,2,0,20,1,2,8,182,0.5,6/6/2026 9:09
54464,0,5,1. Junior User (1-6 Months),Mobile Phone,3,14,Cash on Delivery,male,4,2,Laptop & Accessory,1,Married,6,0,12,4,8,8,194,0.5,6/6/2026 9:09
54465,0,13,3. Core Loyal (>1 Year),Mobile Phone,1,7,Credit Card,male,3,2,Fashion,1,Married,2,0,18,2,4,-1,221,0.5,6/6/2026 9:09
54466,0,10,2. Mid-Loyal (7-12 Months),Computer,1,31,Debit Card,female,3,4,Laptop & Accessory,4,Married,9,0,16,2,2,9,182,1,6/6/2026 9:09
54467,0,6,1. Junior User (1-6 Months),Mobile Phone,3,14,Debit Card,male,4,5,Laptop & Accessory,3,Married,3,0,15,4,5,9,180,0.8,6/6/2026 9:09
54468,0,12,2. Mid-Loyal (7-12 Months),Mobile Phone,1,32,Debit Card,female,3,5,Fashion,4,Married,5,0,18,1,0,2,246,0,6/6/2026 9:09
54469,0,31,3. Core Loyal (>1 Year),Computer,1,7,Debit Card,male,3,6,Laptop & Accessory,3,Married,4,1,14,2,2,3,182,1,6/6/2026 9:09
54470,0,5,1. Junior User (1-6 Months),Mobile Phone,1,12,Cash on Delivery,male,3,4,Mobile Phone,1,Married,2,1,13,2,2,4,173,1,6/6/2026 9:09
54471,0,5,1. Junior User (1-6 Months),Mobile Phone,2,9,UPI,male,4,5,Laptop & Accessory,5,Married,5,0,13,1,2,1,189,0.5,6/6/2026 9:09
54472,0,19,3. Core Loyal (>1 Year),Computer,1,14,Debit Card,male,4,4,Fashion,5,Married,3,0,19,3,10,12,177,0.3,6/6/2026 9:09
54473,0,5,1. Junior User (1-6 Months),Mobile Phone,1,9,Debit Card,male,3,4,Mobile Phone,1,Married,2,1,19,3,3,3,152,1,6/6/2026 9:09
54474,0,7,2. Mid-Loyal (7-12 Months),Computer,1,12,Debit Card,female,4,4,Fashion,4,Married,8,0,12,8,0,9,244,0,6/6/2026 9:09
54475,0,1,1. Junior User (1-6 Months),Mobile Phone,1,17,Credit Card,male,4,4,Grocery,5,Married,3,1,0,2,12,11,296,0.17,6/6/2026 9:09
54476,0,17,3. Core Loyal (>1 Year),Computer,1,17,Debit Card,female,3,4,Mobile Phone,1,Single,2,0,20,1,2,8,150,0.5,6/6/2026 9:09
54477,0,23,3. Core Loyal (>1 Year),Mobile Phone,1,7,Cash on Delivery,female,3,5,Grocery,3,Single,9,1,13,0,2,8,265,0,6/6/2026 9:09
54478,1,16,3. Core Loyal (>1 Year),Mobile Phone,1,15,Credit Card,male,3,5,Laptop & Accessory,4,Married,4,0,16,8,8,8,174,1,6/6/2026 9:09
54479,0,1,1. Junior User (1-6 Months),Mobile Phone,1,12,Debit Card,female,3,4,Mobile Phone,4,Single,3,1,13,1,2,3,150,0.5,6/6/2026 9:09
54480,0,6,1. Junior User (1-6 Months),Mobile Phone,3,15,Cash on Delivery,female,4,5,Laptop & Accessory,4,Married,3,1,12,12,12,10,177,1,6/6/2026 9:09
54481,0,1,1. Junior User (1-6 Months),Mobile Phone,3,9,Debit Card,male,4,4,Laptop & Accessory,3,Single,3,1,12,1,2,5,170,0.5,6/6/2026 9:09
54482,0,5,1. Junior User (1-6 Months),Mobile Phone,3,14,E wallet,male,4,4,Laptop & Accessory,1,Married,6,0,13,1,2,8,200,0.5,6/6/2026 9:09
54483,0,6,1. Junior User (1-6 Months),Mobile Phone,1,9,Credit Card,female,4,2,Laptop & Accessory,1,Single,9,0,17,1,2,8,176,0.5,6/6/2026 9:09
54484,1,1,1. Junior User (1-6 Months),Mobile Phone,1,9,Credit Card,male,3,6,Mobile Phone,1,Married,7,1,14,2,3,3,160,0.67,6/6/2026 9:09
54485,0,4,1. Junior User (1-6 Months),Mobile Phone,1,35,Credit Card,female,4,4,Laptop & Accessory,1,Married,3,0,14,2,2,10,183,1,6/6/2026 9:09
54486,0,5,1. Junior User (1-6 Months),Computer,1,14,Debit Card,female,3,5,Fashion,3,Married,3,0,25,8,9,-1,214,0.89,6/6/2026 9:09
54487,0,13,3. Core Loyal (>1 Year),Computer,1,14,Credit Card,male,3,5,Others,1,Married,3,0,0,7,14,4,318,0.5,6/6/2026 9:09
54488,1,3,1. Junior User (1-6 Months),Mobile Phone,3,10,Credit Card,female,3,4,Laptop & Accessory,3,Married,6,1,19,2,2,1,177,1,6/6/2026 9:09
54489,0,7,2. Mid-Loyal (7-12 Months),Computer,3,17,E wallet,male,3,5,Laptop & Accessory,1,Single,5,0,15,2,2,2,172,1,6/6/2026 9:09
54490,0,21,3. Core Loyal (>1 Year),Mobile Phone,1,12,Debit Card,male,3,4,Others,3,Married,6,0,0,2,2,2,308,1,6/6/2026 9:09
54491,0,17,3. Core Loyal (>1 Year),Computer,1,17,Debit Card,female,3,5,Laptop & Accessory,3,Married,3,0,12,2,2,1,178,1,6/6/2026 9:09
54492,0,1,1. Junior User (1-6 Months),Computer,3,7,E wallet,male,4,4,Laptop & Accessory,4,Married,2,1,14,1,2,5,188,0.5,6/6/2026 9:09
54493,0,28,3. Core Loyal (>1 Year),Computer,1,27,Debit Card,female,3,4,Laptop & Accessory,3,Single,5,0,13,1,2,4,174,0.5,6/6/2026 9:09
54494,0,17,3. Core Loyal (>1 Year),Mobile Phone,1,14,Debit Card,female,3,4,Fashion,5,Married,10,0,17,2,2,-1,225,1,6/6/2026 9:09
54495,0,19,3. Core Loyal (>1 Year),Mobile Phone,1,15,UPI,male,4,4,Laptop & Accessory,1,Married,11,0,15,9,10,9,162,0.9,6/6/2026 9:09
54496,0,14,3. Core Loyal (>1 Year),Mobile Phone,3,7,Credit Card,male,3,6,Laptop & Accessory,1,Married,4,1,23,2,2,3,200,1,6/6/2026 9:09
54497,1,1,1. Junior User (1-6 Months),Mobile Phone,1,15,UPI,male,4,6,Mobile Phone,5,Married,3,1,12,1,2,8,146,0.5,6/6/2026 9:09
54498,0,3,1. Junior User (1-6 Months),Mobile Phone,1,16,UPI,male,2,5,Mobile Phone,1,Single,2,0,18,2,3,3,165,0.67,6/6/2026 9:09
54499,0,4,1. Junior User (1-6 Months),Mobile Phone,3,12,E wallet,female,2,5,Laptop & Accessory,3,Married,3,0,14,2,2,3,186,1,6/6/2026 9:09
54500,0,1,1. Junior User (1-6 Months),Mobile Phone,3,15,E wallet,female,3,4,Laptop & Accessory,4,Married,3,0,19,1,2,8,187,0.5,6/6/2026 9:09
54501,0,11,2. Mid-Loyal (7-12 Months),Mobile Phone,1,12,Credit Card,male,4,4,Laptop & Accessory,1,Married,9,0,17,2,2,5,188,1,6/6/2026 9:09
54502,0,12,2. Mid-Loyal (7-12 Months),Mobile Phone,1,22,Debit Card,male,4,5,Fashion,1,Married,2,1,15,3,0,10,240,0,6/6/2026 9:09
54503,0,5,1. Junior User (1-6 Months),Mobile Phone,1,14,Credit Card,female,3,4,Fashion,1,Single,3,1,15,5,5,11,196,1,6/6/2026 9:09
54504,0,3,1. Junior User (1-6 Months),Mobile Phone,3,17,E wallet,female,3,5,Laptop & Accessory,4,Married,3,1,15,2,2,8,208,1,6/6/2026 9:09
54505,0,9,2. Mid-Loyal (7-12 Months),Mobile Phone,1,12,Cash on Delivery,male,4,4,Fashion,4,Single,2,0,14,2,2,14,206,1,6/6/2026 9:09
54506,0,1,1. Junior User (1-6 Months),Mobile Phone,1,33,Debit Card,male,3,4,Mobile Phone,1,Married,3,0,13,1,2,3,154,0.5,6/6/2026 9:09
54507,0,15,3. Core Loyal (>1 Year),Mobile Phone,1,13,Credit Card,male,4,5,Laptop & Accessory,4,Single,8,1,16,2,2,3,185,1,6/6/2026 9:09
54508,0,21,3. Core Loyal (>1 Year),Computer,3,11,Credit Card,male,4,4,Laptop & Accessory,3,Single,5,0,20,1,2,1,155,0.5,6/6/2026 9:09
54509,0,16,3. Core Loyal (>1 Year),Mobile Phone,1,30,Debit Card,female,3,4,Grocery,1,Single,4,0,15,0,2,1,285,0,6/6/2026 9:09
54510,0,3,1. Junior User (1-6 Months),Computer,3,9,Debit Card,male,4,4,Laptop & Accessory,3,Married,3,0,15,2,2,3,171,1,6/6/2026 9:09
54511,0,16,3. Core Loyal (>1 Year),Mobile Phone,2,9,Cash on Delivery,male,3,4,Mobile Phone,3,Married,2,1,12,2,2,1,152,1,6/6/2026 9:09
54512,0,6,1. Junior User (1-6 Months),Mobile Phone,1,9,Credit Card,female,4,4,Mobile Phone,4,Married,3,0,14,1,2,8,149,0.5,6/6/2026 9:09
54513,0,22,3. Core Loyal (>1 Year),Mobile Phone,3,36,Credit Card,female,4,4,Fashion,3,Married,5,0,22,1,0,1,250,0,6/6/2026 9:09
54514,0,11,2. Mid-Loyal (7-12 Months),Mobile Phone,1,13,Credit Card,male,3,2,Laptop & Accessory,5,Married,6,1,14,7,7,8,185,1,6/6/2026 9:09
54515,0,4,1. Junior User (1-6 Months),Computer,3,32,Cash on Delivery,female,3,4,Laptop & Accessory,3,Married,9,1,13,3,3,3,172,1,6/6/2026 9:09
54516,0,1,1. Junior User (1-6 Months),Mobile Phone,3,7,Debit Card,male,3,4,Laptop & Accessory,3,Married,3,0,18,1,8,8,178,0.13,6/6/2026 9:09
54517,0,16,3. Core Loyal (>1 Year),Mobile Phone,1,9,UPI,male,4,5,Laptop & Accessory,1,Single,5,0,24,2,2,1,193,1,6/6/2026 9:09
54518,1,1,1. Junior User (1-6 Months),Computer,3,7,Cash on Delivery,female,4,5,Mobile Phone,4,Single,3,1,12,2,2,3,147,1,6/6/2026 9:09
54519,0,10,2. Mid-Loyal (7-12 Months),Computer,3,7,Credit Card,female,3,4,Laptop & Accessory,1,Single,6,0,16,2,2,1,192,1,6/6/2026 9:09
54520,0,10,2. Mid-Loyal (7-12 Months),Computer,3,10,Credit Card,male,3,5,Fashion,1,Married,6,0,12,1,2,-1,222,0.5,6/6/2026 9:09
54521,0,31,3. Core Loyal (>1 Year),Mobile Phone,1,7,Credit Card,male,3,4,Laptop & Accessory,3,Married,4,0,12,1,2,3,193,0.5,6/6/2026 9:09
54522,0,14,3. Core Loyal (>1 Year),Mobile Phone,1,17,Debit Card,female,3,2,Mobile Phone,3,Married,5,1,14,1,2,8,147,0.5,6/6/2026 9:09
54523,0,1,1. Junior User (1-6 Months),Computer,3,16,Credit Card,male,3,4,Mobile Phone,1,Single,3,0,25,3,3,3,151,1,6/6/2026 9:09
54524,1,1,1. Junior User (1-6 Months),Mobile Phone,3,12,E wallet,female,3,4,Mobile Phone,3,Single,3,1,14,1,2,1,154,0.5,6/6/2026 9:09
54525,0,11,2. Mid-Loyal (7-12 Months),Mobile Phone,1,17,Credit Card,female,4,4,Mobile Phone,5,Married,8,0,21,2,2,4,160,1,6/6/2026 9:09
54526,0,20,3. Core Loyal (>1 Year),Computer,1,14,Credit Card,female,2,4,Laptop & Accessory,3,Married,4,0,15,2,2,1,178,1,6/6/2026 9:09
54527,1,5,1. Junior User (1-6 Months),Computer,3,11,E wallet,male,3,4,Laptop & Accessory,4,Single,3,0,19,5,8,-1,219,0.63,6/6/2026 9:09
54528,0,24,3. Core Loyal (>1 Year),Mobile Phone,1,17,Cash on Delivery,male,4,5,Fashion,1,Single,8,0,16,2,2,-1,230,1,6/6/2026 9:09
54529,1,4,1. Junior User (1-6 Months),Mobile Phone,3,29,E wallet,male,4,5,Laptop & Accessory,3,Married,4,1,13,2,2,1,189,1,6/6/2026 9:09
54530,0,5,1. Junior User (1-6 Months),Mobile Phone,1,16,Debit Card,male,3,5,Mobile Phone,4,Single,2,1,17,3,3,3,152,1,6/6/2026 9:09
54531,1,1,1. Junior User (1-6 Months),Mobile Phone,3,19,Debit Card,female,3,2,Mobile Phone,4,Single,3,0,16,1,2,1,152,0.5,6/6/2026 9:09
54532,0,3,1. Junior User (1-6 Months),Mobile Phone,1,30,Debit Card,male,3,4,Mobile Phone,1,Single,11,0,17,1,2,3,147,0.5,6/6/2026 9:09
54533,0,9,2. Mid-Loyal (7-12 Months),Mobile Phone,1,16,Debit Card,male,4,5,Laptop & Accessory,4,Single,11,0,20,1,2,1,190,0.5,6/6/2026 9:09
54534,0,1,1. Junior User (1-6 Months),Mobile Phone,1,7,Credit Card,male,3,4,Mobile Phone,4,Married,3,0,12,1,2,5,163,0.5,6/6/2026 9:09
54535,0,2,1. Junior User (1-6 Months),Mobile Phone,3,16,Debit Card,male,4,4,Laptop & Accessory,1,Single,3,0,17,2,2,8,178,1,6/6/2026 9:09
54536,0,23,3. Core Loyal (>1 Year),Mobile Phone,1,14,UPI,male,3,5,Fashion,3,Single,10,0,25,2,0,1,235,0,6/6/2026 9:09
54537,0,25,3. Core Loyal (>1 Year),Mobile Phone,3,21,Debit Card,female,3,4,Laptop & Accessory,1,Married,6,0,12,2,2,8,174,1,6/6/2026 9:09
54538,0,10,2. Mid-Loyal (7-12 Months),Mobile Phone,1,9,Debit Card,female,4,4,Mobile Phone,3,Married,6,0,14,3,3,3,150,1,6/6/2026 9:09
54539,1,1,1. Junior User (1-6 Months),Computer,3,26,E wallet,male,4,2,Laptop & Accessory,1,Single,10,1,14,1,2,5,178,0.5,6/6/2026 9:09
54540,0,29,3. Core Loyal (>1 Year),Mobile Phone,1,9,Debit Card,female,4,4,Grocery,1,Single,4,1,14,0,2,3,292,0,6/6/2026 9:09
54541,0,1,1. Junior User (1-6 Months),Mobile Phone,3,17,E wallet,female,4,4,Laptop & Accessory,3,Married,3,1,13,1,2,4,168,0.5,6/6/2026 9:09
54542,0,4,1. Junior User (1-6 Months),Mobile Phone,3,9,Cash on Delivery,male,4,4,Mobile Phone,4,Married,3,0,19,2,2,1,150,1,6/6/2026 9:09
54543,1,1,1. Junior User (1-6 Months),Computer,1,10,Cash on Delivery,male,4,4,Mobile Phone,5,Single,2,0,23,1,2,5,156,0.5,6/6/2026 9:09
54544,0,1,1. Junior User (1-6 Months),Mobile Phone,1,18,Credit Card,female,3,4,Mobile Phone,4,Married,3,0,14,2,2,3,147,1,6/6/2026 9:09
54545,0,10,2. Mid-Loyal (7-12 Months),Mobile Phone,3,9,Credit Card,male,4,5,Fashion,3,Married,3,0,14,9,10,1,201,0.9,6/6/2026 9:09
54546,1,1,1. Junior User (1-6 Months),Computer,1,11,Cash on Delivery,male,3,4,Mobile Phone,1,Single,11,1,24,2,2,1,148,1,6/6/2026 9:09
54547,0,11,2. Mid-Loyal (7-12 Months),Mobile Phone,1,21,Debit Card,female,4,4,Mobile Phone,5,Married,3,0,13,11,13,18,155,0.85,6/6/2026 9:09
54548,0,14,3. Core Loyal (>1 Year),Mobile Phone,3,9,E wallet,female,3,4,Laptop & Accessory,4,Married,9,0,13,1,2,4,182,0.5,6/6/2026 9:09
54549,0,16,3. Core Loyal (>1 Year),Mobile Phone,1,7,Debit Card,female,4,4,Mobile Phone,5,Married,5,0,17,1,2,3,151,0.5,6/6/2026 9:09
54550,0,11,2. Mid-Loyal (7-12 Months),Mobile Phone,1,17,Debit Card,male,3,4,Laptop & Accessory,4,Single,4,1,13,1,2,2,167,0.5,6/6/2026 9:09
54551,0,17,3. Core Loyal (>1 Year),Mobile Phone,1,19,Debit Card,male,3,5,Grocery,4,Married,3,0,12,0,4,10,268,0,6/6/2026 9:09
54552,0,14,3. Core Loyal (>1 Year),Mobile Phone,1,9,Credit Card,female,4,5,Laptop & Accessory,3,Married,8,0,23,2,2,1,159,1,6/6/2026 9:09
54553,0,28,3. Core Loyal (>1 Year),Mobile Phone,1,12,Credit Card,male,3,4,Others,5,Married,6,0,0,2,2,3,319,1,6/6/2026 9:09
54554,0,8,2. Mid-Loyal (7-12 Months),Computer,3,11,E wallet,female,4,4,Laptop & Accessory,3,Married,11,0,16,1,2,3,190,0.5,6/6/2026 9:09
54555,0,5,1. Junior User (1-6 Months),Mobile Phone,1,14,Credit Card,female,3,4,Laptop & Accessory,5,Married,3,0,13,4,4,13,168,1,6/6/2026 9:09
54556,0,17,3. Core Loyal (>1 Year),Computer,1,28,Credit Card,male,4,4,Mobile Phone,1,Married,9,0,21,2,2,3,148,1,6/6/2026 9:09
54557,0,17,3. Core Loyal (>1 Year),Mobile Phone,1,15,UPI,female,4,4,Laptop & Accessory,3,Married,6,1,15,2,2,3,170,1,6/6/2026 9:09
54558,0,1,1. Junior User (1-6 Months),Mobile Phone,3,11,Debit Card,female,4,5,Laptop & Accessory,1,Single,3,1,12,1,2,4,170,0.5,6/6/2026 9:09
54559,0,11,2. Mid-Loyal (7-12 Months),Computer,1,32,Credit Card,female,4,4,Laptop & Accessory,3,Married,5,1,16,5,11,8,169,0.45,6/6/2026 9:09
54560,0,5,1. Junior User (1-6 Months),Mobile Phone,1,7,Debit Card,male,4,5,Mobile Phone,5,Married,3,0,13,4,4,3,147,1,6/6/2026 9:09
54561,0,13,3. Core Loyal (>1 Year),Computer,1,7,Debit Card,male,3,4,Others,3,Married,3,1,0,1,2,7,317,0.5,6/6/2026 9:09
54562,0,30,3. Core Loyal (>1 Year),Computer,3,13,Debit Card,female,3,2,Grocery,5,Married,11,0,12,7,0,8,257,0,6/6/2026 9:09
54563,0,4,1. Junior User (1-6 Months),Mobile Phone,3,19,Cash on Delivery,female,3,4,Laptop & Accessory,3,Single,2,0,12,4,5,5,191,0.8,6/6/2026 9:09
54564,0,15,3. Core Loyal (>1 Year),Mobile Phone,3,7,E wallet,male,3,2,Fashion,5,Married,3,0,17,2,2,8,209,1,6/6/2026 9:09
54565,0,2,1. Junior User (1-6 Months),Mobile Phone,1,24,Credit Card,male,4,4,Laptop & Accessory,5,Married,3,0,13,1,2,9,171,0.5,6/6/2026 9:09
54566,1,1,1. Junior User (1-6 Months),Mobile Phone,1,10,Credit Card,male,4,4,Mobile Phone,5,Married,7,0,14,2,2,3,165,1,6/6/2026 9:09
54567,0,26,3. Core Loyal (>1 Year),Mobile Phone,1,10,Credit Card,male,3,5,Fashion,3,Married,4,1,15,2,2,5,205,1,6/6/2026 9:09
54568,0,19,3. Core Loyal (>1 Year),Mobile Phone,1,17,Debit Card,male,4,4,Mobile Phone,1,Married,5,0,22,1,2,3,152,0.5,6/6/2026 9:09
54569,0,26,3. Core Loyal (>1 Year),Mobile Phone,1,11,Debit Card,female,2,4,Grocery,1,Married,4,0,14,0,2,5,291,0,6/6/2026 9:09
54570,0,16,3. Core Loyal (>1 Year),Computer,1,36,Debit Card,female,4,4,Laptop & Accessory,3,Married,4,0,12,2,2,3,171,1,6/6/2026 9:09
54571,0,4,1. Junior User (1-6 Months),Mobile Phone,1,9,Debit Card,female,3,6,Laptop & Accessory,1,Single,4,0,21,2,2,3,186,1,6/6/2026 9:09
54572,0,31,3. Core Loyal (>1 Year),Mobile Phone,1,14,Debit Card,female,3,4,Others,5,Married,7,0,0,2,12,11,321,0.17,6/6/2026 9:09
54573,0,20,3. Core Loyal (>1 Year),Mobile Phone,1,25,Credit Card,female,3,4,Laptop & Accessory,3,Married,4,0,15,2,2,9,173,1,6/6/2026 9:09
54574,0,16,3. Core Loyal (>1 Year),Computer,1,35,Cash on Delivery,female,3,5,Laptop & Accessory,1,Married,2,0,12,1,2,5,170,0.5,6/6/2026 9:09
54575,1,1,1. Junior User (1-6 Months),Mobile Phone,3,7,Cash on Delivery,female,4,4,Mobile Phone,4,Single,3,1,17,1,2,5,157,0.5,6/6/2026 9:09
54576,1,1,1. Junior User (1-6 Months),Computer,3,13,E wallet,female,3,6,Mobile Phone,3,Married,2,0,17,1,2,1,149,0.5,6/6/2026 9:09
54577,0,12,2. Mid-Loyal (7-12 Months),Computer,1,9,Debit Card,male,3,4,Mobile Phone,1,Married,3,1,24,2,2,1,142,1,6/6/2026 9:09
54578,0,14,3. Core Loyal (>1 Year),Mobile Phone,3,9,Debit Card,female,4,4,Others,3,Married,2,0,0,2,2,13,305,1,6/6/2026 9:09
54579,0,1,1. Junior User (1-6 Months),Mobile Phone,1,30,Debit Card,female,3,4,Mobile Phone,1,Married,3,0,23,1,2,3,154,0.5,6/6/2026 9:09
54580,0,4,1. Junior User (1-6 Months),Computer,1,10,Debit Card,male,3,4,Mobile Phone,1,Married,6,0,16,2,2,5,146,1,6/6/2026 9:09
54581,0,3,1. Junior User (1-6 Months),Mobile Phone,1,10,Credit Card,male,4,5,Fashion,3,Married,3,0,19,1,0,8,244,0,6/6/2026 9:09
54582,1,1,1. Junior User (1-6 Months),Mobile Phone,1,32,Cash on Delivery,female,4,5,Mobile Phone,4,Married,7,0,17,2,2,2,150,1,6/6/2026 9:09
54583,1,1,1. Junior User (1-6 Months),Mobile Phone,2,9,Cash on Delivery,male,3,5,Mobile Phone,1,Single,3,0,13,1,2,1,151,0.5,6/6/2026 9:09
54584,0,4,1. Junior User (1-6 Months),Computer,3,29,UPI,female,4,4,Fashion,5,Married,2,0,12,4,8,9,209,0.5,6/6/2026 9:09
54585,0,31,3. Core Loyal (>1 Year),Mobile Phone,3,36,E wallet,male,3,5,Grocery,1,Married,5,0,13,0,2,1,266,0,6/6/2026 9:09
54586,0,24,3. Core Loyal (>1 Year),Mobile Phone,1,36,Debit Card,male,3,5,Grocery,3,Married,2,0,0,16,16,8,295,1,6/6/2026 9:09
54587,0,4,1. Junior User (1-6 Months),Computer,1,9,Credit Card,female,3,4,Mobile Phone,1,Single,2,0,15,2,7,8,151,0.29,6/6/2026 9:09
54588,0,31,3. Core Loyal (>1 Year),Computer,3,35,E wallet,female,4,5,Fashion,5,Married,6,0,20,4,14,-1,228,0.29,6/6/2026 9:09
54589,0,21,3. Core Loyal (>1 Year),Mobile Phone,1,9,Credit Card,female,4,4,Laptop & Accessory,1,Married,7,0,14,1,2,5,176,0.5,6/6/2026 9:09
54590,0,20,3. Core Loyal (>1 Year),Mobile Phone,1,9,Debit Card,male,3,4,Grocery,3,Married,8,0,0,2,2,2,304,1,6/6/2026 9:09
54591,0,9,2. Mid-Loyal (7-12 Months),Mobile Phone,1,29,Debit Card,male,3,6,Mobile Phone,3,Single,2,0,16,2,5,4,167,0.4,6/6/2026 9:09
54592,0,28,3. Core Loyal (>1 Year),Mobile Phone,1,6,Debit Card,female,3,4,Laptop & Accessory,3,Single,9,0,12,1,2,1,163,0.5,6/6/2026 9:09
54593,0,8,2. Mid-Loyal (7-12 Months),Mobile Phone,1,9,Debit Card,male,4,5,Mobile Phone,3,Married,5,0,13,4,6,8,153,0.67,6/6/2026 9:09
54594,0,6,1. Junior User (1-6 Months),Mobile Phone,3,17,E wallet,female,4,5,Fashion,1,Married,4,1,20,1,2,-1,216,0.5,6/6/2026 9:09
54595,0,5,1. Junior User (1-6 Months),Mobile Phone,1,16,Debit Card,male,3,4,Fashion,4,Married,3,0,26,1,2,9,231,0.5,6/6/2026 9:09
54596,1,1,1. Junior User (1-6 Months),Mobile Phone,1,22,Credit Card,male,3,4,Fashion,3,Married,9,1,13,0,8,8,261,0,6/6/2026 9:09
54597,1,1,1. Junior User (1-6 Months),Mobile Phone,1,17,Credit Card,male,3,6,Mobile Phone,1,Married,9,0,14,1,2,4,159,0.5,6/6/2026 9:09
54598,0,4,1. Junior User (1-6 Months),Mobile Phone,3,14,E wallet,male,3,4,Mobile Phone,4,Single,2,0,15,1,2,3,155,0.5,6/6/2026 9:09
54599,0,9,2. Mid-Loyal (7-12 Months),Mobile Phone,1,23,Debit Card,male,4,4,Fashion,3,Married,6,1,13,1,2,1,201,0.5,6/6/2026 9:09
54600,1,1,1. Junior User (1-6 Months),Computer,1,27,Debit Card,male,4,4,Fashion,3,Married,5,0,13,2,2,-1,223,1,6/6/2026 9:09
54601,1,1,1. Junior User (1-6 Months),Computer,2,30,UPI,female,3,4,Fashion,5,Married,11,1,16,2,2,-1,225,1,6/6/2026 9:09
54602,0,16,3. Core Loyal (>1 Year),Computer,1,12,UPI,male,4,4,Mobile Phone,3,Married,6,0,18,1,3,1,146,0.33,6/6/2026 9:09
54603,0,10,2. Mid-Loyal (7-12 Months),Computer,3,17,Credit Card,male,3,4,Fashion,1,Single,3,0,15,9,10,-1,225,0.9,6/6/2026 9:09
54604,1,1,1. Junior User (1-6 Months),Computer,1,11,Cash on Delivery,male,4,5,Mobile Phone,3,Single,7,0,17,1,2,3,164,0.5,6/6/2026 9:09
54605,0,22,3. Core Loyal (>1 Year),Mobile Phone,3,9,E wallet,female,3,4,Laptop & Accessory,1,Married,4,0,15,7,7,8,166,1,6/6/2026 9:09
54606,0,29,3. Core Loyal (>1 Year),Mobile Phone,3,25,Debit Card,female,3,4,Grocery,4,Single,5,0,0,2,8,9,293,0.25,6/6/2026 9:09
54607,0,15,3. Core Loyal (>1 Year),Computer,3,17,Debit Card,male,3,4,Laptop & Accessory,1,Single,9,0,15,1,2,11,187,0.5,6/6/2026 9:09
54608,0,9,2. Mid-Loyal (7-12 Months),Mobile Phone,3,7,E wallet,male,3,4,Laptop & Accessory,3,Married,11,0,12,1,7,10,172,0.14,6/6/2026 9:09
54609,0,14,3. Core Loyal (>1 Year),Mobile Phone,1,13,Debit Card,female,4,4,Grocery,3,Single,9,0,16,5,0,14,257,0,6/6/2026 9:09
54610,0,13,3. Core Loyal (>1 Year),Computer,1,15,Debit Card,female,3,4,Mobile Phone,3,Married,3,0,12,2,2,8,163,1,6/6/2026 9:09
54611,0,5,1. Junior User (1-6 Months),Mobile Phone,3,9,Debit Card,male,4,4,Laptop & Accessory,1,Single,6,1,14,2,2,6,191,1,6/6/2026 9:09
54612,0,16,3. Core Loyal (>1 Year),Mobile Phone,1,31,Credit Card,male,3,4,Fashion,5,Married,3,1,22,6,6,9,199,1,6/6/2026 9:09
54613,0,19,3. Core Loyal (>1 Year),Mobile Phone,3,9,UPI,male,4,4,Laptop & Accessory,4,Married,2,0,20,4,4,8,173,1,6/6/2026 9:09
54614,1,1,1. Junior User (1-6 Months),Computer,2,24,Debit Card,female,3,4,Mobile Phone,3,Married,2,1,12,1,2,1,152,0.5,6/6/2026 9:09
54615,0,3,1. Junior User (1-6 Months),Mobile Phone,1,26,Cash on Delivery,male,3,4,Laptop & Accessory,1,Married,6,0,13,2,2,3,168,1,6/6/2026 9:09
54616,0,7,2. Mid-Loyal (7-12 Months),Mobile Phone,1,7,Credit Card,female,4,2,Grocery,3,Married,6,0,20,0,2,6,287,0,6/6/2026 9:09
54617,0,5,1. Junior User (1-6 Months),Mobile Phone,3,14,Debit Card,male,3,5,Fashion,1,Married,11,0,22,2,0,2,241,0,6/6/2026 9:09
54618,1,1,1. Junior User (1-6 Months),Computer,3,12,E wallet,male,4,4,Mobile Phone,4,Single,3,1,15,2,2,1,144,1,6/6/2026 9:09
54619,0,14,3. Core Loyal (>1 Year),Computer,3,35,UPI,male,3,6,Fashion,5,Married,5,0,16,1,0,2,234,0,6/6/2026 9:09
54620,0,15,3. Core Loyal (>1 Year),Computer,1,9,UPI,female,4,5,Laptop & Accessory,3,Single,4,1,18,1,2,8,193,0.5,6/6/2026 9:09
54621,0,1,1. Junior User (1-6 Months),Mobile Phone,3,36,Credit Card,male,3,4,Laptop & Accessory,3,Married,7,0,13,1,2,1,168,0.5,6/6/2026 9:09
54622,0,9,2. Mid-Loyal (7-12 Months),Mobile Phone,3,7,Credit Card,female,4,4,Laptop & Accessory,3,Single,3,0,17,2,2,4,174,1,6/6/2026 9:09
54623,0,8,2. Mid-Loyal (7-12 Months),Mobile Phone,3,28,Debit Card,male,4,2,Laptop & Accessory,1,Single,3,0,13,1,6,8,178,0.17,6/6/2026 9:09
54624,1,1,1. Junior User (1-6 Months),Mobile Phone,1,31,Cash on Delivery,male,4,6,Mobile Phone,1,Single,3,1,19,1,2,1,148,0.5,6/6/2026 9:09
54625,0,11,2. Mid-Loyal (7-12 Months),Mobile Phone,1,7,Cash on Delivery,female,3,4,Fashion,1,Single,6,0,18,2,2,3,200,1,6/6/2026 9:09
54626,0,20,3. Core Loyal (>1 Year),Computer,1,25,Credit Card,female,3,4,Fashion,3,Married,7,0,12,1,2,-1,230,0.5,6/6/2026 9:09
54627,0,15,3. Core Loyal (>1 Year),Mobile Phone,3,9,Debit Card,female,4,4,Grocery,5,Married,9,0,17,0,12,9,291,0,6/6/2026 9:09
54628,0,11,2. Mid-Loyal (7-12 Months),Computer,3,16,Credit Card,male,4,4,Fashion,4,Married,3,0,14,2,8,-1,213,0.25,6/6/2026 9:09
54629,0,26,3. Core Loyal (>1 Year),Mobile Phone,1,13,Cash on Delivery,male,4,4,Laptop & Accessory,5,Married,5,1,13,3,7,10,181,0.43,6/6/2026 9:09
54630,1,1,1. Junior User (1-6 Months),Computer,3,18,UPI,male,3,2,Laptop & Accessory,3,Married,10,0,13,2,2,3,172,1,6/6/2026 9:09
54631,0,1,1. Junior User (1-6 Months),Computer,3,31,Credit Card,male,3,4,Mobile Phone,1,Married,2,0,14,2,3,2,149,0.67,6/6/2026 9:09
54632,0,12,2. Mid-Loyal (7-12 Months),Mobile Phone,1,17,Credit Card,female,4,4,Laptop & Accessory,3,Married,5,0,20,1,2,-1,223,0.5,6/6/2026 9:09
54633,0,11,2. Mid-Loyal (7-12 Months),Mobile Phone,1,7,Debit Card,female,4,4,Laptop & Accessory,4,Married,8,0,13,5,5,4,189,1,6/6/2026 9:09
54634,0,23,3. Core Loyal (>1 Year),Mobile Phone,1,25,Debit Card,male,3,5,Others,3,Married,3,1,0,2,2,10,320,1,6/6/2026 9:09
54635,0,1,1. Junior User (1-6 Months),Mobile Phone,1,30,Credit Card,male,3,2,Mobile Phone,1,Married,3,1,12,1,2,5,152,0.5,6/6/2026 9:09
54636,0,1,1. Junior User (1-6 Months),Mobile Phone,3,35,E wallet,male,4,4,Laptop & Accessory,4,Married,3,0,21,1,2,5,188,0.5,6/6/2026 9:09
54637,0,1,1. Junior User (1-6 Months),Mobile Phone,1,24,UPI,male,4,5,Mobile Phone,4,Married,3,0,22,2,2,1,146,1,6/6/2026 9:09
54638,0,24,3. Core Loyal (>1 Year),Computer,2,10,Credit Card,male,4,4,Others,4,Married,3,0,0,2,11,8,307,0.18,6/6/2026 9:09
54639,0,1,1. Junior User (1-6 Months),Mobile Phone,3,20,Credit Card,male,3,4,Mobile Phone,3,Married,3,0,12,2,2,7,146,1,6/6/2026 9:09
54640,1,1,1. Junior User (1-6 Months),Computer,1,14,Debit Card,female,3,4,Mobile Phone,3,Married,3,1,17,1,2,3,154,0.5,6/6/2026 9:09
54641,1,1,1. Junior User (1-6 Months),Computer,3,19,Debit Card,male,4,5,Mobile Phone,5,Married,3,0,19,2,2,1,145,1,6/6/2026 9:09
54642,0,8,2. Mid-Loyal (7-12 Months),Mobile Phone,1,7,Debit Card,male,3,5,Mobile Phone,1,Married,3,1,14,2,2,4,161,1,6/6/2026 9:09
54643,1,1,1. Junior User (1-6 Months),Mobile Phone,3,20,Credit Card,male,3,4,Laptop & Accessory,5,Married,4,0,18,1,2,3,167,0.5,6/6/2026 9:09
54644,0,9,2. Mid-Loyal (7-12 Months),Mobile Phone,1,32,UPI,male,3,5,Laptop & Accessory,1,Single,6,0,15,2,2,3,162,1,6/6/2026 9:09
54645,0,5,1. Junior User (1-6 Months),Mobile Phone,3,13,Credit Card,male,4,2,Laptop & Accessory,1,Married,6,0,23,6,6,8,180,1,6/6/2026 9:09
54646,0,1,1. Junior User (1-6 Months),Mobile Phone,1,13,Credit Card,female,4,5,Mobile Phone,3,Married,2,0,13,1,2,4,147,0.5,6/6/2026 9:09
54647,0,11,2. Mid-Loyal (7-12 Months),Mobile Phone,3,9,E wallet,male,4,4,Laptop & Accessory,3,Married,6,1,12,1,2,-1,221,0.5,6/6/2026 9:09
54648,0,1,1. Junior User (1-6 Months),Mobile Phone,1,7,Debit Card,female,3,5,Mobile Phone,4,Single,3,0,14,1,2,1,153,0.5,6/6/2026 9:09
54649,0,16,3. Core Loyal (>1 Year),Mobile Phone,1,9,Debit Card,female,3,4,Laptop & Accessory,1,Married,3,0,14,1,3,3,166,0.33,6/6/2026 9:09
54650,0,17,3. Core Loyal (>1 Year),Mobile Phone,1,13,UPI,male,3,5,Grocery,1,Married,6,1,15,0,2,1,291,0,6/6/2026 9:09
54651,0,12,2. Mid-Loyal (7-12 Months),Mobile Phone,1,7,Debit Card,female,3,4,Mobile Phone,5,Single,5,0,18,1,2,1,151,0.5,6/6/2026 9:09
54652,0,17,3. Core Loyal (>1 Year),Computer,1,16,Credit Card,male,4,4,Laptop & Accessory,3,Married,5,1,14,2,5,8,182,0.4,6/6/2026 9:09
54653,0,22,3. Core Loyal (>1 Year),Mobile Phone,1,7,Debit Card,female,3,5,Grocery,5,Married,9,0,12,0,2,3,279,0,6/6/2026 9:09
54654,0,18,3. Core Loyal (>1 Year),Mobile Phone,2,7,Debit Card,female,3,5,Laptop & Accessory,3,Single,6,0,12,2,2,3,185,1,6/6/2026 9:09
54655,0,8,2. Mid-Loyal (7-12 Months),Mobile Phone,3,21,Cash on Delivery,female,3,4,Mobile Phone,3,Married,3,1,19,2,2,7,151,1,6/6/2026 9:09
54656,1,1,1. Junior User (1-6 Months),Mobile Phone,3,9,E wallet,male,3,4,Mobile Phone,5,Married,2,0,12,2,2,3,155,1,6/6/2026 9:09
54657,0,1,1. Junior User (1-6 Months),Mobile Phone,3,29,Cash on Delivery,male,3,4,Mobile Phone,3,Single,3,0,12,1,2,3,159,0.5,6/6/2026 9:09
54658,0,18,3. Core Loyal (>1 Year),Mobile Phone,1,10,UPI,male,3,4,Others,1,Married,6,1,0,1,2,2,320,0.5,6/6/2026 9:09
54659,0,1,1. Junior User (1-6 Months),Mobile Phone,1,13,Credit Card,male,4,4,Mobile Phone,3,Married,2,0,21,2,3,3,153,0.67,6/6/2026 9:09
54660,0,7,2. Mid-Loyal (7-12 Months),Mobile Phone,3,15,E wallet,male,3,4,Laptop & Accessory,3,Married,2,0,13,1,2,3,196,0.5,6/6/2026 9:09
54661,0,6,1. Junior User (1-6 Months),Mobile Phone,1,16,Debit Card,female,4,4,Laptop & Accessory,1,Married,3,1,13,2,2,6,188,1,6/6/2026 9:09
54662,0,4,1. Junior User (1-6 Months),Computer,1,10,Credit Card,female,4,4,Mobile Phone,3,Married,3,0,21,2,2,1,146,1,6/6/2026 9:09
54663,0,27,3. Core Loyal (>1 Year),Mobile Phone,3,7,Credit Card,female,3,4,Laptop & Accessory,5,Single,9,0,21,5,9,11,209,0.56,6/6/2026 9:09
54664,0,8,2. Mid-Loyal (7-12 Months),Mobile Phone,1,7,Debit Card,male,3,4,Mobile Phone,1,Married,3,0,13,2,9,9,152,0.22,6/6/2026 9:09
54665,1,9,2. Mid-Loyal (7-12 Months),Computer,3,33,Debit Card,female,4,4,Laptop & Accessory,5,Married,4,0,15,1,2,1,168,0.5,6/6/2026 9:09
54666,0,1,1. Junior User (1-6 Months),Mobile Phone,1,13,Debit Card,female,4,4,Mobile Phone,1,Married,3,1,14,1,2,3,81,0.5,6/6/2026 9:09
54667,0,11,2. Mid-Loyal (7-12 Months),Mobile Phone,1,10,UPI,male,3,4,Fashion,3,Married,3,0,16,8,8,-1,219,1,6/6/2026 9:09
54668,0,3,1. Junior User (1-6 Months),Mobile Phone,3,10,Credit Card,female,4,4,Laptop & Accessory,3,Married,3,0,15,1,2,3,181,0.5,6/6/2026 9:09
54669,0,9,2. Mid-Loyal (7-12 Months),Mobile Phone,1,13,Debit Card,male,3,6,Laptop & Accessory,1,Single,3,0,14,1,12,9,191,0.08,6/6/2026 9:09
54670,0,7,2. Mid-Loyal (7-12 Months),Computer,1,13,Debit Card,male,2,4,Laptop & Accessory,1,Married,5,0,24,4,5,8,202,0.8,6/6/2026 9:09
54671,0,28,3. Core Loyal (>1 Year),Mobile Phone,2,26,Credit Card,male,3,4,Fashion,4,Married,4,0,16,3,0,2,232,0,6/6/2026 9:09
54672,0,10,2. Mid-Loyal (7-12 Months),Mobile Phone,1,16,Credit Card,male,3,5,Laptop & Accessory,4,Married,4,1,12,1,2,-1,213,0.5,6/6/2026 9:09
54673,0,1,1. Junior User (1-6 Months),Mobile Phone,1,10,Credit Card,male,3,5,Mobile Phone,1,Single,2,0,14,2,2,2,145,1,6/6/2026 9:09
54674,1,1,1. Junior User (1-6 Months),Mobile Phone,1,17,Credit Card,male,3,4,Mobile Phone,3,Single,3,1,12,2,2,2,135,1,6/6/2026 9:09
54675,1,1,1. Junior User (1-6 Months),Computer,1,10,Debit Card,male,4,4,Mobile Phone,5,Single,3,1,12,6,10,8,158,0.6,6/6/2026 9:09
54676,0,9,2. Mid-Loyal (7-12 Months),Computer,1,10,Debit Card,male,3,5,Mobile Phone,3,Married,3,0,19,2,2,1,138,1,6/6/2026 9:09
54677,0,1,1. Junior User (1-6 Months),Mobile Phone,1,11,Credit Card,male,3,2,Mobile Phone,5,Married,4,0,17,1,2,3,153,0.5,6/6/2026 9:09
54678,0,1,1. Junior User (1-6 Months),Mobile Phone,3,15,Debit Card,male,3,2,Laptop & Accessory,4,Married,2,0,23,2,2,3,174,1,6/6/2026 9:09
54679,0,12,2. Mid-Loyal (7-12 Months),Mobile Phone,3,14,E wallet,female,3,5,Laptop & Accessory,1,Single,2,0,21,2,2,6,165,1,6/6/2026 9:09
54680,0,3,1. Junior User (1-6 Months),Computer,1,7,Debit Card,male,4,6,Mobile Phone,1,Married,3,0,19,1,3,9,152,0.33,6/6/2026 9:09
54681,0,22,3. Core Loyal (>1 Year),Mobile Phone,3,9,E wallet,male,3,2,Laptop & Accessory,4,Married,5,0,13,1,3,3,206,0.33,6/6/2026 9:09
54682,0,1,1. Junior User (1-6 Months),Computer,3,10,Credit Card,female,4,2,Laptop & Accessory,1,Married,3,1,21,2,2,5,171,1,6/6/2026 9:09
54683,0,11,2. Mid-Loyal (7-12 Months),Mobile Phone,1,17,Debit Card,male,4,2,Mobile Phone,1,Single,5,0,18,2,2,1,172,1,6/6/2026 9:09
54684,0,24,3. Core Loyal (>1 Year),Mobile Phone,1,35,Credit Card,male,4,2,Mobile Phone,3,Married,3,1,12,1,4,9,157,0.25,6/6/2026 9:09
54685,0,8,2. Mid-Loyal (7-12 Months),Mobile Phone,1,16,Credit Card,female,3,5,Fashion,4,Single,3,0,15,5,8,-1,211,0.63,6/6/2026 9:09
54686,1,1,1. Junior User (1-6 Months),Mobile Phone,3,10,Debit Card,female,4,4,Laptop & Accessory,3,Single,11,0,15,2,3,1,171,0.67,6/6/2026 9:09
54687,0,13,3. Core Loyal (>1 Year),Mobile Phone,1,9,Cash on Delivery,female,4,5,Laptop & Accessory,3,Single,3,0,12,2,12,11,171,0.17,6/6/2026 9:09
54688,0,6,1. Junior User (1-6 Months),Mobile Phone,3,17,E wallet,male,3,4,Laptop & Accessory,1,Single,3,0,13,2,2,9,179,1,6/6/2026 9:09
54689,1,14,3. Core Loyal (>1 Year),Computer,3,15,Cash on Delivery,male,3,4,Laptop & Accessory,3,Married,5,1,15,1,2,4,193,0.5,6/6/2026 9:09
54690,0,12,2. Mid-Loyal (7-12 Months),Mobile Phone,1,7,Debit Card,female,3,2,Laptop & Accessory,1,Single,2,0,14,1,2,9,201,0.5,6/6/2026 9:09
54691,0,1,1. Junior User (1-6 Months),Mobile Phone,1,7,Debit Card,female,4,4,Fashion,5,Married,3,0,12,1,2,8,199,0.5,6/6/2026 9:09
54692,0,6,1. Junior User (1-6 Months),Mobile Phone,1,10,Debit Card,female,3,4,Fashion,1,Single,5,0,16,7,0,8,237,0,6/6/2026 9:09
54693,0,21,3. Core Loyal (>1 Year),Mobile Phone,3,21,E wallet,male,3,4,Laptop & Accessory,5,Single,4,0,13,2,2,8,175,1,6/6/2026 9:09
54694,0,14,3. Core Loyal (>1 Year),Computer,3,12,Debit Card,male,3,5,Fashion,5,Married,7,1,22,1,2,-1,230,0.5,6/6/2026 9:09
54695,0,27,3. Core Loyal (>1 Year),Mobile Phone,1,14,Debit Card,male,3,2,Grocery,3,Married,5,0,20,0,2,4,273,0,6/6/2026 9:09
54696,0,15,3. Core Loyal (>1 Year),Mobile Phone,2,17,UPI,male,4,5,Others,1,Married,5,0,0,4,13,7,316,0.31,6/6/2026 9:09
54697,0,31,3. Core Loyal (>1 Year),Mobile Phone,3,23,E wallet,male,3,4,Laptop & Accessory,5,Single,10,0,15,3,3,3,179,1,6/6/2026 9:09
54698,0,1,1. Junior User (1-6 Months),Computer,1,17,Debit Card,male,3,4,Fashion,5,Married,3,0,22,1,2,-1,213,0.5,6/6/2026 9:09
54699,0,15,3. Core Loyal (>1 Year),Mobile Phone,2,7,UPI,male,3,5,Others,3,Married,3,0,0,2,3,11,317,0.67,6/6/2026 9:09
54700,0,24,3. Core Loyal (>1 Year),Mobile Phone,3,15,E wallet,male,3,4,Mobile Phone,4,Married,9,0,16,1,3,3,164,0.33,6/6/2026 9:09
54701,1,1,1. Junior User (1-6 Months),Mobile Phone,1,7,Debit Card,female,4,6,Mobile Phone,4,Single,9,1,14,2,4,8,147,0.5,6/6/2026 9:09
54702,0,10,2. Mid-Loyal (7-12 Months),Computer,1,15,Debit Card,female,4,2,Fashion,5,Married,11,0,15,1,0,6,242,0,6/6/2026 9:09
54703,0,12,2. Mid-Loyal (7-12 Months),Mobile Phone,1,7,Debit Card,female,3,4,Fashion,3,Single,6,1,15,1,2,1,204,0.5,6/6/2026 9:09
54704,0,18,3. Core Loyal (>1 Year),Computer,1,31,Credit Card,male,3,6,Mobile Phone,3,Single,4,0,15,1,2,5,162,0.5,6/6/2026 9:09
54705,0,21,3. Core Loyal (>1 Year),Computer,3,10,Credit Card,female,3,4,Grocery,3,Married,11,1,13,0,12,14,263,0,6/6/2026 9:09
54706,0,4,1. Junior User (1-6 Months),Mobile Phone,3,34,E wallet,male,4,4,Laptop & Accessory,1,Married,9,0,24,3,8,8,178,0.38,6/6/2026 9:09
54707,0,3,1. Junior User (1-6 Months),Mobile Phone,3,17,Debit Card,male,4,4,Mobile Phone,3,Single,3,0,12,2,2,1,151,1,6/6/2026 9:09
54708,1,6,1. Junior User (1-6 Months),Computer,1,26,Credit Card,male,3,2,Mobile Phone,3,Married,8,1,13,1,3,3,153,0.33,6/6/2026 9:09
54709,0,17,3. Core Loyal (>1 Year),Computer,3,22,Debit Card,male,3,5,Laptop & Accessory,1,Married,5,0,19,2,3,3,193,0.67,6/6/2026 9:09
54710,0,8,2. Mid-Loyal (7-12 Months),Mobile Phone,1,15,Credit Card,female,4,4,Laptop & Accessory,3,Single,5,0,12,1,5,4,186,0.2,6/6/2026 9:09
54711,0,1,1. Junior User (1-6 Months),Mobile Phone,1,16,Credit Card,male,3,4,Mobile Phone,5,Married,3,0,15,2,2,3,150,1,6/6/2026 9:09
54712,0,13,3. Core Loyal (>1 Year),Mobile Phone,2,10,UPI,female,3,2,Laptop & Accessory,4,Married,11,0,16,1,4,7,189,0.25,6/6/2026 9:09
54713,0,30,3. Core Loyal (>1 Year),Mobile Phone,1,16,Credit Card,male,3,4,Grocery,1,Married,9,0,12,1,0,2,236,0,6/6/2026 9:09
54714,0,14,3. Core Loyal (>1 Year),Mobile Phone,1,9,Credit Card,female,3,5,Mobile Phone,1,Single,2,1,21,1,3,4,148,0.33,6/6/2026 9:09
54715,0,1,1. Junior User (1-6 Months),Mobile Phone,1,14,Credit Card,female,3,5,Laptop & Accessory,5,Single,10,0,20,2,2,8,193,1,6/6/2026 9:09
54716,0,3,1. Junior User (1-6 Months),Mobile Phone,3,17,E wallet,male,3,4,Mobile Phone,4,Married,3,0,15,3,3,3,148,1,6/6/2026 9:09
54717,0,27,3. Core Loyal (>1 Year),Mobile Phone,1,13,Debit Card,male,3,4,Laptop & Accessory,1,Single,4,0,18,3,3,3,150,1,6/6/2026 9:09
54718,0,9,2. Mid-Loyal (7-12 Months),Computer,1,9,Debit Card,female,4,4,Laptop & Accessory,5,Married,4,0,12,2,2,1,176,1,6/6/2026 9:09
54719,0,6,1. Junior User (1-6 Months),Computer,1,31,Debit Card,male,4,4,Laptop & Accessory,1,Married,3,0,16,2,5,8,178,0.4,6/6/2026 9:09
54720,0,12,2. Mid-Loyal (7-12 Months),Mobile Phone,1,9,Credit Card,male,4,4,Mobile Phone,3,Married,8,1,14,1,2,2,156,0.5,6/6/2026 9:09
54721,0,8,2. Mid-Loyal (7-12 Months),Mobile Phone,1,15,Debit Card,female,3,4,Laptop & Accessory,5,Married,5,0,15,2,2,1,176,1,6/6/2026 9:09
54722,0,26,3. Core Loyal (>1 Year),Mobile Phone,3,10,E wallet,male,3,5,Grocery,5,Married,3,0,0,2,2,17,294,1,6/6/2026 9:09
54723,1,1,1. Junior User (1-6 Months),Mobile Phone,1,7,UPI,male,4,4,Mobile Phone,1,Single,3,1,14,7,8,9,152,0.88,6/6/2026 9:09
54724,0,1,1. Junior User (1-6 Months),Mobile Phone,3,33,Credit Card,female,3,4,Laptop & Accessory,1,Single,3,0,24,1,2,5,187,0.5,6/6/2026 9:09
54725,0,19,3. Core Loyal (>1 Year),Mobile Phone,3,9,Cash on Delivery,male,3,6,Laptop & Accessory,3,Single,2,0,14,2,4,2,191,0.5,6/6/2026 9:09
54726,0,1,1. Junior User (1-6 Months),Mobile Phone,1,17,Credit Card,male,4,2,Mobile Phone,3,Single,3,0,19,1,2,3,160,0.5,6/6/2026 9:09
54727,1,11,2. Mid-Loyal (7-12 Months),Computer,3,34,Debit Card,female,4,2,Laptop & Accessory,3,Single,6,1,13,1,2,4,189,0.5,6/6/2026 9:09
54728,0,8,2. Mid-Loyal (7-12 Months),Mobile Phone,3,9,UPI,male,3,4,Laptop & Accessory,1,Single,3,0,23,1,2,5,188,0.5,6/6/2026 9:09
54729,1,19,3. Core Loyal (>1 Year),Mobile Phone,1,9,Credit Card,male,4,4,Others,5,Married,7,1,14,2,2,5,324,1,6/6/2026 9:09
54730,0,10,2. Mid-Loyal (7-12 Months),Computer,3,15,Debit Card,male,4,5,Fashion,5,Single,3,0,16,1,2,10,201,0.5,6/6/2026 9:09
54731,0,26,3. Core Loyal (>1 Year),Computer,1,26,Credit Card,male,3,4,Mobile Phone,1,Married,2,0,19,2,2,3,168,1,6/6/2026 9:09
54732,0,1,1. Junior User (1-6 Months),Computer,1,7,Debit Card,female,4,6,Mobile Phone,1,Married,5,0,15,3,3,1,169,1,6/6/2026 9:09
54733,0,3,1. Junior User (1-6 Months),Mobile Phone,1,34,Credit Card,female,4,4,Laptop & Accessory,3,Married,6,0,13,1,2,2,168,0.5,6/6/2026 9:09
54734,1,1,1. Junior User (1-6 Months),Mobile Phone,3,15,Cash on Delivery,male,3,5,Laptop & Accessory,5,Single,8,0,18,1,2,3,178,0.5,6/6/2026 9:09
54735,0,8,2. Mid-Loyal (7-12 Months),Mobile Phone,1,7,Debit Card,female,4,2,Mobile Phone,1,Single,4,0,17,2,2,4,158,1,6/6/2026 9:09
54736,0,28,3. Core Loyal (>1 Year),Mobile Phone,1,26,Credit Card,female,4,4,Laptop & Accessory,5,Married,11,1,12,1,2,5,180,0.5,6/6/2026 9:09
54737,0,1,1. Junior User (1-6 Months),Computer,3,15,E wallet,male,3,4,Laptop & Accessory,1,Married,2,0,20,2,2,2,168,1,6/6/2026 9:09
54738,0,11,2. Mid-Loyal (7-12 Months),Mobile Phone,1,17,Debit Card,female,3,4,Mobile Phone,5,Married,2,1,14,5,5,4,153,1,6/6/2026 9:09
54739,0,12,2. Mid-Loyal (7-12 Months),Computer,1,9,Debit Card,female,4,2,Laptop & Accessory,5,Single,8,1,13,1,5,13,185,0.2,6/6/2026 9:09
54740,0,8,2. Mid-Loyal (7-12 Months),Mobile Phone,1,9,Credit Card,female,3,5,Mobile Phone,5,Single,3,0,12,2,2,4,169,1,6/6/2026 9:09
54741,0,9,2. Mid-Loyal (7-12 Months),Mobile Phone,3,15,Debit Card,female,4,4,Mobile Phone,1,Married,3,0,17,2,2,3,151,1,6/6/2026 9:09
54742,0,4,1. Junior User (1-6 Months),Mobile Phone,1,7,Debit Card,male,3,6,Mobile Phone,3,Married,5,0,22,2,2,3,163,1,6/6/2026 9:09
54743,0,14,3. Core Loyal (>1 Year),Computer,1,9,Credit Card,female,3,2,Laptop & Accessory,4,Married,3,0,25,1,4,8,167,0.25,6/6/2026 9:09
54744,0,8,2. Mid-Loyal (7-12 Months),Mobile Phone,3,15,Debit Card,female,4,4,Laptop & Accessory,5,Married,7,0,18,2,2,3,190,1,6/6/2026 9:09
54745,0,16,3. Core Loyal (>1 Year),Computer,1,15,Debit Card,male,4,4,Others,1,Married,3,0,0,6,15,10,309,0.4,6/6/2026 9:09
54746,1,1,1. Junior User (1-6 Months),Mobile Phone,1,13,Debit Card,male,4,2,Mobile Phone,5,Married,3,1,22,1,2,1,141,0.5,6/6/2026 9:09
54747,0,1,1. Junior User (1-6 Months),Computer,1,16,Debit Card,male,3,5,Mobile Phone,4,Married,3,0,12,1,2,1,152,0.5,6/6/2026 9:09
54748,0,26,3. Core Loyal (>1 Year),Mobile Phone,1,18,Debit Card,female,3,4,Laptop & Accessory,3,Married,10,0,21,2,2,5,156,1,6/6/2026 9:09
54749,0,24,3. Core Loyal (>1 Year),Mobile Phone,1,9,Credit Card,male,4,4,Grocery,3,Married,7,0,0,1,2,4,301,0.5,6/6/2026 9:09
54750,1,1,1. Junior User (1-6 Months),Mobile Phone,1,7,Debit Card,female,3,5,Mobile Phone,5,Married,3,1,12,1,2,1,148,0.5,6/6/2026 9:09
54751,0,7,2. Mid-Loyal (7-12 Months),Mobile Phone,1,14,Credit Card,male,3,4,Fashion,3,Married,2,0,12,2,0,8,242,0,6/6/2026 9:09
54752,1,1,1. Junior User (1-6 Months),Mobile Phone,3,23,E wallet,female,4,4,Laptop & Accessory,5,Single,7,0,16,2,2,3,178,1,6/6/2026 9:09
54753,0,21,3. Core Loyal (>1 Year),Mobile Phone,1,9,UPI,female,3,4,Grocery,1,Married,3,1,0,4,4,1,293,1,6/6/2026 9:09
54754,0,10,2. Mid-Loyal (7-12 Months),Mobile Phone,1,7,UPI,female,3,4,Laptop & Accessory,4,Married,2,0,16,2,2,6,177,1,6/6/2026 9:09
54755,0,3,1. Junior User (1-6 Months),Mobile Phone,1,30,Debit Card,male,3,2,Mobile Phone,3,Married,3,0,25,2,2,8,152,1,6/6/2026 9:09
54756,1,21,3. Core Loyal (>1 Year),Mobile Phone,1,9,Debit Card,male,3,4,Others,4,Single,9,1,0,8,14,9,317,0.57,6/6/2026 9:09
54757,0,9,2. Mid-Loyal (7-12 Months),Mobile Phone,1,7,Debit Card,female,3,2,Mobile Phone,3,Single,5,0,14,3,3,3,150,1,6/6/2026 9:09
54758,0,16,3. Core Loyal (>1 Year),Mobile Phone,1,7,Debit Card,female,3,5,Laptop & Accessory,1,Married,11,1,14,1,2,3,186,0.5,6/6/2026 9:09
54759,1,1,1. Junior User (1-6 Months),Mobile Phone,1,9,Credit Card,male,3,4,Mobile Phone,3,Single,8,0,18,3,3,2,169,1,6/6/2026 9:09
54760,0,10,2. Mid-Loyal (7-12 Months),Mobile Phone,2,20,UPI,male,3,4,Mobile Phone,4,Married,6,0,14,2,2,5,146,1,6/6/2026 9:09
54761,0,6,1. Junior User (1-6 Months),Mobile Phone,1,11,Debit Card,female,4,5,Laptop & Accessory,3,Married,3,0,13,6,7,9,187,0.86,6/6/2026 9:09
54762,0,14,3. Core Loyal (>1 Year),Computer,1,23,Credit Card,male,3,5,Laptop & Accessory,3,Single,8,0,15,1,2,1,176,0.5,6/6/2026 9:09
54763,0,4,1. Junior User (1-6 Months),Mobile Phone,1,9,Credit Card,female,3,5,Laptop & Accessory,1,Single,7,1,25,2,2,1,194,1,6/6/2026 9:09
54764,0,19,3. Core Loyal (>1 Year),Mobile Phone,1,9,Debit Card,female,4,5,Mobile Phone,3,Single,3,0,15,2,2,1,148,1,6/6/2026 9:09
54765,0,16,3. Core Loyal (>1 Year),Mobile Phone,1,36,Debit Card,male,4,4,Laptop & Accessory,4,Married,3,0,14,6,8,9,169,0.75,6/6/2026 9:09
54766,0,12,2. Mid-Loyal (7-12 Months),Computer,1,19,Debit Card,male,1,5,Laptop & Accessory,5,Married,4,0,16,2,2,3,188,1,6/6/2026 9:09
54767,0,8,2. Mid-Loyal (7-12 Months),Computer,1,23,Debit Card,female,4,5,Mobile Phone,1,Single,3,0,17,2,2,4,151,1,6/6/2026 9:09
54768,1,13,3. Core Loyal (>1 Year),Mobile Phone,3,18,E wallet,female,3,4,Fashion,1,Married,3,0,19,1,8,8,202,0.13,6/6/2026 9:09
54769,1,19,3. Core Loyal (>1 Year),Mobile Phone,3,9,Credit Card,male,3,4,Laptop & Accessory,1,Single,6,0,17,2,8,4,177,0.25,6/6/2026 9:09
54770,0,17,3. Core Loyal (>1 Year),Mobile Phone,1,21,Debit Card,male,4,4,Grocery,5,Married,8,0,0,2,2,1,297,1,6/6/2026 9:09
54771,0,1,1. Junior User (1-6 Months),Mobile Phone,1,12,Cash on Delivery,male,3,5,Fashion,1,Married,3,1,17,2,0,9,253,0,6/6/2026 9:09
54772,0,9,2. Mid-Loyal (7-12 Months),Mobile Phone,1,14,UPI,male,3,4,Fashion,3,Single,5,0,22,1,2,-1,227,0.5,6/6/2026 9:09
54773,0,2,1. Junior User (1-6 Months),Mobile Phone,3,9,E wallet,female,3,4,Laptop & Accessory,4,Married,3,1,21,7,8,6,173,0.88,6/6/2026 9:09
54774,0,8,2. Mid-Loyal (7-12 Months),Mobile Phone,2,10,UPI,male,3,4,Mobile Phone,1,Married,2,0,20,2,2,3,162,1,6/6/2026 9:09
54775,1,1,1. Junior User (1-6 Months),Computer,1,12,Credit Card,female,3,5,Mobile Phone,3,Married,3,1,15,1,2,8,149,0.5,6/6/2026 9:09
54776,0,1,1. Junior User (1-6 Months),Computer,1,10,Credit Card,male,3,4,Mobile Phone,1,Married,3,0,12,1,2,1,142,0.5,6/6/2026 9:09
54777,0,25,3. Core Loyal (>1 Year),Mobile Phone,3,33,E wallet,female,4,4,Grocery,3,Married,4,0,15,0,5,18,288,0,6/6/2026 9:09
54778,0,18,3. Core Loyal (>1 Year),Mobile Phone,1,11,Credit Card,male,3,4,Laptop & Accessory,4,Single,11,0,13,2,3,4,184,0.67,6/6/2026 9:09
54779,0,1,1. Junior User (1-6 Months),Mobile Phone,1,9,Credit Card,male,4,2,Mobile Phone,5,Single,9,0,14,1,2,2,159,0.5,6/6/2026 9:09
54780,0,7,2. Mid-Loyal (7-12 Months),Mobile Phone,3,7,Credit Card,male,3,2,Laptop & Accessory,5,Married,3,0,23,1,2,9,165,0.5,6/6/2026 9:09
54781,0,9,2. Mid-Loyal (7-12 Months),Mobile Phone,1,34,Credit Card,female,3,5,Mobile Phone,5,Single,3,0,12,1,2,2,151,0.5,6/6/2026 9:09
54782,0,10,2. Mid-Loyal (7-12 Months),Mobile Phone,3,7,Debit Card,male,3,4,Laptop & Accessory,1,Married,3,1,15,4,5,12,187,0.8,6/6/2026 9:09
54783,0,6,1. Junior User (1-6 Months),Mobile Phone,3,20,Debit Card,male,4,4,Laptop & Accessory,1,Married,4,0,12,1,2,4,169,0.5,6/6/2026 9:09
54784,0,4,1. Junior User (1-6 Months),Computer,1,12,Debit Card,male,4,5,Mobile Phone,1,Married,11,0,13,1,2,4,163,0.5,6/6/2026 9:09
54785,0,27,3. Core Loyal (>1 Year),Mobile Phone,3,14,E wallet,female,4,5,Fashion,1,Married,9,1,19,1,0,5,234,0,6/6/2026 9:09
54786,0,19,3. Core Loyal (>1 Year),Mobile Phone,3,16,E wallet,male,4,4,Fashion,5,Married,6,1,13,1,0,3,233,0,6/6/2026 9:09
54787,0,6,1. Junior User (1-6 Months),Mobile Phone,1,15,Credit Card,female,4,2,Laptop & Accessory,3,Married,7,0,13,2,2,4,177,1,6/6/2026 9:09
54788,0,26,3. Core Loyal (>1 Year),Computer,1,32,Credit Card,female,3,5,Grocery,1,Married,5,0,23,0,2,1,263,0,6/6/2026 9:09
54789,0,11,2. Mid-Loyal (7-12 Months),Mobile Phone,3,23,E wallet,male,4,5,Laptop & Accessory,3,Married,6,0,20,2,2,1,188,1,6/6/2026 9:09
54790,0,2,1. Junior User (1-6 Months),Mobile Phone,2,15,Credit Card,male,4,5,Mobile Phone,1,Married,3,0,14,2,2,5,174,1,6/6/2026 9:09
54791,0,1,1. Junior User (1-6 Months),Mobile Phone,1,7,Debit Card,male,3,5,Laptop & Accessory,1,Married,8,0,23,3,3,3,173,1,6/6/2026 9:09
54792,0,18,3. Core Loyal (>1 Year),Mobile Phone,1,15,Debit Card,male,4,2,Mobile Phone,1,Married,4,1,25,2,2,3,153,1,6/6/2026 9:09
54793,0,16,3. Core Loyal (>1 Year),Computer,1,9,Credit Card,male,3,4,Mobile Phone,1,Single,7,1,15,2,3,3,150,0.67,6/6/2026 9:09
54794,0,10,2. Mid-Loyal (7-12 Months),Mobile Phone,2,15,Debit Card,male,4,5,Mobile Phone,5,Married,2,0,22,1,2,4,148,0.5,6/6/2026 9:09
54795,0,1,1. Junior User (1-6 Months),Mobile Phone,3,10,UPI,male,4,4,Laptop & Accessory,5,Married,3,1,19,1,2,4,167,0.5,6/6/2026 9:09
54796,0,9,2. Mid-Loyal (7-12 Months),Mobile Phone,1,16,Debit Card,female,4,5,Fashion,3,Married,3,1,21,4,0,16,232,0,6/6/2026 9:09
54797,1,1,1. Junior User (1-6 Months),Computer,1,32,Debit Card,female,4,4,Mobile Phone,4,Married,3,1,20,7,8,9,145,0.88,6/6/2026 9:09
54798,0,6,1. Junior User (1-6 Months),Computer,1,7,Debit Card,male,4,4,Mobile Phone,1,Married,2,0,13,2,2,3,148,1,6/6/2026 9:09
54799,0,1,1. Junior User (1-6 Months),Mobile Phone,3,11,E wallet,male,3,5,Laptop & Accessory,5,Married,3,0,13,2,2,4,168,1,6/6/2026 9:09
54800,0,23,3. Core Loyal (>1 Year),Mobile Phone,1,7,Cash on Delivery,female,3,4,Mobile Phone,5,Married,4,0,17,1,2,3,161,0.5,6/6/2026 9:09
54801,0,1,1. Junior User (1-6 Months),Computer,1,11,Debit Card,male,3,5,Mobile Phone,1,Married,2,0,18,1,4,5,157,0.25,6/6/2026 9:09
54802,0,6,1. Junior User (1-6 Months),Computer,3,12,Debit Card,male,3,4,Laptop & Accessory,4,Married,3,0,15,3,6,4,190,0.5,6/6/2026 9:09
54803,0,12,2. Mid-Loyal (7-12 Months),Mobile Phone,3,16,E wallet,male,4,5,Mobile Phone,4,Married,2,0,20,1,2,3,154,0.5,6/6/2026 9:09
54804,0,16,3. Core Loyal (>1 Year),Mobile Phone,1,10,Debit Card,female,4,2,Laptop & Accessory,1,Married,4,1,14,2,2,4,177,1,6/6/2026 9:09
54805,0,5,1. Junior User (1-6 Months),Mobile Phone,1,18,Debit Card,male,3,4,Mobile Phone,1,Married,5,1,20,1,2,3,149,0.5,6/6/2026 9:09
54806,1,1,1. Junior User (1-6 Months),Mobile Phone,3,7,Credit Card,female,3,5,Mobile Phone,3,Married,8,1,20,2,2,3,153,1,6/6/2026 9:09
54807,0,27,3. Core Loyal (>1 Year),Mobile Phone,3,15,E wallet,male,4,4,Grocery,1,Married,7,0,15,3,0,3,243,0,6/6/2026 9:09
54808,0,9,2. Mid-Loyal (7-12 Months),Mobile Phone,1,32,Cash on Delivery,male,4,5,Fashion,4,Married,5,0,17,3,0,9,234,0,6/6/2026 9:09
54809,0,11,2. Mid-Loyal (7-12 Months),Computer,3,28,Credit Card,female,3,4,Mobile Phone,1,Married,7,0,16,2,2,1,155,1,6/6/2026 9:09
54810,0,27,3. Core Loyal (>1 Year),Mobile Phone,1,30,Debit Card,female,4,4,Grocery,1,Single,8,0,19,0,4,9,268,0,6/6/2026 9:09
54811,0,17,3. Core Loyal (>1 Year),Computer,1,7,Debit Card,female,3,4,Laptop & Accessory,1,Married,6,0,14,2,3,3,181,0.67,6/6/2026 9:09
54812,0,21,3. Core Loyal (>1 Year),Mobile Phone,3,9,E wallet,female,3,4,Laptop & Accessory,1,Married,2,1,23,4,8,8,170,0.5,6/6/2026 9:09
54813,0,11,2. Mid-Loyal (7-12 Months),Computer,3,26,Credit Card,male,3,4,Fashion,4,Single,3,1,14,1,2,10,201,0.5,6/6/2026 9:09
54814,0,24,3. Core Loyal (>1 Year),Computer,1,9,Debit Card,male,4,4,Grocery,5,Married,3,0,0,14,15,8,304,0.93,6/6/2026 9:09
54815,0,13,3. Core Loyal (>1 Year),Mobile Phone,2,9,Debit Card,female,3,5,Laptop & Accessory,1,Married,10,0,12,2,2,5,177,1,6/6/2026 9:09
54816,0,7,2. Mid-Loyal (7-12 Months),Mobile Phone,2,10,UPI,male,3,4,Mobile Phone,4,Married,5,1,12,1,2,4,148,0.5,6/6/2026 9:09
54817,1,1,1. Junior User (1-6 Months),Mobile Phone,1,32,Debit Card,male,3,4,Mobile Phone,1,Single,3,1,25,1,2,2,153,0.5,6/6/2026 9:09
54818,0,3,1. Junior User (1-6 Months),Mobile Phone,1,14,Credit Card,female,4,5,Mobile Phone,1,Married,8,0,15,2,2,4,150,1,6/6/2026 9:09
54819,0,18,3. Core Loyal (>1 Year),Mobile Phone,1,16,Debit Card,male,4,4,Mobile Phone,5,Married,3,1,14,6,8,2,151,0.75,6/6/2026 9:09
54820,0,2,1. Junior User (1-6 Months),Mobile Phone,3,12,Credit Card,male,4,4,Laptop & Accessory,1,Single,3,0,15,1,2,3,174,0.5,6/6/2026 9:09
54821,1,21,3. Core Loyal (>1 Year),Computer,1,9,Debit Card,male,3,5,Mobile Phone,1,Married,11,1,15,2,2,1,149,1,6/6/2026 9:09
54822,0,17,3. Core Loyal (>1 Year),Mobile Phone,1,15,Debit Card,female,3,4,Laptop & Accessory,4,Married,6,0,22,2,2,1,173,1,6/6/2026 9:09
54823,1,1,1. Junior User (1-6 Months),Mobile Phone,3,9,Credit Card,female,3,5,Mobile Phone,3,Single,3,0,14,2,2,3,145,1,6/6/2026 9:09
54824,1,1,1. Junior User (1-6 Months),Mobile Phone,1,25,UPI,female,4,4,Mobile Phone,1,Single,3,0,20,2,2,1,152,1,6/6/2026 9:09
54825,0,10,2. Mid-Loyal (7-12 Months),Mobile Phone,1,21,Debit Card,male,4,4,Laptop & Accessory,1,Married,2,1,18,3,5,12,191,0.6,6/6/2026 9:09
54826,0,21,3. Core Loyal (>1 Year),Mobile Phone,3,9,Debit Card,female,4,5,Mobile Phone,1,Single,3,1,19,1,2,3,158,0.5,6/6/2026 9:09
54827,1,1,1. Junior User (1-6 Months),Mobile Phone,1,10,Debit Card,female,3,4,Laptop & Accessory,3,Married,2,1,20,2,2,3,167,1,6/6/2026 9:09
54828,1,5,1. Junior User (1-6 Months),Mobile Phone,1,9,Debit Card,female,3,6,Mobile Phone,1,Married,6,1,14,1,2,1,153,0.5,6/6/2026 9:09
54829,0,2,1. Junior User (1-6 Months),Mobile Phone,1,16,Credit Card,female,4,4,Mobile Phone,3,Married,7,0,19,1,3,3,149,0.33,6/6/2026 9:09
54830,1,3,1. Junior User (1-6 Months),Mobile Phone,1,13,Credit Card,male,4,4,Mobile Phone,5,Married,9,1,22,2,3,3,149,0.67,6/6/2026 9:09
54831,0,1,1. Junior User (1-6 Months),Mobile Phone,1,11,Debit Card,female,4,4,Mobile Phone,3,Single,3,0,20,1,2,1,148,0.5,6/6/2026 9:09
54832,0,8,2. Mid-Loyal (7-12 Months),Mobile Phone,1,17,Debit Card,male,3,4,Mobile Phone,4,Married,3,0,15,2,2,1,145,1,6/6/2026 9:09
54833,0,16,3. Core Loyal (>1 Year),Mobile Phone,3,21,Credit Card,female,4,5,Laptop & Accessory,3,Single,9,0,18,2,2,4,187,1,6/6/2026 9:09
54834,0,7,2. Mid-Loyal (7-12 Months),Mobile Phone,1,7,UPI,male,4,5,Mobile Phone,5,Single,5,1,12,2,2,3,153,1,6/6/2026 9:09
54835,0,31,3. Core Loyal (>1 Year),Mobile Phone,1,12,Cash on Delivery,female,3,5,Fashion,4,Married,4,1,14,2,2,-1,231,1,6/6/2026 9:09
54836,0,5,1. Junior User (1-6 Months),Mobile Phone,3,14,Debit Card,male,3,5,Mobile Phone,3,Married,5,0,16,3,6,3,148,0.5,6/6/2026 9:09
54837,0,9,2. Mid-Loyal (7-12 Months),Mobile Phone,1,28,Debit Card,female,3,4,Laptop & Accessory,1,Married,3,1,26,1,2,8,165,0.5,6/6/2026 9:09
54838,0,23,3. Core Loyal (>1 Year),Mobile Phone,1,15,UPI,female,3,4,Fashion,4,Married,6,0,12,1,2,8,199,0.5,6/6/2026 9:09
54839,0,22,3. Core Loyal (>1 Year),Mobile Phone,1,27,Credit Card,male,3,4,Mobile Phone,3,Married,6,0,18,2,2,1,148,1,6/6/2026 9:09
54840,0,5,1. Junior User (1-6 Months),Computer,3,27,E wallet,female,3,4,Laptop & Accessory,3,Married,3,0,14,2,2,1,194,1,6/6/2026 9:09
54841,0,10,2. Mid-Loyal (7-12 Months),Mobile Phone,1,14,UPI,male,4,4,Mobile Phone,1,Single,4,0,19,2,2,2,172,1,6/6/2026 9:09
54842,0,12,2. Mid-Loyal (7-12 Months),Mobile Phone,1,7,Cash on Delivery,female,4,4,Fashion,5,Married,3,0,14,5,6,12,261,0.83,6/6/2026 9:09
54843,0,6,1. Junior User (1-6 Months),Computer,1,7,Debit Card,female,4,5,Mobile Phone,4,Married,8,0,21,1,2,3,148,0.5,6/6/2026 9:09
54844,1,1,1. Junior User (1-6 Months),Mobile Phone,3,26,E wallet,male,3,5,Mobile Phone,4,Married,3,1,19,1,2,1,149,0.5,6/6/2026 9:09
54845,0,14,3. Core Loyal (>1 Year),Mobile Phone,3,17,E wallet,male,4,5,Fashion,4,Married,4,0,13,1,2,-1,222,0.5,6/6/2026 9:09
54846,0,1,1. Junior User (1-6 Months),Computer,3,7,Credit Card,male,3,5,Laptop & Accessory,5,Single,3,0,13,1,2,8,168,0.5,6/6/2026 9:09
54847,0,15,3. Core Loyal (>1 Year),Mobile Phone,1,13,Credit Card,male,3,4,Mobile Phone,5,Single,4,1,14,2,3,18,172,0.67,6/6/2026 9:09
54848,0,10,2. Mid-Loyal (7-12 Months),Mobile Phone,1,9,Credit Card,male,4,4,Mobile Phone,3,Single,6,0,22,2,4,10,150,0.5,6/6/2026 9:09
54849,1,1,1. Junior User (1-6 Months),Mobile Phone,3,28,UPI,male,3,5,Mobile Phone,4,Single,3,1,14,2,2,1,146,1,6/6/2026 9:09
54850,1,1,1. Junior User (1-6 Months),Mobile Phone,1,11,Cash on Delivery,male,3,4,Mobile Phone,5,Single,3,0,20,2,2,1,155,1,6/6/2026 9:09
54851,0,5,1. Junior User (1-6 Months),Mobile Phone,1,19,Credit Card,female,3,4,Laptop & Accessory,1,Married,2,1,12,7,9,6,184,0.78,6/6/2026 9:09
54852,0,14,3. Core Loyal (>1 Year),Computer,1,16,Credit Card,male,3,4,Mobile Phone,4,Married,10,1,15,1,2,1,161,0.5,6/6/2026 9:09
54853,0,6,1. Junior User (1-6 Months),Mobile Phone,1,10,Credit Card,female,4,4,Laptop & Accessory,5,Married,3,0,13,2,7,4,192,0.29,6/6/2026 9:09
54854,1,1,1. Junior User (1-6 Months),Mobile Phone,3,10,Debit Card,male,3,5,Fashion,1,Married,3,1,12,4,4,-1,228,1,6/6/2026 9:09
54855,0,7,2. Mid-Loyal (7-12 Months),Mobile Phone,1,7,Debit Card,female,3,5,Laptop & Accessory,1,Single,2,0,15,2,2,5,194,1,6/6/2026 9:09
54856,1,1,1. Junior User (1-6 Months),Mobile Phone,3,7,Debit Card,male,3,5,Fashion,3,Married,7,0,12,6,12,-1,231,0.5,6/6/2026 9:09
54857,0,19,3. Core Loyal (>1 Year),Computer,1,11,Debit Card,male,3,4,Laptop & Accessory,4,Married,3,0,13,2,2,9,169,1,6/6/2026 9:09
54858,0,3,1. Junior User (1-6 Months),Computer,3,27,Cash on Delivery,female,3,4,Mobile Phone,1,Married,3,0,16,1,2,3,147,0.5,6/6/2026 9:09
54859,0,9,2. Mid-Loyal (7-12 Months),Mobile Phone,3,25,Credit Card,female,3,4,Laptop & Accessory,3,Married,3,0,17,2,2,1,171,1,6/6/2026 9:09
54860,0,26,3. Core Loyal (>1 Year),Mobile Phone,1,7,Debit Card,male,4,4,Grocery,1,Married,4,0,0,4,8,9,296,0.5,6/6/2026 9:09
54861,1,21,3. Core Loyal (>1 Year),Mobile Phone,1,9,Cash on Delivery,male,3,4,Mobile Phone,3,Single,6,0,25,1,2,1,150,0.5,6/6/2026 9:09
54862,0,27,3. Core Loyal (>1 Year),Mobile Phone,3,9,Credit Card,male,3,4,Grocery,3,Married,8,0,14,0,16,3,274,0,6/6/2026 9:09
54863,0,4,1. Junior User (1-6 Months),Mobile Phone,3,15,UPI,male,4,4,Fashion,3,Married,7,0,12,3,8,8,198,0.38,6/6/2026 9:09
54864,0,12,2. Mid-Loyal (7-12 Months),Computer,3,17,Cash on Delivery,female,3,4,Laptop & Accessory,1,Single,3,1,14,2,2,4,182,1,6/6/2026 9:09
54865,0,9,2. Mid-Loyal (7-12 Months),Mobile Phone,3,10,Debit Card,male,4,4,Fashion,1,Married,8,0,14,1,2,9,203,0.5,6/6/2026 9:09
54866,0,13,3. Core Loyal (>1 Year),Mobile Phone,3,9,Debit Card,male,3,2,Fashion,3,Single,2,0,19,1,2,8,204,0.5,6/6/2026 9:09
54867,1,4,1. Junior User (1-6 Months),Computer,3,31,Debit Card,female,4,2,Grocery,4,Single,6,1,17,2,0,1,257,0,6/6/2026 9:09
54868,0,21,3. Core Loyal (>1 Year),Computer,1,23,Credit Card,male,4,2,Laptop & Accessory,3,Married,3,1,20,2,3,8,176,0.67,6/6/2026 9:09
54869,0,10,2. Mid-Loyal (7-12 Months),Computer,3,15,Cash on Delivery,male,3,4,Laptop & Accessory,1,Married,6,0,14,2,2,8,176,1,6/6/2026 9:09
54870,1,1,1. Junior User (1-6 Months),Computer,1,16,Credit Card,male,3,5,Mobile Phone,5,Single,2,1,23,1,2,3,148,0.5,6/6/2026 9:09
54871,0,7,2. Mid-Loyal (7-12 Months),Computer,3,24,Debit Card,male,3,4,Grocery,3,Single,3,0,0,6,7,1,299,0.86,6/6/2026 9:09
54872,1,1,1. Junior User (1-6 Months),Mobile Phone,1,17,Debit Card,female,4,5,Mobile Phone,5,Single,8,1,21,2,2,1,149,1,6/6/2026 9:09
54873,0,7,2. Mid-Loyal (7-12 Months),Mobile Phone,1,20,Debit Card,female,3,4,Mobile Phone,1,Single,5,0,19,2,2,3,160,1,6/6/2026 9:09
54874,0,19,3. Core Loyal (>1 Year),Mobile Phone,1,7,Credit Card,female,4,4,Mobile Phone,1,Married,5,0,15,2,2,3,148,1,6/6/2026 9:09
54875,0,24,3. Core Loyal (>1 Year),Mobile Phone,1,7,Credit Card,male,4,4,Grocery,1,Married,11,0,0,1,2,4,299,0.5,6/6/2026 9:09
54876,0,7,2. Mid-Loyal (7-12 Months),Computer,1,7,UPI,female,3,2,Laptop & Accessory,4,Married,3,1,14,2,2,3,180,1,6/6/2026 9:09
54877,0,15,3. Core Loyal (>1 Year),Computer,1,16,Credit Card,male,4,4,Others,3,Married,4,0,0,1,2,12,319,0.5,6/6/2026 9:09
54878,0,1,1. Junior User (1-6 Months),Mobile Phone,1,23,Cash on Delivery,female,3,4,Mobile Phone,4,Married,11,0,15,3,3,3,153,1,6/6/2026 9:09
54879,0,19,3. Core Loyal (>1 Year),Computer,1,30,Debit Card,male,3,4,Laptop & Accessory,5,Married,3,1,16,2,2,9,161,1,6/6/2026 9:09
54880,0,21,3. Core Loyal (>1 Year),Mobile Phone,3,11,Debit Card,female,3,4,Laptop & Accessory,1,Single,3,1,18,2,2,8,167,1,6/6/2026 9:09
54881,1,1,1. Junior User (1-6 Months),Mobile Phone,1,29,Debit Card,female,3,4,Mobile Phone,3,Married,6,1,12,1,2,2,146,0.5,6/6/2026 9:09
54882,0,24,3. Core Loyal (>1 Year),Mobile Phone,1,31,Debit Card,male,4,4,Grocery,3,Married,5,1,19,0,2,6,265,0,6/6/2026 9:09
54883,0,12,2. Mid-Loyal (7-12 Months),Computer,1,17,Credit Card,male,4,4,Mobile Phone,3,Married,2,0,18,1,2,3,152,0.5,6/6/2026 9:09
54884,0,20,3. Core Loyal (>1 Year),Mobile Phone,1,14,Credit Card,male,4,4,Fashion,3,Married,8,0,14,2,0,8,233,0,6/6/2026 9:09
54885,0,1,1. Junior User (1-6 Months),Mobile Phone,1,24,Credit Card,female,3,5,Laptop & Accessory,3,Married,3,0,16,1,4,3,169,0.25,6/6/2026 9:09
54886,1,1,1. Junior User (1-6 Months),Mobile Phone,1,21,UPI,male,3,5,Mobile Phone,4,Married,3,1,25,2,2,3,162,1,6/6/2026 9:09
54887,0,5,1. Junior User (1-6 Months),Computer,1,7,Debit Card,female,4,4,Laptop & Accessory,5,Married,3,0,13,2,2,4,166,1,6/6/2026 9:09
54888,0,1,1. Junior User (1-6 Months),Computer,1,12,Debit Card,male,4,4,Mobile Phone,1,Single,3,0,16,1,2,1,136,0.5,6/6/2026 9:09
54889,0,28,3. Core Loyal (>1 Year),Mobile Phone,1,24,Cash on Delivery,female,3,4,Fashion,3,Married,10,0,12,1,0,9,232,0,6/6/2026 9:09
54890,0,9,2. Mid-Loyal (7-12 Months),Mobile Phone,1,32,Credit Card,female,3,4,Fashion,3,Married,3,1,12,1,11,-1,229,0.09,6/6/2026 9:09
54891,0,4,1. Junior User (1-6 Months),Mobile Phone,1,15,Debit Card,female,4,2,Fashion,5,Married,2,1,13,1,0,8,239,0,6/6/2026 9:09
54892,1,1,1. Junior User (1-6 Months),Mobile Phone,1,18,Credit Card,female,4,5,Mobile Phone,5,Single,3,1,16,2,2,1,151,1,6/6/2026 9:09
54893,1,1,1. Junior User (1-6 Months),Computer,1,12,Credit Card,female,3,4,Mobile Phone,4,Single,2,0,18,1,2,3,149,0.5,6/6/2026 9:09
54894,0,1,1. Junior User (1-6 Months),Mobile Phone,1,9,Credit Card,male,3,2,Laptop & Accessory,1,Married,3,0,13,2,2,4,180,1,6/6/2026 9:09
54895,0,1,1. Junior User (1-6 Months),Mobile Phone,1,15,Debit Card,male,4,6,Mobile Phone,5,Married,3,0,16,1,2,2,150,0.5,6/6/2026 9:09
54896,0,22,3. Core Loyal (>1 Year),Mobile Phone,1,13,Debit Card,male,4,5,Laptop & Accessory,3,Single,4,0,14,1,3,3,167,0.33,6/6/2026 9:09
54897,0,22,3. Core Loyal (>1 Year),Mobile Phone,1,11,Debit Card,male,4,5,Fashion,3,Single,9,0,15,2,0,9,235,0,6/6/2026 9:09
54898,0,15,3. Core Loyal (>1 Year),Mobile Phone,1,14,Credit Card,female,3,4,Laptop & Accessory,3,Single,8,0,15,3,3,2,175,1,6/6/2026 9:09
54899,0,13,3. Core Loyal (>1 Year),Mobile Phone,1,7,Debit Card,female,4,5,Grocery,1,Married,3,0,17,10,0,9,252,0,6/6/2026 9:09
54900,0,1,1. Junior User (1-6 Months),Mobile Phone,1,9,Debit Card,female,3,4,Laptop & Accessory,1,Married,2,0,19,3,3,3,167,1,6/6/2026 9:09
54901,0,9,2. Mid-Loyal (7-12 Months),Mobile Phone,1,17,UPI,male,3,4,Mobile Phone,1,Married,3,0,21,1,2,3,164,0.5,6/6/2026 9:09
54902,0,1,1. Junior User (1-6 Months),Mobile Phone,3,12,E wallet,male,3,4,Others,3,Married,8,0,0,1,2,1,308,0.5,6/6/2026 9:09
54903,0,24,3. Core Loyal (>1 Year),Mobile Phone,1,16,Debit Card,male,4,4,Mobile Phone,1,Married,6,0,19,2,2,1,149,1,6/6/2026 9:09
54904,0,31,3. Core Loyal (>1 Year),Mobile Phone,1,9,Debit Card,female,4,5,Grocery,1,Single,5,1,14,0,5,4,262,0,6/6/2026 9:09
54905,1,1,1. Junior User (1-6 Months),Mobile Phone,1,18,Credit Card,female,4,6,Laptop & Accessory,4,Married,7,0,16,2,2,1,173,1,6/6/2026 9:09
54906,0,29,3. Core Loyal (>1 Year),Computer,1,25,Credit Card,male,4,4,Laptop & Accessory,4,Married,5,1,15,3,7,8,189,0.43,6/6/2026 9:09
54907,0,15,3. Core Loyal (>1 Year),Computer,1,14,Debit Card,female,3,6,Others,3,Married,3,0,23,6,6,11,325,1,6/6/2026 9:09
54908,0,12,2. Mid-Loyal (7-12 Months),Mobile Phone,3,10,Debit Card,male,3,4,Laptop & Accessory,1,Single,10,1,13,2,2,1,194,1,6/6/2026 9:09
54909,1,1,1. Junior User (1-6 Months),Computer,3,36,Credit Card,male,4,6,Laptop & Accessory,5,Single,10,0,19,2,3,3,175,0.67,6/6/2026 9:09
54910,1,16,3. Core Loyal (>1 Year),Mobile Phone,3,9,E wallet,female,3,6,Others,1,Married,3,0,16,4,7,10,323,0.57,6/6/2026 9:09
54911,0,18,3. Core Loyal (>1 Year),Mobile Phone,3,35,Credit Card,female,3,2,Grocery,1,Married,5,1,19,5,0,12,258,0,6/6/2026 9:09
54912,0,24,3. Core Loyal (>1 Year),Computer,3,7,Debit Card,female,4,4,Laptop & Accessory,3,Married,2,0,13,1,2,14,188,0.5,6/6/2026 9:09
54913,1,1,1. Junior User (1-6 Months),Mobile Phone,1,23,Debit Card,female,3,2,Mobile Phone,5,Single,3,0,17,4,16,15,152,0.25,6/6/2026 9:09
54914,0,13,3. Core Loyal (>1 Year),Computer,1,29,Credit Card,female,3,4,Fashion,5,Single,3,1,14,2,0,9,234,0,6/6/2026 9:09
54915,0,7,2. Mid-Loyal (7-12 Months),Computer,3,15,Debit Card,female,3,5,Mobile Phone,1,Single,2,0,20,1,3,3,148,0.33,6/6/2026 9:09
54916,0,19,3. Core Loyal (>1 Year),Mobile Phone,3,18,Debit Card,female,3,4,Grocery,1,Married,5,0,0,1,2,2,302,0.5,6/6/2026 9:09
54917,0,6,1. Junior User (1-6 Months),Computer,1,36,Credit Card,female,4,4,Mobile Phone,3,Single,11,0,13,7,8,8,165,0.88,6/6/2026 9:09
54918,0,8,2. Mid-Loyal (7-12 Months),Mobile Phone,3,7,E wallet,male,4,2,Laptop & Accessory,1,Married,2,0,12,1,2,-1,222,0.5,6/6/2026 9:09
54919,0,31,3. Core Loyal (>1 Year),Mobile Phone,3,7,Cash on Delivery,male,4,4,Fashion,1,Married,5,1,15,2,0,5,244,0,6/6/2026 9:09
54920,0,19,3. Core Loyal (>1 Year),Mobile Phone,2,31,Credit Card,male,3,4,Mobile Phone,4,Single,3,0,17,1,2,5,147,0.5,6/6/2026 9:09
54921,0,27,3. Core Loyal (>1 Year),Computer,3,9,E wallet,female,3,5,Fashion,4,Married,4,0,13,6,7,13,200,0.86,6/6/2026 9:09
54922,1,1,1. Junior User (1-6 Months),Mobile Phone,1,22,UPI,male,3,4,Laptop & Accessory,3,Married,9,0,15,1,2,1,173,0.5,6/6/2026 9:09
54923,1,1,1. Junior User (1-6 Months),Computer,1,9,Debit Card,male,3,4,Mobile Phone,5,Married,8,1,15,1,2,3,145,0.5,6/6/2026 9:09
54924,0,8,2. Mid-Loyal (7-12 Months),Mobile Phone,3,17,Debit Card,female,3,4,Mobile Phone,3,Married,3,1,20,1,2,1,147,0.5,6/6/2026 9:09
54925,0,2,1. Junior User (1-6 Months),Mobile Phone,3,17,Credit Card,male,4,4,Mobile Phone,4,Married,3,0,23,1,2,1,136,0.5,6/6/2026 9:09
54926,0,12,2. Mid-Loyal (7-12 Months),Computer,1,10,UPI,male,3,4,Mobile Phone,3,Married,5,0,17,3,3,3,153,1,6/6/2026 9:09
54927,0,24,3. Core Loyal (>1 Year),Mobile Phone,1,9,Credit Card,male,4,4,Others,3,Married,4,1,0,5,8,8,317,0.63,6/6/2026 9:09
54928,0,11,2. Mid-Loyal (7-12 Months),Mobile Phone,1,10,UPI,female,3,4,Laptop & Accessory,4,Single,5,0,16,2,2,2,166,1,6/6/2026 9:09
54929,0,14,3. Core Loyal (>1 Year),Mobile Phone,3,33,E wallet,male,4,4,Laptop & Accessory,5,Married,3,0,15,4,8,6,209,0.5,6/6/2026 9:09
54930,0,1,1. Junior User (1-6 Months),Computer,1,7,Credit Card,female,4,5,Mobile Phone,3,Married,3,0,14,1,2,4,145,0.5,6/6/2026 9:09
54931,0,20,3. Core Loyal (>1 Year),Mobile Phone,1,7,Credit Card,male,3,4,Others,1,Married,11,0,0,2,3,3,321,0.67,6/6/2026 9:09
54932,0,28,3. Core Loyal (>1 Year),Mobile Phone,3,9,Debit Card,female,3,5,Fashion,3,Married,8,0,12,7,0,1,232,0,6/6/2026 9:09
54933,0,30,3. Core Loyal (>1 Year),Computer,1,16,Credit Card,female,4,4,Mobile Phone,3,Married,4,0,20,2,2,4,154,1,6/6/2026 9:09
54934,0,10,2. Mid-Loyal (7-12 Months),Mobile Phone,1,19,Credit Card,female,3,5,Fashion,1,Single,2,0,12,6,8,-1,214,0.75,6/6/2026 9:09
54935,0,29,3. Core Loyal (>1 Year),Computer,1,9,Credit Card,male,3,5,Grocery,5,Single,9,0,0,3,7,3,293,0.43,6/6/2026 9:09
54936,0,17,3. Core Loyal (>1 Year),Mobile Phone,3,32,Credit Card,male,4,5,Fashion,1,Married,7,0,14,2,0,1,233,0,6/6/2026 9:09
54937,1,1,1. Junior User (1-6 Months),Computer,3,16,E wallet,female,3,4,Mobile Phone,1,Single,3,1,15,2,2,3,148,1,6/6/2026 9:09
54938,1,1,1. Junior User (1-6 Months),Mobile Phone,1,17,Debit Card,female,3,5,Mobile Phone,5,Single,3,0,14,1,2,1,139,0.5,6/6/2026 9:09
54939,0,20,3. Core Loyal (>1 Year),Mobile Phone,1,15,Debit Card,female,4,5,Laptop & Accessory,5,Married,10,1,24,2,2,8,171,1,6/6/2026 9:09
54940,1,15,3. Core Loyal (>1 Year),Mobile Phone,1,11,Debit Card,male,3,4,Mobile Phone,3,Married,11,1,13,1,3,8,150,0.33,6/6/2026 9:09
54941,1,1,1. Junior User (1-6 Months),Computer,1,31,Cash on Delivery,male,4,5,Fashion,5,Single,3,0,13,2,2,-1,212,1,6/6/2026 9:09
54942,0,1,1. Junior User (1-6 Months),Mobile Phone,1,7,Credit Card,male,3,5,Mobile Phone,5,Married,3,0,17,2,2,4,165,1,6/6/2026 9:09
54943,0,4,1. Junior User (1-6 Months),Mobile Phone,1,27,UPI,male,3,4,Laptop & Accessory,5,Married,2,0,16,1,2,-1,225,0.5,6/6/2026 9:09
54944,0,15,3. Core Loyal (>1 Year),Mobile Phone,1,14,Cash on Delivery,female,3,2,Mobile Phone,3,Married,3,0,14,1,2,9,159,0.5,6/6/2026 9:09
54945,0,12,2. Mid-Loyal (7-12 Months),Mobile Phone,1,24,Debit Card,female,4,5,Fashion,3,Married,2,0,19,2,2,-1,213,1,6/6/2026 9:09
54946,0,14,3. Core Loyal (>1 Year),Mobile Phone,1,27,Cash on Delivery,male,4,4,Fashion,1,Married,6,0,21,4,12,-1,228,0.33,6/6/2026 9:09
54947,0,1,1. Junior User (1-6 Months),Computer,1,15,Debit Card,male,3,6,Mobile Phone,3,Married,3,0,20,2,2,3,171,1,6/6/2026 9:09
54948,0,29,3. Core Loyal (>1 Year),Computer,1,9,Debit Card,male,4,4,Fashion,4,Married,5,0,19,1,0,3,235,0,6/6/2026 9:09
54949,0,2,1. Junior User (1-6 Months),Mobile Phone,1,17,UPI,female,3,4,Laptop & Accessory,3,Single,5,0,14,1,2,8,162,0.5,6/6/2026 9:09
54950,1,8,2. Mid-Loyal (7-12 Months),Mobile Phone,2,7,Credit Card,male,4,5,Fashion,5,Married,11,0,15,3,4,-1,230,0.75,6/6/2026 9:09
54951,0,7,2. Mid-Loyal (7-12 Months),Mobile Phone,1,12,Debit Card,male,3,5,Fashion,1,Married,6,0,16,2,2,3,196,1,6/6/2026 9:09
54952,1,1,1. Junior User (1-6 Months),Mobile Phone,3,11,Cash on Delivery,male,3,4,Fashion,5,Single,2,1,23,3,5,-1,221,0.6,6/6/2026 9:09
54953,1,1,1. Junior User (1-6 Months),Computer,1,36,Credit Card,female,3,5,Laptop & Accessory,3,Single,3,0,23,3,4,9,170,0.75,6/6/2026 9:09
54954,0,2,1. Junior User (1-6 Months),Mobile Phone,1,22,Debit Card,male,3,4,Mobile Phone,3,Married,3,0,17,1,3,3,147,0.33,6/6/2026 9:09
54955,0,8,2. Mid-Loyal (7-12 Months),Computer,1,10,Debit Card,male,3,4,Laptop & Accessory,1,Single,2,0,18,2,2,5,203,1,6/6/2026 9:09
54956,0,11,2. Mid-Loyal (7-12 Months),Mobile Phone,3,17,Debit Card,female,3,5,Laptop & Accessory,1,Married,4,1,15,2,2,1,192,1,6/6/2026 9:09
54957,1,1,1. Junior User (1-6 Months),Mobile Phone,1,11,Cash on Delivery,male,3,4,Mobile Phone,1,Married,3,1,16,5,6,7,162,0.83,6/6/2026 9:09
54958,1,1,1. Junior User (1-6 Months),Mobile Phone,1,28,Credit Card,male,3,4,Mobile Phone,3,Married,3,0,21,2,2,1,149,1,6/6/2026 9:09
54959,1,1,1. Junior User (1-6 Months),Mobile Phone,1,32,Credit Card,male,3,5,Mobile Phone,4,Single,6,1,21,2,3,3,148,0.67,6/6/2026 9:09
54960,0,16,3. Core Loyal (>1 Year),Mobile Phone,1,9,Credit Card,male,3,4,Grocery,5,Married,2,0,0,6,14,8,302,0.43,6/6/2026 9:09
54961,1,1,1. Junior User (1-6 Months),Computer,1,7,Credit Card,male,3,5,Mobile Phone,4,Married,3,0,16,2,2,1,151,1,6/6/2026 9:09
54962,1,14,3. Core Loyal (>1 Year),Computer,3,7,UPI,male,3,4,Laptop & Accessory,3,Single,5,1,15,2,2,1,172,1,6/6/2026 9:09
54963,0,7,2. Mid-Loyal (7-12 Months),Computer,3,14,Debit Card,female,2,4,Laptop & Accessory,4,Married,2,0,18,1,2,3,168,0.5,6/6/2026 9:09
54964,0,8,2. Mid-Loyal (7-12 Months),Computer,1,10,Debit Card,male,3,5,Mobile Phone,1,Married,5,0,18,1,2,1,155,0.5,6/6/2026 9:09
54965,0,22,3. Core Loyal (>1 Year),Computer,1,7,Credit Card,male,3,2,Grocery,1,Single,4,0,0,1,3,2,294,0.33,6/6/2026 9:09
54966,0,19,3. Core Loyal (>1 Year),Computer,3,16,Debit Card,female,4,5,Laptop & Accessory,3,Married,3,0,14,5,5,13,181,1,6/6/2026 9:09
54967,0,26,3. Core Loyal (>1 Year),Mobile Phone,1,6,Debit Card,male,3,4,Fashion,4,Single,9,0,20,3,5,-1,229,0.6,6/6/2026 9:09
54968,0,12,2. Mid-Loyal (7-12 Months),Mobile Phone,3,17,E wallet,male,4,5,Fashion,3,Married,2,1,15,2,3,-1,212,0.67,6/6/2026 9:09
54969,0,3,1. Junior User (1-6 Months),Mobile Phone,1,35,Debit Card,female,4,4,Mobile Phone,1,Married,6,0,23,2,2,8,150,1,6/6/2026 9:09
54970,0,2,1. Junior User (1-6 Months),Mobile Phone,1,10,Credit Card,female,4,4,Fashion,4,Married,2,0,18,1,2,8,202,0.5,6/6/2026 9:09
54971,0,20,3. Core Loyal (>1 Year),Mobile Phone,3,10,E wallet,male,3,4,Grocery,3,Married,5,0,0,5,5,10,300,1,6/6/2026 9:09
54972,0,12,2. Mid-Loyal (7-12 Months),Mobile Phone,3,9,E wallet,male,3,4,Fashion,4,Single,9,0,17,2,2,1,199,1,6/6/2026 9:09
54973,0,17,3. Core Loyal (>1 Year),Computer,1,34,Debit Card,female,3,4,Fashion,5,Married,10,0,12,2,0,2,233,0,6/6/2026 9:09
54974,1,3,1. Junior User (1-6 Months),Computer,1,9,Debit Card,male,3,4,Grocery,1,Married,9,0,12,11,0,6,247,0,6/6/2026 9:09
54975,0,14,3. Core Loyal (>1 Year),Mobile Phone,1,21,Credit Card,male,3,5,Others,3,Single,3,0,0,4,5,10,321,0.8,6/6/2026 9:09
54976,0,1,1. Junior User (1-6 Months),Mobile Phone,1,7,Cash on Delivery,female,4,5,Mobile Phone,4,Single,3,1,12,2,3,3,146,0.67,6/6/2026 9:09
54977,0,13,3. Core Loyal (>1 Year),Computer,1,16,Debit Card,male,4,4,Laptop & Accessory,4,Single,11,0,16,2,2,4,193,1,6/6/2026 9:09
54978,0,10,2. Mid-Loyal (7-12 Months),Computer,1,25,Debit Card,male,4,4,Laptop & Accessory,1,Single,4,0,21,1,2,10,203,0.5,6/6/2026 9:09
54979,0,5,1. Junior User (1-6 Months),Computer,3,27,Debit Card,male,4,2,Mobile Phone,1,Married,2,0,13,3,3,3,153,1,6/6/2026 9:09
54980,0,2,1. Junior User (1-6 Months),Mobile Phone,1,9,Debit Card,male,4,5,Mobile Phone,4,Married,2,0,18,1,2,5,157,0.5,6/6/2026 9:09
54981,0,9,2. Mid-Loyal (7-12 Months),Computer,3,18,E wallet,male,3,4,Laptop & Accessory,1,Married,3,0,12,2,2,3,175,1,6/6/2026 9:09
54982,0,23,3. Core Loyal (>1 Year),Mobile Phone,3,15,Cash on Delivery,male,3,5,Grocery,4,Married,8,0,18,2,0,4,256,0,6/6/2026 9:09
54983,0,8,2. Mid-Loyal (7-12 Months),Computer,1,9,Debit Card,male,4,4,Laptop & Accessory,3,Single,4,0,12,2,2,3,165,1,6/6/2026 9:09
54984,0,3,1. Junior User (1-6 Months),Computer,1,17,Debit Card,female,4,4,Mobile Phone,4,Married,2,0,15,1,2,2,158,0.5,6/6/2026 9:09
54985,0,16,3. Core Loyal (>1 Year),Mobile Phone,1,36,Credit Card,male,3,6,Laptop & Accessory,1,Single,6,0,20,2,2,1,168,1,6/6/2026 9:09
54986,0,3,1. Junior User (1-6 Months),Mobile Phone,1,15,Credit Card,male,4,5,Laptop & Accessory,1,Married,3,1,16,2,2,3,176,1,6/6/2026 9:09
54987,0,12,2. Mid-Loyal (7-12 Months),Mobile Phone,2,7,UPI,male,3,2,Mobile Phone,3,Married,3,0,14,4,6,1,153,0.67,6/6/2026 9:09
54988,0,2,1. Junior User (1-6 Months),Computer,1,13,Debit Card,male,3,5,Mobile Phone,3,Married,3,1,15,2,2,3,152,1,6/6/2026 9:09
54989,1,1,1. Junior User (1-6 Months),Computer,1,15,Credit Card,male,4,4,Mobile Phone,3,Single,3,0,13,2,2,1,144,1,6/6/2026 9:09
54990,1,1,1. Junior User (1-6 Months),Mobile Phone,3,16,E wallet,female,4,4,Laptop & Accessory,5,Single,5,1,18,1,2,4,207,0.5,6/6/2026 9:09
54991,0,15,3. Core Loyal (>1 Year),Mobile Phone,1,19,Debit Card,male,3,4,Mobile Phone,1,Married,5,1,12,2,2,1,173,1,6/6/2026 9:09
54992,1,1,1. Junior User (1-6 Months),Computer,1,22,Credit Card,male,4,4,Mobile Phone,3,Married,3,0,13,2,3,3,151,0.67,6/6/2026 9:09
54993,0,11,2. Mid-Loyal (7-12 Months),Mobile Phone,1,32,Credit Card,female,3,5,Laptop & Accessory,1,Married,9,0,14,2,2,4,182,1,6/6/2026 9:09
54994,0,1,1. Junior User (1-6 Months),Mobile Phone,1,13,Debit Card,male,3,5,Mobile Phone,3,Married,3,0,14,2,3,3,150,0.67,6/6/2026 9:09
54995,0,8,2. Mid-Loyal (7-12 Months),Mobile Phone,3,16,Debit Card,female,4,4,Laptop & Accessory,3,Married,3,0,21,1,2,4,182,0.5,6/6/2026 9:09
54996,0,9,2. Mid-Loyal (7-12 Months),Mobile Phone,2,15,Cash on Delivery,male,4,4,Mobile Phone,3,Single,3,0,18,1,2,5,168,0.5,6/6/2026 9:09
54997,1,1,1. Junior User (1-6 Months),Mobile Phone,3,30,Debit Card,female,3,5,Fashion,5,Married,3,0,14,2,4,11,198,0.5,6/6/2026 9:09
54998,0,14,3. Core Loyal (>1 Year),Computer,1,16,Credit Card,female,3,4,Fashion,3,Single,11,0,18,2,0,14,260,0,6/6/2026 9:09
54999,1,6,1. Junior User (1-6 Months),Computer,3,19,Debit Card,male,3,4,Grocery,5,Single,2,1,13,0,14,15,263,0,6/6/2026 9:09
55000,0,16,3. Core Loyal (>1 Year),Mobile Phone,3,11,E wallet,male,3,4,Laptop & Accessory,5,Single,9,0,14,2,2,6,177,1,6/6/2026 9:09
55001,0,9,2. Mid-Loyal (7-12 Months),Mobile Phone,1,7,Credit Card,male,3,5,Mobile Phone,3,Married,8,0,13,2,2,8,148,1,6/6/2026 9:09
55002,0,1,1. Junior User (1-6 Months),Mobile Phone,1,31,Credit Card,male,3,4,Mobile Phone,4,Single,10,0,23,1,2,3,161,0.5,6/6/2026 9:09
55003,1,1,1. Junior User (1-6 Months),Mobile Phone,1,19,Debit Card,female,4,4,Mobile Phone,1,Married,3,1,12,2,2,1,150,1,6/6/2026 9:09
55004,0,1,1. Junior User (1-6 Months),Mobile Phone,1,10,Credit Card,male,3,2,Mobile Phone,1,Married,3,0,23,2,2,8,169,1,6/6/2026 9:09
55005,0,4,1. Junior User (1-6 Months),Mobile Phone,3,17,E wallet,male,4,5,Laptop & Accessory,3,Married,3,0,19,1,2,5,191,0.5,6/6/2026 9:09
55006,0,14,3. Core Loyal (>1 Year),Computer,1,33,Credit Card,female,4,5,Laptop & Accessory,1,Married,5,1,14,1,2,1,169,0.5,6/6/2026 9:09
55007,0,9,2. Mid-Loyal (7-12 Months),Mobile Phone,1,9,Debit Card,male,3,5,Fashion,4,Married,4,0,19,3,7,-1,228,0.43,6/6/2026 9:09
55008,0,8,2. Mid-Loyal (7-12 Months),Computer,1,8,Credit Card,male,4,5,Laptop & Accessory,5,Single,2,0,21,1,5,10,178,0.2,6/6/2026 9:09
55009,0,9,2. Mid-Loyal (7-12 Months),Computer,1,11,UPI,male,3,5,Mobile Phone,1,Married,3,0,14,2,3,3,149,0.67,6/6/2026 9:09
55010,1,7,2. Mid-Loyal (7-12 Months),Mobile Phone,3,16,E wallet,female,3,6,Laptop & Accessory,3,Single,10,0,14,1,2,4,178,0.5,6/6/2026 9:09
55011,0,6,1. Junior User (1-6 Months),Computer,3,9,Debit Card,female,4,4,Mobile Phone,5,Married,3,0,13,2,2,1,153,1,6/6/2026 9:09
55012,0,30,3. Core Loyal (>1 Year),Mobile Phone,1,11,Cash on Delivery,female,4,4,Others,5,Married,6,0,14,5,5,3,324,1,6/6/2026 9:09
55013,0,3,1. Junior User (1-6 Months),Mobile Phone,1,13,Credit Card,female,3,4,Mobile Phone,1,Married,3,0,14,1,2,9,156,0.5,6/6/2026 9:09
55014,0,1,1. Junior User (1-6 Months),Mobile Phone,1,16,Debit Card,male,3,4,Mobile Phone,5,Single,3,0,26,1,2,1,151,0.5,6/6/2026 9:09
55015,0,19,3. Core Loyal (>1 Year),Mobile Phone,1,14,Credit Card,female,3,4,Mobile Phone,3,Married,6,1,20,1,2,3,170,0.5,6/6/2026 9:09
55016,0,11,2. Mid-Loyal (7-12 Months),Mobile Phone,1,8,Debit Card,female,3,5,Laptop & Accessory,1,Married,3,0,14,1,4,12,190,0.25,6/6/2026 9:09
55017,0,1,1. Junior User (1-6 Months),Mobile Phone,1,6,Debit Card,male,3,5,Mobile Phone,3,Single,3,0,13,1,2,3,155,0.5,6/6/2026 9:09
55018,1,8,2. Mid-Loyal (7-12 Months),Mobile Phone,1,17,Debit Card,male,4,4,Mobile Phone,3,Single,3,1,12,2,2,3,154,1,6/6/2026 9:09
55019,0,27,3. Core Loyal (>1 Year),Mobile Phone,1,14,Credit Card,female,3,4,Others,3,Married,5,0,0,4,5,8,311,0.8,6/6/2026 9:09
55020,0,3,1. Junior User (1-6 Months),Mobile Phone,1,22,Debit Card,female,4,6,Mobile Phone,1,Married,2,1,19,2,2,4,147,1,6/6/2026 9:09
55021,1,1,1. Junior User (1-6 Months),Computer,1,10,Debit Card,male,3,5,Mobile Phone,1,Married,2,1,12,1,2,1,154,0.5,6/6/2026 9:09
55022,0,20,3. Core Loyal (>1 Year),Mobile Phone,3,9,E wallet,female,4,4,Grocery,5,Married,10,0,0,7,16,10,295,0.44,6/6/2026 9:09
55023,0,18,3. Core Loyal (>1 Year),Computer,1,24,Debit Card,male,4,6,Mobile Phone,3,Single,4,0,14,2,2,1,148,1,6/6/2026 9:09
55024,0,7,2. Mid-Loyal (7-12 Months),Mobile Phone,2,9,UPI,male,4,4,Mobile Phone,3,Married,3,0,14,2,2,5,161,1,6/6/2026 9:09
55025,1,5,1. Junior User (1-6 Months),Computer,1,12,Debit Card,male,4,5,Mobile Phone,5,Married,8,0,18,1,2,1,146,0.5,6/6/2026 9:09
55026,0,4,1. Junior User (1-6 Months),Mobile Phone,3,36,Debit Card,male,4,4,Laptop & Accessory,5,Married,10,0,20,2,2,4,166,1,6/6/2026 9:09
55027,0,14,3. Core Loyal (>1 Year),Computer,3,9,Credit Card,male,4,4,Laptop & Accessory,4,Married,7,0,13,2,2,1,168,1,6/6/2026 9:09
55028,0,24,3. Core Loyal (>1 Year),Computer,1,9,Credit Card,female,2,4,Grocery,5,Married,4,0,0,1,3,3,304,0.33,6/6/2026 9:09
55029,0,2,1. Junior User (1-6 Months),Mobile Phone,1,26,Credit Card,male,4,5,Mobile Phone,5,Married,3,0,13,2,4,4,157,0.5,6/6/2026 9:09
55030,0,20,3. Core Loyal (>1 Year),Mobile Phone,1,22,Debit Card,male,3,4,Others,4,Married,7,0,0,2,2,4,316,1,6/6/2026 9:09
55031,0,9,2. Mid-Loyal (7-12 Months),Mobile Phone,3,24,Debit Card,male,4,4,Laptop & Accessory,5,Married,5,1,16,1,2,-1,215,0.5,6/6/2026 9:09
55032,1,1,1. Junior User (1-6 Months),Mobile Phone,1,24,Debit Card,female,4,4,Mobile Phone,4,Married,3,0,14,2,2,1,147,1,6/6/2026 9:09
55033,0,7,2. Mid-Loyal (7-12 Months),Computer,3,32,Credit Card,female,3,4,Laptop & Accessory,3,Married,3,0,13,1,2,2,170,0.5,6/6/2026 9:09
55034,0,10,2. Mid-Loyal (7-12 Months),Mobile Phone,1,13,Debit Card,male,3,6,Mobile Phone,3,Married,3,0,15,2,2,8,152,1,6/6/2026 9:09
55035,0,4,1. Junior User (1-6 Months),Mobile Phone,1,14,Debit Card,male,3,4,Laptop & Accessory,3,Married,3,0,14,5,9,10,160,0.56,6/6/2026 9:09
55036,0,18,3. Core Loyal (>1 Year),Mobile Phone,1,36,UPI,male,3,4,Laptop & Accessory,1,Single,3,0,26,7,14,18,170,0.5,6/6/2026 9:09
55037,0,1,1. Junior User (1-6 Months),Mobile Phone,3,28,E wallet,male,3,2,Mobile Phone,1,Single,3,0,18,3,3,3,152,1,6/6/2026 9:09
55038,0,20,3. Core Loyal (>1 Year),Mobile Phone,1,9,Cash on Delivery,male,3,4,Laptop & Accessory,1,Married,4,0,12,1,2,5,199,0.5,6/6/2026 9:09
55039,0,16,3. Core Loyal (>1 Year),Computer,2,9,Credit Card,male,4,2,Laptop & Accessory,5,Married,9,0,17,2,2,4,188,1,6/6/2026 9:09
55040,0,31,3. Core Loyal (>1 Year),Mobile Phone,3,14,E wallet,male,3,2,Laptop & Accessory,1,Married,2,1,19,1,2,10,177,0.5,6/6/2026 9:09
55041,0,6,1. Junior User (1-6 Months),Computer,1,20,UPI,female,4,5,Mobile Phone,4,Married,3,0,21,3,3,3,159,1,6/6/2026 9:09
55042,0,6,1. Junior User (1-6 Months),Computer,1,9,Debit Card,female,3,4,Laptop & Accessory,3,Single,6,1,15,2,2,8,175,1,6/6/2026 9:09
55043,0,10,2. Mid-Loyal (7-12 Months),Mobile Phone,1,8,Cash on Delivery,female,4,6,Fashion,5,Married,4,1,22,8,8,-1,228,1,6/6/2026 9:09
55044,0,7,2. Mid-Loyal (7-12 Months),Mobile Phone,1,16,Credit Card,male,3,4,Mobile Phone,1,Married,2,0,14,1,5,11,153,0.2,6/6/2026 9:09
55045,0,14,3. Core Loyal (>1 Year),Mobile Phone,3,17,Cash on Delivery,female,3,5,Laptop & Accessory,4,Married,9,0,13,2,2,4,194,1,6/6/2026 9:09
55046,0,1,1. Junior User (1-6 Months),Mobile Phone,3,17,Debit Card,male,3,4,Laptop & Accessory,1,Single,2,0,15,2,2,2,175,1,6/6/2026 9:09
55047,0,4,1. Junior User (1-6 Months),Mobile Phone,1,8,Credit Card,male,4,4,Mobile Phone,4,Married,2,1,22,4,6,8,161,0.67,6/6/2026 9:09
55048,0,16,3. Core Loyal (>1 Year),Computer,1,33,Credit Card,female,3,4,Fashion,5,Married,5,1,18,1,0,1,257,0,6/6/2026 9:09
55049,0,9,2. Mid-Loyal (7-12 Months),Computer,3,15,E wallet,female,4,5,Fashion,1,Married,6,1,12,4,5,-1,229,0.8,6/6/2026 9:09
55050,0,1,1. Junior User (1-6 Months),Mobile Phone,1,21,Debit Card,male,3,4,Mobile Phone,5,Married,3,1,15,6,7,9,147,0.86,6/6/2026 9:09
55051,0,28,3. Core Loyal (>1 Year),Computer,1,8,Debit Card,female,3,4,Fashion,3,Married,9,0,18,1,2,-1,230,0.5,6/6/2026 9:09
55052,0,18,3. Core Loyal (>1 Year),Mobile Phone,1,9,Debit Card,female,4,2,Mobile Phone,1,Married,3,0,14,2,8,8,145,0.25,6/6/2026 9:09
55053,1,1,1. Junior User (1-6 Months),Computer,1,17,Credit Card,female,4,5,Mobile Phone,4,Single,3,1,26,1,2,1,144,0.5,6/6/2026 9:09
55054,0,3,1. Junior User (1-6 Months),Mobile Phone,1,8,Debit Card,female,4,4,Mobile Phone,1,Married,3,0,16,2,2,3,163,1,6/6/2026 9:09
55055,0,28,3. Core Loyal (>1 Year),Mobile Phone,1,10,Debit Card,male,3,4,Grocery,1,Married,5,0,0,1,2,10,303,0.5,6/6/2026 9:09
55056,0,5,1. Junior User (1-6 Months),Mobile Phone,1,18,Credit Card,male,4,4,Laptop & Accessory,5,Married,3,1,13,2,2,2,193,1,6/6/2026 9:09
55057,0,5,1. Junior User (1-6 Months),Mobile Phone,1,31,Credit Card,female,4,5,Laptop & Accessory,5,Single,3,0,20,2,2,9,193,1,6/6/2026 9:09
55058,0,31,3. Core Loyal (>1 Year),Mobile Phone,3,10,Debit Card,female,3,5,Laptop & Accessory,1,Single,7,0,18,1,2,6,177,0.5,6/6/2026 9:09
55059,0,17,3. Core Loyal (>1 Year),Mobile Phone,1,10,Debit Card,male,4,6,Others,1,Married,5,0,0,2,2,8,322,1,6/6/2026 9:09
55060,0,23,3. Core Loyal (>1 Year),Mobile Phone,1,11,Credit Card,male,3,5,Others,3,Married,4,0,0,1,2,1,312,0.5,6/6/2026 9:09
55061,0,10,2. Mid-Loyal (7-12 Months),Computer,1,10,Cash on Delivery,male,3,4,Mobile Phone,4,Married,3,0,13,1,2,8,162,0.5,6/6/2026 9:09
55062,0,22,3. Core Loyal (>1 Year),Mobile Phone,1,9,Cash on Delivery,male,4,2,Mobile Phone,4,Single,7,0,12,1,2,1,151,0.5,6/6/2026 9:09
55063,0,1,1. Junior User (1-6 Months),Mobile Phone,1,11,Debit Card,male,4,4,Mobile Phone,3,Married,3,0,12,2,2,4,150,1,6/6/2026 9:09
55064,0,3,1. Junior User (1-6 Months),Mobile Phone,1,14,Debit Card,male,3,4,Laptop & Accessory,1,Married,3,1,12,2,2,1,191,1,6/6/2026 9:09
55065,0,22,3. Core Loyal (>1 Year),Mobile Phone,1,8,Debit Card,male,4,5,Others,1,Single,8,0,0,2,2,1,308,1,6/6/2026 9:09
55066,0,3,1. Junior User (1-6 Months),Mobile Phone,1,8,Debit Card,female,3,5,Grocery,1,Married,5,0,15,0,2,8,286,0,6/6/2026 9:09
55067,0,8,2. Mid-Loyal (7-12 Months),Mobile Phone,1,27,Cash on Delivery,female,3,2,Mobile Phone,3,Married,2,0,18,2,2,1,151,1,6/6/2026 9:09
55068,0,18,3. Core Loyal (>1 Year),Mobile Phone,3,12,E wallet,male,3,4,Others,4,Married,9,0,0,2,4,11,307,0.5,6/6/2026 9:09
55069,0,7,2. Mid-Loyal (7-12 Months),Mobile Phone,3,17,E wallet,male,3,2,Fashion,3,Married,2,1,15,1,2,9,209,0.5,6/6/2026 9:09
55070,0,1,1. Junior User (1-6 Months),Mobile Phone,1,32,Debit Card,female,3,2,Mobile Phone,1,Single,3,1,13,1,2,2,155,0.5,6/6/2026 9:09
55071,0,1,1. Junior User (1-6 Months),Mobile Phone,1,8,Debit Card,male,3,4,Mobile Phone,3,Married,3,0,23,2,2,2,137,1,6/6/2026 9:09
55072,1,1,1. Junior User (1-6 Months),Computer,3,31,Debit Card,male,4,6,Mobile Phone,1,Single,3,1,15,2,2,1,136,1,6/6/2026 9:09
55073,0,1,1. Junior User (1-6 Months),Mobile Phone,1,11,Debit Card,male,3,4,Mobile Phone,1,Single,3,1,21,3,3,3,154,1,6/6/2026 9:09
55074,1,9,2. Mid-Loyal (7-12 Months),Mobile Phone,3,9,E wallet,female,4,6,Others,4,Single,4,1,0,2,2,12,313,1,6/6/2026 9:09
55075,0,29,3. Core Loyal (>1 Year),Computer,1,15,Credit Card,male,3,5,Grocery,4,Married,3,1,16,3,16,1,261,0.19,6/6/2026 9:09
55076,1,1,1. Junior User (1-6 Months),Computer,1,17,Debit Card,female,3,5,Mobile Phone,3,Single,3,0,21,2,3,3,151,0.67,6/6/2026 9:09
55077,0,20,3. Core Loyal (>1 Year),Mobile Phone,3,11,E wallet,female,3,5,Others,4,Married,4,0,0,2,2,9,313,1,6/6/2026 9:09
55078,0,8,2. Mid-Loyal (7-12 Months),Mobile Phone,3,9,E wallet,female,3,4,Laptop & Accessory,5,Single,2,1,13,2,2,3,170,1,6/6/2026 9:09
55079,0,25,3. Core Loyal (>1 Year),Computer,3,16,Debit Card,male,3,4,Others,4,Married,6,1,25,7,12,11,323,0.58,6/6/2026 9:09
55080,0,31,3. Core Loyal (>1 Year),Mobile Phone,1,25,Credit Card,male,4,4,Fashion,1,Single,8,0,13,4,6,-1,230,0.67,6/6/2026 9:09
55081,0,8,2. Mid-Loyal (7-12 Months),Computer,1,26,Credit Card,female,3,4,Laptop & Accessory,4,Married,6,0,14,1,6,11,169,0.17,6/6/2026 9:09
55082,0,2,1. Junior User (1-6 Months),Computer,1,8,Credit Card,male,3,4,Mobile Phone,3,Single,2,1,12,2,2,3,147,1,6/6/2026 9:09
55083,0,18,3. Core Loyal (>1 Year),Mobile Phone,1,11,Debit Card,male,4,2,Others,5,Married,3,0,0,3,15,14,317,0.2,6/6/2026 9:09
55084,0,8,2. Mid-Loyal (7-12 Months),Computer,2,18,Debit Card,male,3,5,Laptop & Accessory,4,Married,6,0,12,1,2,9,170,0.5,6/6/2026 9:09
55085,0,9,2. Mid-Loyal (7-12 Months),Mobile Phone,1,13,Debit Card,male,4,4,Mobile Phone,3,Married,2,1,15,2,3,3,160,0.67,6/6/2026 9:09
55086,0,16,3. Core Loyal (>1 Year),Mobile Phone,1,14,Credit Card,female,4,2,Laptop & Accessory,4,Married,8,1,17,1,2,1,149,0.5,6/6/2026 9:09
55087,0,17,3. Core Loyal (>1 Year),Mobile Phone,3,11,E wallet,female,3,5,Fashion,1,Single,5,0,15,11,16,-1,227,0.69,6/6/2026 9:09
55088,0,10,2. Mid-Loyal (7-12 Months),Mobile Phone,1,9,Debit Card,female,3,4,Laptop & Accessory,4,Single,11,1,12,5,6,13,179,0.83,6/6/2026 9:09
55089,1,8,2. Mid-Loyal (7-12 Months),Mobile Phone,1,22,Credit Card,female,4,4,Fashion,1,Married,3,0,12,1,2,6,205,0.5,6/6/2026 9:09
55090,0,2,1. Junior User (1-6 Months),Computer,1,9,Debit Card,male,3,5,Mobile Phone,1,Married,3,1,13,1,3,3,164,0.33,6/6/2026 9:09
55091,0,25,3. Core Loyal (>1 Year),Computer,1,13,Credit Card,female,3,5,Mobile Phone,3,Single,2,0,15,4,8,8,153,0.5,6/6/2026 9:09
55092,0,4,1. Junior User (1-6 Months),Computer,1,16,Credit Card,female,4,4,Laptop & Accessory,3,Single,9,1,19,1,2,8,172,0.5,6/6/2026 9:09
55093,1,1,1. Junior User (1-6 Months),Mobile Phone,1,14,Cash on Delivery,female,3,4,Mobile Phone,3,Married,5,1,14,5,8,8,158,0.63,6/6/2026 9:09
55094,0,2,1. Junior User (1-6 Months),Mobile Phone,1,8,Cash on Delivery,male,3,4,Mobile Phone,5,Single,4,0,12,2,2,3,146,1,6/6/2026 9:09
55095,0,1,1. Junior User (1-6 Months),Mobile Phone,1,8,Credit Card,female,3,4,Mobile Phone,4,Single,3,0,19,2,3,2,146,0.67,6/6/2026 9:09
55096,0,6,1. Junior User (1-6 Months),Mobile Phone,3,15,Credit Card,male,3,2,Laptop & Accessory,1,Married,3,0,16,1,2,9,187,0.5,6/6/2026 9:09
55097,0,19,3. Core Loyal (>1 Year),Computer,1,32,Credit Card,female,3,4,Others,4,Single,5,0,0,1,2,1,306,0.5,6/6/2026 9:09
55098,0,13,3. Core Loyal (>1 Year),Mobile Phone,1,20,Credit Card,female,4,5,Grocery,4,Married,8,1,0,11,16,3,296,0.69,6/6/2026 9:09
55099,0,31,3. Core Loyal (>1 Year),Mobile Phone,1,30,Debit Card,male,3,4,Mobile Phone,3,Married,3,0,13,2,3,3,149,0.67,6/6/2026 9:09
55100,1,1,1. Junior User (1-6 Months),Mobile Phone,1,14,Debit Card,male,4,4,Laptop & Accessory,3,Married,3,0,19,1,2,2,174,0.5,6/6/2026 9:09
55101,1,3,1. Junior User (1-6 Months),Mobile Phone,1,30,Credit Card,male,4,4,Mobile Phone,5,Single,2,0,14,1,2,4,164,0.5,6/6/2026 9:09
55102,0,4,1. Junior User (1-6 Months),Mobile Phone,1,13,Cash on Delivery,female,3,5,Laptop & Accessory,1,Married,2,0,13,6,7,8,171,0.86,6/6/2026 9:09
55103,0,10,2. Mid-Loyal (7-12 Months),Mobile Phone,1,17,Cash on Delivery,female,4,4,Fashion,3,Married,5,0,13,2,2,8,196,1,6/6/2026 9:09
55104,0,20,3. Core Loyal (>1 Year),Mobile Phone,2,8,Debit Card,female,3,4,Mobile Phone,5,Single,8,0,13,3,6,8,159,0.5,6/6/2026 9:09
55105,0,2,1. Junior User (1-6 Months),Computer,1,8,Debit Card,female,3,6,Laptop & Accessory,1,Married,2,0,12,8,8,6,192,1,6/6/2026 9:09
55106,0,24,3. Core Loyal (>1 Year),Mobile Phone,1,35,Debit Card,female,3,4,Grocery,5,Married,6,1,0,1,2,3,294,0.5,6/6/2026 9:09
55107,1,4,1. Junior User (1-6 Months),Mobile Phone,3,32,E wallet,male,3,5,Fashion,4,Single,4,1,13,2,2,-1,216,1,6/6/2026 9:09
55108,1,16,3. Core Loyal (>1 Year),Mobile Phone,3,12,Debit Card,male,4,4,Fashion,4,Single,11,1,20,8,8,-1,209,1,6/6/2026 9:09
55109,0,4,1. Junior User (1-6 Months),Mobile Phone,1,24,Credit Card,female,4,4,Fashion,5,Married,3,1,24,2,0,9,244,0,6/6/2026 9:09
55110,0,13,3. Core Loyal (>1 Year),Mobile Phone,1,25,Debit Card,male,3,4,Laptop & Accessory,3,Single,2,0,12,2,2,8,170,1,6/6/2026 9:09
55111,0,5,1. Junior User (1-6 Months),Computer,3,9,Debit Card,female,3,4,Fashion,3,Married,3,1,20,9,10,-1,224,0.9,6/6/2026 9:09
55112,0,15,3. Core Loyal (>1 Year),Computer,3,17,Credit Card,male,3,6,Laptop & Accessory,4,Single,3,0,14,4,12,10,187,0.33,6/6/2026 9:09
55113,1,1,1. Junior User (1-6 Months),Computer,3,8,Debit Card,female,3,4,Mobile Phone,4,Single,3,1,12,3,3,3,148,1,6/6/2026 9:09
55114,1,8,2. Mid-Loyal (7-12 Months),Mobile Phone,1,10,Debit Card,male,3,4,Mobile Phone,5,Married,6,0,13,2,2,3,149,1,6/6/2026 9:09
55115,0,16,3. Core Loyal (>1 Year),Computer,1,9,Debit Card,male,3,4,Grocery,3,Married,2,1,0,1,3,11,304,0.33,6/6/2026 9:09
55116,0,29,3. Core Loyal (>1 Year),Mobile Phone,1,9,Credit Card,female,3,6,Others,3,Married,6,0,0,5,10,12,317,0.5,6/6/2026 9:09
55117,0,30,3. Core Loyal (>1 Year),Mobile Phone,2,15,Debit Card,male,4,4,Others,4,Single,8,0,0,3,8,8,322,0.38,6/6/2026 9:09
55118,0,14,3. Core Loyal (>1 Year),Computer,1,23,Debit Card,male,4,4,Mobile Phone,3,Married,11,0,17,2,2,1,160,1,6/6/2026 9:09
55119,0,8,2. Mid-Loyal (7-12 Months),Mobile Phone,1,16,Debit Card,male,3,4,Fashion,1,Married,2,0,12,1,2,-1,210,0.5,6/6/2026 9:09
55120,0,14,3. Core Loyal (>1 Year),Mobile Phone,1,9,Debit Card,male,4,4,Laptop & Accessory,1,Single,3,0,14,4,9,9,172,0.44,6/6/2026 9:09
55121,0,15,3. Core Loyal (>1 Year),Computer,3,8,E wallet,female,4,4,Laptop & Accessory,5,Married,2,0,18,1,2,8,166,0.5,6/6/2026 9:09
55122,0,9,2. Mid-Loyal (7-12 Months),Computer,1,11,Debit Card,male,3,4,Laptop & Accessory,3,Single,3,1,12,2,2,2,167,1,6/6/2026 9:09
55123,0,25,3. Core Loyal (>1 Year),Mobile Phone,2,12,Debit Card,male,3,4,Grocery,4,Married,3,1,12,0,2,11,265,0,6/6/2026 9:09
55124,0,12,2. Mid-Loyal (7-12 Months),Mobile Phone,3,9,Debit Card,female,3,4,Laptop & Accessory,5,Married,5,0,16,1,2,8,194,0.5,6/6/2026 9:09
55125,0,8,2. Mid-Loyal (7-12 Months),Mobile Phone,3,22,Credit Card,female,4,4,Laptop & Accessory,5,Single,3,0,13,5,10,7,186,0.5,6/6/2026 9:09
55126,0,1,1. Junior User (1-6 Months),Mobile Phone,1,26,Credit Card,male,4,4,Mobile Phone,1,Married,5,0,12,1,2,3,162,0.5,6/6/2026 9:09
55127,1,21,3. Core Loyal (>1 Year),Mobile Phone,1,14,Credit Card,female,3,5,Fashion,5,Married,9,1,15,2,6,-1,225,0.33,6/6/2026 9:09
55128,0,14,3. Core Loyal (>1 Year),Mobile Phone,1,8,Debit Card,male,3,4,Mobile Phone,4,Married,5,0,23,2,2,4,149,1,6/6/2026 9:09
55129,0,10,2. Mid-Loyal (7-12 Months),Computer,3,14,E wallet,female,3,2,Laptop & Accessory,5,Married,4,0,17,6,7,14,171,0.86,6/6/2026 9:09
55130,0,22,3. Core Loyal (>1 Year),Mobile Phone,1,11,Debit Card,male,3,4,Fashion,1,Single,3,0,12,2,2,9,204,1,6/6/2026 9:09
55131,0,1,1. Junior User (1-6 Months),Mobile Phone,3,18,Credit Card,female,4,2,Mobile Phone,1,Married,10,0,15,1,2,1,150,0.5,6/6/2026 9:09
55132,0,25,3. Core Loyal (>1 Year),Mobile Phone,1,18,Cash on Delivery,female,3,5,Grocery,4,Single,5,0,17,1,0,4,256,0,6/6/2026 9:09
55133,0,1,1. Junior User (1-6 Months),Computer,1,8,Debit Card,female,4,4,Mobile Phone,1,Single,3,0,16,2,2,1,141,1,6/6/2026 9:09
55134,0,9,2. Mid-Loyal (7-12 Months),Mobile Phone,1,8,Credit Card,female,3,5,Laptop & Accessory,1,Married,2,0,13,1,2,1,179,0.5,6/6/2026 9:09
55135,0,1,1. Junior User (1-6 Months),Computer,3,9,Debit Card,male,3,6,Laptop & Accessory,1,Single,5,0,21,1,2,1,176,0.5,6/6/2026 9:09
55136,1,19,3. Core Loyal (>1 Year),Mobile Phone,3,20,E wallet,male,3,2,Grocery,3,Single,8,1,18,0,4,9,262,0,6/6/2026 9:09
55137,0,30,3. Core Loyal (>1 Year),Mobile Phone,1,30,Debit Card,male,4,4,Grocery,4,Married,6,1,13,14,0,10,259,0,6/6/2026 9:09
55138,0,8,2. Mid-Loyal (7-12 Months),Computer,1,33,Cash on Delivery,female,4,5,Mobile Phone,3,Married,3,0,21,2,2,1,145,1,6/6/2026 9:09
55139,0,14,3. Core Loyal (>1 Year),Mobile Phone,1,9,Credit Card,female,3,2,Laptop & Accessory,3,Married,7,0,21,7,12,9,189,0.58,6/6/2026 9:09
55140,0,8,2. Mid-Loyal (7-12 Months),Mobile Phone,1,36,Credit Card,male,3,4,Laptop & Accessory,3,Married,6,0,14,6,8,8,179,0.75,6/6/2026 9:09
55141,1,1,1. Junior User (1-6 Months),Computer,3,9,Debit Card,female,3,5,Mobile Phone,1,Single,9,0,15,1,2,1,153,0.5,6/6/2026 9:09
55142,1,1,1. Junior User (1-6 Months),Computer,3,25,E wallet,female,4,4,Laptop & Accessory,3,Married,2,1,19,1,4,3,171,0.25,6/6/2026 9:09
55143,0,12,2. Mid-Loyal (7-12 Months),Computer,1,14,Debit Card,male,3,2,Mobile Phone,3,Married,3,0,12,1,2,4,151,0.5,6/6/2026 9:09
55144,0,8,2. Mid-Loyal (7-12 Months),Mobile Phone,1,9,Cash on Delivery,female,4,4,Laptop & Accessory,1,Single,3,0,12,5,5,12,192,1,6/6/2026 9:09
55145,0,2,1. Junior User (1-6 Months),Mobile Phone,3,33,Debit Card,male,3,5,Laptop & Accessory,5,Married,3,0,12,2,2,5,172,1,6/6/2026 9:09
55146,1,1,1. Junior User (1-6 Months),Mobile Phone,1,29,Credit Card,male,4,4,Laptop & Accessory,3,Married,3,1,16,6,7,8,187,0.86,6/6/2026 9:09
55147,0,13,3. Core Loyal (>1 Year),Mobile Phone,3,28,Debit Card,male,3,5,Laptop & Accessory,1,Married,5,1,13,1,2,5,186,0.5,6/6/2026 9:09
55148,0,25,3. Core Loyal (>1 Year),Computer,3,9,E wallet,male,3,4,Fashion,4,Married,4,0,12,4,4,-1,231,1,6/6/2026 9:09
55149,0,15,3. Core Loyal (>1 Year),Computer,1,29,Debit Card,female,4,4,Laptop & Accessory,1,Married,5,1,15,3,4,4,180,0.75,6/6/2026 9:09
55150,0,11,2. Mid-Loyal (7-12 Months),Mobile Phone,1,11,Debit Card,male,3,4,Mobile Phone,3,Married,9,1,16,2,2,4,155,1,6/6/2026 9:09
55151,0,7,2. Mid-Loyal (7-12 Months),Computer,3,12,Debit Card,male,4,4,Laptop & Accessory,1,Married,8,0,14,2,2,-1,225,1,6/6/2026 9:09
55152,0,6,1. Junior User (1-6 Months),Mobile Phone,3,9,E wallet,male,3,4,Laptop & Accessory,4,Married,2,1,14,2,2,3,166,1,6/6/2026 9:09
55153,0,13,3. Core Loyal (>1 Year),Computer,1,32,Debit Card,male,4,4,Fashion,3,Married,5,0,22,1,0,6,234,0,6/6/2026 9:09
55154,0,1,1. Junior User (1-6 Months),Mobile Phone,3,25,Debit Card,male,4,2,Laptop & Accessory,3,Married,4,0,12,2,2,3,187,1,6/6/2026 9:09
55155,0,26,3. Core Loyal (>1 Year),Computer,1,35,Credit Card,female,3,2,Grocery,3,Married,4,1,12,2,0,3,257,0,6/6/2026 9:09
55156,0,17,3. Core Loyal (>1 Year),Mobile Phone,1,13,Credit Card,female,4,5,Laptop & Accessory,3,Single,3,1,15,1,2,9,166,0.5,6/6/2026 9:09
55157,0,1,1. Junior User (1-6 Months),Mobile Phone,3,17,E wallet,female,4,5,Laptop & Accessory,1,Married,3,1,12,2,5,5,183,0.4,6/6/2026 9:09
55158,1,1,1. Junior User (1-6 Months),Mobile Phone,1,24,Debit Card,female,3,4,Mobile Phone,3,Single,3,1,14,5,8,8,149,0.63,6/6/2026 9:09
55159,0,1,1. Junior User (1-6 Months),Mobile Phone,1,9,Credit Card,male,3,5,Mobile Phone,1,Single,2,0,13,2,2,2,164,1,6/6/2026 9:09
55160,0,16,3. Core Loyal (>1 Year),Mobile Phone,2,17,UPI,female,3,4,Grocery,5,Married,2,0,0,1,2,10,293,0.5,6/6/2026 9:09
55161,0,26,3. Core Loyal (>1 Year),Mobile Phone,1,15,UPI,female,3,4,Mobile Phone,5,Married,11,0,14,2,2,5,155,1,6/6/2026 9:09
55162,0,11,2. Mid-Loyal (7-12 Months),Mobile Phone,1,18,Credit Card,female,4,4,Mobile Phone,3,Single,6,0,19,2,2,3,161,1,6/6/2026 9:09
55163,0,9,2. Mid-Loyal (7-12 Months),Computer,1,25,Debit Card,male,3,4,Fashion,1,Single,4,0,12,3,3,-1,219,1,6/6/2026 9:09
55164,0,1,1. Junior User (1-6 Months),Mobile Phone,1,8,Cash on Delivery,male,3,4,Mobile Phone,1,Married,6,0,12,1,2,3,157,0.5,6/6/2026 9:09
55165,0,1,1. Junior User (1-6 Months),Mobile Phone,1,14,UPI,male,4,2,Mobile Phone,5,Single,2,0,13,1,2,8,161,0.5,6/6/2026 9:09
55166,0,3,1. Junior User (1-6 Months),Mobile Phone,2,24,UPI,male,3,5,Fashion,5,Single,3,0,14,1,2,10,205,0.5,6/6/2026 9:09
55167,1,13,3. Core Loyal (>1 Year),Computer,1,35,Debit Card,male,4,5,Laptop & Accessory,5,Single,5,0,21,1,2,4,168,0.5,6/6/2026 9:09
55168,1,1,1. Junior User (1-6 Months),Computer,1,21,UPI,female,3,4,Fashion,1,Single,2,1,13,5,8,8,201,0.63,6/6/2026 9:09
55169,0,28,3. Core Loyal (>1 Year),Mobile Phone,1,8,Credit Card,female,3,4,Grocery,1,Single,8,0,0,7,13,8,298,0.54,6/6/2026 9:09
55170,0,31,3. Core Loyal (>1 Year),Mobile Phone,1,8,Credit Card,female,4,4,Others,5,Married,5,1,0,2,2,6,322,1,6/6/2026 9:09
55171,0,29,3. Core Loyal (>1 Year),Mobile Phone,1,8,Credit Card,male,3,2,Grocery,1,Married,4,0,14,0,2,1,272,0,6/6/2026 9:09
55172,0,10,2. Mid-Loyal (7-12 Months),Mobile Phone,3,10,E wallet,female,4,4,Laptop & Accessory,4,Single,5,1,17,1,2,-1,218,0.5,6/6/2026 9:09
55173,1,1,1. Junior User (1-6 Months),Computer,3,8,Debit Card,female,3,6,Mobile Phone,3,Single,3,0,13,1,2,1,139,0.5,6/6/2026 9:09
55174,0,4,1. Junior User (1-6 Months),Mobile Phone,3,14,E wallet,female,4,4,Laptop & Accessory,5,Married,9,0,15,2,2,3,173,1,6/6/2026 9:09
55175,0,5,1. Junior User (1-6 Months),Mobile Phone,1,15,Debit Card,female,4,4,Grocery,4,Single,5,0,12,0,2,1,289,0,6/6/2026 9:09
55176,0,8,2. Mid-Loyal (7-12 Months),Computer,1,8,UPI,male,4,4,Mobile Phone,5,Married,7,0,15,2,2,4,155,1,6/6/2026 9:09
55177,1,1,1. Junior User (1-6 Months),Mobile Phone,1,15,Debit Card,female,3,5,Mobile Phone,4,Single,3,0,13,1,2,1,138,0.5,6/6/2026 9:09
55178,0,1,1. Junior User (1-6 Months),Mobile Phone,1,18,Debit Card,male,4,4,Mobile Phone,5,Married,2,0,15,2,2,5,146,1,6/6/2026 9:09
55179,0,10,2. Mid-Loyal (7-12 Months),Mobile Phone,1,11,Debit Card,male,3,5,Laptop & Accessory,1,Single,3,0,17,1,2,9,183,0.5,6/6/2026 9:09
55180,0,10,2. Mid-Loyal (7-12 Months),Mobile Phone,3,23,E wallet,female,4,5,Laptop & Accessory,5,Married,6,0,14,2,2,3,181,1,6/6/2026 9:09
55181,0,21,3. Core Loyal (>1 Year),Mobile Phone,1,8,Cash on Delivery,male,4,4,Mobile Phone,1,Married,9,0,13,2,2,3,159,1,6/6/2026 9:09
55182,1,1,1. Junior User (1-6 Months),Mobile Phone,3,16,Debit Card,male,4,5,Mobile Phone,5,Married,5,0,13,3,3,3,169,1,6/6/2026 9:09
55183,0,11,2. Mid-Loyal (7-12 Months),Computer,1,12,Cash on Delivery,male,3,2,Mobile Phone,3,Single,2,0,15,1,2,4,160,0.5,6/6/2026 9:09
55184,0,30,3. Core Loyal (>1 Year),Mobile Phone,1,8,Debit Card,female,3,4,Mobile Phone,5,Married,4,0,23,1,2,1,146,0.5,6/6/2026 9:09
55185,0,21,3. Core Loyal (>1 Year),Mobile Phone,1,9,Credit Card,female,3,4,Grocery,3,Married,5,0,0,3,6,7,297,0.5,6/6/2026 9:09
55186,0,1,1. Junior User (1-6 Months),Mobile Phone,3,11,Credit Card,female,3,4,Laptop & Accessory,3,Married,3,1,13,2,2,4,167,1,6/6/2026 9:09
55187,0,6,1. Junior User (1-6 Months),Mobile Phone,3,14,E wallet,male,4,4,Laptop & Accessory,1,Married,6,0,13,1,2,-1,217,0.5,6/6/2026 9:09
55188,0,8,2. Mid-Loyal (7-12 Months),Mobile Phone,1,8,Debit Card,female,3,5,Mobile Phone,4,Married,7,0,18,2,2,3,158,1,6/6/2026 9:09
55189,0,15,3. Core Loyal (>1 Year),Mobile Phone,1,12,Credit Card,male,3,2,Mobile Phone,3,Married,4,1,13,1,2,4,146,0.5,6/6/2026 9:09
55190,0,14,3. Core Loyal (>1 Year),Computer,1,16,UPI,male,3,4,Laptop & Accessory,3,Married,5,0,12,1,2,8,165,0.5,6/6/2026 9:09
55191,0,5,1. Junior User (1-6 Months),Mobile Phone,3,15,Debit Card,male,3,4,Fashion,1,Married,3,0,19,3,0,10,233,0,6/6/2026 9:09
55192,1,10,2. Mid-Loyal (7-12 Months),Mobile Phone,3,16,E wallet,male,3,4,Fashion,1,Married,6,0,12,5,5,-1,226,1,6/6/2026 9:09
55193,1,3,1. Junior User (1-6 Months),Computer,1,9,Debit Card,female,3,5,Mobile Phone,5,Single,4,1,24,1,2,1,161,0.5,6/6/2026 9:09
55194,1,1,1. Junior User (1-6 Months),Computer,1,8,Debit Card,female,4,2,Fashion,4,Single,3,0,12,2,5,8,199,0.4,6/6/2026 9:09
55195,0,19,3. Core Loyal (>1 Year),Mobile Phone,1,27,Credit Card,male,4,6,Fashion,5,Married,4,1,19,2,0,8,234,0,6/6/2026 9:09
55196,0,5,1. Junior User (1-6 Months),Mobile Phone,2,15,Credit Card,female,4,2,Mobile Phone,4,Single,11,0,19,2,2,3,146,1,6/6/2026 9:09
55197,1,1,1. Junior User (1-6 Months),Computer,1,9,Debit Card,male,4,4,Mobile Phone,1,Married,8,1,14,1,3,3,162,0.33,6/6/2026 9:09
55198,0,19,3. Core Loyal (>1 Year),Mobile Phone,1,36,Cash on Delivery,male,3,4,Fashion,1,Married,6,1,19,2,2,-1,219,1,6/6/2026 9:09
55199,0,22,3. Core Loyal (>1 Year),Mobile Phone,3,14,E wallet,male,4,4,Laptop & Accessory,5,Married,6,0,12,1,3,3,180,0.33,6/6/2026 9:09
55200,1,1,1. Junior User (1-6 Months),Mobile Phone,2,16,Cash on Delivery,female,3,4,Mobile Phone,3,Married,3,0,16,3,3,3,152,1,6/6/2026 9:09
55201,0,14,3. Core Loyal (>1 Year),Computer,1,15,Credit Card,male,3,5,Fashion,4,Married,4,0,12,0,5,9,263,0,6/6/2026 9:09
55202,0,2,1. Junior User (1-6 Months),Mobile Phone,3,12,Credit Card,male,3,4,Laptop & Accessory,5,Single,2,0,19,1,2,-1,210,0.5,6/6/2026 9:09
55203,0,18,3. Core Loyal (>1 Year),Computer,1,12,Debit Card,male,3,5,Mobile Phone,3,Single,5,0,15,1,2,4,157,0.5,6/6/2026 9:09
55204,0,27,3. Core Loyal (>1 Year),Mobile Phone,1,9,Credit Card,male,3,2,Grocery,4,Single,6,0,13,0,9,9,291,0,6/6/2026 9:09
55205,0,23,3. Core Loyal (>1 Year),Mobile Phone,1,12,Cash on Delivery,male,4,4,Laptop & Accessory,3,Married,4,0,15,1,2,3,192,0.5,6/6/2026 9:09
55206,0,14,3. Core Loyal (>1 Year),Mobile Phone,1,9,Credit Card,male,4,4,Mobile Phone,3,Married,4,0,15,2,2,3,148,1,6/6/2026 9:09
55207,0,18,3. Core Loyal (>1 Year),Mobile Phone,1,27,Debit Card,male,3,4,Mobile Phone,4,Single,3,0,14,2,2,4,159,1,6/6/2026 9:09
55208,0,7,2. Mid-Loyal (7-12 Months),Computer,3,14,Credit Card,male,3,4,Laptop & Accessory,5,Married,2,0,15,2,2,4,169,1,6/6/2026 9:09
55209,0,8,2. Mid-Loyal (7-12 Months),Mobile Phone,3,10,UPI,male,3,6,Laptop & Accessory,5,Single,5,0,19,3,4,13,173,0.75,6/6/2026 9:09
55210,0,4,1. Junior User (1-6 Months),Mobile Phone,3,23,Debit Card,male,4,4,Laptop & Accessory,3,Married,10,0,16,2,3,3,178,0.67,6/6/2026 9:09
55211,0,16,3. Core Loyal (>1 Year),Computer,1,16,Credit Card,female,4,4,Mobile Phone,1,Single,3,0,14,1,6,9,162,0.17,6/6/2026 9:09
55212,0,18,3. Core Loyal (>1 Year),Computer,3,8,E wallet,female,4,4,Laptop & Accessory,3,Married,9,0,13,1,2,1,173,0.5,6/6/2026 9:09
55213,0,4,1. Junior User (1-6 Months),Computer,1,14,Cash on Delivery,male,4,4,Mobile Phone,3,Married,3,0,14,1,2,1,138,0.5,6/6/2026 9:09
55214,0,31,3. Core Loyal (>1 Year),Mobile Phone,1,8,Debit Card,male,4,2,Laptop & Accessory,3,Married,2,0,25,2,3,9,174,0.67,6/6/2026 9:09
55215,0,23,3. Core Loyal (>1 Year),Mobile Phone,1,14,Debit Card,male,3,4,Fashion,4,Married,5,0,15,1,2,-1,230,0.5,6/6/2026 9:09
55216,0,8,2. Mid-Loyal (7-12 Months),Computer,1,22,Credit Card,male,4,4,Grocery,5,Married,9,0,0,3,7,10,295,0.43,6/6/2026 9:09
55217,1,1,1. Junior User (1-6 Months),Computer,3,8,Cash on Delivery,male,4,4,Mobile Phone,3,Married,5,0,16,2,2,3,154,1,6/6/2026 9:09
55218,1,1,1. Junior User (1-6 Months),Computer,3,20,Cash on Delivery,female,3,4,Laptop & Accessory,4,Single,7,0,12,2,2,1,183,1,6/6/2026 9:09
55219,1,1,1. Junior User (1-6 Months),Mobile Phone,3,31,Credit Card,female,3,5,Laptop & Accessory,4,Single,2,1,24,5,11,11,171,0.45,6/6/2026 9:09
55220,0,9,2. Mid-Loyal (7-12 Months),Mobile Phone,3,14,Debit Card,male,4,4,Mobile Phone,3,Married,3,0,14,1,2,1,149,0.5,6/6/2026 9:09
55221,1,1,1. Junior User (1-6 Months),Computer,1,16,Credit Card,male,3,4,Mobile Phone,5,Single,4,1,12,1,2,1,157,0.5,6/6/2026 9:09
55222,0,1,1. Junior User (1-6 Months),Computer,3,20,Debit Card,female,4,4,Mobile Phone,4,Married,3,0,14,1,2,1,145,0.5,6/6/2026 9:09
55223,0,18,3. Core Loyal (>1 Year),Computer,1,9,Credit Card,male,3,4,Fashion,3,Single,7,1,19,3,3,-1,227,1,6/6/2026 9:09
55224,0,3,1. Junior User (1-6 Months),Mobile Phone,3,26,Debit Card,male,4,5,Laptop & Accessory,3,Married,3,0,15,2,2,-1,211,1,6/6/2026 9:09
55225,0,4,1. Junior User (1-6 Months),Mobile Phone,2,8,Debit Card,male,3,4,Mobile Phone,3,Married,2,0,22,1,2,4,146,0.5,6/6/2026 9:09
55226,0,29,3. Core Loyal (>1 Year),Mobile Phone,1,11,Debit Card,male,2,4,Laptop & Accessory,3,Married,2,1,17,2,2,3,165,1,6/6/2026 9:09
55227,0,7,2. Mid-Loyal (7-12 Months),Mobile Phone,1,11,Credit Card,female,3,5,Mobile Phone,4,Married,10,0,12,2,2,3,163,1,6/6/2026 9:09
55228,0,21,3. Core Loyal (>1 Year),Mobile Phone,3,21,Credit Card,female,4,4,Laptop & Accessory,3,Married,5,1,18,2,2,3,171,1,6/6/2026 9:09
55229,1,1,1. Junior User (1-6 Months),Computer,1,9,Credit Card,male,3,5,Mobile Phone,5,Single,9,0,12,2,2,1,151,1,6/6/2026 9:09
55230,0,2,1. Junior User (1-6 Months),Mobile Phone,1,8,Debit Card,male,4,5,Mobile Phone,3,Married,3,0,15,1,2,1,141,0.5,6/6/2026 9:09
55231,0,2,1. Junior User (1-6 Months),Computer,3,14,Debit Card,male,3,4,Laptop & Accessory,5,Single,2,0,15,2,2,4,174,1,6/6/2026 9:09
55232,0,23,3. Core Loyal (>1 Year),Mobile Phone,1,10,Credit Card,female,3,5,Laptop & Accessory,5,Married,6,0,26,1,2,3,173,0.5,6/6/2026 9:09
55233,0,3,1. Junior User (1-6 Months),Computer,1,9,Debit Card,female,4,4,Mobile Phone,4,Married,2,0,14,2,2,3,157,1,6/6/2026 9:09
55234,0,2,1. Junior User (1-6 Months),Mobile Phone,1,36,Debit Card,male,4,6,Laptop & Accessory,4,Married,3,0,15,1,2,8,190,0.5,6/6/2026 9:09
55235,0,7,2. Mid-Loyal (7-12 Months),Mobile Phone,1,15,Debit Card,male,4,4,Laptop & Accessory,3,Single,4,1,18,2,2,1,189,1,6/6/2026 9:09
55236,0,6,1. Junior User (1-6 Months),Mobile Phone,1,17,Credit Card,male,4,4,Fashion,1,Single,4,0,26,1,0,1,237,0,6/6/2026 9:09
55237,0,28,3. Core Loyal (>1 Year),Computer,1,18,Credit Card,female,3,4,Grocery,1,Married,5,0,21,0,2,13,285,0,6/6/2026 9:09
55238,1,1,1. Junior User (1-6 Months),Mobile Phone,1,8,Cash on Delivery,male,4,5,Mobile Phone,5,Single,8,0,14,2,2,8,149,1,6/6/2026 9:09
55239,0,18,3. Core Loyal (>1 Year),Mobile Phone,1,35,Debit Card,male,3,4,Grocery,5,Married,5,0,14,0,15,18,288,0,6/6/2026 9:09
55240,0,13,3. Core Loyal (>1 Year),Mobile Phone,1,13,Debit Card,female,3,4,Fashion,4,Single,6,0,19,3,3,3,209,1,6/6/2026 9:09
55241,0,20,3. Core Loyal (>1 Year),Mobile Phone,3,10,Debit Card,female,3,4,Grocery,4,Married,10,0,13,0,6,2,291,0,6/6/2026 9:09
55242,0,9,2. Mid-Loyal (7-12 Months),Mobile Phone,1,23,Debit Card,female,4,5,Fashion,4,Single,3,0,20,4,4,-1,211,1,6/6/2026 9:09
55243,0,1,1. Junior User (1-6 Months),Mobile Phone,1,27,Debit Card,male,4,4,Laptop & Accessory,3,Single,2,0,15,2,2,3,148,1,6/6/2026 9:09
55244,1,4,1. Junior User (1-6 Months),Mobile Phone,1,16,Debit Card,male,3,4,Mobile Phone,5,Single,5,0,15,2,2,1,145,1,6/6/2026 9:09
55245,0,8,2. Mid-Loyal (7-12 Months),Mobile Phone,3,8,Cash on Delivery,male,4,5,Fashion,3,Married,3,1,15,8,9,7,196,0.89,6/6/2026 9:09
55246,1,1,1. Junior User (1-6 Months),Computer,1,10,Debit Card,female,3,4,Mobile Phone,3,Single,3,0,13,3,8,8,166,0.38,6/6/2026 9:09
55247,0,24,3. Core Loyal (>1 Year),Computer,1,29,Credit Card,male,3,6,Grocery,1,Single,3,1,14,0,14,10,269,0,6/6/2026 9:09
55248,0,8,2. Mid-Loyal (7-12 Months),Mobile Phone,3,14,Cash on Delivery,male,3,4,Mobile Phone,3,Married,2,1,26,4,6,8,148,0.67,6/6/2026 9:09
55249,0,16,3. Core Loyal (>1 Year),Mobile Phone,1,9,Credit Card,male,4,5,Mobile Phone,4,Married,6,0,15,1,2,1,173,0.5,6/6/2026 9:09
55250,0,11,2. Mid-Loyal (7-12 Months),Mobile Phone,1,20,Credit Card,male,3,4,Laptop & Accessory,1,Married,3,0,18,3,4,8,168,0.75,6/6/2026 9:09
55251,0,3,1. Junior User (1-6 Months),Mobile Phone,1,15,UPI,female,3,6,Laptop & Accessory,5,Married,5,0,14,2,2,-1,222,1,6/6/2026 9:09
55252,0,7,2. Mid-Loyal (7-12 Months),Mobile Phone,1,32,Debit Card,male,3,5,Laptop & Accessory,4,Single,3,0,14,2,2,3,168,1,6/6/2026 9:09
55253,0,19,3. Core Loyal (>1 Year),Mobile Phone,1,35,Cash on Delivery,male,4,4,Mobile Phone,1,Married,6,0,21,2,2,4,146,1,6/6/2026 9:09
55254,0,16,3. Core Loyal (>1 Year),Computer,1,9,Debit Card,male,3,4,Fashion,1,Married,4,1,15,5,14,-1,226,0.36,6/6/2026 9:09
55255,0,14,3. Core Loyal (>1 Year),Mobile Phone,3,16,Credit Card,male,3,4,Laptop & Accessory,5,Married,2,0,13,8,8,2,180,1,6/6/2026 9:09
55256,0,7,2. Mid-Loyal (7-12 Months),Mobile Phone,1,35,Debit Card,male,4,4,Laptop & Accessory,3,Married,3,1,13,5,6,8,177,0.83,6/6/2026 9:09
55257,0,14,3. Core Loyal (>1 Year),Mobile Phone,2,13,Credit Card,male,3,4,Grocery,1,Single,3,1,22,0,8,8,289,0,6/6/2026 9:09
55258,0,1,1. Junior User (1-6 Months),Mobile Phone,1,28,Cash on Delivery,male,3,5,Mobile Phone,5,Married,2,0,15,1,2,1,148,0.5,6/6/2026 9:09
55259,0,14,3. Core Loyal (>1 Year),Computer,1,15,Debit Card,male,4,4,Laptop & Accessory,1,Married,5,1,19,2,3,3,166,0.67,6/6/2026 9:09
55260,0,19,3. Core Loyal (>1 Year),Mobile Phone,1,8,Cash on Delivery,male,4,4,Fashion,4,Married,3,0,13,4,8,8,199,0.5,6/6/2026 9:09
55261,0,9,2. Mid-Loyal (7-12 Months),Mobile Phone,3,35,Debit Card,female,4,5,Mobile Phone,3,Married,2,0,24,3,5,3,149,0.6,6/6/2026 9:09
55262,0,6,1. Junior User (1-6 Months),Mobile Phone,1,12,Debit Card,female,4,5,Laptop & Accessory,4,Married,5,0,13,2,3,6,184,0.67,6/6/2026 9:09
55263,0,10,2. Mid-Loyal (7-12 Months),Mobile Phone,3,9,Debit Card,male,4,4,Mobile Phone,1,Single,5,1,22,2,2,3,151,1,6/6/2026 9:09
55264,0,22,3. Core Loyal (>1 Year),Mobile Phone,3,23,Debit Card,female,4,4,Laptop & Accessory,3,Married,10,0,15,8,8,8,189,1,6/6/2026 9:09
55265,0,3,1. Junior User (1-6 Months),Mobile Phone,1,16,Debit Card,male,4,2,Mobile Phone,3,Married,8,0,19,1,2,1,150,0.5,6/6/2026 9:09
55266,0,7,2. Mid-Loyal (7-12 Months),Mobile Phone,3,15,Debit Card,male,3,4,Laptop & Accessory,5,Married,4,0,14,3,3,3,189,1,6/6/2026 9:09
55267,1,1,1. Junior User (1-6 Months),Mobile Phone,3,8,Debit Card,male,4,5,Laptop & Accessory,5,Married,3,0,12,2,7,-1,222,0.29,6/6/2026 9:09
55268,0,12,2. Mid-Loyal (7-12 Months),Computer,2,17,UPI,male,4,4,Laptop & Accessory,3,Married,5,0,12,1,2,3,186,0.5,6/6/2026 9:09
55269,0,9,2. Mid-Loyal (7-12 Months),Mobile Phone,1,8,Credit Card,male,4,5,Mobile Phone,5,Single,3,0,20,2,2,3,150,1,6/6/2026 9:09
55270,0,8,2. Mid-Loyal (7-12 Months),Mobile Phone,3,36,Cash on Delivery,male,3,4,Fashion,4,Married,5,0,13,2,2,-1,218,1,6/6/2026 9:09
55271,1,1,1. Junior User (1-6 Months),Mobile Phone,1,9,Debit Card,female,4,4,Mobile Phone,5,Married,3,1,13,2,2,1,146,1,6/6/2026 9:09
55272,1,17,3. Core Loyal (>1 Year),Mobile Phone,1,9,Cash on Delivery,female,4,5,Fashion,1,Married,2,0,17,1,2,-1,227,0.5,6/6/2026 9:09
55273,1,2,1. Junior User (1-6 Months),Mobile Phone,1,9,Credit Card,male,3,4,Laptop & Accessory,4,Married,6,0,12,2,2,5,174,1,6/6/2026 9:09
55274,0,6,1. Junior User (1-6 Months),Computer,1,8,Cash on Delivery,male,4,4,Laptop & Accessory,5,Married,6,0,15,1,2,3,166,0.5,6/6/2026 9:09
55275,0,22,3. Core Loyal (>1 Year),Mobile Phone,1,22,UPI,female,4,4,Mobile Phone,5,Married,10,0,13,7,8,7,149,0.88,6/6/2026 9:09
55276,0,8,2. Mid-Loyal (7-12 Months),Mobile Phone,1,14,Credit Card,male,3,4,Mobile Phone,1,Single,3,0,14,1,2,1,155,0.5,6/6/2026 9:09
55277,0,29,3. Core Loyal (>1 Year),Mobile Phone,3,33,E wallet,male,3,5,Others,1,Married,3,0,0,1,3,14,321,0.33,6/6/2026 9:09
55278,0,8,2. Mid-Loyal (7-12 Months),Mobile Phone,1,8,Debit Card,male,3,4,Laptop & Accessory,1,Married,11,0,18,1,3,2,180,0.33,6/6/2026 9:09
55279,0,1,1. Junior User (1-6 Months),Mobile Phone,1,10,Debit Card,female,3,4,Mobile Phone,1,Married,3,0,22,2,2,1,146,1,6/6/2026 9:09
55280,0,12,2. Mid-Loyal (7-12 Months),Mobile Phone,3,21,Debit Card,male,4,4,Laptop & Accessory,4,Married,2,0,12,4,8,-1,224,0.5,6/6/2026 9:09
55281,0,12,2. Mid-Loyal (7-12 Months),Mobile Phone,3,23,Debit Card,female,3,4,Laptop & Accessory,4,Single,4,0,13,2,2,3,167,1,6/6/2026 9:09
55282,0,10,2. Mid-Loyal (7-12 Months),Mobile Phone,3,8,Debit Card,female,4,4,Laptop & Accessory,3,Single,8,0,14,2,2,1,193,1,6/6/2026 9:09
55283,0,3,1. Junior User (1-6 Months),Mobile Phone,1,10,Credit Card,male,3,4,Mobile Phone,5,Single,3,1,19,1,2,6,172,0.5,6/6/2026 9:09
55284,0,9,2. Mid-Loyal (7-12 Months),Mobile Phone,1,17,Credit Card,female,3,4,Laptop & Accessory,3,Single,5,1,17,1,2,5,186,0.5,6/6/2026 9:09
55285,0,13,3. Core Loyal (>1 Year),Mobile Phone,3,13,Credit Card,male,3,2,Fashion,3,Married,4,0,12,4,8,7,207,0.5,6/6/2026 9:09
55286,0,3,1. Junior User (1-6 Months),Computer,1,9,Debit Card,male,3,4,Laptop & Accessory,1,Married,3,0,20,2,2,-1,214,1,6/6/2026 9:09
55287,0,24,3. Core Loyal (>1 Year),Mobile Phone,3,16,E wallet,male,3,4,Others,3,Married,6,1,0,1,2,1,318,0.5,6/6/2026 9:09
55288,0,1,1. Junior User (1-6 Months),Mobile Phone,1,17,Cash on Delivery,male,3,2,Mobile Phone,3,Married,4,0,17,1,3,3,146,0.33,6/6/2026 9:09
55289,0,10,2. Mid-Loyal (7-12 Months),Computer,1,13,Debit Card,male,4,2,Laptop & Accessory,5,Married,5,1,14,1,2,3,181,0.5,6/6/2026 9:09
55290,0,16,3. Core Loyal (>1 Year),Mobile Phone,1,16,UPI,male,4,5,Others,1,Single,10,0,0,2,2,2,321,1,6/6/2026 9:09
55291,0,9,2. Mid-Loyal (7-12 Months),Mobile Phone,1,35,Debit Card,male,3,2,Laptop & Accessory,3,Married,3,0,18,7,7,9,159,1,6/6/2026 9:09
55292,0,8,2. Mid-Loyal (7-12 Months),Computer,1,17,Cash on Delivery,male,4,5,Laptop & Accessory,3,Married,3,0,15,2,8,8,176,0.25,6/6/2026 9:09
55293,0,14,3. Core Loyal (>1 Year),Mobile Phone,3,21,Debit Card,female,3,4,Laptop & Accessory,5,Married,3,0,16,1,2,3,171,0.5,6/6/2026 9:09
55294,0,17,3. Core Loyal (>1 Year),Mobile Phone,1,34,Cash on Delivery,male,3,2,Mobile Phone,4,Married,7,0,13,2,2,3,174,1,6/6/2026 9:09
55295,0,9,2. Mid-Loyal (7-12 Months),Mobile Phone,1,14,Debit Card,male,4,5,Mobile Phone,1,Married,3,0,19,2,2,2,152,1,6/6/2026 9:09
55296,0,20,3. Core Loyal (>1 Year),Mobile Phone,3,8,Debit Card,male,3,2,Grocery,5,Single,3,0,0,1,2,13,301,0.5,6/6/2026 9:09
55297,1,1,1. Junior User (1-6 Months),Mobile Phone,1,31,Credit Card,male,3,4,Mobile Phone,4,Married,3,1,18,1,2,1,149,0.5,6/6/2026 9:09
55298,0,1,1. Junior User (1-6 Months),Computer,1,33,UPI,female,3,5,Mobile Phone,3,Married,3,1,15,2,2,4,153,1,6/6/2026 9:09
55299,0,24,3. Core Loyal (>1 Year),Computer,1,27,Credit Card,male,3,4,Grocery,3,Married,4,1,16,1,0,14,237,0,6/6/2026 9:09
55300,0,6,1. Junior User (1-6 Months),Mobile Phone,1,12,UPI,female,3,2,Mobile Phone,1,Married,5,0,18,2,2,3,158,1,6/6/2026 9:09
55301,0,18,3. Core Loyal (>1 Year),Mobile Phone,1,14,Credit Card,female,3,4,Others,1,Married,2,1,0,1,2,11,315,0.5,6/6/2026 9:09
55302,0,4,1. Junior User (1-6 Months),Mobile Phone,1,14,Credit Card,male,3,5,Mobile Phone,4,Married,3,0,13,2,2,2,146,1,6/6/2026 9:09
55303,0,19,3. Core Loyal (>1 Year),Mobile Phone,1,12,Credit Card,female,3,6,Laptop & Accessory,5,Single,3,1,15,1,2,5,183,0.5,6/6/2026 9:09
55304,0,19,3. Core Loyal (>1 Year),Computer,3,33,E wallet,male,3,5,Laptop & Accessory,5,Married,3,0,16,4,5,6,169,0.8,6/6/2026 9:09
55305,0,5,1. Junior User (1-6 Months),Computer,3,9,UPI,male,3,4,Laptop & Accessory,5,Single,9,0,14,2,2,4,178,1,6/6/2026 9:09
55306,0,10,2. Mid-Loyal (7-12 Months),Mobile Phone,1,19,Debit Card,female,4,4,Laptop & Accessory,3,Married,11,1,13,1,2,2,172,0.5,6/6/2026 9:09
55307,0,8,2. Mid-Loyal (7-12 Months),Computer,1,17,Debit Card,male,3,2,Laptop & Accessory,1,Married,3,0,14,4,8,3,172,0.5,6/6/2026 9:09
55308,0,23,3. Core Loyal (>1 Year),Mobile Phone,1,32,Debit Card,female,3,4,Mobile Phone,5,Married,3,0,15,2,2,5,157,1,6/6/2026 9:09
55309,0,13,3. Core Loyal (>1 Year),Mobile Phone,1,17,Credit Card,male,4,4,Laptop & Accessory,5,Married,4,0,14,4,8,8,179,0.5,6/6/2026 9:09
55310,0,1,1. Junior User (1-6 Months),Mobile Phone,1,26,UPI,male,4,5,Mobile Phone,5,Married,3,0,12,1,2,8,166,0.5,6/6/2026 9:09
55311,0,9,2. Mid-Loyal (7-12 Months),Mobile Phone,1,25,Debit Card,male,3,2,Laptop & Accessory,5,Married,3,0,12,2,2,11,177,1,6/6/2026 9:09
55312,0,2,1. Junior User (1-6 Months),Mobile Phone,1,34,Credit Card,female,3,6,Laptop & Accessory,5,Married,2,0,22,2,2,1,174,1,6/6/2026 9:09
55313,0,1,1. Junior User (1-6 Months),Mobile Phone,1,12,Credit Card,male,4,4,Mobile Phone,1,Single,3,0,19,1,3,3,156,0.33,6/6/2026 9:09
55314,1,1,1. Junior User (1-6 Months),Computer,3,10,Credit Card,female,4,4,Mobile Phone,1,Single,3,1,13,2,2,1,141,1,6/6/2026 9:09
55315,0,21,3. Core Loyal (>1 Year),Mobile Phone,2,33,Debit Card,female,4,4,Others,3,Married,5,0,0,2,2,1,322,1,6/6/2026 9:09
55316,0,13,3. Core Loyal (>1 Year),Mobile Phone,1,10,Credit Card,male,4,5,Laptop & Accessory,3,Married,2,0,16,1,2,8,156,0.5,6/6/2026 9:09
55317,0,14,3. Core Loyal (>1 Year),Mobile Phone,1,22,Debit Card,female,4,5,Fashion,3,Married,3,0,14,7,15,-1,229,0.47,6/6/2026 9:09
55318,0,9,2. Mid-Loyal (7-12 Months),Computer,1,15,Debit Card,female,3,4,Laptop & Accessory,3,Married,3,0,13,1,3,10,166,0.33,6/6/2026 9:09
55319,0,11,2. Mid-Loyal (7-12 Months),Mobile Phone,1,26,Debit Card,male,3,4,Laptop & Accessory,3,Married,5,0,18,1,2,3,183,0.5,6/6/2026 9:09
55320,0,13,3. Core Loyal (>1 Year),Computer,1,11,Credit Card,female,3,4,Laptop & Accessory,3,Single,2,0,14,4,4,9,175,1,6/6/2026 9:09
55321,0,19,3. Core Loyal (>1 Year),Mobile Phone,1,9,UPI,female,3,5,Laptop & Accessory,1,Married,3,0,20,4,4,10,183,1,6/6/2026 9:09
55322,0,12,2. Mid-Loyal (7-12 Months),Mobile Phone,1,9,Credit Card,female,3,5,Fashion,3,Married,5,1,20,1,2,3,203,0.5,6/6/2026 9:09
55323,1,1,1. Junior User (1-6 Months),Mobile Phone,3,17,Credit Card,male,3,5,Fashion,5,Married,11,0,18,1,7,-1,228,0.14,6/6/2026 9:09
55324,0,11,2. Mid-Loyal (7-12 Months),Mobile Phone,1,17,Credit Card,female,4,4,Mobile Phone,4,Married,3,0,12,5,8,8,164,0.63,6/6/2026 9:09
55325,0,14,3. Core Loyal (>1 Year),Mobile Phone,1,23,Debit Card,female,3,4,Fashion,1,Single,8,1,16,4,4,4,204,1,6/6/2026 9:09
55326,0,18,3. Core Loyal (>1 Year),Computer,2,8,UPI,male,3,4,Laptop & Accessory,1,Married,6,1,12,2,2,3,182,1,6/6/2026 9:09
55327,0,22,3. Core Loyal (>1 Year),Computer,1,11,Credit Card,male,3,5,Grocery,1,Married,4,0,26,0,3,3,277,0,6/6/2026 9:09
55328,1,1,1. Junior User (1-6 Months),Mobile Phone,3,22,Credit Card,male,3,6,Laptop & Accessory,1,Married,8,1,15,1,3,3,179,0.33,6/6/2026 9:09
55329,0,1,1. Junior User (1-6 Months),Computer,1,9,Cash on Delivery,female,3,4,Mobile Phone,1,Single,3,1,14,1,2,4,163,0.5,6/6/2026 9:09
55330,0,1,1. Junior User (1-6 Months),Mobile Phone,1,15,Credit Card,female,3,2,Mobile Phone,3,Married,9,0,18,1,2,3,160,0.5,6/6/2026 9:09
55331,0,1,1. Junior User (1-6 Months),Computer,1,9,Credit Card,male,3,4,Mobile Phone,1,Single,4,0,14,1,2,3,151,0.5,6/6/2026 9:09
55332,1,4,1. Junior User (1-6 Months),Mobile Phone,1,14,Debit Card,male,4,4,Mobile Phone,5,Single,5,1,15,1,2,4,147,0.5,6/6/2026 9:09
55333,0,3,1. Junior User (1-6 Months),Mobile Phone,3,17,Credit Card,male,3,5,Laptop & Accessory,3,Single,11,0,12,2,2,5,184,1,6/6/2026 9:09
55334,0,10,2. Mid-Loyal (7-12 Months),Mobile Phone,1,12,Debit Card,female,3,4,Fashion,5,Married,6,0,13,2,2,3,205,1,6/6/2026 9:09
55335,0,1,1. Junior User (1-6 Months),Computer,1,9,Debit Card,male,4,2,Laptop & Accessory,3,Married,3,0,18,2,2,8,177,1,6/6/2026 9:09
55336,0,13,3. Core Loyal (>1 Year),Mobile Phone,1,19,Credit Card,male,4,4,Laptop & Accessory,4,Married,6,0,22,2,2,1,178,1,6/6/2026 9:09
55337,0,23,3. Core Loyal (>1 Year),Mobile Phone,1,29,UPI,female,4,4,Grocery,4,Married,5,0,17,0,2,3,289,0,6/6/2026 9:09
55338,0,24,3. Core Loyal (>1 Year),Mobile Phone,1,24,Debit Card,female,3,5,Fashion,5,Married,7,0,16,1,0,12,258,0,6/6/2026 9:09
55339,0,1,1. Junior User (1-6 Months),Mobile Phone,3,9,Credit Card,female,3,4,Mobile Phone,3,Single,3,0,20,1,3,3,153,0.33,6/6/2026 9:09
55340,0,8,2. Mid-Loyal (7-12 Months),Mobile Phone,1,10,Debit Card,female,4,4,Laptop & Accessory,4,Married,3,0,13,2,8,10,179,0.25,6/6/2026 9:09
55341,0,10,2. Mid-Loyal (7-12 Months),Mobile Phone,1,14,Debit Card,male,4,4,Mobile Phone,4,Single,4,0,12,1,2,4,145,0.5,6/6/2026 9:09
55342,0,23,3. Core Loyal (>1 Year),Mobile Phone,1,13,Debit Card,female,3,5,Grocery,3,Married,4,1,20,0,3,13,265,0,6/6/2026 9:09
55343,0,10,2. Mid-Loyal (7-12 Months),Computer,1,8,Credit Card,female,3,5,Laptop & Accessory,3,Married,2,0,16,1,2,3,169,0.5,6/6/2026 9:09
55344,0,10,2. Mid-Loyal (7-12 Months),Mobile Phone,1,10,Debit Card,male,4,2,Laptop & Accessory,5,Married,8,0,21,1,2,5,193,0.5,6/6/2026 9:09
55345,0,28,3. Core Loyal (>1 Year),Mobile Phone,1,29,Credit Card,female,4,4,Grocery,3,Married,5,0,0,4,5,8,299,0.8,6/6/2026 9:09
55346,0,17,3. Core Loyal (>1 Year),Mobile Phone,1,22,Debit Card,male,4,5,Grocery,3,Married,3,0,0,3,7,12,301,0.43,6/6/2026 9:09
55347,1,1,1. Junior User (1-6 Months),Computer,3,19,UPI,male,3,4,Laptop & Accessory,1,Single,5,1,25,6,7,8,171,0.86,6/6/2026 9:09
55348,0,12,2. Mid-Loyal (7-12 Months),Computer,1,8,Debit Card,male,3,4,Laptop & Accessory,1,Married,9,0,16,2,3,10,172,0.67,6/6/2026 9:09
55349,0,3,1. Junior User (1-6 Months),Mobile Phone,3,12,Credit Card,male,3,5,Laptop & Accessory,4,Married,3,1,14,1,2,10,167,0.5,6/6/2026 9:09
55350,0,7,2. Mid-Loyal (7-12 Months),Mobile Phone,3,9,Credit Card,male,4,4,Laptop & Accessory,1,Married,3,0,15,2,2,5,180,1,6/6/2026 9:09
55351,0,6,1. Junior User (1-6 Months),Mobile Phone,1,9,Credit Card,male,3,4,Laptop & Accessory,4,Married,2,0,14,2,2,7,180,1,6/6/2026 9:09
55352,0,5,1. Junior User (1-6 Months),Mobile Phone,3,12,Debit Card,female,4,4,Laptop & Accessory,1,Married,3,0,12,1,2,3,180,0.5,6/6/2026 9:09
55353,0,23,3. Core Loyal (>1 Year),Mobile Phone,1,23,Credit Card,female,4,4,Mobile Phone,5,Married,6,1,17,1,3,3,151,0.33,6/6/2026 9:09
55354,0,12,2. Mid-Loyal (7-12 Months),Computer,1,9,Credit Card,female,3,5,Mobile Phone,4,Single,3,0,23,1,4,4,149,0.25,6/6/2026 9:09
55355,0,21,3. Core Loyal (>1 Year),Mobile Phone,3,9,Debit Card,female,3,2,Grocery,4,Married,8,0,15,0,2,3,285,0,6/6/2026 9:09
55356,0,23,3. Core Loyal (>1 Year),Mobile Phone,1,8,Debit Card,male,3,4,Grocery,3,Single,6,0,15,0,2,1,279,0,6/6/2026 9:09
55357,0,15,3. Core Loyal (>1 Year),Mobile Phone,3,30,Debit Card,male,4,4,Fashion,3,Single,5,1,17,1,2,3,196,0.5,6/6/2026 9:09
55358,0,1,1. Junior User (1-6 Months),Mobile Phone,3,16,Debit Card,male,3,4,Mobile Phone,5,Single,3,0,12,1,2,3,152,0.5,6/6/2026 9:09
55359,0,7,2. Mid-Loyal (7-12 Months),Computer,3,23,Debit Card,female,3,4,Laptop & Accessory,1,Married,3,1,26,1,2,3,179,0.5,6/6/2026 9:09
55360,0,10,2. Mid-Loyal (7-12 Months),Mobile Phone,1,33,Debit Card,male,4,4,Laptop & Accessory,3,Married,8,0,15,2,2,3,178,1,6/6/2026 9:09
55361,0,18,3. Core Loyal (>1 Year),Mobile Phone,2,8,Debit Card,female,3,4,Mobile Phone,1,Married,6,1,19,3,3,3,157,1,6/6/2026 9:09
55362,1,1,1. Junior User (1-6 Months),Mobile Phone,1,15,Credit Card,male,4,5,Mobile Phone,3,Single,3,1,12,2,2,3,165,1,6/6/2026 9:09
55363,0,12,2. Mid-Loyal (7-12 Months),Mobile Phone,1,11,Credit Card,female,3,4,Mobile Phone,3,Married,9,0,20,1,2,1,158,0.5,6/6/2026 9:09
55364,0,27,3. Core Loyal (>1 Year),Mobile Phone,1,31,Credit Card,male,3,2,Fashion,1,Married,5,0,16,1,2,3,195,0.5,6/6/2026 9:09
55365,1,12,2. Mid-Loyal (7-12 Months),Computer,3,14,Credit Card,female,4,4,Mobile Phone,3,Married,4,1,12,2,8,8,152,0.25,6/6/2026 9:09
55366,1,1,1. Junior User (1-6 Months),Mobile Phone,1,9,Debit Card,male,4,4,Mobile Phone,4,Single,3,0,13,1,2,1,139,0.5,6/6/2026 9:09
55367,0,1,1. Junior User (1-6 Months),Computer,1,14,Credit Card,male,4,4,Mobile Phone,1,Single,3,0,21,1,6,8,151,0.17,6/6/2026 9:09
55368,0,29,3. Core Loyal (>1 Year),Mobile Phone,1,29,Cash on Delivery,male,4,5,Mobile Phone,4,Married,7,0,13,2,2,3,160,1,6/6/2026 9:09
55369,0,8,2. Mid-Loyal (7-12 Months),Mobile Phone,1,12,Credit Card,male,3,5,Laptop & Accessory,1,Married,3,0,15,1,5,14,165,0.2,6/6/2026 9:09
55370,0,31,3. Core Loyal (>1 Year),Mobile Phone,1,8,Credit Card,male,4,6,Fashion,1,Married,5,0,21,2,0,1,234,0,6/6/2026 9:09
55371,0,7,2. Mid-Loyal (7-12 Months),Mobile Phone,1,28,Credit Card,male,4,2,Mobile Phone,4,Married,3,0,19,1,3,14,145,0.33,6/6/2026 9:09
55372,0,11,2. Mid-Loyal (7-12 Months),Computer,3,8,Credit Card,male,3,6,Laptop & Accessory,1,Married,3,0,15,2,2,-1,220,1,6/6/2026 9:09
55373,0,8,2. Mid-Loyal (7-12 Months),Mobile Phone,1,26,Debit Card,female,3,5,Mobile Phone,1,Married,3,0,13,2,9,8,154,0.22,6/6/2026 9:09
55374,1,1,1. Junior User (1-6 Months),Mobile Phone,3,14,Debit Card,male,4,4,Mobile Phone,1,Married,3,1,22,2,2,3,148,1,6/6/2026 9:09
55375,0,18,3. Core Loyal (>1 Year),Mobile Phone,1,9,Debit Card,female,4,2,Fashion,1,Married,3,1,20,2,7,8,204,0.29,6/6/2026 9:09
55376,0,9,2. Mid-Loyal (7-12 Months),Computer,1,9,Credit Card,male,4,5,Mobile Phone,1,Single,2,1,15,2,2,5,174,1,6/6/2026 9:09
55377,0,17,3. Core Loyal (>1 Year),Mobile Phone,3,9,Credit Card,male,4,4,Laptop & Accessory,1,Married,3,1,18,4,9,9,203,0.44,6/6/2026 9:09
55378,0,1,1. Junior User (1-6 Months),Mobile Phone,1,16,Credit Card,male,4,2,Mobile Phone,3,Married,3,0,17,1,2,5,169,0.5,6/6/2026 9:09
55379,0,15,3. Core Loyal (>1 Year),Mobile Phone,3,13,E wallet,male,3,4,Fashion,3,Single,3,0,13,4,9,-1,217,0.44,6/6/2026 9:09
55380,0,3,1. Junior User (1-6 Months),Mobile Phone,1,16,Credit Card,female,3,4,Mobile Phone,3,Married,11,0,18,1,2,3,155,0.5,6/6/2026 9:09
55381,0,10,2. Mid-Loyal (7-12 Months),Mobile Phone,3,9,Debit Card,female,3,4,Laptop & Accessory,1,Single,5,0,16,7,7,8,170,1,6/6/2026 9:09
55382,0,19,3. Core Loyal (>1 Year),Computer,1,8,Debit Card,male,4,5,Fashion,3,Married,5,0,24,5,0,5,232,0,6/6/2026 9:09
55383,1,1,1. Junior User (1-6 Months),Mobile Phone,2,29,UPI,male,3,6,Mobile Phone,3,Married,3,0,12,1,2,1,141,0.5,6/6/2026 9:09
55384,1,11,2. Mid-Loyal (7-12 Months),Computer,3,16,Debit Card,male,3,6,Grocery,3,Married,9,0,12,7,0,11,254,0,6/6/2026 9:09
55385,0,1,1. Junior User (1-6 Months),Mobile Phone,1,24,Credit Card,male,4,6,Mobile Phone,3,Married,3,0,16,2,2,3,148,1,6/6/2026 9:09
55386,0,19,3. Core Loyal (>1 Year),Mobile Phone,1,35,Cash on Delivery,female,3,5,Grocery,4,Single,3,0,0,7,9,7,292,0.78,6/6/2026 9:09
55387,0,6,1. Junior User (1-6 Months),Computer,1,17,Debit Card,male,3,4,Mobile Phone,3,Married,8,0,14,1,2,4,159,0.5,6/6/2026 9:09
55388,0,5,1. Junior User (1-6 Months),Mobile Phone,1,9,Debit Card,male,4,4,Mobile Phone,3,Married,3,0,15,2,2,4,160,1,6/6/2026 9:09
55389,0,15,3. Core Loyal (>1 Year),Computer,2,11,UPI,male,3,6,Laptop & Accessory,4,Married,8,0,20,1,2,3,189,0.5,6/6/2026 9:09
55390,0,14,3. Core Loyal (>1 Year),Mobile Phone,1,15,Debit Card,female,4,4,Laptop & Accessory,5,Married,4,1,17,2,2,1,190,1,6/6/2026 9:09
55391,0,1,1. Junior User (1-6 Months),Mobile Phone,1,36,Credit Card,male,4,4,Mobile Phone,5,Married,3,0,14,2,2,3,164,1,6/6/2026 9:09
55392,0,20,3. Core Loyal (>1 Year),Mobile Phone,1,20,Debit Card,male,3,4,Laptop & Accessory,4,Single,8,0,15,2,2,10,181,1,6/6/2026 9:09
55393,0,9,2. Mid-Loyal (7-12 Months),Mobile Phone,1,34,Debit Card,male,3,4,Laptop & Accessory,3,Married,4,0,17,2,2,8,194,1,6/6/2026 9:09
55394,0,4,1. Junior User (1-6 Months),Mobile Phone,1,23,Debit Card,male,3,4,Mobile Phone,1,Married,3,0,13,1,2,9,154,0.5,6/6/2026 9:09
55395,0,21,3. Core Loyal (>1 Year),Computer,3,9,E wallet,male,3,4,Laptop & Accessory,4,Married,9,0,12,1,2,1,175,0.5,6/6/2026 9:09
55396,0,20,3. Core Loyal (>1 Year),Mobile Phone,3,9,Debit Card,male,4,4,Fashion,1,Married,6,1,13,1,2,-1,229,0.5,6/6/2026 9:09
55397,1,1,1. Junior User (1-6 Months),Mobile Phone,3,20,E wallet,male,4,5,Laptop & Accessory,5,Married,7,1,14,2,3,3,186,0.67,6/6/2026 9:09
55398,1,1,1. Junior User (1-6 Months),Mobile Phone,3,8,Debit Card,male,3,6,Laptop & Accessory,4,Single,8,0,16,1,2,1,192,0.5,6/6/2026 9:09
55399,0,1,1. Junior User (1-6 Months),Mobile Phone,1,11,Credit Card,female,3,4,Mobile Phone,4,Single,3,0,14,1,2,3,158,0.5,6/6/2026 9:09
55400,0,5,1. Junior User (1-6 Months),Computer,1,31,Cash on Delivery,female,2,4,Laptop & Accessory,1,Single,4,0,21,1,2,5,177,0.5,6/6/2026 9:09
55401,0,13,3. Core Loyal (>1 Year),Computer,1,8,Debit Card,male,4,4,Laptop & Accessory,1,Married,3,1,16,1,6,9,190,0.17,6/6/2026 9:09
55402,0,6,1. Junior User (1-6 Months),Mobile Phone,3,26,Debit Card,male,4,6,Fashion,3,Married,5,0,14,1,2,-1,221,0.5,6/6/2026 9:09
55403,0,14,3. Core Loyal (>1 Year),Mobile Phone,3,14,Credit Card,male,3,4,Others,4,Single,3,0,15,13,13,9,323,1,6/6/2026 9:09
55404,0,19,3. Core Loyal (>1 Year),Mobile Phone,2,11,Debit Card,female,3,6,Fashion,3,Married,6,0,22,2,2,-1,223,1,6/6/2026 9:09
55405,0,4,1. Junior User (1-6 Months),Computer,1,9,Cash on Delivery,female,4,5,Mobile Phone,5,Single,2,0,17,1,2,8,175,0.5,6/6/2026 9:09
55406,0,1,1. Junior User (1-6 Months),Computer,2,17,Credit Card,male,3,4,Mobile Phone,1,Married,2,0,15,1,3,2,146,0.33,6/6/2026 9:09
55407,1,1,1. Junior User (1-6 Months),Computer,2,15,UPI,female,4,5,Mobile Phone,1,Married,8,0,12,2,2,3,147,1,6/6/2026 9:09
55408,0,5,1. Junior User (1-6 Months),Mobile Phone,3,12,Cash on Delivery,male,3,4,Laptop & Accessory,3,Married,3,0,20,2,2,3,208,1,6/6/2026 9:09
55409,0,1,1. Junior User (1-6 Months),Mobile Phone,1,15,Credit Card,female,4,4,Mobile Phone,1,Single,3,0,12,1,2,5,159,0.5,6/6/2026 9:09
55410,1,1,1. Junior User (1-6 Months),Mobile Phone,3,16,E wallet,female,3,6,Mobile Phone,4,Single,3,0,14,3,3,3,153,1,6/6/2026 9:09
55411,0,3,1. Junior User (1-6 Months),Computer,1,8,Debit Card,male,4,2,Laptop & Accessory,3,Single,10,1,13,2,2,3,188,1,6/6/2026 9:09
55412,0,4,1. Junior User (1-6 Months),Mobile Phone,3,22,E wallet,male,4,5,Fashion,5,Married,4,0,12,2,2,8,196,1,6/6/2026 9:09
55413,0,8,2. Mid-Loyal (7-12 Months),Mobile Phone,1,9,Credit Card,male,4,2,Mobile Phone,1,Married,2,1,15,2,2,3,154,1,6/6/2026 9:09
55414,0,7,2. Mid-Loyal (7-12 Months),Computer,3,9,E wallet,female,4,4,Laptop & Accessory,4,Single,10,0,16,2,2,8,176,1,6/6/2026 9:09
55415,0,23,3. Core Loyal (>1 Year),Mobile Phone,3,18,E wallet,female,4,4,Laptop & Accessory,1,Single,5,0,13,1,2,5,170,0.5,6/6/2026 9:09
55416,1,1,1. Junior User (1-6 Months),Mobile Phone,3,23,Debit Card,female,4,4,Fashion,5,Single,4,1,21,2,2,-1,211,1,6/6/2026 9:09
55417,0,12,2. Mid-Loyal (7-12 Months),Computer,1,9,Credit Card,female,4,5,Mobile Phone,4,Married,6,0,15,1,2,6,150,0.5,6/6/2026 9:09
55418,1,1,1. Junior User (1-6 Months),Mobile Phone,3,23,E wallet,male,4,4,Fashion,3,Married,4,0,14,1,2,1,207,0.5,6/6/2026 9:09
55419,0,3,1. Junior User (1-6 Months),Mobile Phone,1,11,Cash on Delivery,female,4,5,Mobile Phone,5,Married,3,0,14,1,2,1,146,0.5,6/6/2026 9:09
55420,0,4,1. Junior User (1-6 Months),Mobile Phone,1,23,Debit Card,male,3,2,Laptop & Accessory,3,Married,5,0,17,2,2,8,178,1,6/6/2026 9:09
55421,0,6,1. Junior User (1-6 Months),Computer,1,12,Cash on Delivery,male,4,4,Mobile Phone,4,Single,4,0,15,2,2,8,152,1,6/6/2026 9:09
55422,0,12,2. Mid-Loyal (7-12 Months),Mobile Phone,1,25,Credit Card,male,3,6,Laptop & Accessory,1,Married,5,1,17,1,2,1,183,0.5,6/6/2026 9:09
55423,1,7,2. Mid-Loyal (7-12 Months),Computer,1,24,Cash on Delivery,male,3,5,Mobile Phone,3,Married,11,1,17,2,2,1,149,1,6/6/2026 9:09
55424,0,16,3. Core Loyal (>1 Year),Mobile Phone,1,19,Credit Card,male,3,4,Mobile Phone,4,Married,10,0,23,2,2,5,153,1,6/6/2026 9:09
55425,0,29,3. Core Loyal (>1 Year),Mobile Phone,1,9,Credit Card,male,3,5,Others,5,Married,10,0,0,2,2,1,315,1,6/6/2026 9:09
55426,0,7,2. Mid-Loyal (7-12 Months),Computer,1,11,Cash on Delivery,male,3,4,Laptop & Accessory,4,Married,7,0,16,1,2,8,156,0.5,6/6/2026 9:09
55427,0,15,3. Core Loyal (>1 Year),Mobile Phone,1,16,Debit Card,male,4,4,Mobile Phone,5,Married,3,0,21,1,2,5,148,0.5,6/6/2026 9:09
55428,0,8,2. Mid-Loyal (7-12 Months),Computer,3,17,Debit Card,male,3,4,Laptop & Accessory,3,Married,3,1,15,2,2,8,165,1,6/6/2026 9:09
55429,0,27,3. Core Loyal (>1 Year),Computer,1,8,Credit Card,female,3,5,Grocery,3,Married,6,1,21,2,0,3,255,0,6/6/2026 9:09
55430,0,17,3. Core Loyal (>1 Year),Mobile Phone,2,9,Debit Card,male,4,4,Mobile Phone,1,Single,2,0,14,2,2,9,160,1,6/6/2026 9:09
55431,0,8,2. Mid-Loyal (7-12 Months),Mobile Phone,3,10,Debit Card,female,3,6,Laptop & Accessory,1,Single,7,0,13,3,3,3,185,1,6/6/2026 9:09
55432,1,1,1. Junior User (1-6 Months),Mobile Phone,3,14,E wallet,male,3,4,Mobile Phone,4,Single,3,0,14,1,2,1,152,0.5,6/6/2026 9:09
55433,0,12,2. Mid-Loyal (7-12 Months),Mobile Phone,1,13,UPI,female,3,5,Mobile Phone,3,Married,3,0,12,2,2,5,162,1,6/6/2026 9:09
55434,1,1,1. Junior User (1-6 Months),Mobile Phone,1,15,Credit Card,female,4,4,Mobile Phone,5,Married,3,1,18,1,2,1,149,0.5,6/6/2026 9:09
55435,0,5,1. Junior User (1-6 Months),Mobile Phone,3,36,E wallet,female,4,5,Laptop & Accessory,1,Married,3,0,15,1,6,8,180,0.17,6/6/2026 9:09
55436,0,25,3. Core Loyal (>1 Year),Mobile Phone,1,10,Cash on Delivery,female,3,4,Fashion,3,Married,4,0,12,3,0,3,256,0,6/6/2026 9:09
55437,0,11,2. Mid-Loyal (7-12 Months),Mobile Phone,3,16,E wallet,male,3,5,Laptop & Accessory,4,Married,3,0,15,2,2,4,167,1,6/6/2026 9:09
55438,0,20,3. Core Loyal (>1 Year),Mobile Phone,1,9,Credit Card,male,3,4,Others,1,Married,9,1,0,3,3,3,318,1,6/6/2026 9:09
55439,0,10,2. Mid-Loyal (7-12 Months),Mobile Phone,1,17,Debit Card,male,3,4,Fashion,5,Married,9,1,14,3,6,8,208,0.5,6/6/2026 9:09
55440,1,8,2. Mid-Loyal (7-12 Months),Computer,1,8,Credit Card,male,4,4,Mobile Phone,4,Married,3,1,13,3,3,4,148,1,6/6/2026 9:09
55441,0,11,2. Mid-Loyal (7-12 Months),Mobile Phone,2,15,UPI,male,3,4,Laptop & Accessory,4,Married,4,0,14,4,5,8,166,0.8,6/6/2026 9:09
55442,1,1,1. Junior User (1-6 Months),Mobile Phone,3,34,Debit Card,male,3,4,Laptop & Accessory,1,Single,3,1,19,4,8,8,183,0.5,6/6/2026 9:09
55443,0,7,2. Mid-Loyal (7-12 Months),Mobile Phone,1,15,Debit Card,male,3,2,Mobile Phone,5,Married,8,0,20,4,8,7,156,0.5,6/6/2026 9:09
55444,0,2,1. Junior User (1-6 Months),Mobile Phone,1,8,Debit Card,male,3,4,Mobile Phone,1,Married,3,0,12,1,2,4,145,0.5,6/6/2026 9:09
55445,0,13,3. Core Loyal (>1 Year),Mobile Phone,1,17,Credit Card,male,4,4,Fashion,3,Single,9,0,22,3,0,3,260,0,6/6/2026 9:09
55446,0,20,3. Core Loyal (>1 Year),Computer,3,33,Debit Card,male,4,5,Laptop & Accessory,4,Single,10,0,16,2,3,3,205,0.67,6/6/2026 9:09
55447,0,14,3. Core Loyal (>1 Year),Mobile Phone,1,9,Debit Card,female,4,4,Mobile Phone,5,Married,6,0,18,2,2,3,159,1,6/6/2026 9:09
55448,0,16,3. Core Loyal (>1 Year),Mobile Phone,1,20,Credit Card,male,4,2,Laptop & Accessory,5,Married,7,0,19,2,2,1,180,1,6/6/2026 9:09
55449,0,9,2. Mid-Loyal (7-12 Months),Computer,1,9,Credit Card,male,3,4,Laptop & Accessory,1,Married,4,0,15,2,2,8,183,1,6/6/2026 9:09
55450,0,12,2. Mid-Loyal (7-12 Months),Computer,2,9,UPI,male,4,4,Mobile Phone,4,Married,7,0,14,3,4,9,151,0.75,6/6/2026 9:09
55451,1,1,1. Junior User (1-6 Months),Computer,1,16,Debit Card,male,4,4,Laptop & Accessory,5,Married,6,0,18,1,2,8,178,0.5,6/6/2026 9:09
55452,1,1,1. Junior User (1-6 Months),Mobile Phone,1,17,Credit Card,male,3,4,Laptop & Accessory,5,Single,3,0,16,1,2,9,167,0.5,6/6/2026 9:09
55453,0,13,3. Core Loyal (>1 Year),Computer,3,27,Debit Card,male,3,4,Laptop & Accessory,1,Married,4,0,19,2,3,3,166,0.67,6/6/2026 9:09
55454,0,17,3. Core Loyal (>1 Year),Computer,1,16,Debit Card,male,3,4,Mobile Phone,3,Single,6,0,14,2,2,3,149,1,6/6/2026 9:09
55455,0,15,3. Core Loyal (>1 Year),Mobile Phone,1,12,Debit Card,male,3,2,Laptop & Accessory,4,Single,5,0,13,1,2,3,194,0.5,6/6/2026 9:09
55456,0,15,3. Core Loyal (>1 Year),Mobile Phone,3,11,E wallet,female,3,4,Fashion,3,Married,2,1,14,6,14,-1,229,0.43,6/6/2026 9:09
55457,0,4,1. Junior User (1-6 Months),Mobile Phone,1,17,Credit Card,female,4,4,Fashion,3,Single,11,0,15,1,2,-1,222,0.5,6/6/2026 9:09
55458,1,1,1. Junior User (1-6 Months),Mobile Phone,2,27,Credit Card,female,4,4,Mobile Phone,4,Married,2,1,12,1,2,5,146,0.5,6/6/2026 9:09
55459,1,10,2. Mid-Loyal (7-12 Months),Mobile Phone,1,28,Credit Card,female,4,4,Laptop & Accessory,4,Married,6,0,23,4,4,-1,214,1,6/6/2026 9:09
55460,0,14,3. Core Loyal (>1 Year),Mobile Phone,1,8,Debit Card,female,3,4,Laptop & Accessory,1,Married,6,0,18,1,2,4,190,0.5,6/6/2026 9:09
55461,0,8,2. Mid-Loyal (7-12 Months),Mobile Phone,3,15,Cash on Delivery,male,4,2,Laptop & Accessory,3,Married,3,0,22,3,5,9,193,0.6,6/6/2026 9:09
55462,0,31,3. Core Loyal (>1 Year),Computer,3,9,Credit Card,male,3,4,Grocery,4,Married,6,0,23,0,15,15,288,0,6/6/2026 9:09
55463,0,9,2. Mid-Loyal (7-12 Months),Mobile Phone,1,30,Credit Card,male,4,6,Mobile Phone,3,Married,2,0,17,1,2,4,152,0.5,6/6/2026 9:09
55464,0,21,3. Core Loyal (>1 Year),Mobile Phone,1,11,Debit Card,female,4,5,Fashion,4,Married,10,1,13,6,15,-1,228,0.4,6/6/2026 9:09
55465,0,14,3. Core Loyal (>1 Year),Mobile Phone,1,19,Debit Card,female,3,4,Laptop & Accessory,5,Married,4,0,13,2,8,8,169,0.25,6/6/2026 9:09
55466,0,28,3. Core Loyal (>1 Year),Mobile Phone,1,14,Credit Card,female,4,4,Laptop & Accessory,1,Married,6,0,16,2,2,8,194,1,6/6/2026 9:09
55467,0,5,1. Junior User (1-6 Months),Computer,3,14,E wallet,female,4,4,Fashion,5,Married,4,0,15,3,3,-1,221,1,6/6/2026 9:09
55468,0,2,1. Junior User (1-6 Months),Mobile Phone,1,8,Credit Card,female,4,4,Mobile Phone,5,Married,3,0,26,2,2,3,161,1,6/6/2026 9:09
55469,0,12,2. Mid-Loyal (7-12 Months),Mobile Phone,3,9,E wallet,female,4,6,Laptop & Accessory,1,Married,4,1,21,1,2,4,179,0.5,6/6/2026 9:09
55470,0,1,1. Junior User (1-6 Months),Mobile Phone,3,17,Credit Card,male,3,4,Laptop & Accessory,1,Single,3,0,14,2,2,3,172,1,6/6/2026 9:09
55471,0,31,3. Core Loyal (>1 Year),Computer,1,22,Debit Card,male,3,4,Grocery,3,Married,4,1,15,0,3,3,283,0,6/6/2026 9:09
55472,0,1,1. Junior User (1-6 Months),Computer,1,21,Credit Card,female,3,4,Mobile Phone,3,Single,3,0,17,2,2,1,140,1,6/6/2026 9:09
55473,1,1,1. Junior User (1-6 Months),Mobile Phone,2,25,UPI,male,3,2,Mobile Phone,5,Married,2,0,18,2,2,1,155,1,6/6/2026 9:09
55474,1,1,1. Junior User (1-6 Months),Mobile Phone,2,20,UPI,male,3,5,Mobile Phone,5,Married,6,1,16,3,3,1,148,1,6/6/2026 9:09
55475,0,19,3. Core Loyal (>1 Year),Computer,3,9,Debit Card,female,4,4,Laptop & Accessory,3,Married,6,0,23,4,6,8,177,0.67,6/6/2026 9:09
55476,0,10,2. Mid-Loyal (7-12 Months),Mobile Phone,1,9,UPI,female,4,4,Laptop & Accessory,4,Married,6,1,23,2,2,1,195,1,6/6/2026 9:09
55477,0,17,3. Core Loyal (>1 Year),Computer,3,9,Debit Card,male,4,4,Laptop & Accessory,1,Married,3,0,21,8,8,8,182,1,6/6/2026 9:09
55478,0,1,1. Junior User (1-6 Months),Computer,1,12,Debit Card,female,3,4,Mobile Phone,1,Single,2,1,15,2,2,3,149,1,6/6/2026 9:09
55479,0,3,1. Junior User (1-6 Months),Computer,1,27,Credit Card,male,3,4,Mobile Phone,1,Married,3,0,14,2,4,11,163,0.5,6/6/2026 9:09
55480,0,6,1. Junior User (1-6 Months),Computer,3,17,E wallet,male,4,4,Laptop & Accessory,1,Single,10,0,14,1,2,1,171,0.5,6/6/2026 9:09
55481,0,16,3. Core Loyal (>1 Year),Computer,1,17,Cash on Delivery,male,3,4,Mobile Phone,3,Married,5,0,23,4,4,4,154,1,6/6/2026 9:09
55482,0,21,3. Core Loyal (>1 Year),Mobile Phone,1,16,Debit Card,female,4,4,Mobile Phone,3,Single,6,0,13,1,3,1,146,0.33,6/6/2026 9:09
55483,0,20,3. Core Loyal (>1 Year),Mobile Phone,1,9,Debit Card,male,3,4,Fashion,1,Married,5,0,15,1,5,-1,211,0.2,6/6/2026 9:09
55484,0,2,1. Junior User (1-6 Months),Computer,2,8,Debit Card,male,3,4,Mobile Phone,1,Married,3,0,16,2,3,3,152,0.67,6/6/2026 9:09
55485,0,3,1. Junior User (1-6 Months),Mobile Phone,1,36,Debit Card,male,4,6,Laptop & Accessory,3,Married,10,0,18,1,2,7,189,0.5,6/6/2026 9:09
55486,0,16,3. Core Loyal (>1 Year),Mobile Phone,1,15,Debit Card,male,3,4,Mobile Phone,3,Single,6,0,14,2,2,1,165,1,6/6/2026 9:09
55487,1,1,1. Junior User (1-6 Months),Mobile Phone,3,9,E wallet,male,3,5,Laptop & Accessory,4,Single,9,1,13,2,3,-1,224,0.67,6/6/2026 9:09
55488,0,20,3. Core Loyal (>1 Year),Mobile Phone,3,10,Cash on Delivery,female,3,2,Grocery,5,Married,4,0,13,3,0,9,257,0,6/6/2026 9:09
55489,0,1,1. Junior User (1-6 Months),Mobile Phone,3,30,Credit Card,female,3,5,Laptop & Accessory,3,Married,3,0,22,4,6,9,160,0.67,6/6/2026 9:09
55490,0,3,1. Junior User (1-6 Months),Mobile Phone,2,13,Credit Card,male,3,5,Mobile Phone,4,Married,3,0,12,2,2,1,153,1,6/6/2026 9:09
55491,0,17,3. Core Loyal (>1 Year),Mobile Phone,1,13,Credit Card,female,3,5,Others,3,Married,9,0,0,7,7,15,319,1,6/6/2026 9:09
55492,0,22,3. Core Loyal (>1 Year),Mobile Phone,1,17,Debit Card,male,4,5,Others,4,Married,6,0,0,4,13,10,322,0.31,6/6/2026 9:09
55493,1,1,1. Junior User (1-6 Months),Computer,1,31,Debit Card,male,4,5,Mobile Phone,1,Single,3,1,25,2,2,1,149,1,6/6/2026 9:09
55494,1,10,2. Mid-Loyal (7-12 Months),Mobile Phone,3,17,Debit Card,female,4,4,Fashion,4,Married,7,0,22,2,2,8,198,1,6/6/2026 9:09
55495,0,1,1. Junior User (1-6 Months),Computer,1,22,Debit Card,female,4,5,Mobile Phone,5,Married,2,0,20,1,8,4,173,0.13,6/6/2026 9:09
55496,0,13,3. Core Loyal (>1 Year),Mobile Phone,1,26,UPI,male,3,4,Laptop & Accessory,1,Married,10,0,15,1,3,3,164,0.33,6/6/2026 9:09
55497,0,29,3. Core Loyal (>1 Year),Mobile Phone,1,9,Cash on Delivery,male,4,5,Mobile Phone,1,Married,10,0,21,2,2,5,152,1,6/6/2026 9:09
55498,0,2,1. Junior User (1-6 Months),Mobile Phone,3,10,Credit Card,female,4,4,Mobile Phone,4,Married,3,0,20,2,2,1,154,1,6/6/2026 9:09
55499,1,1,1. Junior User (1-6 Months),Mobile Phone,3,16,Credit Card,male,3,4,Mobile Phone,1,Single,3,0,14,1,2,1,136,0.5,6/6/2026 9:09
55500,1,1,1. Junior User (1-6 Months),Mobile Phone,1,14,Debit Card,male,4,4,Mobile Phone,4,Single,3,1,24,2,2,1,150,1,6/6/2026 9:09
55501,0,10,2. Mid-Loyal (7-12 Months),Mobile Phone,3,17,Cash on Delivery,female,4,5,Laptop & Accessory,3,Married,3,1,14,1,2,8,182,0.5,6/6/2026 9:09
55502,0,5,1. Junior User (1-6 Months),Mobile Phone,1,27,Debit Card,male,3,4,Laptop & Accessory,3,Married,3,0,12,1,2,3,167,0.5,6/6/2026 9:09
55503,0,8,2. Mid-Loyal (7-12 Months),Mobile Phone,3,11,Debit Card,male,4,4,Fashion,1,Married,4,1,14,1,2,-1,222,0.5,6/6/2026 9:09
55504,0,3,1. Junior User (1-6 Months),Mobile Phone,1,14,Debit Card,male,3,4,Mobile Phone,5,Single,5,0,15,1,2,3,146,0.5,6/6/2026 9:09
55505,0,11,2. Mid-Loyal (7-12 Months),Mobile Phone,1,14,Credit Card,male,4,4,Laptop & Accessory,5,Married,7,1,23,1,2,5,168,0.5,6/6/2026 9:09
55506,0,9,2. Mid-Loyal (7-12 Months),Mobile Phone,1,23,UPI,female,3,5,Laptop & Accessory,4,Married,2,1,12,1,2,3,173,0.5,6/6/2026 9:09
55507,0,19,3. Core Loyal (>1 Year),Mobile Phone,1,32,Debit Card,female,4,5,Laptop & Accessory,1,Married,2,0,14,1,4,9,184,0.25,6/6/2026 9:09
55508,0,10,2. Mid-Loyal (7-12 Months),Computer,2,9,UPI,male,4,5,Laptop & Accessory,1,Single,3,0,22,2,2,9,164,1,6/6/2026 9:09
55509,0,14,3. Core Loyal (>1 Year),Mobile Phone,1,8,Debit Card,male,4,4,Grocery,5,Married,4,0,0,3,12,17,293,0.25,6/6/2026 9:09
55510,0,1,1. Junior User (1-6 Months),Mobile Phone,1,8,Debit Card,female,3,5,Mobile Phone,3,Married,3,1,14,1,2,1,154,0.5,6/6/2026 9:09
55511,0,1,1. Junior User (1-6 Months),Mobile Phone,3,9,Credit Card,female,3,2,Laptop & Accessory,3,Single,2,0,15,1,2,8,190,0.5,6/6/2026 9:09
55512,0,22,3. Core Loyal (>1 Year),Computer,1,29,Credit Card,female,3,4,Grocery,1,Married,5,0,0,2,5,8,297,0.4,6/6/2026 9:09
55513,0,18,3. Core Loyal (>1 Year),Mobile Phone,1,8,Debit Card,male,4,2,Laptop & Accessory,5,Married,4,0,16,2,3,3,175,0.67,6/6/2026 9:09
55514,1,1,1. Junior User (1-6 Months),Computer,1,23,Cash on Delivery,male,3,6,Mobile Phone,5,Married,3,1,24,1,4,1,148,0.25,6/6/2026 9:09
55515,1,20,3. Core Loyal (>1 Year),Mobile Phone,1,31,Debit Card,male,4,4,Mobile Phone,1,Single,3,0,17,1,2,1,151,0.5,6/6/2026 9:09
55516,0,10,2. Mid-Loyal (7-12 Months),Mobile Phone,3,24,E wallet,male,3,5,Laptop & Accessory,4,Married,4,0,17,2,2,4,180,1,6/6/2026 9:09
55517,0,15,3. Core Loyal (>1 Year),Mobile Phone,3,15,E wallet,female,3,4,Laptop & Accessory,4,Married,7,0,22,1,2,5,169,0.5,6/6/2026 9:09
55518,0,16,3. Core Loyal (>1 Year),Mobile Phone,1,13,Credit Card,male,3,4,Fashion,5,Married,11,0,14,6,0,8,258,0,6/6/2026 9:09
55519,0,5,1. Junior User (1-6 Months),Mobile Phone,3,17,Credit Card,female,3,4,Laptop & Accessory,1,Married,4,1,12,2,2,5,191,1,6/6/2026 9:09
55520,0,8,2. Mid-Loyal (7-12 Months),Mobile Phone,3,10,Credit Card,female,4,5,Laptop & Accessory,1,Married,5,1,13,1,2,2,206,0.5,6/6/2026 9:09
55521,0,5,1. Junior User (1-6 Months),Mobile Phone,1,11,Credit Card,female,4,2,Mobile Phone,3,Married,10,0,13,2,3,3,165,0.67,6/6/2026 9:09
55522,0,1,1. Junior User (1-6 Months),Computer,1,13,UPI,male,4,2,Mobile Phone,1,Married,2,0,19,3,8,8,150,0.38,6/6/2026 9:09
55523,0,19,3. Core Loyal (>1 Year),Computer,1,8,Credit Card,male,3,4,Laptop & Accessory,3,Single,6,0,13,1,2,4,179,0.5,6/6/2026 9:09
55524,0,7,2. Mid-Loyal (7-12 Months),Mobile Phone,3,17,E wallet,male,3,4,Laptop & Accessory,3,Single,3,0,15,1,2,10,180,0.5,6/6/2026 9:09
55525,0,2,1. Junior User (1-6 Months),Computer,3,8,Debit Card,male,3,5,Laptop & Accessory,1,Married,3,1,13,2,2,8,193,1,6/6/2026 9:09
55526,1,1,1. Junior User (1-6 Months),Computer,3,31,Cash on Delivery,male,3,2,Mobile Phone,5,Single,3,0,18,1,2,1,136,0.5,6/6/2026 9:09
55527,0,13,3. Core Loyal (>1 Year),Computer,3,28,Debit Card,female,3,6,Laptop & Accessory,3,Married,8,0,20,1,2,3,182,0.5,6/6/2026 9:09
55528,0,1,1. Junior User (1-6 Months),Mobile Phone,1,9,Cash on Delivery,male,3,4,Mobile Phone,4,Married,3,0,12,1,2,3,147,0.5,6/6/2026 9:09
55529,0,8,2. Mid-Loyal (7-12 Months),Computer,1,29,UPI,male,3,5,Laptop & Accessory,1,Married,3,1,16,4,7,12,182,0.57,6/6/2026 9:09
55530,1,1,1. Junior User (1-6 Months),Mobile Phone,3,20,E wallet,female,3,4,Laptop & Accessory,3,Single,5,1,12,1,3,-1,224,0.33,6/6/2026 9:09
55531,0,21,3. Core Loyal (>1 Year),Computer,1,21,Cash on Delivery,male,4,4,Laptop & Accessory,4,Married,10,0,19,1,2,8,180,0.5,6/6/2026 9:09
55532,0,30,3. Core Loyal (>1 Year),Mobile Phone,3,18,E wallet,female,3,5,Laptop & Accessory,5,Married,6,0,17,1,2,1,179,0.5,6/6/2026 9:09
55533,0,13,3. Core Loyal (>1 Year),Mobile Phone,1,16,Credit Card,male,3,4,Laptop & Accessory,5,Married,3,0,26,1,8,10,177,0.13,6/6/2026 9:09
55534,0,12,2. Mid-Loyal (7-12 Months),Computer,1,15,Credit Card,female,3,5,Laptop & Accessory,4,Married,3,1,17,2,2,8,146,1,6/6/2026 9:09
55535,0,61,3. Core Loyal (>1 Year),Mobile Phone,3,28,Debit Card,female,4,4,Grocery,1,Married,6,1,0,1,2,1,304,0.5,6/6/2026 9:09
55536,1,1,1. Junior User (1-6 Months),Computer,1,12,Debit Card,female,3,2,Mobile Phone,3,Single,5,1,15,1,2,4,149,0.5,6/6/2026 9:09
55537,0,12,2. Mid-Loyal (7-12 Months),Mobile Phone,1,16,Debit Card,male,4,4,Mobile Phone,1,Married,4,0,20,1,2,4,173,0.5,6/6/2026 9:09
55538,0,23,3. Core Loyal (>1 Year),Computer,1,9,Debit Card,male,3,4,Others,1,Married,5,0,0,5,5,4,317,1,6/6/2026 9:09
55539,0,16,3. Core Loyal (>1 Year),Mobile Phone,3,19,E wallet,male,4,4,Laptop & Accessory,1,Married,5,1,13,2,2,1,176,1,6/6/2026 9:09
55540,1,1,1. Junior User (1-6 Months),Computer,2,29,UPI,female,3,5,Mobile Phone,4,Married,3,0,13,2,2,1,154,1,6/6/2026 9:09
55541,0,9,2. Mid-Loyal (7-12 Months),Mobile Phone,3,25,Credit Card,male,4,4,Laptop & Accessory,5,Married,2,0,17,2,2,5,181,1,6/6/2026 9:09
55542,0,2,1. Junior User (1-6 Months),Computer,1,23,Credit Card,male,3,4,Mobile Phone,3,Single,3,0,15,1,2,5,146,0.5,6/6/2026 9:09
55543,0,5,1. Junior User (1-6 Months),Computer,1,10,Credit Card,male,3,4,Mobile Phone,5,Married,3,1,14,3,3,4,156,1,6/6/2026 9:09
55544,0,10,2. Mid-Loyal (7-12 Months),Computer,1,16,Debit Card,male,4,2,Mobile Phone,4,Married,3,0,23,2,2,3,153,1,6/6/2026 9:09
55545,0,8,2. Mid-Loyal (7-12 Months),Mobile Phone,3,8,E wallet,male,3,4,Fashion,1,Single,3,0,22,3,3,-1,224,1,6/6/2026 9:09
55546,0,8,2. Mid-Loyal (7-12 Months),Mobile Phone,3,20,Credit Card,male,3,4,Fashion,3,Married,3,0,19,1,2,-1,211,0.5,6/6/2026 9:09
55547,0,1,1. Junior User (1-6 Months),Mobile Phone,1,8,Credit Card,male,4,4,Mobile Phone,5,Single,2,0,14,8,8,7,154,1,6/6/2026 9:09
55548,0,3,1. Junior User (1-6 Months),Mobile Phone,1,8,Debit Card,male,3,4,Laptop & Accessory,5,Married,2,0,13,1,2,3,179,0.5,6/6/2026 9:09
55549,0,6,1. Junior User (1-6 Months),Computer,1,22,Credit Card,female,3,4,Laptop & Accessory,1,Married,7,0,19,1,2,3,192,0.5,6/6/2026 9:09
55550,0,5,1. Junior User (1-6 Months),Computer,1,8,Debit Card,male,3,6,Laptop & Accessory,5,Married,3,0,22,7,9,8,175,0.78,6/6/2026 9:09
55551,1,1,1. Junior User (1-6 Months),Mobile Phone,1,24,Cash on Delivery,male,3,5,Mobile Phone,1,Married,7,0,13,2,2,4,149,1,6/6/2026 9:09
55552,0,12,2. Mid-Loyal (7-12 Months),Mobile Phone,3,8,Debit Card,male,3,5,Mobile Phone,5,Single,6,0,15,2,2,1,154,1,6/6/2026 9:09
55553,0,9,2. Mid-Loyal (7-12 Months),Mobile Phone,3,14,Debit Card,female,3,4,Laptop & Accessory,1,Married,3,1,12,2,2,10,177,1,6/6/2026 9:09
55554,0,1,1. Junior User (1-6 Months),Mobile Phone,3,16,E wallet,male,3,4,Laptop & Accessory,1,Single,3,0,15,2,2,8,166,1,6/6/2026 9:09
55555,0,6,1. Junior User (1-6 Months),Mobile Phone,1,12,Debit Card,male,3,5,Laptop & Accessory,1,Single,10,0,25,2,2,-1,222,1,6/6/2026 9:09
55556,1,1,1. Junior User (1-6 Months),Computer,3,33,E wallet,male,4,4,Laptop & Accessory,1,Married,3,1,12,1,2,9,181,0.5,6/6/2026 9:09
55557,1,17,3. Core Loyal (>1 Year),Mobile Phone,3,31,Debit Card,male,4,4,Fashion,5,Single,8,1,14,1,3,-1,229,0.33,6/6/2026 9:09
55558,0,28,3. Core Loyal (>1 Year),Mobile Phone,1,16,Debit Card,female,4,4,Laptop & Accessory,3,Married,5,0,12,2,3,4,154,0.67,6/6/2026 9:09
55559,0,7,2. Mid-Loyal (7-12 Months),Computer,1,14,Debit Card,male,3,4,Laptop & Accessory,3,Married,3,0,21,1,3,9,185,0.33,6/6/2026 9:09
55560,0,17,3. Core Loyal (>1 Year),Mobile Phone,1,18,Debit Card,male,2,4,Fashion,3,Married,3,0,18,2,2,10,200,1,6/6/2026 9:09
55561,0,12,2. Mid-Loyal (7-12 Months),Computer,2,8,UPI,male,3,4,Mobile Phone,4,Married,2,1,12,1,2,3,155,0.5,6/6/2026 9:09
55562,0,29,3. Core Loyal (>1 Year),Mobile Phone,2,33,UPI,male,4,2,Others,4,Married,6,1,0,2,2,5,321,1,6/6/2026 9:09
55563,0,5,1. Junior User (1-6 Months),Mobile Phone,1,9,Credit Card,female,3,6,Mobile Phone,1,Married,3,1,12,1,2,1,136,0.5,6/6/2026 9:09
55564,0,13,3. Core Loyal (>1 Year),Mobile Phone,3,22,E wallet,male,4,4,Grocery,5,Single,2,0,13,5,0,11,258,0,6/6/2026 9:09
55565,0,16,3. Core Loyal (>1 Year),Computer,1,30,Debit Card,male,3,5,Laptop & Accessory,3,Single,3,0,13,4,4,8,168,1,6/6/2026 9:09
55566,0,5,1. Junior User (1-6 Months),Computer,1,17,Credit Card,female,3,4,Fashion,3,Married,6,0,21,4,0,9,235,0,6/6/2026 9:09
55567,0,28,3. Core Loyal (>1 Year),Mobile Phone,1,17,Credit Card,female,4,4,Laptop & Accessory,5,Single,8,1,20,1,2,5,169,0.5,6/6/2026 9:09
55568,0,1,1. Junior User (1-6 Months),Mobile Phone,1,8,Debit Card,male,3,5,Laptop & Accessory,3,Single,3,0,13,2,2,3,171,1,6/6/2026 9:09
55569,0,1,1. Junior User (1-6 Months),Mobile Phone,1,19,UPI,male,4,4,Mobile Phone,1,Single,3,0,14,2,2,5,151,1,6/6/2026 9:09
55570,0,14,3. Core Loyal (>1 Year),Computer,1,18,Cash on Delivery,female,4,4,Laptop & Accessory,3,Married,3,0,12,8,10,5,188,0.8,6/6/2026 9:09
55571,0,14,3. Core Loyal (>1 Year),Mobile Phone,3,9,E wallet,female,4,4,Laptop & Accessory,4,Married,5,0,15,2,6,11,182,0.33,6/6/2026 9:09
55572,0,1,1. Junior User (1-6 Months),Mobile Phone,2,9,UPI,female,3,4,Mobile Phone,4,Married,6,0,15,1,2,3,147,0.5,6/6/2026 9:09
55573,0,4,1. Junior User (1-6 Months),Mobile Phone,1,8,Credit Card,male,4,4,Mobile Phone,4,Married,3,0,14,2,2,8,162,1,6/6/2026 9:09
55574,0,1,1. Junior User (1-6 Months),Mobile Phone,1,9,UPI,male,3,4,Mobile Phone,3,Married,8,1,20,1,2,3,165,0.5,6/6/2026 9:09
55575,0,21,3. Core Loyal (>1 Year),Mobile Phone,1,32,Credit Card,male,3,4,Fashion,3,Single,4,0,24,10,13,-1,211,0.77,6/6/2026 9:09
55576,0,7,2. Mid-Loyal (7-12 Months),Computer,1,8,Credit Card,male,3,5,Mobile Phone,3,Married,3,0,13,1,2,1,145,0.5,6/6/2026 9:09
55577,0,12,2. Mid-Loyal (7-12 Months),Mobile Phone,3,8,Debit Card,male,3,4,Laptop & Accessory,4,Married,2,0,16,2,6,9,169,0.33,6/6/2026 9:09
55578,0,5,1. Junior User (1-6 Months),Mobile Phone,3,9,Debit Card,male,3,4,Mobile Phone,3,Married,2,0,20,1,2,3,156,0.5,6/6/2026 9:09
55579,0,12,2. Mid-Loyal (7-12 Months),Computer,1,13,Debit Card,male,4,5,Laptop & Accessory,3,Married,4,0,12,3,8,8,178,0.38,6/6/2026 9:09
55580,0,16,3. Core Loyal (>1 Year),Mobile Phone,1,25,Debit Card,male,3,4,Laptop & Accessory,5,Married,8,1,18,2,2,3,179,1,6/6/2026 9:09
55581,0,15,3. Core Loyal (>1 Year),Mobile Phone,1,8,Debit Card,male,4,4,Mobile Phone,1,Married,5,0,23,1,2,1,153,0.5,6/6/2026 9:09
55582,0,21,3. Core Loyal (>1 Year),Computer,1,8,Credit Card,female,4,4,Fashion,4,Married,2,0,19,1,0,13,245,0,6/6/2026 9:09
55583,0,9,2. Mid-Loyal (7-12 Months),Mobile Phone,1,18,Credit Card,male,3,4,Mobile Phone,3,Married,9,1,12,3,3,3,152,1,6/6/2026 9:09
55584,0,1,1. Junior User (1-6 Months),Mobile Phone,1,8,Debit Card,male,4,4,Mobile Phone,3,Single,2,0,13,2,2,3,159,1,6/6/2026 9:09
55585,0,9,2. Mid-Loyal (7-12 Months),Mobile Phone,1,16,Credit Card,male,3,4,Laptop & Accessory,3,Single,3,0,20,1,2,9,176,0.5,6/6/2026 9:09
55586,0,7,2. Mid-Loyal (7-12 Months),Mobile Phone,1,22,Credit Card,female,4,4,Laptop & Accessory,1,Married,2,1,14,7,9,2,174,0.78,6/6/2026 9:09
55587,0,6,1. Junior User (1-6 Months),Mobile Phone,1,36,Debit Card,female,3,5,Mobile Phone,4,Single,3,0,14,1,5,2,153,0.2,6/6/2026 9:09
55588,0,14,3. Core Loyal (>1 Year),Mobile Phone,1,8,Debit Card,male,3,4,Mobile Phone,1,Married,10,0,20,2,2,1,149,1,6/6/2026 9:09
55589,0,6,1. Junior User (1-6 Months),Mobile Phone,3,8,Credit Card,male,4,5,Mobile Phone,4,Married,2,0,15,3,3,3,148,1,6/6/2026 9:09
55590,0,13,3. Core Loyal (>1 Year),Mobile Phone,1,31,Debit Card,male,3,4,Laptop & Accessory,1,Single,9,0,14,1,2,8,166,0.5,6/6/2026 9:09
55591,0,12,2. Mid-Loyal (7-12 Months),Mobile Phone,1,17,Credit Card,female,4,6,Fashion,3,Married,5,0,13,1,0,12,257,0,6/6/2026 9:09
55592,0,6,1. Junior User (1-6 Months),Mobile Phone,3,8,E wallet,female,3,4,Fashion,1,Married,3,0,20,1,6,-1,229,0.17,6/6/2026 9:09
55593,0,11,2. Mid-Loyal (7-12 Months),Mobile Phone,1,17,Debit Card,female,3,2,Fashion,1,Married,3,1,26,0,7,9,262,0,6/6/2026 9:09
55594,0,1,1. Junior User (1-6 Months),Mobile Phone,3,15,UPI,female,3,4,Laptop & Accessory,3,Married,2,1,23,1,2,5,174,0.5,6/6/2026 9:09
55595,0,26,3. Core Loyal (>1 Year),Computer,3,36,Debit Card,male,3,4,Mobile Phone,1,Married,4,0,16,2,2,1,160,1,6/6/2026 9:09
55596,0,18,3. Core Loyal (>1 Year),Mobile Phone,1,8,Credit Card,male,3,4,Mobile Phone,1,Single,8,1,13,2,2,3,149,1,6/6/2026 9:09
55597,0,1,1. Junior User (1-6 Months),Mobile Phone,3,12,Credit Card,male,3,4,Mobile Phone,5,Single,3,1,12,2,2,3,149,1,6/6/2026 9:09
55598,0,13,3. Core Loyal (>1 Year),Computer,1,16,Debit Card,male,3,4,Others,1,Single,4,0,0,2,2,4,319,1,6/6/2026 9:09
55599,1,1,1. Junior User (1-6 Months),Computer,3,16,E wallet,male,3,4,Mobile Phone,5,Married,3,0,20,2,2,1,143,1,6/6/2026 9:09
55600,0,10,2. Mid-Loyal (7-12 Months),Mobile Phone,3,10,Credit Card,female,4,5,Fashion,1,Married,2,0,20,1,4,5,201,0.25,6/6/2026 9:09
55601,0,10,2. Mid-Loyal (7-12 Months),Computer,1,11,Debit Card,female,4,4,Laptop & Accessory,4,Married,9,0,14,1,2,3,176,0.5,6/6/2026 9:09
55602,0,30,3. Core Loyal (>1 Year),Computer,1,8,Debit Card,male,3,4,Laptop & Accessory,3,Married,3,0,22,1,2,10,188,0.5,6/6/2026 9:09
55603,1,1,1. Junior User (1-6 Months),Mobile Phone,1,8,Credit Card,male,3,4,Mobile Phone,1,Married,11,1,15,3,3,3,173,1,6/6/2026 9:09
55604,0,16,3. Core Loyal (>1 Year),Mobile Phone,1,9,Debit Card,male,3,4,Others,3,Married,7,0,0,1,5,15,314,0.2,6/6/2026 9:09
55605,1,20,3. Core Loyal (>1 Year),Mobile Phone,1,14,Cash on Delivery,male,4,4,Mobile Phone,3,Married,10,0,12,7,10,9,148,0.7,6/6/2026 9:09
55606,0,15,3. Core Loyal (>1 Year),Mobile Phone,1,35,Debit Card,female,3,5,Grocery,4,Married,2,0,24,2,2,11,261,1,6/6/2026 9:09
55607,0,8,2. Mid-Loyal (7-12 Months),Mobile Phone,3,35,E wallet,female,4,5,Laptop & Accessory,3,Married,3,0,22,2,2,8,192,1,6/6/2026 9:09
55608,0,10,2. Mid-Loyal (7-12 Months),Computer,3,22,E wallet,male,3,6,Laptop & Accessory,1,Married,3,0,25,6,12,12,179,0.5,6/6/2026 9:09
55609,0,15,3. Core Loyal (>1 Year),Mobile Phone,3,10,Debit Card,male,3,5,Laptop & Accessory,4,Married,4,0,12,2,2,-1,214,1,6/6/2026 9:09
55610,0,6,1. Junior User (1-6 Months),Mobile Phone,1,9,Cash on Delivery,male,4,4,Mobile Phone,5,Single,3,0,15,1,2,3,149,0.5,6/6/2026 9:09
55611,0,9,2. Mid-Loyal (7-12 Months),Mobile Phone,2,33,Debit Card,female,3,4,Fashion,1,Single,3,1,17,2,2,-1,213,1,6/6/2026 9:09
55612,0,12,2. Mid-Loyal (7-12 Months),Mobile Phone,3,17,Debit Card,female,4,4,Laptop & Accessory,1,Married,3,0,12,1,2,10,178,0.5,6/6/2026 9:09
55613,1,14,3. Core Loyal (>1 Year),Computer,3,8,Debit Card,male,4,4,Laptop & Accessory,3,Married,9,0,13,2,2,2,192,1,6/6/2026 9:09
55614,0,10,2. Mid-Loyal (7-12 Months),Mobile Phone,3,18,E wallet,female,4,5,Laptop & Accessory,1,Married,6,0,14,2,2,1,192,1,6/6/2026 9:09
55615,0,19,3. Core Loyal (>1 Year),Mobile Phone,3,27,Debit Card,female,3,4,Laptop & Accessory,3,Single,10,0,16,1,2,2,174,0.5,6/6/2026 9:09
55616,0,14,3. Core Loyal (>1 Year),Mobile Phone,1,9,Debit Card,male,1,5,Mobile Phone,3,Single,4,0,15,1,3,3,153,0.33,6/6/2026 9:09
55617,0,9,2. Mid-Loyal (7-12 Months),Computer,1,25,Debit Card,male,4,4,Laptop & Accessory,3,Married,3,1,15,1,2,3,182,0.5,6/6/2026 9:09
55618,0,14,3. Core Loyal (>1 Year),Mobile Phone,1,9,Credit Card,female,4,4,Mobile Phone,3,Married,4,0,15,1,2,3,145,0.5,6/6/2026 9:09
55619,0,9,2. Mid-Loyal (7-12 Months),Mobile Phone,1,8,Debit Card,female,4,6,Mobile Phone,1,Married,3,0,13,2,2,2,155,1,6/6/2026 9:09
55620,0,3,1. Junior User (1-6 Months),Mobile Phone,1,20,UPI,male,3,5,Laptop & Accessory,4,Married,6,1,14,1,2,4,165,0.5,6/6/2026 9:09
55621,0,3,1. Junior User (1-6 Months),Mobile Phone,1,35,Credit Card,female,4,5,Mobile Phone,5,Single,3,0,15,1,2,5,163,0.5,6/6/2026 9:09
55622,1,14,3. Core Loyal (>1 Year),Mobile Phone,3,35,E wallet,male,3,5,Fashion,5,Married,6,1,14,3,0,1,234,0,6/6/2026 9:09
55623,0,13,3. Core Loyal (>1 Year),Mobile Phone,3,31,E wallet,female,3,5,Grocery,1,Married,2,0,12,4,0,7,245,0,6/6/2026 9:09
55624,0,5,1. Junior User (1-6 Months),Computer,1,12,Credit Card,male,4,4,Laptop & Accessory,5,Single,2,0,20,2,2,-1,224,1,6/6/2026 9:09
55625,0,1,1. Junior User (1-6 Months),Mobile Phone,3,12,UPI,female,2,5,Mobile Phone,3,Single,2,0,19,2,2,1,155,1,6/6/2026 9:09
55626,0,10,2. Mid-Loyal (7-12 Months),Computer,1,30,Credit Card,male,3,2,Laptop & Accessory,1,Married,6,0,18,1,2,4,151,0.5,6/6/2026 9:09
55627,0,13,3. Core Loyal (>1 Year),Mobile Phone,1,13,Credit Card,male,3,5,Fashion,5,Married,6,0,16,1,2,-1,225,0.5,6/6/2026 9:09
55628,0,1,1. Junior User (1-6 Months),Mobile Phone,1,11,Debit Card,male,3,2,Laptop & Accessory,4,Married,3,1,21,1,2,4,186,0.5,6/6/2026 9:09
55629,0,23,3. Core Loyal (>1 Year),Computer,3,9,Credit Card,male,4,5,Laptop & Accessory,4,Married,4,0,15,2,2,9,179,1,6/6/2026 9:09
55630,0,8,2. Mid-Loyal (7-12 Months),Mobile Phone,1,15,Credit Card,male,3,2,Laptop & Accessory,3,Married,4,0,13,2,2,3,169,1,6/6/2026 9:09