"customer_id","churn_target","tenure_months","tenure_segment","preferred_login_device","city_tier","warehouse_to_home_km","preferred_payment_mode","gender","app_session_hours_30d","registered_devices_count","preferred_order_category","satisfaction_score","marital_status","address_count","complain_status_30d","order_amount_hike_percent","coupons_used_count","order_count_12m","recency_days","total_monetary_cashback","promo_transaction_ratio","dw_inserted_at"
50001,1,4,"1. Junior User (1-6 Months)",Mobile Phone,3,6,Debit Card,female,3,3,Laptop & Accessory,2,Single,9,1,11.00,1,1,5,160.00,1.00,"2026-06-08 15:34:49"
50002,1,0,"0. New User (<1 Month)",Mobile Phone,1,8,UPI,male,3,4,Mobile Phone,3,Single,7,1,15.00,0,1,0,121.00,0.00,"2026-06-08 15:34:49"
50003,1,0,"0. New User (<1 Month)",Mobile Phone,1,30,Debit Card,male,2,4,Mobile Phone,3,Single,6,1,14.00,0,1,3,120.00,0.00,"2026-06-08 15:34:49"
50004,1,0,"0. New User (<1 Month)",Mobile Phone,3,15,Debit Card,male,2,4,Laptop & Accessory,5,Single,8,0,23.00,0,1,3,134.00,0.00,"2026-06-08 15:34:49"
50005,1,0,"0. New User (<1 Month)",Mobile Phone,1,12,Credit Card,male,0,3,Mobile Phone,5,Single,3,0,11.00,1,1,3,130.00,1.00,"2026-06-08 15:34:49"
50006,1,0,"0. New User (<1 Month)",Computer,1,22,Debit Card,female,3,5,Mobile Phone,5,Single,2,1,22.00,4,6,7,139.00,0.67,"2026-06-08 15:34:49"
50007,1,0,"0. New User (<1 Month)",Mobile Phone,3,11,Cash on Delivery,male,2,3,Laptop & Accessory,2,Divorced,4,0,14.00,0,1,0,121.00,0.00,"2026-06-08 15:34:49"
50008,1,0,"0. New User (<1 Month)",Mobile Phone,1,6,Credit Card,male,3,3,Mobile Phone,2,Divorced,3,1,16.00,2,2,0,123.00,1.00,"2026-06-08 15:34:49"
50009,1,13,"3. Core Loyal (>1 Year)",Mobile Phone,3,9,E wallet,male,0,4,Mobile Phone,3,Divorced,2,1,14.00,0,1,2,127.00,0.00,"2026-06-08 15:34:49"
50010,1,0,"0. New User (<1 Month)",Mobile Phone,1,31,Debit Card,male,2,5,Mobile Phone,3,Single,2,0,12.00,1,1,1,123.00,1.00,"2026-06-08 15:34:49"
50011,1,4,"1. Junior User (1-6 Months)",Mobile Phone,1,18,Cash on Delivery,female,2,3,Others,3,Divorced,2,0,0.0,9,15,8,295.00,0.60,"2026-06-08 15:34:49"
50012,1,11,"2. Mid-Loyal (7-12 Months)",Mobile Phone,1,6,Debit Card,male,3,4,Fashion,3,Single,10,1,13.00,0,1,0,154.00,0.00,"2026-06-08 15:34:49"
50013,1,0,"0. New User (<1 Month)",Mobile Phone,1,11,Cash on Delivery,male,2,3,Mobile Phone,3,Single,2,1,13.00,2,2,2,134.00,1.00,"2026-06-08 15:34:49"
50014,1,0,"0. New User (<1 Month)",Mobile Phone,1,15,Credit Card,male,3,4,Mobile Phone,3,Divorced,1,1,17.00,0,1,0,134.00,0.00,"2026-06-08 15:34:49"
50015,1,9,"2. Mid-Loyal (7-12 Months)",Mobile Phone,3,15,Credit Card,male,3,4,Fashion,2,Single,2,0,16.00,0,4,7,196.00,0.00,"2026-06-08 15:34:49"
50016,1,0,"0. New User (<1 Month)",Mobile Phone,2,12,UPI,male,3,3,Mobile Phone,5,Married,5,1,22.00,1,1,2,121.00,1.00,"2026-06-08 15:34:49"
50017,1,0,"0. New User (<1 Month)",Computer,1,12,Debit Card,female,0,4,Mobile Phone,2,Single,2,1,18.00,1,1,0,129.00,1.00,"2026-06-08 15:34:49"
50018,1,0,"0. New User (<1 Month)",Mobile Phone,3,11,E wallet,male,2,4,Laptop & Accessory,3,Single,2,1,11.00,1,1,3,157.00,1.00,"2026-06-08 15:34:49"
50019,1,0,"0. New User (<1 Month)",Computer,1,13,Debit Card,male,3,5,Laptop & Accessory,3,Single,2,1,24.00,1,1,6,161.00,1.00,"2026-06-08 15:34:49"
50020,1,19,"3. Core Loyal (>1 Year)",Mobile Phone,1,20,Debit Card,female,3,3,Mobile Phone,4,Divorced,10,1,18.00,1,4,3,150.00,0.25,"2026-06-08 15:34:49"
50021,1,0,"0. New User (<1 Month)",Mobile Phone,3,12,Debit Card,male,3,5,Laptop & Accessory,3,Divorced,5,1,18.00,6,7,7,162.00,0.86,"2026-06-08 15:34:49"
50022,1,20,"3. Core Loyal (>1 Year)",Mobile Phone,1,29,Credit Card,female,3,3,Fashion,2,Divorced,2,0,12.00,11,15,6,203.00,0.73,"2026-06-08 15:34:49"
50023,1,0,"0. New User (<1 Month)",Mobile Phone,3,28,E wallet,male,2,3,Mobile Phone,3,Single,2,1,19.00,0,1,0,117.00,0.00,"2026-06-08 15:34:49"
50024,1,0,"0. New User (<1 Month)",Mobile Phone,3,26,Debit Card,female,3,5,Laptop & Accessory,3,Divorced,4,1,11.00,1,2,2,146.00,0.50,"2026-06-08 15:34:49"
50025,1,14,"3. Core Loyal (>1 Year)",Computer,1,14,Debit Card,male,2,5,Fashion,2,Single,3,0,15.00,0,1,3,207.00,0.00,"2026-06-08 15:34:49"
50026,1,0,"0. New User (<1 Month)",Mobile Phone,1,15,Credit Card,female,2,3,Mobile Phone,5,Single,8,0,22.00,1,1,4,142.00,1.00,"2026-06-08 15:34:49"
50027,0,8,"2. Mid-Loyal (7-12 Months)",Mobile Phone,3,6,E wallet,male,3,3,Fashion,4,Divorced,2,0,13.00,1,1,6,173.00,1.00,"2026-06-08 15:34:49"
50028,0,0,"0. New User (<1 Month)",Mobile Phone,3,12,E wallet,male,2,3,Laptop & Accessory,3,Divorced,3,1,20.00,0,4,5,123.00,0.00,"2026-06-08 15:34:49"
50029,0,18,"3. Core Loyal (>1 Year)",Mobile Phone,1,-1,Debit Card,male,2,3,Laptop & Accessory,4,Married,9,0,18.00,1,1,15,123.00,1.00,"2026-06-08 15:34:49"
50030,0,5,"1. Junior User (1-6 Months)",Computer,3,14,E wallet,female,2,3,Fashion,2,Single,2,0,14.00,2,3,7,190.00,0.67,"2026-06-08 15:34:49"
50031,0,2,"1. Junior User (1-6 Months)",Computer,1,6,Cash on Delivery,male,2,3,Laptop & Accessory,3,Divorced,2,0,13.00,0,1,9,143.00,0.00,"2026-06-08 15:34:49"
50032,0,0,"0. New User (<1 Month)",Mobile Phone,1,13,Credit Card,male,2,4,Laptop & Accessory,3,Divorced,3,0,17.00,1,1,0,161.00,1.00,"2026-06-08 15:34:49"
50033,0,30,"3. Core Loyal (>1 Year)",Mobile Phone,1,15,Credit Card,female,3,4,Mobile Phone,4,Divorced,5,1,20.00,1,1,0,133.00,1.00,"2026-06-08 15:34:49"
50034,0,13,"3. Core Loyal (>1 Year)",Mobile Phone,3,10,E wallet,male,3,4,Fashion,2,Divorced,8,0,11.00,2,2,11,209.00,1.00,"2026-06-08 15:34:49"
50035,0,0,"0. New User (<1 Month)",Computer,3,8,E wallet,female,3,3,Mobile Phone,3,Divorced,7,0,18.00,1,1,2,122.00,1.00,"2026-06-08 15:34:49"
50036,0,0,"0. New User (<1 Month)",Mobile Phone,1,-1,Credit Card,male,3,3,Mobile Phone,2,Divorced,2,0,24.00,0,2,2,123.00,0.00,"2026-06-08 15:34:49"
50037,0,0,"0. New User (<1 Month)",Computer,1,15,Credit Card,male,2,3,Mobile Phone,4,Married,7,0,18.00,0,2,2,120.00,0.00,"2026-06-08 15:34:49"
50038,0,1,"1. Junior User (1-6 Months)",Mobile Phone,1,27,Credit Card,male,0,3,Mobile Phone,2,Divorced,2,0,11.00,0,1,2,127.00,0.00,"2026-06-08 15:34:49"
50039,0,30,"3. Core Loyal (>1 Year)",Mobile Phone,1,30,Debit Card,male,2,2,Fashion,2,Married,4,1,16.00,1,1,4,194.00,1.00,"2026-06-08 15:34:49"
50040,0,0,"0. New User (<1 Month)",Computer,1,-1,Credit Card,male,3,4,Mobile Phone,3,Married,2,1,15.00,0,1,1,126.00,0.00,"2026-06-08 15:34:49"
50041,0,23,"3. Core Loyal (>1 Year)",Mobile Phone,1,17,Debit Card,female,2,3,Others,4,Single,4,0,0.0,2,4,4,299.00,0.50,"2026-06-08 15:34:49"
50042,0,14,"3. Core Loyal (>1 Year)",Mobile Phone,1,-1,Debit Card,male,2,3,Mobile Phone,3,Married,5,0,12.00,1,1,8,125.00,1.00,"2026-06-08 15:34:49"
50043,0,3,"1. Junior User (1-6 Months)",Mobile Phone,3,11,Debit Card,female,2,3,Fashion,2,Divorced,3,0,12.00,2,7,4,194.00,0.29,"2026-06-08 15:34:49"
50044,0,11,"2. Mid-Loyal (7-12 Months)",Mobile Phone,3,6,Debit Card,female,2,4,Laptop & Accessory,2,Single,5,0,22.00,1,1,1,187.00,1.00,"2026-06-08 15:34:49"
50045,0,5,"1. Junior User (1-6 Months)",Mobile Phone,1,12,Debit Card,male,0,3,Mobile Phone,3,Single,4,0,20.00,0,1,4,130.00,0.00,"2026-06-08 15:34:49"
50046,0,0,"0. New User (<1 Month)",Mobile Phone,1,23,Cash on Delivery,male,0,3,Mobile Phone,4,Divorced,1,1,16.00,1,1,1,131.00,1.00,"2026-06-08 15:34:49"
50047,1,0,"0. New User (<1 Month)",Computer,3,-1,Cash on Delivery,female,3,5,Mobile Phone,5,Single,1,0,21.00,1,1,0,123.00,1.00,"2026-06-08 15:34:49"
50048,0,0,"0. New User (<1 Month)",Computer,1,9,Credit Card,male,1,3,Mobile Phone,4,Single,5,0,12.00,4,7,2,121.00,0.57,"2026-06-08 15:34:49"
50049,0,3,"1. Junior User (1-6 Months)",Computer,1,15,Credit Card,male,0,3,Laptop & Accessory,5,Married,2,0,11.00,0,6,10,131.00,0.00,"2026-06-08 15:34:49"
50050,0,18,"3. Core Loyal (>1 Year)",Mobile Phone,3,10,Debit Card,female,1,3,Laptop & Accessory,5,Married,5,1,11.00,0,1,3,150.00,0.00,"2026-06-08 15:34:49"
50051,0,29,"3. Core Loyal (>1 Year)",Mobile Phone,1,14,Debit Card,female,3,3,Mobile Phone,5,Married,5,1,18.00,1,2,2,143.00,0.50,"2026-06-08 15:34:49"
50052,0,6,"1. Junior User (1-6 Months)",Mobile Phone,1,-1,Debit Card,male,2,3,Mobile Phone,2,Single,1,0,14.00,0,1,2,125.00,0.00,"2026-06-08 15:34:49"
50053,1,0,"0. New User (<1 Month)",Mobile Phone,1,8,Debit Card,male,2,4,Mobile Phone,2,Single,2,0,22.00,0,1,0,111.00,0.00,"2026-06-08 15:34:49"
50054,0,19,"3. Core Loyal (>1 Year)",Mobile Phone,3,6,E wallet,female,3,3,Fashion,5,Married,2,0,25.00,4,15,7,205.00,0.27,"2026-06-08 15:34:49"
50055,0,0,"0. New User (<1 Month)",Mobile Phone,1,15,Debit Card,female,3,3,Mobile Phone,2,Single,2,0,12.00,1,2,1,123.00,0.50,"2026-06-08 15:34:49"
50056,0,4,"1. Junior User (1-6 Months)",Mobile Phone,1,18,Credit Card,female,3,3,Mobile Phone,2,Divorced,9,1,23.00,1,1,2,139.00,1.00,"2026-06-08 15:34:49"
50057,0,0,"0. New User (<1 Month)",Mobile Phone,1,33,Credit Card,female,3,3,Mobile Phone,4,Single,3,0,15.00,1,1,2,123.00,1.00,"2026-06-08 15:34:49"
50058,1,4,"1. Junior User (1-6 Months)",Mobile Phone,3,26,E wallet,female,0,3,Mobile Phone,4,Single,2,1,22.00,0,1,2,131.00,0.00,"2026-06-08 15:34:49"
50059,0,23,"3. Core Loyal (>1 Year)",Mobile Phone,1,6,Credit Card,male,2,4,Mobile Phone,3,Divorced,3,0,15.00,0,1,2,137.00,0.00,"2026-06-08 15:34:49"
50060,0,26,"3. Core Loyal (>1 Year)",Mobile Phone,1,19,Credit Card,female,2,2,Laptop & Accessory,5,Married,2,0,11.00,1,1,3,145.00,1.00,"2026-06-08 15:34:49"
50061,0,6,"1. Junior User (1-6 Months)",Mobile Phone,1,20,Credit Card,female,0,3,Mobile Phone,4,Divorced,2,0,13.00,0,1,6,128.00,0.00,"2026-06-08 15:34:49"
50062,0,13,"3. Core Loyal (>1 Year)",Mobile Phone,1,10,Credit Card,female,2,3,Others,3,Divorced,2,0,14.00,0,9,9,290.00,0.00,"2026-06-08 15:34:49"
50063,0,28,"3. Core Loyal (>1 Year)",Mobile Phone,1,20,Credit Card,male,3,2,Others,4,Single,9,0,11.00,0,2,15,287.00,0.00,"2026-06-08 15:34:49"
50064,0,7,"2. Mid-Loyal (7-12 Months)",Computer,1,8,Debit Card,male,2,4,Laptop & Accessory,3,Divorced,2,0,17.00,0,1,9,195.00,0.00,"2026-06-08 15:34:49"
50065,0,24,"3. Core Loyal (>1 Year)",Mobile Phone,1,9,Credit Card,female,3,3,Grocery,4,Single,4,0,18.00,0,0,0,237.00,0.00,"2026-06-08 15:34:49"
50066,0,25,"3. Core Loyal (>1 Year)",Mobile Phone,1,6,Debit Card,male,3,4,Others,3,Divorced,1,0,0.0,1,11,9,300.00,0.09,"2026-06-08 15:34:49"
50067,0,0,"0. New User (<1 Month)",Mobile Phone,1,15,Credit Card,female,2,3,Mobile Phone,4,Single,2,0,16.00,1,1,3,123.00,1.00,"2026-06-08 15:34:49"
50068,1,0,"0. New User (<1 Month)",Mobile Phone,1,29,Debit Card,male,2,4,Laptop & Accessory,3,Divorced,4,1,13.00,1,1,1,159.00,1.00,"2026-06-08 15:34:49"
50069,0,0,"0. New User (<1 Month)",Computer,1,13,Credit Card,male,2,2,Mobile Phone,2,Married,5,0,14.00,0,2,2,121.00,0.00,"2026-06-08 15:34:49"
50070,0,18,"3. Core Loyal (>1 Year)",Computer,1,8,Credit Card,male,3,4,Grocery,2,Divorced,10,0,23.00,0,11,8,268.00,0.00,"2026-06-08 15:34:49"
50071,0,10,"2. Mid-Loyal (7-12 Months)",Mobile Phone,1,27,Debit Card,male,3,2,Mobile Phone,5,Divorced,2,1,12.00,0,1,7,136.00,0.00,"2026-06-08 15:34:49"
50072,0,8,"2. Mid-Loyal (7-12 Months)",Computer,1,8,Credit Card,female,2,3,Laptop & Accessory,4,Single,6,0,11.00,1,1,2,144.00,1.00,"2026-06-08 15:34:49"
50073,0,15,"3. Core Loyal (>1 Year)",Computer,1,27,Credit Card,female,2,3,Laptop & Accessory,3,Married,3,0,16.00,0,1,2,153.00,0.00,"2026-06-08 15:34:49"
50074,0,11,"2. Mid-Loyal (7-12 Months)",Mobile Phone,1,8,Debit Card,male,2,3,Laptop & Accessory,3,Divorced,10,0,14.00,0,1,0,166.00,0.00,"2026-06-08 15:34:49"
50075,0,11,"2. Mid-Loyal (7-12 Months)",Mobile Phone,1,35,Cash on Delivery,male,2,3,Laptop & Accessory,2,Divorced,4,0,18.00,0,1,7,163.00,0.00,"2026-06-08 15:34:49"
50076,0,0,"0. New User (<1 Month)",Computer,1,6,Cash on Delivery,male,2,4,Laptop & Accessory,5,Divorced,6,0,19.00,0,2,0,143.00,0.00,"2026-06-08 15:34:49"
50077,0,22,"3. Core Loyal (>1 Year)",Computer,1,24,Debit Card,male,3,3,Laptop & Accessory,2,Married,2,1,15.00,0,1,7,168.00,0.00,"2026-06-08 15:34:49"
50078,0,7,"2. Mid-Loyal (7-12 Months)",Computer,1,16,Credit Card,male,2,3,Mobile Phone,3,Married,2,1,17.00,2,2,0,138.00,1.00,"2026-06-08 15:34:49"
50079,0,13,"3. Core Loyal (>1 Year)",Mobile Phone,1,25,Credit Card,male,0,3,Laptop & Accessory,2,Divorced,9,1,15.00,1,3,7,127.00,0.33,"2026-06-08 15:34:49"
50080,1,1,"1. Junior User (1-6 Months)",Mobile Phone,1,35,Credit Card,male,3,3,Laptop & Accessory,5,Divorced,8,1,19.00,0,1,0,167.00,0.00,"2026-06-08 15:34:49"
50081,1,0,"0. New User (<1 Month)",Mobile Phone,3,33,E wallet,female,2,3,Fashion,2,Divorced,2,0,22.00,1,1,9,176.00,1.00,"2026-06-08 15:34:49"
50082,0,0,"0. New User (<1 Month)",Mobile Phone,1,-1,Debit Card,male,2,2,Mobile Phone,4,Married,2,1,16.00,0,2,2,123.00,0.00,"2026-06-08 15:34:49"
50083,0,0,"0. New User (<1 Month)",Computer,1,24,Credit Card,female,3,3,Mobile Phone,2,Single,2,0,13.00,1,1,7,122.00,1.00,"2026-06-08 15:34:49"
50084,0,13,"3. Core Loyal (>1 Year)",Computer,1,15,Debit Card,male,3,4,Laptop & Accessory,2,Divorced,10,0,14.00,1,1,2,149.00,1.00,"2026-06-08 15:34:49"
50085,0,19,"3. Core Loyal (>1 Year)",Mobile Phone,1,6,Credit Card,male,3,3,Fashion,5,Married,8,0,16.00,0,1,3,194.00,0.00,"2026-06-08 15:34:49"
50086,1,0,"0. New User (<1 Month)",Mobile Phone,3,10,Credit Card,male,2,5,Fashion,2,Divorced,2,0,11.00,7,9,8,204.00,0.78,"2026-06-08 15:34:49"
50087,0,3,"1. Junior User (1-6 Months)",Computer,1,6,Debit Card,male,2,4,Fashion,3,Single,2,0,22.00,2,5,8,185.00,0.40,"2026-06-08 15:34:49"
50088,0,0,"0. New User (<1 Month)",Computer,3,26,Debit Card,female,2,3,Laptop & Accessory,3,Single,2,0,14.00,1,1,7,200.00,1.00,"2026-06-08 15:34:49"
50089,0,24,"3. Core Loyal (>1 Year)",Mobile Phone,1,14,Debit Card,male,2,4,Fashion,4,Divorced,6,0,16.00,1,4,-1,225.00,0.25,"2026-06-08 15:34:49"
50090,1,0,"0. New User (<1 Month)",Mobile Phone,1,-1,Cash on Delivery,female,2,3,Mobile Phone,5,Single,6,1,11.00,1,1,4,127.00,1.00,"2026-06-08 15:34:49"
50091,0,14,"3. Core Loyal (>1 Year)",Mobile Phone,3,12,Debit Card,female,3,3,Fashion,2,Single,4,1,18.00,0,0,0,236.00,0.00,"2026-06-08 15:34:49"
50092,1,0,"0. New User (<1 Month)",Computer,3,32,E wallet,female,2,4,Laptop & Accessory,5,Single,6,0,15.00,0,1,1,167.00,0.00,"2026-06-08 15:34:49"
50093,1,0,"0. New User (<1 Month)",Mobile Phone,1,6,Cash on Delivery,male,2,3,Mobile Phone,3,Single,1,0,14.00,0,1,5,121.00,0.00,"2026-06-08 15:34:49"
50094,0,18,"3. Core Loyal (>1 Year)",Computer,3,12,Credit Card,female,2,4,Fashion,2,Single,7,0,12.00,12,12,8,189.00,1.00,"2026-06-08 15:34:49"
50095,0,27,"3. Core Loyal (>1 Year)",Mobile Phone,3,9,E wallet,female,2,3,Laptop & Accessory,5,Divorced,3,0,14.00,1,1,5,159.00,1.00,"2026-06-08 15:34:49"
50096,0,9,"2. Mid-Loyal (7-12 Months)",Mobile Phone,1,11,Debit Card,male,3,3,Laptop & Accessory,4,Single,9,0,16.00,0,3,7,159.00,0.00,"2026-06-08 15:34:49"
50097,0,6,"1. Junior User (1-6 Months)",Mobile Phone,1,-1,Credit Card,female,2,4,Mobile Phone,4,Divorced,7,0,21.00,0,1,1,126.00,0.00,"2026-06-08 15:34:49"
50098,0,10,"2. Mid-Loyal (7-12 Months)",Computer,1,17,UPI,male,2,3,Fashion,2,Married,2,1,14.00,0,1,-1,222.00,0.00,"2026-06-08 15:34:49"
50099,0,11,"2. Mid-Loyal (7-12 Months)",Mobile Phone,3,9,Debit Card,male,3,3,Fashion,3,Married,1,0,12.00,1,5,13,206.00,0.20,"2026-06-08 15:34:49"
50100,0,4,"1. Junior User (1-6 Months)",Computer,1,6,Credit Card,male,2,5,Laptop & Accessory,3,Divorced,1,0,12.00,1,1,4,143.00,1.00,"2026-06-08 15:34:49"
50101,0,0,"0. New User (<1 Month)",Mobile Phone,1,9,Debit Card,male,3,4,Mobile Phone,2,Divorced,4,0,17.00,0,1,0,122.00,0.00,"2026-06-08 15:34:49"
50102,0,10,"2. Mid-Loyal (7-12 Months)",Computer,3,10,E wallet,male,2,3,Mobile Phone,2,Married,5,0,17.00,1,5,8,0.00,0.20,"2026-06-08 15:34:49"
50103,0,2,"1. Junior User (1-6 Months)",Computer,3,6,Credit Card,female,2,3,Fashion,2,Divorced,2,0,14.00,4,4,1,179.00,1.00,"2026-06-08 15:34:49"
50104,0,8,"2. Mid-Loyal (7-12 Months)",Computer,3,6,E wallet,female,3,3,Fashion,3,Single,2,0,14.00,1,1,8,188.00,1.00,"2026-06-08 15:34:49"
50105,1,0,"0. New User (<1 Month)",Mobile Phone,1,-1,Credit Card,male,2,4,Mobile Phone,2,Single,2,1,13.00,0,1,1,124.00,0.00,"2026-06-08 15:34:49"
50106,0,25,"3. Core Loyal (>1 Year)",Mobile Phone,1,8,Debit Card,female,2,4,Mobile Phone,2,Single,8,0,15.00,0,2,2,132.00,0.00,"2026-06-08 15:34:49"
50107,0,15,"3. Core Loyal (>1 Year)",Mobile Phone,1,10,Cash on Delivery,male,2,3,Others,2,Divorced,2,0,0.0,0,11,15,292.00,0.00,"2026-06-08 15:34:49"
50108,0,0,"0. New User (<1 Month)",Mobile Phone,2,12,Credit Card,male,2,3,Mobile Phone,3,Divorced,9,0,17.00,2,2,2,123.00,1.00,"2026-06-08 15:34:49"
50109,0,23,"3. Core Loyal (>1 Year)",Mobile Phone,3,6,Credit Card,female,3,3,Others,2,Married,4,0,0.0,1,1,6,295.00,1.00,"2026-06-08 15:34:49"
50110,1,0,"0. New User (<1 Month)",Mobile Phone,1,-1,Credit Card,male,2,3,Mobile Phone,2,Divorced,6,1,13.00,0,1,4,124.00,0.00,"2026-06-08 15:34:49"
50111,0,16,"3. Core Loyal (>1 Year)",Mobile Phone,3,22,E wallet,female,3,3,Grocery,2,Divorced,6,1,22.00,0,0,9,261.00,0.00,"2026-06-08 15:34:49"
50112,1,0,"0. New User (<1 Month)",Mobile Phone,1,8,Debit Card,female,0,3,Mobile Phone,5,Divorced,8,0,20.00,1,1,7,127.00,1.00,"2026-06-08 15:34:49"
50113,0,25,"3. Core Loyal (>1 Year)",Computer,3,8,Debit Card,male,3,4,Others,3,Single,2,1,18.00,0,15,12,291.00,0.00,"2026-06-08 15:34:49"
50114,0,5,"1. Junior User (1-6 Months)",Mobile Phone,3,10,Debit Card,female,2,3,Mobile Phone,4,Divorced,3,0,11.00,1,1,2,139.00,1.00,"2026-06-08 15:34:49"
50115,1,0,"0. New User (<1 Month)",Mobile Phone,1,6,Debit Card,male,3,4,Mobile Phone,3,Single,1,1,14.00,1,1,2,137.00,1.00,"2026-06-08 15:34:49"
50116,0,0,"0. New User (<1 Month)",Mobile Phone,1,6,Credit Card,female,3,3,Mobile Phone,3,Married,8,0,14.00,0,1,2,122.00,0.00,"2026-06-08 15:34:49"
50117,0,5,"1. Junior User (1-6 Months)",Computer,3,32,E wallet,male,3,3,Laptop & Accessory,2,Divorced,1,0,18.00,1,2,2,145.00,0.50,"2026-06-08 15:34:49"
50118,0,14,"3. Core Loyal (>1 Year)",Mobile Phone,1,25,Debit Card,male,0,3,Laptop & Accessory,5,Married,3,0,16.00,1,1,0,131.00,1.00,"2026-06-08 15:34:49"
50119,0,13,"3. Core Loyal (>1 Year)",Mobile Phone,1,30,Cash on Delivery,male,3,3,Laptop & Accessory,2,Married,2,0,17.00,2,4,7,133.00,0.50,"2026-06-08 15:34:49"
50120,0,18,"3. Core Loyal (>1 Year)",Mobile Phone,1,6,UPI,male,3,2,Others,2,Divorced,1,0,0.0,1,1,7,292.00,1.00,"2026-06-08 15:34:49"
50121,0,4,"1. Junior User (1-6 Months)",Computer,1,9,Credit Card,male,3,3,Fashion,3,Married,10,0,12.00,1,0,2,237.00,0.00,"2026-06-08 15:34:49"
50122,0,6,"1. Junior User (1-6 Months)",Mobile Phone,1,11,Debit Card,female,0,4,Mobile Phone,2,Divorced,2,0,13.00,0,1,2,129.00,0.00,"2026-06-08 15:34:49"
50123,0,7,"2. Mid-Loyal (7-12 Months)",Mobile Phone,1,8,Debit Card,male,2,4,Laptop & Accessory,5,Divorced,7,0,13.00,0,5,9,160.00,0.00,"2026-06-08 15:34:49"
50124,0,10,"2. Mid-Loyal (7-12 Months)",Mobile Phone,1,6,Credit Card,female,2,4,Mobile Phone,5,Divorced,3,0,14.00,1,1,2,139.00,1.00,"2026-06-08 15:34:49"
50125,0,18,"3. Core Loyal (>1 Year)",Computer,1,13,Debit Card,male,3,2,Laptop & Accessory,3,Divorced,5,0,17.00,0,1,2,164.00,0.00,"2026-06-08 15:34:49"
50126,1,0,"0. New User (<1 Month)",Computer,1,16,Credit Card,male,3,3,Fashion,3,Married,7,0,11.00,1,1,0,200.00,1.00,"2026-06-08 15:34:49"
50127,0,12,"2. Mid-Loyal (7-12 Months)",Computer,1,8,Cash on Delivery,female,3,3,Fashion,3,Single,1,0,25.00,10,11,-1,209.00,0.91,"2026-06-08 15:34:49"
50128,0,2,"1. Junior User (1-6 Months)",Mobile Phone,1,-1,Debit Card,male,2,3,Mobile Phone,2,Single,2,0,19.00,0,1,5,123.00,0.00,"2026-06-08 15:34:49"
50129,0,15,"3. Core Loyal (>1 Year)",Mobile Phone,1,23,Debit Card,female,2,2,Laptop & Accessory,5,Single,4,1,13.00,0,1,2,165.00,0.00,"2026-06-08 15:34:49"
50130,0,2,"1. Junior User (1-6 Months)",Mobile Phone,3,26,E wallet,male,2,3,Laptop & Accessory,2,Married,3,0,14.00,1,1,2,169.00,1.00,"2026-06-08 15:34:49"
50131,0,0,"0. New User (<1 Month)",Mobile Phone,1,6,Debit Card,female,3,3,Laptop & Accessory,3,Divorced,1,0,12.00,1,1,2,149.00,1.00,"2026-06-08 15:34:49"
50132,0,15,"3. Core Loyal (>1 Year)",Mobile Phone,1,-1,Credit Card,female,2,4,Mobile Phone,5,Married,1,1,11.00,4,7,8,126.00,0.57,"2026-06-08 15:34:49"
50133,0,13,"3. Core Loyal (>1 Year)",Mobile Phone,1,8,Credit Card,male,2,3,Others,3,Married,1,0,0.0,0,3,9,294.00,0.00,"2026-06-08 15:34:49"
50134,0,24,"3. Core Loyal (>1 Year)",Mobile Phone,1,6,Debit Card,male,0,3,Mobile Phone,2,Divorced,2,0,11.00,1,1,0,127.00,1.00,"2026-06-08 15:34:49"
50135,1,0,"0. New User (<1 Month)",Computer,1,35,Credit Card,male,3,4,Mobile Phone,4,Single,1,0,11.00,1,1,4,135.00,1.00,"2026-06-08 15:34:49"
50136,0,5,"1. Junior User (1-6 Months)",Computer,1,13,Debit Card,male,0,2,Mobile Phone,4,Divorced,2,0,20.00,0,1,3,128.00,0.00,"2026-06-08 15:34:49"
50137,0,11,"2. Mid-Loyal (7-12 Months)",Computer,3,8,Debit Card,male,2,4,Laptop & Accessory,2,Divorced,4,0,18.00,6,7,5,152.00,0.86,"2026-06-08 15:34:49"
50138,0,0,"0. New User (<1 Month)",Mobile Phone,1,8,Cash on Delivery,male,2,4,Laptop & Accessory,5,Single,5,0,13.00,0,1,4,122.00,0.00,"2026-06-08 15:34:49"
50139,0,19,"3. Core Loyal (>1 Year)",Mobile Phone,3,8,Cash on Delivery,female,3,5,Grocery,4,Divorced,4,1,12.00,0,7,7,269.00,0.00,"2026-06-08 15:34:49"
50140,1,0,"0. New User (<1 Month)",Mobile Phone,1,8,Debit Card,male,3,3,Mobile Phone,3,Single,3,0,11.00,1,1,0,135.00,1.00,"2026-06-08 15:34:49"
50141,0,2,"1. Junior User (1-6 Months)",Mobile Phone,3,8,Credit Card,male,3,4,Laptop & Accessory,4,Divorced,3,0,19.00,0,1,0,166.00,0.00,"2026-06-08 15:34:49"
50142,0,4,"1. Junior User (1-6 Months)",Mobile Phone,1,29,Credit Card,male,3,4,Laptop & Accessory,2,Divorced,1,0,21.00,1,7,8,156.00,0.14,"2026-06-08 15:34:49"
50143,0,0,"0. New User (<1 Month)",Computer,1,11,Debit Card,male,2,2,Laptop & Accessory,5,Married,2,0,12.00,1,1,5,140.00,1.00,"2026-06-08 15:34:49"
50144,0,18,"3. Core Loyal (>1 Year)",Mobile Phone,1,26,Credit Card,male,3,3,Grocery,2,Divorced,1,1,14.00,0,0,10,235.00,0.00,"2026-06-08 15:34:49"
50145,0,9,"2. Mid-Loyal (7-12 Months)",Mobile Phone,1,12,Debit Card,male,2,3,Mobile Phone,2,Divorced,1,0,11.00,4,10,11,132.00,0.40,"2026-06-08 15:34:49"
50146,0,28,"3. Core Loyal (>1 Year)",Mobile Phone,1,6,Credit Card,male,2,3,Others,5,Single,1,1,14.00,0,4,13,290.00,0.00,"2026-06-08 15:34:49"
50147,1,10,"2. Mid-Loyal (7-12 Months)",Computer,1,35,Debit Card,male,2,3,Fashion,4,Divorced,2,1,12.00,5,9,-1,218.00,0.56,"2026-06-08 15:34:49"
50148,0,0,"0. New User (<1 Month)",Mobile Phone,1,15,Credit Card,male,3,3,Mobile Phone,2,Divorced,2,0,23.00,1,1,4,121.00,1.00,"2026-06-08 15:34:49"
50149,0,10,"2. Mid-Loyal (7-12 Months)",Mobile Phone,3,12,Credit Card,male,3,3,Laptop & Accessory,2,Divorced,5,0,14.00,0,1,1,165.00,0.00,"2026-06-08 15:34:49"
50150,0,0,"0. New User (<1 Month)",Mobile Phone,1,9,Credit Card,male,3,4,Mobile Phone,3,Single,2,0,17.00,1,1,0,132.00,1.00,"2026-06-08 15:34:49"
50151,0,10,"2. Mid-Loyal (7-12 Months)",Computer,1,6,Credit Card,female,0,3,Fashion,2,Married,3,1,18.00,0,0,2,236.00,0.00,"2026-06-08 15:34:49"
50152,0,2,"1. Junior User (1-6 Months)",Mobile Phone,1,28,Debit Card,female,3,2,Fashion,4,Married,8,0,18.00,5,6,-1,220.00,0.83,"2026-06-08 15:34:49"
50153,0,11,"2. Mid-Loyal (7-12 Months)",Mobile Phone,3,13,Credit Card,female,2,2,Laptop & Accessory,5,Married,2,1,24.00,0,7,7,156.00,0.00,"2026-06-08 15:34:49"
50154,0,0,"0. New User (<1 Month)",Computer,1,6,Debit Card,female,2,3,Laptop & Accessory,4,Married,2,0,20.00,0,1,4,164.00,0.00,"2026-06-08 15:34:49"
50155,0,23,"3. Core Loyal (>1 Year)",Mobile Phone,1,10,Debit Card,male,3,3,Others,4,Married,4,0,14.00,0,1,6,291.00,0.00,"2026-06-08 15:34:49"
50156,0,26,"3. Core Loyal (>1 Year)",Mobile Phone,1,9,Credit Card,male,2,3,Grocery,3,Divorced,4,1,16.00,0,1,3,276.00,0.00,"2026-06-08 15:34:49"
50157,0,15,"3. Core Loyal (>1 Year)",Mobile Phone,3,6,Debit Card,male,2,3,Laptop & Accessory,3,Divorced,2,0,25.00,4,11,6,149.00,0.36,"2026-06-08 15:34:49"
50158,0,2,"1. Junior User (1-6 Months)",Computer,3,8,Debit Card,male,2,3,Laptop & Accessory,2,Single,2,0,18.00,0,1,9,146.00,0.00,"2026-06-08 15:34:49"
50159,0,28,"3. Core Loyal (>1 Year)",Mobile Phone,1,26,Cash on Delivery,male,2,3,Laptop & Accessory,2,Divorced,4,1,19.00,1,1,8,154.00,1.00,"2026-06-08 15:34:49"
50160,0,0,"0. New User (<1 Month)",Computer,1,17,Credit Card,male,2,3,Laptop & Accessory,5,Divorced,2,1,13.00,2,3,3,147.00,0.67,"2026-06-08 15:34:49"
50161,0,0,"0. New User (<1 Month)",Mobile Phone,1,6,Debit Card,female,2,3,Mobile Phone,2,Single,2,0,12.00,1,5,7,121.00,0.20,"2026-06-08 15:34:49"
50162,1,7,"2. Mid-Loyal (7-12 Months)",Computer,1,30,Debit Card,male,0,3,Mobile Phone,3,Married,4,1,22.00,0,1,0,132.00,0.00,"2026-06-08 15:34:49"
50163,0,11,"2. Mid-Loyal (7-12 Months)",Mobile Phone,1,29,Debit Card,male,2,3,Laptop & Accessory,2,Married,10,0,14.00,0,1,2,157.00,0.00,"2026-06-08 15:34:49"
50164,1,0,"0. New User (<1 Month)",Mobile Phone,1,-1,Credit Card,male,2,3,Mobile Phone,4,Married,3,1,13.00,1,1,2,124.00,1.00,"2026-06-08 15:34:49"
50165,0,1,"1. Junior User (1-6 Months)",Mobile Phone,1,14,Debit Card,female,3,3,Mobile Phone,2,Single,2,0,21.00,0,1,2,133.00,0.00,"2026-06-08 15:34:49"
50166,0,22,"3. Core Loyal (>1 Year)",Computer,1,16,Debit Card,female,2,3,Others,5,Single,10,1,11.00,0,1,2,287.00,0.00,"2026-06-08 15:34:49"
50167,0,9,"2. Mid-Loyal (7-12 Months)",Mobile Phone,1,9,Cash on Delivery,male,1,3,Laptop & Accessory,4,Single,5,0,12.00,6,7,7,145.00,0.86,"2026-06-08 15:34:49"
50168,0,4,"1. Junior User (1-6 Months)",Computer,3,11,E wallet,female,0,3,Mobile Phone,4,Married,2,0,11.00,0,2,2,128.00,0.00,"2026-06-08 15:34:49"
50169,1,0,"0. New User (<1 Month)",Mobile Phone,3,10,E wallet,male,2,4,Laptop & Accessory,2,Single,2,1,12.00,7,7,4,158.00,1.00,"2026-06-08 15:34:49"
50170,0,10,"2. Mid-Loyal (7-12 Months)",Computer,1,-1,Credit Card,male,2,3,Mobile Phone,2,Divorced,2,1,12.00,0,1,2,123.00,0.00,"2026-06-08 15:34:49"
50171,0,15,"3. Core Loyal (>1 Year)",Computer,3,32,E wallet,female,3,3,Grocery,4,Divorced,6,0,14.00,2,0,8,235.00,0.00,"2026-06-08 15:34:49"
50172,1,0,"0. New User (<1 Month)",Mobile Phone,1,9,Debit Card,male,2,3,Mobile Phone,3,Single,2,0,13.00,0,1,0,114.00,0.00,"2026-06-08 15:34:49"
50173,0,8,"2. Mid-Loyal (7-12 Months)",Mobile Phone,3,22,E wallet,male,3,3,Fashion,4,Divorced,1,0,15.00,3,6,9,180.00,0.50,"2026-06-08 15:34:49"
50174,0,9,"2. Mid-Loyal (7-12 Months)",Computer,1,24,Debit Card,male,2,2,Mobile Phone,2,Divorced,5,0,18.00,0,1,0,137.00,0.00,"2026-06-08 15:34:49"
50175,0,24,"3. Core Loyal (>1 Year)",Mobile Phone,1,8,Credit Card,male,2,5,Laptop & Accessory,4,Married,6,0,18.00,0,1,2,155.00,0.00,"2026-06-08 15:34:49"
50176,0,14,"3. Core Loyal (>1 Year)",Mobile Phone,3,8,Debit Card,male,2,3,Grocery,4,Single,2,0,19.00,1,0,4,260.00,0.00,"2026-06-08 15:34:49"
50177,0,0,"0. New User (<1 Month)",Mobile Phone,3,16,Credit Card,female,3,4,Mobile Phone,3,Single,2,0,12.00,1,1,0,112.00,1.00,"2026-06-08 15:34:49"
50178,0,1,"1. Junior User (1-6 Months)",Mobile Phone,1,22,Credit Card,male,3,2,Laptop & Accessory,5,Single,1,0,19.00,0,1,7,157.00,0.00,"2026-06-08 15:34:49"
50179,0,4,"1. Junior User (1-6 Months)",Mobile Phone,3,13,Cash on Delivery,male,3,2,Laptop & Accessory,2,Divorced,5,0,11.00,3,7,7,169.00,0.43,"2026-06-08 15:34:49"
50180,0,12,"2. Mid-Loyal (7-12 Months)",Mobile Phone,1,6,Credit Card,male,2,2,Fashion,2,Married,1,0,17.00,3,3,7,196.00,1.00,"2026-06-08 15:34:49"
50181,0,9,"2. Mid-Loyal (7-12 Months)",Computer,1,30,Debit Card,female,2,3,Laptop & Accessory,4,Divorced,8,0,15.00,0,1,8,157.00,0.00,"2026-06-08 15:34:49"
50182,0,5,"1. Junior User (1-6 Months)",Mobile Phone,3,13,Debit Card,male,3,4,Laptop & Accessory,3,Divorced,2,0,14.00,1,4,8,155.00,0.25,"2026-06-08 15:34:49"
50183,0,11,"2. Mid-Loyal (7-12 Months)",Mobile Phone,1,31,Debit Card,female,2,4,Fashion,4,Divorced,4,0,17.00,1,1,-1,221.00,1.00,"2026-06-08 15:34:49"
50184,0,30,"3. Core Loyal (>1 Year)",Computer,1,6,Debit Card,male,2,5,Laptop & Accessory,3,Married,3,1,13.00,1,1,2,157.00,1.00,"2026-06-08 15:34:49"
50185,0,4,"1. Junior User (1-6 Months)",Mobile Phone,1,11,Cash on Delivery,male,2,3,Mobile Phone,2,Divorced,1,1,12.00,0,1,3,148.00,0.00,"2026-06-08 15:34:49"
50186,0,4,"1. Junior User (1-6 Months)",Mobile Phone,2,8,UPI,male,3,4,Laptop & Accessory,5,Divorced,4,0,12.00,0,1,0,164.00,0.00,"2026-06-08 15:34:49"
50187,0,18,"3. Core Loyal (>1 Year)",Computer,1,13,Debit Card,male,3,3,Fashion,5,Married,2,0,18.00,5,9,11,152.00,0.56,"2026-06-08 15:34:49"
50188,0,4,"1. Junior User (1-6 Months)",Mobile Phone,1,8,Debit Card,male,0,3,Mobile Phone,2,Married,1,1,18.00,1,2,2,127.00,0.50,"2026-06-08 15:34:49"
50189,0,6,"1. Junior User (1-6 Months)",Computer,1,11,Debit Card,female,3,3,Fashion,4,Divorced,7,0,11.00,2,8,-1,219.00,0.25,"2026-06-08 15:34:49"
50190,0,12,"2. Mid-Loyal (7-12 Months)",Mobile Phone,1,16,Credit Card,male,2,3,Grocery,5,Divorced,2,1,14.00,0,11,10,271.00,0.00,"2026-06-08 15:34:49"
50191,0,16,"3. Core Loyal (>1 Year)",Computer,1,-1,Debit Card,female,2,3,Mobile Phone,2,Single,1,0,19.00,0,1,7,125.00,0.00,"2026-06-08 15:34:49"
50192,0,22,"3. Core Loyal (>1 Year)",Mobile Phone,1,6,Cash on Delivery,female,2,4,Grocery,3,Single,8,1,12.00,1,0,7,240.00,0.00,"2026-06-08 15:34:49"
50193,1,15,"3. Core Loyal (>1 Year)",Mobile Phone,1,14,Credit Card,male,2,4,Laptop & Accessory,4,Divorced,3,0,15.00,7,7,7,149.00,1.00,"2026-06-08 15:34:49"
50194,0,0,"0. New User (<1 Month)",Mobile Phone,1,-1,Debit Card,female,2,3,Mobile Phone,4,Single,2,1,12.00,0,1,2,125.00,0.00,"2026-06-08 15:34:49"
50195,0,5,"1. Junior User (1-6 Months)",Mobile Phone,3,14,Cash on Delivery,female,3,4,Laptop & Accessory,4,Divorced,2,1,11.00,6,11,9,152.00,0.55,"2026-06-08 15:34:49"
50196,0,0,"0. New User (<1 Month)",Mobile Phone,3,8,Debit Card,male,3,3,Laptop & Accessory,3,Single,2,1,11.00,1,1,4,145.00,1.00,"2026-06-08 15:34:49"
50197,0,4,"1. Junior User (1-6 Months)",Mobile Phone,3,13,E wallet,male,3,3,Laptop & Accessory,2,Married,5,0,12.00,0,1,7,175.00,0.00,"2026-06-08 15:34:49"
50198,0,5,"1. Junior User (1-6 Months)",Mobile Phone,1,8,Credit Card,female,3,2,Laptop & Accessory,2,Single,8,0,16.00,1,1,7,151.00,1.00,"2026-06-08 15:34:49"
50199,1,0,"0. New User (<1 Month)",Mobile Phone,1,8,Credit Card,male,2,5,Mobile Phone,2,Divorced,6,1,13.00,2,2,2,135.00,1.00,"2026-06-08 15:34:49"
50200,0,3,"1. Junior User (1-6 Months)",Mobile Phone,1,34,Credit Card,female,3,3,Laptop & Accessory,2,Divorced,2,0,13.00,0,1,9,158.00,0.00,"2026-06-08 15:34:49"
50201,0,4,"1. Junior User (1-6 Months)",Computer,1,13,Debit Card,female,2,4,Fashion,3,Divorced,2,0,24.00,3,8,9,189.00,0.38,"2026-06-08 15:34:49"
50202,0,12,"2. Mid-Loyal (7-12 Months)",Computer,1,5,Credit Card,male,2,4,Others,2,Divorced,2,0,0.0,9,13,3,293.00,0.69,"2026-06-08 15:34:49"
50203,1,2,"1. Junior User (1-6 Months)",Mobile Phone,3,9,Credit Card,female,2,3,Laptop & Accessory,3,Divorced,5,1,18.00,1,1,0,152.00,1.00,"2026-06-08 15:34:49"
50204,0,6,"1. Junior User (1-6 Months)",Computer,3,16,E wallet,male,2,4,Laptop & Accessory,2,Single,4,0,14.00,1,1,1,147.00,1.00,"2026-06-08 15:34:49"
50205,0,20,"3. Core Loyal (>1 Year)",Mobile Phone,1,11,Debit Card,male,2,3,Others,3,Divorced,5,0,11.00,0,1,1,283.00,0.00,"2026-06-08 15:34:49"
50206,0,16,"3. Core Loyal (>1 Year)",Computer,1,16,Debit Card,female,2,4,Laptop & Accessory,3,Married,2,0,11.00,0,1,0,153.00,0.00,"2026-06-08 15:34:49"
50207,0,0,"0. New User (<1 Month)",Computer,3,6,E wallet,male,3,3,Laptop & Accessory,4,Divorced,1,1,13.00,0,1,4,163.00,0.00,"2026-06-08 15:34:49"
50208,0,27,"3. Core Loyal (>1 Year)",Computer,1,26,Debit Card,female,2,3,Laptop & Accessory,3,Single,4,0,12.00,1,1,3,149.00,1.00,"2026-06-08 15:34:49"
50209,0,16,"3. Core Loyal (>1 Year)",Mobile Phone,1,13,Debit Card,female,2,3,Fashion,5,Divorced,9,0,16.00,1,1,0,200.00,1.00,"2026-06-08 15:34:49"
50210,0,18,"3. Core Loyal (>1 Year)",Mobile Phone,1,14,UPI,male,3,3,Laptop & Accessory,2,Divorced,10,0,14.00,7,9,8,137.00,0.78,"2026-06-08 15:34:49"
50211,0,13,"3. Core Loyal (>1 Year)",Mobile Phone,3,6,Credit Card,male,2,5,Laptop & Accessory,2,Divorced,3,1,22.00,1,1,2,175.00,1.00,"2026-06-08 15:34:49"
50212,1,0,"0. New User (<1 Month)",Mobile Phone,1,14,UPI,male,3,5,Mobile Phone,5,Divorced,2,1,11.00,1,1,7,121.00,1.00,"2026-06-08 15:34:49"
50213,0,2,"1. Junior User (1-6 Months)",Mobile Phone,1,15,UPI,male,1,4,Mobile Phone,2,Single,1,0,17.00,2,2,2,140.00,1.00,"2026-06-08 15:34:49"
50214,0,3,"1. Junior User (1-6 Months)",Mobile Phone,3,11,E wallet,female,1,4,Laptop & Accessory,3,Married,2,0,13.00,0,1,2,161.00,0.00,"2026-06-08 15:34:49"
50215,0,0,"0. New User (<1 Month)",Mobile Phone,3,14,E wallet,female,2,3,Laptop & Accessory,4,Divorced,2,0,18.00,0,1,7,162.00,0.00,"2026-06-08 15:34:49"
50216,0,10,"2. Mid-Loyal (7-12 Months)",Mobile Phone,1,11,Credit Card,male,3,3,Laptop & Accessory,2,Married,8,0,16.00,0,1,4,163.00,0.00,"2026-06-08 15:34:49"
50217,0,11,"2. Mid-Loyal (7-12 Months)",Mobile Phone,1,21,Debit Card,male,3,4,Fashion,2,Married,1,1,14.00,1,2,-1,215.00,0.50,"2026-06-08 15:34:49"
50218,0,4,"1. Junior User (1-6 Months)",Mobile Phone,1,13,Credit Card,female,2,3,Fashion,2,Single,2,1,14.00,2,4,10,171.00,0.50,"2026-06-08 15:34:49"
50219,0,2,"1. Junior User (1-6 Months)",Mobile Phone,3,16,E wallet,female,2,4,Laptop & Accessory,4,Married,2,1,14.00,0,1,7,183.00,0.00,"2026-06-08 15:34:49"
50220,0,8,"2. Mid-Loyal (7-12 Months)",Mobile Phone,1,11,Cash on Delivery,male,3,3,Fashion,4,Single,1,0,13.00,0,1,13,181.00,0.00,"2026-06-08 15:34:49"
50221,0,0,"0. New User (<1 Month)",Mobile Phone,1,32,Debit Card,male,0,3,Mobile Phone,2,Married,2,0,12.00,1,1,2,129.00,1.00,"2026-06-08 15:34:49"
50222,0,14,"3. Core Loyal (>1 Year)",Mobile Phone,1,12,Credit Card,male,3,4,Laptop & Accessory,4,Single,7,1,15.00,1,1,2,160.00,1.00,"2026-06-08 15:34:49"
50223,0,20,"3. Core Loyal (>1 Year)",Computer,3,10,Credit Card,male,0,3,Laptop & Accessory,3,Single,4,0,19.00,0,1,0,130.00,0.00,"2026-06-08 15:34:49"
50224,0,15,"3. Core Loyal (>1 Year)",Mobile Phone,1,29,Debit Card,female,2,3,Grocery,2,Single,3,0,14.00,0,0,0,260.00,0.00,"2026-06-08 15:34:49"
50225,0,2,"1. Junior User (1-6 Months)",Computer,3,8,Debit Card,male,3,3,Laptop & Accessory,3,Divorced,2,0,14.00,1,1,2,146.00,1.00,"2026-06-08 15:34:49"
50226,0,15,"3. Core Loyal (>1 Year)",Mobile Phone,2,8,Cash on Delivery,male,0,3,Mobile Phone,3,Married,1,1,11.00,1,1,0,127.00,1.00,"2026-06-08 15:34:49"
50227,0,5,"1. Junior User (1-6 Months)",Mobile Phone,1,-1,Credit Card,female,3,3,Mobile Phone,4,Divorced,2,0,13.00,0,1,7,124.00,0.00,"2026-06-08 15:34:49"
50228,0,21,"3. Core Loyal (>1 Year)",Mobile Phone,3,35,Credit Card,female,3,3,Fashion,3,Divorced,4,0,21.00,0,1,-1,225.00,0.00,"2026-06-08 15:34:49"
50229,0,10,"2. Mid-Loyal (7-12 Months)",Mobile Phone,1,12,Credit Card,male,2,2,Laptop & Accessory,5,Married,5,1,13.00,2,6,7,160.00,0.33,"2026-06-08 15:34:49"
50230,0,3,"1. Junior User (1-6 Months)",Computer,3,31,Cash on Delivery,female,2,3,Laptop & Accessory,3,Divorced,8,1,12.00,1,2,2,147.00,0.50,"2026-06-08 15:34:49"
50231,0,0,"0. New User (<1 Month)",Mobile Phone,3,6,Debit Card,male,2,3,Laptop & Accessory,3,Divorced,2,0,17.00,2,7,7,153.00,0.29,"2026-06-08 15:34:49"
50232,0,15,"3. Core Loyal (>1 Year)",Mobile Phone,1,8,UPI,male,3,4,Laptop & Accessory,2,Single,4,0,23.00,0,1,0,168.00,0.00,"2026-06-08 15:34:49"
50233,1,0,"0. New User (<1 Month)",Computer,3,6,Cash on Delivery,female,2,4,Mobile Phone,4,Single,2,1,11.00,1,1,2,122.00,1.00,"2026-06-08 15:34:49"
50234,0,9,"2. Mid-Loyal (7-12 Months)",Computer,3,6,Credit Card,female,2,3,Laptop & Accessory,2,Single,5,0,15.00,1,1,0,167.00,1.00,"2026-06-08 15:34:49"
50235,0,9,"2. Mid-Loyal (7-12 Months)",Computer,3,9,Credit Card,male,2,4,Fashion,2,Divorced,5,0,11.00,0,1,12,197.00,0.00,"2026-06-08 15:34:49"
50236,0,30,"3. Core Loyal (>1 Year)",Mobile Phone,1,6,Credit Card,male,2,3,Laptop & Accessory,3,Divorced,3,0,11.00,1,1,2,168.00,1.00,"2026-06-08 15:34:49"
50237,0,0,"0. New User (<1 Month)",Mobile Phone,1,16,Debit Card,female,2,2,Mobile Phone,3,Divorced,4,1,13.00,0,1,7,122.00,0.00,"2026-06-08 15:34:49"
50238,0,0,"0. New User (<1 Month)",Computer,3,-1,Credit Card,male,2,3,Mobile Phone,2,Single,2,0,24.00,0,2,2,126.00,0.00,"2026-06-08 15:34:49"
50239,1,0,"0. New User (<1 Month)",Mobile Phone,3,11,E wallet,female,0,3,Mobile Phone,3,Single,2,1,13.00,1,1,0,129.00,1.00,"2026-06-08 15:34:49"
50240,0,10,"2. Mid-Loyal (7-12 Months)",Mobile Phone,1,16,Credit Card,female,3,3,Mobile Phone,5,Divorced,7,0,20.00,1,1,3,135.00,1.00,"2026-06-08 15:34:49"
50241,0,19,"3. Core Loyal (>1 Year)",Computer,1,13,Credit Card,female,1,3,Laptop & Accessory,3,Divorced,3,0,14.00,0,1,0,153.00,0.00,"2026-06-08 15:34:49"
50242,1,4,"1. Junior User (1-6 Months)",Computer,3,10,E wallet,male,2,3,Laptop & Accessory,4,Single,2,0,18.00,7,7,7,194.00,1.00,"2026-06-08 15:34:49"
50243,0,23,"3. Core Loyal (>1 Year)",Mobile Phone,1,16,Cash on Delivery,male,3,4,Fashion,2,Single,7,0,15.00,0,1,3,205.00,0.00,"2026-06-08 15:34:49"
50244,1,3,"1. Junior User (1-6 Months)",Mobile Phone,3,28,E wallet,male,3,4,Laptop & Accessory,3,Divorced,3,1,12.00,1,1,0,164.00,1.00,"2026-06-08 15:34:49"
50245,0,4,"1. Junior User (1-6 Months)",Mobile Phone,1,-1,Debit Card,male,2,4,Mobile Phone,4,Single,1,1,16.00,1,2,2,127.00,0.50,"2026-06-08 15:34:49"
50246,1,0,"0. New User (<1 Month)",Mobile Phone,3,18,Debit Card,female,0,2,Mobile Phone,4,Single,2,0,15.00,0,1,0,127.00,0.00,"2026-06-08 15:34:49"
50247,0,0,"0. New User (<1 Month)",Mobile Phone,1,29,Debit Card,male,2,3,Mobile Phone,2,Single,10,0,16.00,1,1,2,122.00,1.00,"2026-06-08 15:34:49"
50248,0,8,"2. Mid-Loyal (7-12 Months)",Mobile Phone,1,15,Debit Card,male,3,4,Laptop & Accessory,4,Single,10,0,19.00,1,1,0,165.00,1.00,"2026-06-08 15:34:49"
50249,0,0,"0. New User (<1 Month)",Mobile Phone,1,6,Credit Card,male,2,3,Mobile Phone,4,Married,2,0,11.00,0,1,4,138.00,0.00,"2026-06-08 15:34:49"
50250,0,1,"1. Junior User (1-6 Months)",Mobile Phone,3,15,Debit Card,male,3,3,Laptop & Accessory,2,Single,2,0,16.00,1,1,7,153.00,1.00,"2026-06-08 15:34:49"
50251,0,22,"3. Core Loyal (>1 Year)",Mobile Phone,1,13,UPI,male,2,4,Fashion,3,Single,9,0,24.00,1,1,0,145.00,1.00,"2026-06-08 15:34:49"
50252,0,24,"3. Core Loyal (>1 Year)",Mobile Phone,3,20,Debit Card,female,2,3,Laptop & Accessory,2,Divorced,5,0,11.00,0,1,7,149.00,0.00,"2026-06-08 15:34:49"
50253,0,9,"2. Mid-Loyal (7-12 Months)",Mobile Phone,1,-1,Debit Card,female,3,3,Mobile Phone,3,Divorced,5,0,13.00,1,2,2,125.00,0.50,"2026-06-08 15:34:49"
50254,1,0,"0. New User (<1 Month)",Computer,3,25,E wallet,male,3,2,Laptop & Accessory,2,Single,9,1,13.00,1,1,4,153.00,1.00,"2026-06-08 15:34:49"
50255,0,28,"3. Core Loyal (>1 Year)",Mobile Phone,1,8,Debit Card,female,3,3,Grocery,2,Single,3,1,13.00,0,1,2,267.00,0.00,"2026-06-08 15:34:49"
50256,0,0,"0. New User (<1 Month)",Mobile Phone,3,16,E wallet,female,3,3,Laptop & Accessory,3,Married,2,1,12.00,0,1,3,143.00,0.00,"2026-06-08 15:34:49"
50257,0,3,"1. Junior User (1-6 Months)",Mobile Phone,3,-1,Cash on Delivery,male,3,3,Mobile Phone,4,Divorced,2,0,18.00,1,1,0,125.00,1.00,"2026-06-08 15:34:49"
50258,1,0,"0. New User (<1 Month)",Computer,1,9,Cash on Delivery,male,0,3,Mobile Phone,5,Single,1,0,22.00,0,1,4,131.00,0.00,"2026-06-08 15:34:49"
50259,0,0,"0. New User (<1 Month)",Mobile Phone,1,17,Credit Card,female,2,3,Mobile Phone,4,Divorced,2,0,13.00,1,1,2,122.00,1.00,"2026-06-08 15:34:49"
50260,0,9,"2. Mid-Loyal (7-12 Months)",Mobile Phone,3,8,Credit Card,male,3,4,Fashion,3,Divorced,2,0,13.00,9,9,0,176.00,1.00,"2026-06-08 15:34:49"
50261,1,0,"0. New User (<1 Month)",Computer,1,10,Cash on Delivery,male,2,3,Mobile Phone,2,Single,19,1,23.00,1,1,0,123.00,1.00,"2026-06-08 15:34:49"
50262,0,10,"2. Mid-Loyal (7-12 Months)",Mobile Phone,1,20,Debit Card,female,0,3,Mobile Phone,5,Married,2,0,12.00,3,12,17,130.00,0.25,"2026-06-08 15:34:49"
50263,0,13,"3. Core Loyal (>1 Year)",Mobile Phone,3,8,E wallet,female,2,3,Laptop & Accessory,4,Married,8,0,12.00,0,1,3,157.00,0.00,"2026-06-08 15:34:49"
50264,0,15,"3. Core Loyal (>1 Year)",Mobile Phone,1,-1,Debit Card,female,3,3,Mobile Phone,5,Married,4,0,16.00,1,1,2,126.00,1.00,"2026-06-08 15:34:49"
50265,0,10,"2. Mid-Loyal (7-12 Months)",Mobile Phone,1,16,Debit Card,male,2,3,Laptop & Accessory,4,Single,3,1,12.00,0,1,1,142.00,0.00,"2026-06-08 15:34:49"
50266,0,16,"3. Core Loyal (>1 Year)",Mobile Phone,1,18,Debit Card,male,2,4,Grocery,4,Married,2,0,11.00,0,0,9,243.00,0.00,"2026-06-08 15:34:49"
50267,0,13,"3. Core Loyal (>1 Year)",Mobile Phone,1,8,Credit Card,female,3,4,Laptop & Accessory,3,Divorced,7,0,22.00,1,1,0,134.00,1.00,"2026-06-08 15:34:49"
50268,0,27,"3. Core Loyal (>1 Year)",Mobile Phone,1,11,Credit Card,male,2,3,Others,5,Divorced,5,0,0.0,1,1,2,294.00,1.00,"2026-06-08 15:34:49"
50269,0,7,"2. Mid-Loyal (7-12 Months)",Computer,3,10,E wallet,female,3,3,Laptop & Accessory,3,Divorced,10,0,15.00,1,1,2,165.00,1.00,"2026-06-08 15:34:49"
50270,0,4,"1. Junior User (1-6 Months)",Mobile Phone,1,13,Credit Card,female,2,3,Laptop & Accessory,5,Divorced,2,0,12.00,3,3,12,143.00,1.00,"2026-06-08 15:34:49"
50271,0,0,"0. New User (<1 Month)",Computer,1,27,Credit Card,male,3,3,Mobile Phone,2,Divorced,8,0,20.00,0,1,2,123.00,0.00,"2026-06-08 15:34:49"
50272,0,16,"3. Core Loyal (>1 Year)",Mobile Phone,1,14,UPI,female,3,3,Laptop & Accessory,3,Married,5,1,14.00,0,1,2,145.00,0.00,"2026-06-08 15:34:49"
50273,0,0,"0. New User (<1 Month)",Mobile Phone,3,10,Debit Card,female,2,4,Laptop & Accessory,2,Single,2,1,11.00,0,1,3,145.00,0.00,"2026-06-08 15:34:49"
50274,0,10,"2. Mid-Loyal (7-12 Months)",Computer,1,31,Credit Card,female,3,3,Laptop & Accessory,3,Divorced,4,1,15.00,3,10,7,144.00,0.30,"2026-06-08 15:34:49"
50275,0,0,"0. New User (<1 Month)",Mobile Phone,1,6,Debit Card,male,3,4,Mobile Phone,5,Divorced,2,0,12.00,0,3,2,122.00,0.00,"2026-06-08 15:34:49"
50276,0,12,"2. Mid-Loyal (7-12 Months)",Computer,1,6,Debit Card,male,2,3,Others,3,Married,2,1,14.00,0,1,6,292.00,0.00,"2026-06-08 15:34:49"
50277,0,29,"3. Core Loyal (>1 Year)",Computer,3,12,Debit Card,female,2,2,Grocery,5,Divorced,10,0,11.00,2,0,7,232.00,0.00,"2026-06-08 15:34:49"
50278,0,3,"1. Junior User (1-6 Months)",Mobile Phone,3,18,Cash on Delivery,female,2,3,Laptop & Accessory,3,Single,1,0,11.00,3,4,4,166.00,0.75,"2026-06-08 15:34:49"
50279,0,14,"3. Core Loyal (>1 Year)",Mobile Phone,3,6,E wallet,male,2,2,Fashion,5,Divorced,2,0,16.00,1,1,7,184.00,1.00,"2026-06-08 15:34:49"
50280,0,1,"1. Junior User (1-6 Months)",Mobile Phone,1,23,Credit Card,male,3,3,Laptop & Accessory,5,Married,2,0,12.00,0,1,8,146.00,0.00,"2026-06-08 15:34:49"
50281,1,0,"0. New User (<1 Month)",Mobile Phone,1,9,Credit Card,male,3,3,Mobile Phone,5,Divorced,6,0,13.00,1,1,2,140.00,1.00,"2026-06-08 15:34:49"
50282,0,25,"3. Core Loyal (>1 Year)",Mobile Phone,1,9,Credit Card,male,2,4,Fashion,3,Divorced,3,1,14.00,0,1,4,180.00,0.00,"2026-06-08 15:34:49"
50283,0,18,"3. Core Loyal (>1 Year)",Mobile Phone,1,-1,Debit Card,male,3,3,Mobile Phone,2,Divorced,4,0,21.00,1,1,2,127.00,1.00,"2026-06-08 15:34:49"
50284,0,25,"3. Core Loyal (>1 Year)",Mobile Phone,1,10,Debit Card,female,1,3,Grocery,2,Divorced,3,0,13.00,0,1,4,266.00,0.00,"2026-06-08 15:34:49"
50285,0,15,"3. Core Loyal (>1 Year)",Computer,1,35,Debit Card,female,3,3,Laptop & Accessory,3,Married,3,0,11.00,1,1,2,146.00,1.00,"2026-06-08 15:34:49"
50286,0,3,"1. Junior User (1-6 Months)",Mobile Phone,1,8,Debit Card,female,2,5,Laptop & Accessory,2,Single,3,0,20.00,0,1,2,161.00,0.00,"2026-06-08 15:34:49"
50287,0,30,"3. Core Loyal (>1 Year)",Mobile Phone,1,13,Debit Card,female,2,3,Others,5,Divorced,6,0,0.0,0,11,10,296.00,0.00,"2026-06-08 15:34:49"
50288,0,19,"3. Core Loyal (>1 Year)",Mobile Phone,1,24,Credit Card,female,2,3,Laptop & Accessory,3,Married,3,0,14.00,0,1,8,148.00,0.00,"2026-06-08 15:34:49"
50289,0,15,"3. Core Loyal (>1 Year)",Computer,1,34,Cash on Delivery,female,2,4,Laptop & Accessory,2,Divorced,1,0,11.00,0,1,4,145.00,0.00,"2026-06-08 15:34:49"
50290,1,0,"0. New User (<1 Month)",Mobile Phone,3,6,Cash on Delivery,female,3,3,Mobile Phone,4,Single,2,1,16.00,1,1,4,132.00,1.00,"2026-06-08 15:34:49"
50291,1,0,"0. New User (<1 Month)",Computer,3,-1,E wallet,female,2,5,Mobile Phone,3,Married,1,0,16.00,1,1,0,124.00,1.00,"2026-06-08 15:34:49"
50292,0,0,"0. New User (<1 Month)",Computer,1,8,Debit Card,male,2,3,Mobile Phone,2,Divorced,2,1,23.00,1,1,0,117.00,1.00,"2026-06-08 15:34:49"
50293,0,13,"3. Core Loyal (>1 Year)",Mobile Phone,3,8,Debit Card,female,3,3,Others,3,Divorced,1,0,14.00,0,1,12,280.00,0.00,"2026-06-08 15:34:49"
50294,0,0,"0. New User (<1 Month)",Mobile Phone,1,29,Debit Card,female,0,3,Mobile Phone,2,Married,2,0,22.00,1,1,2,129.00,1.00,"2026-06-08 15:34:49"
50295,0,0,"0. New User (<1 Month)",Computer,1,9,Debit Card,male,2,3,Mobile Phone,2,Divorced,5,0,15.00,0,1,4,121.00,0.00,"2026-06-08 15:34:49"
50296,0,2,"1. Junior User (1-6 Months)",Mobile Phone,1,9,Credit Card,male,3,4,Fashion,3,Divorced,2,0,18.00,1,1,-1,219.00,1.00,"2026-06-08 15:34:49"
50297,1,0,"0. New User (<1 Month)",Mobile Phone,1,-1,Cash on Delivery,female,3,4,Mobile Phone,4,Divorced,6,0,16.00,0,1,1,125.00,0.00,"2026-06-08 15:34:49"
50298,1,0,"0. New User (<1 Month)",Mobile Phone,2,-1,Cash on Delivery,male,2,4,Mobile Phone,2,Single,2,0,12.00,1,1,0,126.00,1.00,"2026-06-08 15:34:49"
50299,0,3,"1. Junior User (1-6 Months)",Computer,3,28,UPI,female,3,3,Fashion,5,Divorced,1,0,11.00,2,7,8,184.00,0.29,"2026-06-08 15:34:49"
50300,0,30,"3. Core Loyal (>1 Year)",Mobile Phone,3,35,E wallet,male,2,4,Grocery,2,Married,4,0,12.00,0,0,0,241.00,0.00,"2026-06-08 15:34:49"
50301,0,23,"3. Core Loyal (>1 Year)",Mobile Phone,1,35,Debit Card,male,2,4,Grocery,3,Divorced,1,0,15.00,0,15,7,270.00,0.00,"2026-06-08 15:34:49"
50302,0,3,"1. Junior User (1-6 Months)",Computer,1,-1,Credit Card,female,2,3,Mobile Phone,2,Single,1,0,14.00,5,6,7,126.00,0.83,"2026-06-08 15:34:49"
50303,0,30,"3. Core Loyal (>1 Year)",Computer,3,34,E wallet,female,3,4,Fashion,5,Divorced,5,0,19.00,13,13,11,203.00,1.00,"2026-06-08 15:34:49"
50304,0,20,"3. Core Loyal (>1 Year)",Mobile Phone,1,8,Credit Card,female,3,3,Laptop & Accessory,2,Married,6,0,13.00,0,1,4,151.00,0.00,"2026-06-08 15:34:49"
50305,0,19,"3. Core Loyal (>1 Year)",Mobile Phone,1,8,Debit Card,male,2,3,Grocery,3,Divorced,7,0,13.00,0,1,1,279.00,0.00,"2026-06-08 15:34:49"
50306,0,8,"2. Mid-Loyal (7-12 Months)",Mobile Phone,1,28,Debit Card,male,2,5,Mobile Phone,3,Single,1,0,15.00,2,4,3,142.00,0.50,"2026-06-08 15:34:49"
50307,0,27,"3. Core Loyal (>1 Year)",Mobile Phone,1,14,Debit Card,female,2,3,Laptop & Accessory,3,Single,8,0,11.00,1,1,0,138.00,1.00,"2026-06-08 15:34:49"
50308,0,7,"2. Mid-Loyal (7-12 Months)",Mobile Phone,1,8,Debit Card,male,0,4,Mobile Phone,3,Married,4,0,12.00,5,5,7,128.00,1.00,"2026-06-08 15:34:49"
50309,0,19,"3. Core Loyal (>1 Year)",Mobile Phone,3,16,E wallet,female,3,4,Fashion,2,Divorced,3,1,19.00,1,1,2,191.00,1.00,"2026-06-08 15:34:49"
50310,0,4,"1. Junior User (1-6 Months)",Mobile Phone,1,15,Debit Card,male,2,3,Fashion,4,Married,2,0,25.00,1,1,8,206.00,1.00,"2026-06-08 15:34:49"
50311,1,0,"0. New User (<1 Month)",Mobile Phone,1,21,Credit Card,male,2,3,Fashion,3,Divorced,8,1,12.00,0,0,7,236.00,0.00,"2026-06-08 15:34:49"
50312,1,0,"0. New User (<1 Month)",Mobile Phone,1,16,Credit Card,male,2,5,Mobile Phone,2,Married,8,0,13.00,0,1,3,134.00,0.00,"2026-06-08 15:34:49"
50313,0,3,"1. Junior User (1-6 Months)",Mobile Phone,3,13,E wallet,male,0,3,Mobile Phone,4,Single,1,0,14.00,1,1,2,130.00,1.00,"2026-06-08 15:34:49"
50314,0,8,"2. Mid-Loyal (7-12 Months)",Mobile Phone,1,22,Debit Card,male,3,3,Fashion,3,Divorced,5,1,12.00,0,1,0,176.00,0.00,"2026-06-08 15:34:49"
50315,1,0,"0. New User (<1 Month)",Computer,1,26,Debit Card,male,3,3,Fashion,3,Divorced,4,0,12.00,1,1,0,198.00,1.00,"2026-06-08 15:34:49"
50316,1,0,"0. New User (<1 Month)",Computer,2,29,UPI,female,2,3,Fashion,5,Married,10,1,15.00,1,1,2,200.00,1.00,"2026-06-08 15:34:49"
50317,0,0,"0. New User (<1 Month)",Computer,1,11,UPI,male,3,3,Mobile Phone,3,Divorced,5,0,17.00,2,2,0,121.00,1.00,"2026-06-08 15:34:49"
50318,0,9,"2. Mid-Loyal (7-12 Months)",Computer,3,16,Credit Card,male,2,3,Fashion,2,Single,2,0,14.00,1,9,7,200.00,0.11,"2026-06-08 15:34:49"
50319,1,0,"0. New User (<1 Month)",Computer,1,10,Cash on Delivery,male,2,4,Mobile Phone,3,Single,6,0,16.00,1,1,2,139.00,1.00,"2026-06-08 15:34:49"
50320,0,21,"3. Core Loyal (>1 Year)",Mobile Phone,3,8,E wallet,female,2,3,Laptop & Accessory,2,Divorced,3,0,14.00,4,6,7,141.00,0.67,"2026-06-08 15:34:49"
50321,0,28,"3. Core Loyal (>1 Year)",Mobile Phone,3,24,Debit Card,female,2,3,Grocery,4,Single,4,0,23.00,0,7,7,268.00,0.00,"2026-06-08 15:34:49"
50322,0,14,"3. Core Loyal (>1 Year)",Computer,3,16,Debit Card,male,2,3,Laptop & Accessory,2,Single,8,0,14.00,0,1,10,162.00,0.00,"2026-06-08 15:34:49"
50323,0,8,"2. Mid-Loyal (7-12 Months)",Mobile Phone,3,6,E wallet,male,2,3,Laptop & Accessory,3,Divorced,10,0,11.00,3,6,9,147.00,0.50,"2026-06-08 15:34:49"
50324,0,13,"3. Core Loyal (>1 Year)",Mobile Phone,1,12,Debit Card,female,3,3,Grocery,3,Single,8,0,15.00,4,0,13,232.00,0.00,"2026-06-08 15:34:49"
50325,0,12,"2. Mid-Loyal (7-12 Months)",Computer,1,14,Debit Card,female,2,3,Mobile Phone,3,Divorced,2,0,11.00,0,1,7,138.00,0.00,"2026-06-08 15:34:49"
50326,0,4,"1. Junior User (1-6 Months)",Mobile Phone,3,8,Debit Card,male,3,3,Laptop & Accessory,2,Single,5,1,13.00,1,1,5,166.00,1.00,"2026-06-08 15:34:49"
50327,0,15,"3. Core Loyal (>1 Year)",Mobile Phone,1,30,Credit Card,male,2,3,Fashion,5,Divorced,2,1,21.00,4,5,8,174.00,0.80,"2026-06-08 15:34:49"
50328,0,18,"3. Core Loyal (>1 Year)",Mobile Phone,3,8,UPI,male,3,3,Laptop & Accessory,4,Divorced,1,0,19.00,3,3,7,148.00,1.00,"2026-06-08 15:34:49"
50329,1,0,"0. New User (<1 Month)",Computer,2,23,Debit Card,female,0,3,Mobile Phone,3,Married,1,1,11.00,0,1,0,127.00,0.00,"2026-06-08 15:34:49"
50330,0,2,"1. Junior User (1-6 Months)",Mobile Phone,1,25,Cash on Delivery,male,2,3,Laptop & Accessory,2,Married,5,0,12.00,0,1,2,143.00,0.00,"2026-06-08 15:34:49"
50331,0,6,"1. Junior User (1-6 Months)",Mobile Phone,1,6,Credit Card,female,3,2,Grocery,3,Married,5,0,19.00,0,1,5,262.00,0.00,"2026-06-08 15:34:49"
50332,0,0,"0. New User (<1 Month)",Mobile Phone,3,13,Debit Card,male,2,4,Fashion,2,Married,10,0,21.00,1,1,-1,216.00,1.00,"2026-06-08 15:34:49"
50333,1,0,"0. New User (<1 Month)",Computer,3,11,E wallet,male,3,3,Mobile Phone,4,Single,2,1,14.00,1,1,0,119.00,1.00,"2026-06-08 15:34:49"
50334,0,13,"3. Core Loyal (>1 Year)",Computer,3,34,UPI,male,2,5,Fashion,5,Married,4,0,15.00,1,1,-1,209.00,1.00,"2026-06-08 15:34:49"
50335,0,14,"3. Core Loyal (>1 Year)",Computer,1,8,UPI,female,3,4,Laptop & Accessory,3,Single,3,1,17.00,0,1,7,168.00,0.00,"2026-06-08 15:34:49"
50336,0,0,"0. New User (<1 Month)",Mobile Phone,3,35,Credit Card,male,2,3,Laptop & Accessory,3,Married,6,0,12.00,1,1,0,143.00,1.00,"2026-06-08 15:34:49"
50337,0,8,"2. Mid-Loyal (7-12 Months)",Mobile Phone,3,6,Credit Card,female,3,3,Laptop & Accessory,3,Single,2,0,16.00,0,1,3,149.00,0.00,"2026-06-08 15:34:49"
50338,0,7,"2. Mid-Loyal (7-12 Months)",Mobile Phone,3,27,Debit Card,male,3,2,Laptop & Accessory,2,Single,2,0,12.00,5,5,7,153.00,1.00,"2026-06-08 15:34:49"
50339,1,0,"0. New User (<1 Month)",Mobile Phone,1,-1,Cash on Delivery,male,3,5,Mobile Phone,2,Single,2,1,18.00,1,1,0,123.00,1.00,"2026-06-08 15:34:49"
50340,0,10,"2. Mid-Loyal (7-12 Months)",Mobile Phone,1,6,Cash on Delivery,female,2,3,Fashion,2,Single,5,0,17.00,1,1,2,175.00,1.00,"2026-06-08 15:34:49"
50341,0,19,"3. Core Loyal (>1 Year)",Computer,1,24,Credit Card,female,2,3,Fashion,3,Divorced,6,0,11.00,1,1,2,205.00,1.00,"2026-06-08 15:34:49"
50342,0,14,"3. Core Loyal (>1 Year)",Mobile Phone,3,8,Debit Card,female,3,3,Grocery,5,Divorced,8,0,16.00,0,11,8,266.00,0.00,"2026-06-08 15:34:49"
50343,0,10,"2. Mid-Loyal (7-12 Months)",Computer,3,15,Credit Card,male,3,3,Fashion,4,Married,2,0,13.00,6,7,7,188.00,0.86,"2026-06-08 15:34:49"
50344,0,25,"3. Core Loyal (>1 Year)",Mobile Phone,1,12,Cash on Delivery,male,3,3,Laptop & Accessory,5,Married,4,1,12.00,2,6,9,156.00,0.33,"2026-06-08 15:34:49"
50345,1,0,"0. New User (<1 Month)",Computer,3,17,UPI,male,2,2,Laptop & Accessory,3,Divorced,9,0,12.00,1,1,2,147.00,1.00,"2026-06-08 15:34:49"
50346,0,0,"0. New User (<1 Month)",Computer,3,-1,Credit Card,male,2,3,Mobile Phone,2,Divorced,1,0,13.00,0,2,1,124.00,0.00,"2026-06-08 15:34:49"
50347,0,11,"2. Mid-Loyal (7-12 Months)",Mobile Phone,1,16,Credit Card,female,3,3,Laptop & Accessory,3,Divorced,4,0,19.00,1,1,0,198.00,1.00,"2026-06-08 15:34:49"
50348,0,10,"2. Mid-Loyal (7-12 Months)",Mobile Phone,1,6,Debit Card,female,3,3,Laptop & Accessory,4,Divorced,7,0,12.00,3,4,3,164.00,0.75,"2026-06-08 15:34:49"
50349,0,22,"3. Core Loyal (>1 Year)",Mobile Phone,1,24,Debit Card,male,2,4,Others,3,Married,2,1,0.0,0,1,9,295.00,0.00,"2026-06-08 15:34:49"
50350,0,0,"0. New User (<1 Month)",Mobile Phone,1,29,Credit Card,male,0,2,Mobile Phone,2,Divorced,2,1,11.00,0,1,4,127.00,0.00,"2026-06-08 15:34:49"
50351,0,0,"0. New User (<1 Month)",Mobile Phone,3,34,E wallet,male,3,3,Laptop & Accessory,4,Divorced,2,0,20.00,1,1,4,163.00,1.00,"2026-06-08 15:34:49"
50352,0,0,"0. New User (<1 Month)",Mobile Phone,1,23,UPI,male,3,4,Mobile Phone,4,Divorced,2,0,21.00,1,1,0,121.00,1.00,"2026-06-08 15:34:49"
50353,0,23,"3. Core Loyal (>1 Year)",Computer,2,9,Credit Card,male,2,3,Others,4,Divorced,2,0,11.00,0,10,7,282.00,0.00,"2026-06-08 15:34:49"
50354,0,0,"0. New User (<1 Month)",Mobile Phone,3,19,Credit Card,male,2,3,Mobile Phone,3,Divorced,2,0,11.00,1,1,6,121.00,1.00,"2026-06-08 15:34:49"
50355,1,0,"0. New User (<1 Month)",Computer,1,13,Debit Card,female,0,3,Mobile Phone,3,Divorced,2,1,16.00,0,1,2,129.00,0.00,"2026-06-08 15:34:49"
50356,1,0,"0. New User (<1 Month)",Computer,3,18,Debit Card,male,3,4,Mobile Phone,5,Divorced,2,0,18.00,1,1,0,120.00,1.00,"2026-06-08 15:34:49"
50357,0,7,"2. Mid-Loyal (7-12 Months)",Mobile Phone,1,6,Debit Card,male,2,4,Mobile Phone,2,Divorced,2,1,13.00,0,1,3,136.00,0.00,"2026-06-08 15:34:49"
50358,1,0,"0. New User (<1 Month)",Mobile Phone,3,19,Credit Card,male,2,3,Laptop & Accessory,5,Married,3,0,17.00,0,1,2,142.00,0.00,"2026-06-08 15:34:49"
50359,0,8,"2. Mid-Loyal (7-12 Months)",Mobile Phone,1,31,UPI,male,2,4,Laptop & Accessory,2,Single,5,0,14.00,0,1,2,137.00,0.00,"2026-06-08 15:34:49"
50360,0,4,"1. Junior User (1-6 Months)",Mobile Phone,3,12,Credit Card,male,3,2,Laptop & Accessory,2,Married,5,0,22.00,3,5,7,155.00,0.60,"2026-06-08 15:34:49"
50361,0,0,"0. New User (<1 Month)",Mobile Phone,1,12,Credit Card,female,3,4,Mobile Phone,3,Married,1,0,12.00,1,1,3,122.00,1.00,"2026-06-08 15:34:49"
50362,0,10,"2. Mid-Loyal (7-12 Months)",Mobile Phone,3,8,E wallet,male,3,3,Laptop & Accessory,3,Divorced,5,1,11.00,0,1,0,196.00,0.00,"2026-06-08 15:34:49"
50363,0,0,"0. New User (<1 Month)",Mobile Phone,1,6,Debit Card,female,0,4,Mobile Phone,4,Single,2,0,13.00,1,1,0,128.00,1.00,"2026-06-08 15:34:49"
50364,0,15,"3. Core Loyal (>1 Year)",Mobile Phone,1,8,Debit Card,female,2,3,Laptop & Accessory,2,Divorced,2,0,13.00,2,2,2,141.00,1.00,"2026-06-08 15:34:49"
50365,0,16,"3. Core Loyal (>1 Year)",Mobile Phone,1,12,UPI,male,2,4,Grocery,2,Married,5,1,14.00,0,1,0,266.00,0.00,"2026-06-08 15:34:49"
50366,0,11,"2. Mid-Loyal (7-12 Months)",Mobile Phone,1,-1,Debit Card,female,2,3,Mobile Phone,5,Single,4,0,17.00,1,1,0,126.00,1.00,"2026-06-08 15:34:49"
50367,0,16,"3. Core Loyal (>1 Year)",Computer,1,15,Credit Card,male,3,3,Laptop & Accessory,3,Married,4,1,13.00,2,4,7,157.00,0.50,"2026-06-08 15:34:49"
50368,0,21,"3. Core Loyal (>1 Year)",Mobile Phone,1,6,Debit Card,female,2,4,Grocery,5,Divorced,8,0,11.00,0,0,2,254.00,0.00,"2026-06-08 15:34:49"
50369,0,17,"3. Core Loyal (>1 Year)",Mobile Phone,2,6,Debit Card,female,2,4,Laptop & Accessory,3,Single,5,0,11.00,1,1,2,160.00,1.00,"2026-06-08 15:34:49"
50370,0,7,"2. Mid-Loyal (7-12 Months)",Mobile Phone,3,-1,Cash on Delivery,female,2,3,Mobile Phone,3,Married,2,1,18.00,1,1,6,126.00,1.00,"2026-06-08 15:34:49"
50371,1,0,"0. New User (<1 Month)",Mobile Phone,3,8,E wallet,male,0,3,Mobile Phone,5,Married,1,0,11.00,0,1,2,130.00,0.00,"2026-06-08 15:34:49"
50372,0,0,"0. New User (<1 Month)",Mobile Phone,3,28,Cash on Delivery,male,2,3,Mobile Phone,3,Single,2,0,11.00,1,1,2,134.00,1.00,"2026-06-08 15:34:49"
50373,0,17,"3. Core Loyal (>1 Year)",Mobile Phone,1,9,UPI,male,2,3,Others,2,Divorced,5,1,0.0,1,1,1,295.00,1.00,"2026-06-08 15:34:49"
50374,0,0,"0. New User (<1 Month)",Mobile Phone,1,12,Credit Card,male,0,3,Mobile Phone,3,Divorced,1,0,20.00,2,2,2,128.00,1.00,"2026-06-08 15:34:49"
50375,0,6,"1. Junior User (1-6 Months)",Mobile Phone,3,14,E wallet,male,2,3,Laptop & Accessory,3,Married,1,0,12.00,1,1,2,171.00,1.00,"2026-06-08 15:34:49"
50376,0,5,"1. Junior User (1-6 Months)",Mobile Phone,1,15,Debit Card,female,3,3,Laptop & Accessory,2,Divorced,2,1,12.00,1,1,5,163.00,1.00,"2026-06-08 15:34:49"
50377,0,0,"0. New User (<1 Month)",Computer,1,9,Credit Card,female,3,3,Mobile Phone,3,Married,2,0,20.00,1,1,0,121.00,1.00,"2026-06-08 15:34:49"
50378,0,26,"3. Core Loyal (>1 Year)",Mobile Phone,3,6,Credit Card,female,2,3,Laptop & Accessory,5,Single,8,0,20.00,6,8,10,184.00,0.75,"2026-06-08 15:34:49"
50379,0,7,"2. Mid-Loyal (7-12 Months)",Mobile Phone,1,6,Debit Card,male,0,3,Mobile Phone,2,Divorced,2,0,12.00,6,8,8,127.00,0.75,"2026-06-08 15:34:49"
50380,1,8,"2. Mid-Loyal (7-12 Months)",Computer,3,32,Debit Card,female,3,3,Laptop & Accessory,5,Divorced,3,0,14.00,0,1,0,143.00,0.00,"2026-06-08 15:34:49"
50381,0,0,"0. New User (<1 Month)",Mobile Phone,1,12,Debit Card,female,3,3,Mobile Phone,2,Divorced,2,1,13.00,0,1,2,127.00,0.00,"2026-06-08 15:34:49"
50382,0,10,"2. Mid-Loyal (7-12 Months)",Mobile Phone,1,9,UPI,male,2,3,Fashion,3,Divorced,2,0,15.00,6,7,8,194.00,0.86,"2026-06-08 15:34:49"
50383,0,2,"1. Junior User (1-6 Months)",Mobile Phone,3,9,Credit Card,female,3,3,Laptop & Accessory,3,Divorced,2,0,14.00,0,1,2,156.00,0.00,"2026-06-08 15:34:49"
50384,0,8,"2. Mid-Loyal (7-12 Months)",Mobile Phone,1,12,Debit Card,male,2,5,Laptop & Accessory,2,Single,2,0,13.00,11,11,8,166.00,1.00,"2026-06-08 15:34:49"
50385,0,6,"1. Junior User (1-6 Months)",Computer,1,12,Debit Card,male,1,3,Laptop & Accessory,2,Married,4,0,23.00,4,4,7,177.00,1.00,"2026-06-08 15:34:49"
50386,0,27,"3. Core Loyal (>1 Year)",Mobile Phone,2,25,Credit Card,male,2,3,Fashion,4,Divorced,3,0,15.00,3,7,1,207.00,0.43,"2026-06-08 15:34:49"
50387,0,9,"2. Mid-Loyal (7-12 Months)",Mobile Phone,1,15,Credit Card,male,2,4,Laptop & Accessory,4,Married,3,1,11.00,1,1,2,188.00,1.00,"2026-06-08 15:34:49"
50388,0,0,"0. New User (<1 Month)",Mobile Phone,1,9,Credit Card,male,2,4,Mobile Phone,2,Single,1,0,13.00,0,1,1,120.00,0.00,"2026-06-08 15:34:49"
50389,1,0,"0. New User (<1 Month)",Mobile Phone,1,16,Credit Card,male,2,3,Mobile Phone,3,Single,2,1,11.00,0,1,1,110.00,0.00,"2026-06-08 15:34:49"
50390,1,0,"0. New User (<1 Month)",Computer,1,9,Debit Card,male,3,3,Mobile Phone,5,Single,2,1,11.00,9,9,7,133.00,1.00,"2026-06-08 15:34:49"
50391,0,0,"0. New User (<1 Month)",Computer,1,9,Debit Card,male,2,4,Mobile Phone,3,Divorced,2,0,18.00,1,1,0,113.00,1.00,"2026-06-08 15:34:49"
50392,0,0,"0. New User (<1 Month)",Mobile Phone,1,10,Credit Card,male,0,2,Mobile Phone,5,Divorced,3,0,16.00,0,1,2,128.00,0.00,"2026-06-08 15:34:49"
50393,0,0,"0. New User (<1 Month)",Mobile Phone,3,14,Debit Card,male,2,2,Laptop & Accessory,4,Divorced,1,0,22.00,0,1,2,149.00,0.00,"2026-06-08 15:34:49"
50394,0,11,"2. Mid-Loyal (7-12 Months)",Mobile Phone,3,13,E wallet,female,2,4,Laptop & Accessory,2,Single,1,0,20.00,1,1,5,140.00,1.00,"2026-06-08 15:34:49"
50395,0,2,"1. Junior User (1-6 Months)",Computer,1,6,Debit Card,male,0,5,Mobile Phone,2,Married,2,0,18.00,2,2,8,127.00,1.00,"2026-06-08 15:34:49"
50396,0,21,"3. Core Loyal (>1 Year)",Mobile Phone,3,8,E wallet,male,2,2,Laptop & Accessory,4,Divorced,4,0,12.00,2,2,2,181.00,1.00,"2026-06-08 15:34:49"
50397,0,0,"0. New User (<1 Month)",Computer,3,9,Credit Card,female,3,2,Laptop & Accessory,2,Married,2,1,20.00,1,1,4,146.00,1.00,"2026-06-08 15:34:49"
50398,0,10,"2. Mid-Loyal (7-12 Months)",Mobile Phone,1,16,Debit Card,male,3,2,Mobile Phone,2,Single,4,0,17.00,1,1,0,147.00,1.00,"2026-06-08 15:34:49"
50399,0,23,"3. Core Loyal (>1 Year)",Mobile Phone,1,34,Credit Card,male,3,2,Mobile Phone,3,Divorced,2,1,11.00,3,3,8,132.00,1.00,"2026-06-08 15:34:49"
50400,0,7,"2. Mid-Loyal (7-12 Months)",Mobile Phone,1,15,Credit Card,female,2,4,Fashion,4,Single,2,0,14.00,4,7,7,186.00,0.57,"2026-06-08 15:34:49"
50401,1,0,"0. New User (<1 Month)",Mobile Phone,3,9,Debit Card,female,3,3,Laptop & Accessory,3,Single,10,0,14.00,1,2,0,146.00,0.50,"2026-06-08 15:34:49"
50402,0,12,"2. Mid-Loyal (7-12 Months)",Mobile Phone,1,8,Cash on Delivery,female,3,4,Laptop & Accessory,3,Single,2,0,11.00,2,11,10,146.00,0.18,"2026-06-08 15:34:49"
50403,0,5,"1. Junior User (1-6 Months)",Mobile Phone,3,16,E wallet,male,2,3,Laptop & Accessory,2,Single,2,0,12.00,0,1,8,154.00,0.00,"2026-06-08 15:34:49"
50404,1,13,"3. Core Loyal (>1 Year)",Computer,3,14,Cash on Delivery,male,2,3,Laptop & Accessory,3,Divorced,4,1,14.00,1,1,3,168.00,1.00,"2026-06-08 15:34:49"
50405,0,11,"2. Mid-Loyal (7-12 Months)",Mobile Phone,1,6,Debit Card,female,2,2,Laptop & Accessory,2,Single,1,0,13.00,1,1,8,176.00,1.00,"2026-06-08 15:34:49"
50406,0,0,"0. New User (<1 Month)",Mobile Phone,1,6,Debit Card,female,3,3,Fashion,5,Divorced,2,0,11.00,1,1,7,174.00,1.00,"2026-06-08 15:34:49"
50407,0,5,"1. Junior User (1-6 Months)",Mobile Phone,1,9,Debit Card,female,2,3,Fashion,2,Single,4,0,15.00,3,7,-1,212.00,0.43,"2026-06-08 15:34:49"
50408,0,20,"3. Core Loyal (>1 Year)",Mobile Phone,3,20,E wallet,male,2,3,Laptop & Accessory,5,Single,3,0,12.00,0,1,7,150.00,0.00,"2026-06-08 15:34:49"
50409,0,13,"3. Core Loyal (>1 Year)",Computer,3,11,Debit Card,male,2,4,Fashion,5,Divorced,6,1,21.00,0,1,12,205.00,0.00,"2026-06-08 15:34:49"
50410,0,26,"3. Core Loyal (>1 Year)",Mobile Phone,1,13,Debit Card,male,2,2,Grocery,3,Divorced,4,0,19.00,0,0,3,248.00,0.00,"2026-06-08 15:34:49"
50411,0,14,"3. Core Loyal (>1 Year)",Mobile Phone,2,16,UPI,male,3,4,Others,2,Married,4,0,15.00,0,12,6,291.00,0.00,"2026-06-08 15:34:49"
50412,0,30,"3. Core Loyal (>1 Year)",Mobile Phone,3,22,E wallet,male,2,3,Laptop & Accessory,5,Single,9,0,14.00,1,2,2,154.00,0.50,"2026-06-08 15:34:49"
50413,0,0,"0. New User (<1 Month)",Computer,1,16,Debit Card,male,2,3,Fashion,5,Married,2,0,21.00,1,1,7,188.00,1.00,"2026-06-08 15:34:49"
50414,0,14,"3. Core Loyal (>1 Year)",Mobile Phone,2,6,UPI,male,2,4,Others,3,Divorced,2,0,12.00,0,2,10,292.00,0.00,"2026-06-08 15:34:49"
50415,0,23,"3. Core Loyal (>1 Year)",Mobile Phone,3,14,E wallet,male,2,3,Mobile Phone,4,Divorced,8,0,15.00,1,2,2,139.00,0.50,"2026-06-08 15:34:49"
50416,1,0,"0. New User (<1 Month)",Mobile Phone,1,6,Debit Card,female,3,5,Mobile Phone,4,Single,8,1,13.00,1,3,7,122.00,0.33,"2026-06-08 15:34:49"
50417,0,9,"2. Mid-Loyal (7-12 Months)",Computer,1,14,Debit Card,female,3,2,Fashion,5,Divorced,10,0,14.00,0,1,-1,217.00,0.00,"2026-06-08 15:34:49"
50418,0,11,"2. Mid-Loyal (7-12 Months)",Mobile Phone,1,6,Debit Card,female,2,3,Fashion,3,Single,5,1,14.00,0,1,0,179.00,0.00,"2026-06-08 15:34:49"
50419,0,17,"3. Core Loyal (>1 Year)",Computer,1,30,Credit Card,male,2,5,Mobile Phone,3,Single,3,0,14.00,0,1,4,137.00,0.00,"2026-06-08 15:34:49"
50420,0,20,"3. Core Loyal (>1 Year)",Computer,3,9,Credit Card,female,2,3,Grocery,3,Married,10,1,12.00,7,0,13,238.00,0.00,"2026-06-08 15:34:49"
50421,0,3,"1. Junior User (1-6 Months)",Mobile Phone,3,33,E wallet,male,2,3,Laptop & Accessory,2,Married,8,0,23.00,4,7,7,153.00,0.57,"2026-06-08 15:34:49"
50422,0,2,"1. Junior User (1-6 Months)",Mobile Phone,3,-1,Debit Card,male,2,3,Mobile Phone,3,Single,2,0,11.00,0,1,0,126.00,0.00,"2026-06-08 15:34:49"
50423,1,5,"1. Junior User (1-6 Months)",Computer,1,25,Credit Card,male,0,2,Mobile Phone,3,Married,7,1,12.00,2,2,2,128.00,1.00,"2026-06-08 15:34:49"
50424,0,16,"3. Core Loyal (>1 Year)",Computer,3,21,Debit Card,male,2,4,Laptop & Accessory,2,Divorced,4,0,18.00,0,2,2,168.00,0.00,"2026-06-08 15:34:49"
50425,0,7,"2. Mid-Loyal (7-12 Months)",Mobile Phone,1,14,Credit Card,female,3,3,Laptop & Accessory,3,Single,4,0,11.00,1,4,3,161.00,0.25,"2026-06-08 15:34:49"
50426,0,0,"0. New User (<1 Month)",Mobile Phone,1,-1,Credit Card,male,2,3,Mobile Phone,5,Divorced,2,0,14.00,0,1,2,125.00,0.00,"2026-06-08 15:34:49"
50427,0,12,"2. Mid-Loyal (7-12 Months)",Mobile Phone,2,9,UPI,female,2,2,Laptop & Accessory,4,Divorced,10,0,15.00,3,3,6,164.00,1.00,"2026-06-08 15:34:49"
50428,0,29,"3. Core Loyal (>1 Year)",Mobile Phone,1,15,Credit Card,male,2,3,Grocery,2,Divorced,8,0,11.00,0,1,-1,211.00,0.00,"2026-06-08 15:34:49"
50429,0,13,"3. Core Loyal (>1 Year)",Mobile Phone,1,-1,Credit Card,female,2,4,Mobile Phone,2,Single,1,1,20.00,2,2,3,123.00,1.00,"2026-06-08 15:34:49"
50430,0,0,"0. New User (<1 Month)",Mobile Phone,1,13,Credit Card,female,2,4,Laptop & Accessory,5,Single,9,0,19.00,1,1,7,168.00,1.00,"2026-06-08 15:34:49"
50431,0,0,"0. New User (<1 Month)",Mobile Phone,3,16,E wallet,male,2,3,Mobile Phone,4,Married,2,0,14.00,0,2,2,123.00,0.00,"2026-06-08 15:34:49"
50432,0,26,"3. Core Loyal (>1 Year)",Mobile Phone,1,-1,Debit Card,male,2,3,Laptop & Accessory,2,Single,3,0,17.00,1,2,2,125.00,0.50,"2026-06-08 15:34:49"
50433,0,8,"2. Mid-Loyal (7-12 Months)",Computer,1,8,Debit Card,female,3,3,Laptop & Accessory,5,Married,3,0,11.00,0,1,0,151.00,0.00,"2026-06-08 15:34:49"
50434,0,5,"1. Junior User (1-6 Months)",Computer,1,30,Debit Card,male,3,3,Laptop & Accessory,2,Divorced,2,0,15.00,2,4,7,153.00,0.50,"2026-06-08 15:34:49"
50435,0,11,"2. Mid-Loyal (7-12 Months)",Mobile Phone,1,8,Credit Card,male,0,3,Mobile Phone,3,Divorced,7,1,13.00,0,1,1,131.00,0.00,"2026-06-08 15:34:49"
50436,0,7,"2. Mid-Loyal (7-12 Months)",Mobile Phone,1,14,Debit Card,female,2,3,Laptop & Accessory,5,Married,4,0,14.00,1,1,0,151.00,1.00,"2026-06-08 15:34:49"
50437,0,25,"3. Core Loyal (>1 Year)",Mobile Phone,3,9,E wallet,male,2,4,Grocery,5,Divorced,2,0,11.00,0,1,16,269.00,0.00,"2026-06-08 15:34:49"
50438,1,0,"0. New User (<1 Month)",Mobile Phone,1,6,UPI,male,0,3,Mobile Phone,2,Single,2,1,13.00,5,7,8,127.00,0.71,"2026-06-08 15:34:49"
50439,0,0,"0. New User (<1 Month)",Mobile Phone,3,32,Credit Card,female,2,3,Laptop & Accessory,2,Single,2,0,23.00,0,1,4,162.00,0.00,"2026-06-08 15:34:49"
50440,0,18,"3. Core Loyal (>1 Year)",Mobile Phone,3,8,Cash on Delivery,male,2,5,Laptop & Accessory,3,Single,1,0,13.00,0,3,1,166.00,0.00,"2026-06-08 15:34:49"
50441,0,0,"0. New User (<1 Month)",Mobile Phone,1,16,Credit Card,male,3,2,Mobile Phone,3,Single,2,0,18.00,1,1,2,135.00,1.00,"2026-06-08 15:34:49"
50442,1,10,"2. Mid-Loyal (7-12 Months)",Computer,3,33,Debit Card,female,3,1,Laptop & Accessory,3,Single,5,1,12.00,1,1,3,164.00,1.00,"2026-06-08 15:34:49"
50443,0,7,"2. Mid-Loyal (7-12 Months)",Mobile Phone,3,8,UPI,male,2,3,Laptop & Accessory,2,Single,2,0,22.00,0,1,4,163.00,0.00,"2026-06-08 15:34:49"
50444,1,18,"3. Core Loyal (>1 Year)",Mobile Phone,1,8,Credit Card,male,3,3,Others,5,Divorced,6,1,0.0,1,1,4,299.00,1.00,"2026-06-08 15:34:49"
50445,0,9,"2. Mid-Loyal (7-12 Months)",Computer,3,14,Debit Card,male,3,4,Fashion,5,Single,2,0,15.00,0,1,9,176.00,0.00,"2026-06-08 15:34:49"
50446,0,25,"3. Core Loyal (>1 Year)",Computer,1,25,Credit Card,male,2,3,Mobile Phone,2,Divorced,1,0,18.00,1,1,2,143.00,1.00,"2026-06-08 15:34:49"
50447,0,0,"0. New User (<1 Month)",Computer,1,6,Debit Card,female,3,5,Mobile Phone,2,Married,4,0,14.00,2,2,0,144.00,1.00,"2026-06-08 15:34:49"
50448,0,2,"1. Junior User (1-6 Months)",Mobile Phone,1,33,Credit Card,female,3,3,Laptop & Accessory,3,Divorced,5,0,12.00,1,1,1,143.00,1.00,"2026-06-08 15:34:49"
50449,1,0,"0. New User (<1 Month)",Mobile Phone,3,14,Cash on Delivery,male,2,4,Laptop & Accessory,5,Single,7,0,17.00,1,1,2,153.00,1.00,"2026-06-08 15:34:49"
50450,0,7,"2. Mid-Loyal (7-12 Months)",Mobile Phone,1,6,Debit Card,female,3,1,Mobile Phone,2,Single,3,0,16.00,0,1,3,133.00,0.00,"2026-06-08 15:34:49"
50451,0,27,"3. Core Loyal (>1 Year)",Mobile Phone,1,25,Credit Card,female,3,3,Laptop & Accessory,5,Married,10,1,11.00,0,1,4,155.00,0.00,"2026-06-08 15:34:49"
50452,0,2,"1. Junior User (1-6 Months)",Computer,3,5,E wallet,male,2,3,Laptop & Accessory,2,Divorced,1,0,19.00,0,1,1,143.00,0.00,"2026-06-08 15:34:49"
50453,0,10,"2. Mid-Loyal (7-12 Months)",Mobile Phone,1,16,Debit Card,female,0,3,Mobile Phone,5,Married,1,1,13.00,3,4,3,128.00,0.75,"2026-06-08 15:34:49"
50454,0,11,"2. Mid-Loyal (7-12 Months)",Computer,1,8,Debit Card,female,3,1,Laptop & Accessory,5,Single,7,1,12.00,4,4,12,160.00,1.00,"2026-06-08 15:34:49"
50455,0,7,"2. Mid-Loyal (7-12 Months)",Mobile Phone,1,8,Credit Card,female,2,4,Mobile Phone,5,Single,2,0,11.00,1,1,3,144.00,1.00,"2026-06-08 15:34:49"
50456,0,8,"2. Mid-Loyal (7-12 Months)",Mobile Phone,3,-1,Debit Card,female,3,3,Mobile Phone,2,Divorced,2,0,16.00,0,1,2,126.00,0.00,"2026-06-08 15:34:49"
50457,0,3,"1. Junior User (1-6 Months)",Mobile Phone,1,6,Debit Card,male,2,5,Mobile Phone,3,Divorced,4,0,21.00,1,1,2,138.00,1.00,"2026-06-08 15:34:49"
50458,0,13,"3. Core Loyal (>1 Year)",Computer,1,8,Credit Card,female,2,1,Laptop & Accessory,4,Divorced,2,0,24.00,0,3,7,142.00,0.00,"2026-06-08 15:34:49"
50459,0,7,"2. Mid-Loyal (7-12 Months)",Mobile Phone,3,14,Debit Card,female,3,3,Laptop & Accessory,5,Divorced,6,0,17.00,1,1,2,165.00,1.00,"2026-06-08 15:34:49"
50460,0,15,"3. Core Loyal (>1 Year)",Computer,1,14,Debit Card,male,3,3,Others,2,Married,2,0,13.00,0,14,9,284.00,0.00,"2026-06-08 15:34:49"
50461,1,0,"0. New User (<1 Month)",Mobile Phone,1,12,Debit Card,male,3,1,Mobile Phone,5,Divorced,2,1,21.00,1,1,0,116.00,1.00,"2026-06-08 15:34:49"
50462,0,0,"0. New User (<1 Month)",Computer,1,15,Debit Card,male,0,4,Mobile Phone,4,Married,2,0,11.00,1,1,0,127.00,1.00,"2026-06-08 15:34:49"
50463,0,25,"3. Core Loyal (>1 Year)",Mobile Phone,1,17,Debit Card,female,0,3,Laptop & Accessory,3,Divorced,9,0,20.00,1,1,4,131.00,1.00,"2026-06-08 15:34:49"
50464,0,23,"3. Core Loyal (>1 Year)",Mobile Phone,1,8,Credit Card,male,3,3,Grocery,3,Divorced,6,0,16.00,0,1,3,276.00,0.00,"2026-06-08 15:34:49"
50465,1,0,"0. New User (<1 Month)",Mobile Phone,1,-1,Debit Card,female,2,4,Mobile Phone,5,Divorced,2,1,11.00,0,1,0,123.00,0.00,"2026-06-08 15:34:49"
50466,0,6,"1. Junior User (1-6 Months)",Mobile Phone,1,13,Credit Card,male,2,3,Fashion,3,Divorced,1,0,11.00,0,3,-1,217.00,0.00,"2026-06-08 15:34:49"
50467,1,0,"0. New User (<1 Month)",Mobile Phone,3,22,E wallet,female,3,3,Laptop & Accessory,5,Single,6,0,15.00,1,1,2,153.00,1.00,"2026-06-08 15:34:49"
50468,0,20,"3. Core Loyal (>1 Year)",Mobile Phone,1,8,UPI,female,2,3,Grocery,2,Divorced,2,1,11.00,0,3,0,268.00,0.00,"2026-06-08 15:34:49"
50469,0,9,"2. Mid-Loyal (7-12 Months)",Mobile Phone,1,6,UPI,female,2,3,Laptop & Accessory,4,Divorced,1,0,15.00,0,1,5,152.00,0.00,"2026-06-08 15:34:49"
50470,0,2,"1. Junior User (1-6 Months)",Mobile Phone,1,29,Debit Card,male,0,1,Mobile Phone,3,Divorced,2,0,24.00,1,1,7,127.00,1.00,"2026-06-08 15:34:49"
50471,1,20,"3. Core Loyal (>1 Year)",Mobile Phone,1,8,Debit Card,male,2,3,Others,4,Single,8,1,0.0,5,13,8,292.00,0.38,"2026-06-08 15:34:49"
50472,0,8,"2. Mid-Loyal (7-12 Months)",Mobile Phone,1,-1,Debit Card,female,2,1,Mobile Phone,3,Single,4,0,13.00,0,2,2,125.00,0.00,"2026-06-08 15:34:49"
50473,0,15,"3. Core Loyal (>1 Year)",Mobile Phone,1,6,Debit Card,female,2,4,Laptop & Accessory,2,Divorced,10,1,13.00,0,1,2,161.00,0.00,"2026-06-08 15:34:49"
50474,1,0,"0. New User (<1 Month)",Mobile Phone,1,8,Credit Card,male,2,3,Mobile Phone,3,Single,7,0,17.00,0,2,1,144.00,0.00,"2026-06-08 15:34:49"
50475,0,0,"0. New User (<1 Month)",Mobile Phone,2,19,UPI,male,2,3,Mobile Phone,4,Divorced,4,0,13.00,1,1,4,121.00,1.00,"2026-06-08 15:34:49"
50476,0,5,"1. Junior User (1-6 Months)",Mobile Phone,1,10,Debit Card,female,3,4,Laptop & Accessory,3,Divorced,2,0,12.00,1,6,8,162.00,0.17,"2026-06-08 15:34:49"
50477,0,13,"3. Core Loyal (>1 Year)",Computer,1,22,Credit Card,male,2,4,Laptop & Accessory,3,Single,7,0,14.00,1,1,0,151.00,1.00,"2026-06-08 15:34:49"
50478,0,3,"1. Junior User (1-6 Months)",Mobile Phone,1,8,Credit Card,female,2,4,Laptop & Accessory,2,Single,6,1,24.00,1,1,0,169.00,1.00,"2026-06-08 15:34:49"
50479,0,0,"0. New User (<1 Month)",Mobile Phone,1,8,Debit Card,female,3,4,Mobile Phone,3,Single,2,0,14.00,1,1,0,123.00,1.00,"2026-06-08 15:34:49"
50480,0,15,"3. Core Loyal (>1 Year)",Mobile Phone,1,35,Debit Card,male,3,3,Laptop & Accessory,4,Divorced,2,0,13.00,2,7,8,144.00,0.29,"2026-06-08 15:34:49"
50481,0,11,"2. Mid-Loyal (7-12 Months)",Computer,1,18,Debit Card,male,2,4,Laptop & Accessory,5,Married,3,0,15.00,1,1,2,163.00,1.00,"2026-06-08 15:34:49"
50482,0,7,"2. Mid-Loyal (7-12 Months)",Computer,1,-1,Debit Card,female,3,4,Mobile Phone,2,Single,2,0,16.00,1,1,3,126.00,1.00,"2026-06-08 15:34:49"
50483,1,12,"2. Mid-Loyal (7-12 Months)",Mobile Phone,3,17,E wallet,female,2,3,Fashion,2,Divorced,2,0,18.00,0,7,7,177.00,0.00,"2026-06-08 15:34:49"
50484,1,18,"3. Core Loyal (>1 Year)",Mobile Phone,3,8,Credit Card,male,2,3,Laptop & Accessory,2,Single,5,0,16.00,0,7,3,152.00,0.00,"2026-06-08 15:34:49"
50485,0,16,"3. Core Loyal (>1 Year)",Mobile Phone,1,20,Debit Card,male,3,3,Grocery,5,Divorced,7,0,24.00,0,1,0,272.00,0.00,"2026-06-08 15:34:49"
50486,0,0,"0. New User (<1 Month)",Mobile Phone,1,11,Cash on Delivery,male,2,4,Fashion,2,Married,2,1,16.00,0,1,-1,228.00,0.00,"2026-06-08 15:34:49"
50487,0,8,"2. Mid-Loyal (7-12 Months)",Mobile Phone,1,13,UPI,male,2,3,Fashion,3,Single,4,0,21.00,0,1,6,202.00,0.00,"2026-06-08 15:34:49"
50488,0,1,"1. Junior User (1-6 Months)",Mobile Phone,3,8,E wallet,female,2,3,Laptop & Accessory,4,Divorced,2,1,20.00,7,7,5,148.00,1.00,"2026-06-08 15:34:49"
50489,0,7,"2. Mid-Loyal (7-12 Months)",Mobile Phone,2,9,UPI,male,2,3,Mobile Phone,2,Divorced,1,0,19.00,1,1,2,137.00,1.00,"2026-06-08 15:34:49"
50490,1,0,"0. New User (<1 Month)",Computer,1,-1,Credit Card,female,2,4,Mobile Phone,3,Divorced,2,1,14.00,0,1,7,124.00,0.00,"2026-06-08 15:34:49"
50491,0,0,"0. New User (<1 Month)",Computer,1,9,Credit Card,male,2,3,Mobile Phone,2,Divorced,2,0,11.00,1,1,0,117.00,1.00,"2026-06-08 15:34:49"
50492,0,24,"3. Core Loyal (>1 Year)",Mobile Phone,3,32,E wallet,female,3,3,Grocery,3,Divorced,3,0,14.00,0,4,17,263.00,0.00,"2026-06-08 15:34:49"
50493,0,17,"3. Core Loyal (>1 Year)",Mobile Phone,1,10,Credit Card,male,2,3,Laptop & Accessory,4,Single,10,0,12.00,1,2,3,159.00,0.50,"2026-06-08 15:34:49"
50494,0,0,"0. New User (<1 Month)",Mobile Phone,1,8,Credit Card,male,3,1,Mobile Phone,5,Single,8,0,13.00,1,1,1,134.00,1.00,"2026-06-08 15:34:49"
50495,0,6,"1. Junior User (1-6 Months)",Mobile Phone,3,6,Credit Card,male,2,1,Laptop & Accessory,5,Married,2,0,22.00,0,1,8,140.00,0.00,"2026-06-08 15:34:49"
50496,0,8,"2. Mid-Loyal (7-12 Months)",Mobile Phone,1,-1,Credit Card,female,2,4,Mobile Phone,5,Single,2,0,11.00,1,1,1,126.00,1.00,"2026-06-08 15:34:49"
50497,0,9,"2. Mid-Loyal (7-12 Months)",Mobile Phone,3,6,Debit Card,male,2,3,Laptop & Accessory,2,Divorced,2,1,14.00,2,4,11,162.00,0.50,"2026-06-08 15:34:49"
50498,0,5,"1. Junior User (1-6 Months)",Mobile Phone,3,19,Debit Card,male,3,3,Laptop & Accessory,2,Married,3,0,11.00,0,1,3,144.00,0.00,"2026-06-08 15:34:49"
50499,0,3,"1. Junior User (1-6 Months)",Computer,1,11,Debit Card,male,3,4,Mobile Phone,2,Married,10,0,12.00,0,1,3,138.00,0.00,"2026-06-08 15:34:49"
50500,0,26,"3. Core Loyal (>1 Year)",Mobile Phone,3,13,E wallet,female,3,4,Fashion,2,Divorced,8,1,18.00,0,1,-1,209.00,0.00,"2026-06-08 15:34:49"
50501,0,18,"3. Core Loyal (>1 Year)",Mobile Phone,3,15,E wallet,male,3,3,Fashion,5,Married,5,1,12.00,1,1,2,208.00,1.00,"2026-06-08 15:34:49"
50502,0,5,"1. Junior User (1-6 Months)",Mobile Phone,1,14,Credit Card,female,3,1,Laptop & Accessory,3,Divorced,6,0,12.00,1,1,3,152.00,1.00,"2026-06-08 15:34:49"
50503,0,25,"3. Core Loyal (>1 Year)",Computer,1,31,Credit Card,female,2,4,Grocery,2,Divorced,4,0,22.00,0,0,0,238.00,0.00,"2026-06-08 15:34:49"
50504,0,10,"2. Mid-Loyal (7-12 Months)",Mobile Phone,3,22,E wallet,male,3,4,Laptop & Accessory,3,Married,5,0,19.00,1,1,0,163.00,1.00,"2026-06-08 15:34:49"
50505,0,1,"1. Junior User (1-6 Months)",Mobile Phone,2,14,Credit Card,male,3,4,Mobile Phone,2,Married,2,0,13.00,0,1,4,149.00,0.00,"2026-06-08 15:34:49"
50506,0,0,"0. New User (<1 Month)",Mobile Phone,1,6,Debit Card,male,2,4,Laptop & Accessory,2,Divorced,7,0,22.00,2,2,2,148.00,1.00,"2026-06-08 15:34:49"
50507,0,17,"3. Core Loyal (>1 Year)",Mobile Phone,1,14,Debit Card,male,0,1,Mobile Phone,2,Divorced,3,1,24.00,1,1,2,128.00,1.00,"2026-06-08 15:34:49"
50508,0,15,"3. Core Loyal (>1 Year)",Computer,1,-1,Credit Card,male,2,3,Mobile Phone,2,Single,6,1,14.00,0,2,2,125.00,0.00,"2026-06-08 15:34:49"
50509,0,9,"2. Mid-Loyal (7-12 Months)",Mobile Phone,2,-1,Debit Card,male,3,4,Mobile Phone,5,Divorced,1,0,21.00,1,1,3,123.00,1.00,"2026-06-08 15:34:49"
50510,0,0,"0. New User (<1 Month)",Mobile Phone,3,9,UPI,male,3,3,Laptop & Accessory,5,Divorced,2,1,18.00,1,1,3,142.00,1.00,"2026-06-08 15:34:49"
50511,0,8,"2. Mid-Loyal (7-12 Months)",Mobile Phone,1,15,Debit Card,female,3,4,Fashion,3,Divorced,2,1,20.00,2,5,15,207.00,0.40,"2026-06-08 15:34:49"
50512,1,0,"0. New User (<1 Month)",Computer,1,31,Debit Card,female,3,3,Mobile Phone,4,Married,2,1,19.00,0,7,8,120.00,0.00,"2026-06-08 15:34:49"
50513,0,5,"1. Junior User (1-6 Months)",Computer,1,6,Debit Card,male,3,3,Mobile Phone,2,Married,1,0,12.00,0,1,2,123.00,0.00,"2026-06-08 15:34:49"
50514,0,0,"0. New User (<1 Month)",Mobile Phone,3,10,E wallet,male,2,4,Laptop & Accessory,5,Divorced,2,0,12.00,1,1,3,143.00,1.00,"2026-06-08 15:34:49"
50515,0,22,"3. Core Loyal (>1 Year)",Mobile Phone,1,6,Cash on Delivery,female,2,3,Mobile Phone,5,Divorced,3,0,16.00,1,1,2,136.00,1.00,"2026-06-08 15:34:49"
50516,0,0,"0. New User (<1 Month)",Computer,1,10,Debit Card,male,0,4,Mobile Phone,2,Divorced,1,0,17.00,0,3,4,132.00,0.00,"2026-06-08 15:34:49"
50517,0,5,"1. Junior User (1-6 Months)",Computer,3,11,Debit Card,male,2,3,Laptop & Accessory,4,Divorced,2,0,14.00,2,5,3,165.00,0.40,"2026-06-08 15:34:49"
50518,0,11,"2. Mid-Loyal (7-12 Months)",Mobile Phone,3,15,E wallet,male,0,4,Mobile Phone,4,Divorced,1,0,19.00,0,1,2,129.00,0.00,"2026-06-08 15:34:49"
50519,0,15,"3. Core Loyal (>1 Year)",Mobile Phone,1,9,Debit Card,female,3,1,Laptop & Accessory,2,Divorced,3,1,13.00,0,1,3,152.00,0.00,"2026-06-08 15:34:49"
50520,0,4,"1. Junior User (1-6 Months)",Mobile Phone,1,-1,Debit Card,male,2,3,Mobile Phone,2,Divorced,4,1,19.00,1,1,2,124.00,1.00,"2026-06-08 15:34:49"
50521,1,0,"0. New User (<1 Month)",Mobile Phone,3,6,Credit Card,female,0,4,Mobile Phone,3,Married,7,1,19.00,0,1,2,128.00,0.00,"2026-06-08 15:34:49"
50522,0,26,"3. Core Loyal (>1 Year)",Mobile Phone,3,14,E wallet,male,3,3,Grocery,2,Divorced,6,0,14.00,0,2,-1,218.00,0.00,"2026-06-08 15:34:49"
50523,0,8,"2. Mid-Loyal (7-12 Months)",Mobile Phone,1,31,Cash on Delivery,male,3,4,Fashion,4,Divorced,4,0,16.00,3,4,8,209.00,0.75,"2026-06-08 15:34:49"
50524,0,10,"2. Mid-Loyal (7-12 Months)",Computer,3,27,Credit Card,female,0,3,Mobile Phone,2,Divorced,6,0,15.00,1,1,0,130.00,1.00,"2026-06-08 15:34:49"
50525,0,26,"3. Core Loyal (>1 Year)",Mobile Phone,1,29,Debit Card,female,3,3,Grocery,2,Single,7,0,18.00,2,0,8,243.00,0.00,"2026-06-08 15:34:49"
50526,0,16,"3. Core Loyal (>1 Year)",Computer,1,6,Debit Card,female,2,3,Laptop & Accessory,2,Divorced,5,0,13.00,1,2,2,156.00,0.50,"2026-06-08 15:34:49"
50527,0,20,"3. Core Loyal (>1 Year)",Mobile Phone,3,8,E wallet,female,2,3,Laptop & Accessory,2,Divorced,1,1,22.00,5,7,7,145.00,0.71,"2026-06-08 15:34:49"
50528,0,10,"2. Mid-Loyal (7-12 Months)",Computer,3,25,Credit Card,male,2,3,Fashion,4,Single,2,1,13.00,0,1,9,176.00,0.00,"2026-06-08 15:34:49"
50529,0,23,"3. Core Loyal (>1 Year)",Computer,1,8,Debit Card,male,3,3,Grocery,5,Married,2,0,11.00,0,14,7,279.00,0.00,"2026-06-08 15:34:49"
50530,0,12,"2. Mid-Loyal (7-12 Months)",Mobile Phone,2,8,Debit Card,female,2,4,Laptop & Accessory,2,Divorced,9,0,11.00,0,1,4,152.00,0.00,"2026-06-08 15:34:49"
50531,0,0,"0. New User (<1 Month)",Mobile Phone,2,9,UPI,male,2,3,Mobile Phone,4,Married,4,1,11.00,0,1,3,123.00,0.00,"2026-06-08 15:34:49"
50532,1,0,"0. New User (<1 Month)",Mobile Phone,1,31,Debit Card,male,0,3,Mobile Phone,2,Single,2,1,24.00,1,1,1,128.00,1.00,"2026-06-08 15:34:49"
50533,0,2,"1. Junior User (1-6 Months)",Mobile Phone,1,-1,Credit Card,female,3,4,Mobile Phone,2,Married,7,0,14.00,1,1,3,125.00,1.00,"2026-06-08 15:34:49"
50534,0,17,"3. Core Loyal (>1 Year)",Mobile Phone,1,-1,Debit Card,male,3,3,Mobile Phone,5,Divorced,2,1,13.00,2,7,1,126.00,0.29,"2026-06-08 15:34:49"
50535,0,1,"1. Junior User (1-6 Months)",Mobile Phone,3,11,Credit Card,male,3,3,Laptop & Accessory,2,Single,2,0,14.00,1,1,2,149.00,1.00,"2026-06-08 15:34:49"
50536,1,20,"3. Core Loyal (>1 Year)",Computer,1,-1,Debit Card,male,2,4,Mobile Phone,2,Married,10,1,14.00,0,1,0,124.00,0.00,"2026-06-08 15:34:49"
50537,0,16,"3. Core Loyal (>1 Year)",Mobile Phone,1,14,Debit Card,female,2,3,Laptop & Accessory,4,Married,5,0,21.00,1,1,0,148.00,1.00,"2026-06-08 15:34:49"
50538,1,0,"0. New User (<1 Month)",Mobile Phone,3,8,Credit Card,female,2,4,Mobile Phone,3,Single,2,0,13.00,0,1,2,120.00,0.00,"2026-06-08 15:34:49"
50539,1,0,"0. New User (<1 Month)",Mobile Phone,1,24,UPI,female,0,3,Mobile Phone,2,Single,2,0,19.00,1,1,0,127.00,1.00,"2026-06-08 15:34:49"
50540,0,9,"2. Mid-Loyal (7-12 Months)",Mobile Phone,1,20,Debit Card,male,3,3,Laptop & Accessory,2,Divorced,1,1,17.00,4,4,11,166.00,1.00,"2026-06-08 15:34:49"
50541,0,20,"3. Core Loyal (>1 Year)",Mobile Phone,3,8,Debit Card,female,3,4,Mobile Phone,2,Single,2,1,18.00,1,1,2,133.00,1.00,"2026-06-08 15:34:49"
50542,1,0,"0. New User (<1 Month)",Mobile Phone,1,9,Debit Card,female,2,3,Laptop & Accessory,3,Divorced,1,1,19.00,1,1,2,142.00,1.00,"2026-06-08 15:34:49"
50543,1,4,"1. Junior User (1-6 Months)",Mobile Phone,1,8,Debit Card,female,0,5,Mobile Phone,2,Married,5,1,13.00,0,1,0,128.00,0.00,"2026-06-08 15:34:49"
50544,0,1,"1. Junior User (1-6 Months)",Mobile Phone,1,-1,Credit Card,female,3,3,Mobile Phone,3,Married,6,0,18.00,2,2,2,124.00,1.00,"2026-06-08 15:34:49"
50545,1,2,"1. Junior User (1-6 Months)",Mobile Phone,1,-1,Credit Card,male,3,3,Mobile Phone,5,Divorced,8,1,21.00,1,2,2,124.00,0.50,"2026-06-08 15:34:49"
50546,0,0,"0. New User (<1 Month)",Mobile Phone,1,-1,Debit Card,female,3,3,Mobile Phone,3,Single,2,0,19.00,1,1,0,123.00,1.00,"2026-06-08 15:34:49"
50547,0,0,"0. New User (<1 Month)",Mobile Phone,1,16,Debit Card,male,2,3,Mobile Phone,4,Married,2,0,14.00,1,1,0,120.00,1.00,"2026-06-08 15:34:49"
50548,0,15,"3. Core Loyal (>1 Year)",Mobile Phone,3,20,Credit Card,female,3,4,Laptop & Accessory,3,Single,8,0,17.00,0,1,3,162.00,0.00,"2026-06-08 15:34:49"
50549,0,6,"1. Junior User (1-6 Months)",Mobile Phone,1,6,UPI,male,0,4,Mobile Phone,5,Single,4,1,11.00,0,1,2,128.00,0.00,"2026-06-08 15:34:49"
50550,0,30,"3. Core Loyal (>1 Year)",Mobile Phone,1,11,Cash on Delivery,female,2,4,Fashion,4,Married,3,1,13.00,1,1,4,206.00,1.00,"2026-06-08 15:34:49"
50551,0,4,"1. Junior User (1-6 Months)",Mobile Phone,3,-1,Debit Card,male,2,4,Mobile Phone,3,Divorced,4,0,15.00,3,5,2,123.00,0.60,"2026-06-08 15:34:49"
50552,0,8,"2. Mid-Loyal (7-12 Months)",Mobile Phone,1,27,Debit Card,female,2,3,Laptop & Accessory,2,Divorced,2,1,25.00,0,1,7,140.00,0.00,"2026-06-08 15:34:49"
50553,0,22,"3. Core Loyal (>1 Year)",Mobile Phone,1,14,UPI,female,2,3,Fashion,4,Divorced,5,0,11.00,0,1,7,174.00,0.00,"2026-06-08 15:34:49"
50554,0,0,"0. New User (<1 Month)",Mobile Phone,1,26,Credit Card,male,2,3,Mobile Phone,3,Divorced,5,0,17.00,0,1,0,123.00,0.00,"2026-06-08 15:34:49"
50555,0,4,"1. Junior User (1-6 Months)",Computer,3,26,E wallet,female,2,3,Laptop & Accessory,3,Divorced,2,0,13.00,1,1,0,169.00,1.00,"2026-06-08 15:34:49"
50556,0,9,"2. Mid-Loyal (7-12 Months)",Mobile Phone,1,13,UPI,male,3,3,Mobile Phone,2,Single,3,0,18.00,0,1,1,147.00,0.00,"2026-06-08 15:34:49"
50557,0,11,"2. Mid-Loyal (7-12 Months)",Mobile Phone,1,6,Cash on Delivery,female,3,3,Fashion,5,Divorced,2,0,13.00,3,0,11,236.00,0.00,"2026-06-08 15:34:49"
50558,0,5,"1. Junior User (1-6 Months)",Computer,1,-1,Debit Card,female,3,4,Mobile Phone,4,Divorced,7,0,20.00,1,1,2,123.00,1.00,"2026-06-08 15:34:49"
50559,1,0,"0. New User (<1 Month)",Mobile Phone,3,-1,E wallet,male,2,4,Mobile Phone,4,Divorced,2,1,18.00,0,1,0,124.00,0.00,"2026-06-08 15:34:49"
50560,0,13,"3. Core Loyal (>1 Year)",Mobile Phone,3,16,E wallet,male,3,4,Fashion,4,Married,3,0,12.00,1,1,0,197.00,1.00,"2026-06-08 15:34:49"
50561,0,0,"0. New User (<1 Month)",Computer,3,6,Credit Card,male,2,4,Laptop & Accessory,5,Single,2,0,12.00,1,1,7,143.00,1.00,"2026-06-08 15:34:49"
50562,0,14,"3. Core Loyal (>1 Year)",Mobile Phone,1,12,Credit Card,male,2,3,Mobile Phone,5,Single,3,1,13.00,1,2,17,147.00,0.50,"2026-06-08 15:34:49"
50563,0,9,"2. Mid-Loyal (7-12 Months)",Mobile Phone,1,-1,Credit Card,male,3,3,Mobile Phone,3,Single,5,0,21.00,2,3,9,125.00,0.67,"2026-06-08 15:34:49"
50564,1,0,"0. New User (<1 Month)",Mobile Phone,3,27,UPI,male,2,4,Mobile Phone,4,Single,2,1,13.00,0,1,0,121.00,0.00,"2026-06-08 15:34:49"
50565,1,0,"0. New User (<1 Month)",Mobile Phone,1,10,Cash on Delivery,male,0,3,Mobile Phone,5,Single,2,0,19.00,1,1,0,130.00,1.00,"2026-06-08 15:34:49"
50566,0,4,"1. Junior User (1-6 Months)",Mobile Phone,1,18,Credit Card,female,2,3,Laptop & Accessory,2,Divorced,1,1,11.00,0,8,5,159.00,0.00,"2026-06-08 15:34:49"
50567,0,13,"3. Core Loyal (>1 Year)",Computer,1,15,Credit Card,male,2,3,Mobile Phone,4,Married,9,1,14.00,0,1,0,136.00,0.00,"2026-06-08 15:34:49"
50568,0,5,"1. Junior User (1-6 Months)",Mobile Phone,1,9,Credit Card,female,3,3,Laptop & Accessory,5,Divorced,2,0,12.00,6,6,3,167.00,1.00,"2026-06-08 15:34:49"
50569,1,0,"0. New User (<1 Month)",Mobile Phone,3,9,Debit Card,male,2,4,Fashion,2,Divorced,2,1,11.00,3,3,7,203.00,1.00,"2026-06-08 15:34:49"
50570,0,6,"1. Junior User (1-6 Months)",Mobile Phone,1,6,Debit Card,female,2,4,Laptop & Accessory,2,Single,1,0,14.00,0,1,4,169.00,0.00,"2026-06-08 15:34:49"
50571,1,0,"0. New User (<1 Month)",Mobile Phone,3,6,Debit Card,male,2,4,Fashion,3,Divorced,6,0,11.00,1,11,7,206.00,0.09,"2026-06-08 15:34:49"
50572,0,18,"3. Core Loyal (>1 Year)",Computer,1,10,Debit Card,male,2,3,Laptop & Accessory,4,Divorced,2,0,12.00,1,1,8,144.00,1.00,"2026-06-08 15:34:49"
50573,0,0,"0. New User (<1 Month)",Computer,3,26,Cash on Delivery,female,2,3,Mobile Phone,2,Divorced,2,0,15.00,0,1,2,122.00,0.00,"2026-06-08 15:34:49"
50574,0,8,"2. Mid-Loyal (7-12 Months)",Mobile Phone,3,24,Credit Card,female,2,3,Laptop & Accessory,3,Divorced,2,0,16.00,1,1,0,146.00,1.00,"2026-06-08 15:34:49"
50575,0,25,"3. Core Loyal (>1 Year)",Mobile Phone,1,6,Debit Card,male,3,3,Grocery,2,Divorced,3,0,15.00,0,7,8,271.00,0.00,"2026-06-08 15:34:49"
50576,1,20,"3. Core Loyal (>1 Year)",Mobile Phone,1,-1,Cash on Delivery,male,2,3,Mobile Phone,3,Single,5,0,24.00,1,1,0,125.00,1.00,"2026-06-08 15:34:49"
50577,0,26,"3. Core Loyal (>1 Year)",Mobile Phone,3,8,Credit Card,male,2,3,Grocery,3,Married,7,0,13.00,2,0,2,249.00,0.00,"2026-06-08 15:34:49"
50578,0,3,"1. Junior User (1-6 Months)",Mobile Phone,3,14,UPI,male,3,3,Fashion,3,Married,6,0,11.00,4,7,7,173.00,0.57,"2026-06-08 15:34:49"
50579,0,11,"2. Mid-Loyal (7-12 Months)",Computer,3,16,Cash on Delivery,female,2,3,Laptop & Accessory,2,Single,2,1,13.00,0,1,3,157.00,0.00,"2026-06-08 15:34:49"
50580,0,8,"2. Mid-Loyal (7-12 Months)",Mobile Phone,3,9,Debit Card,male,3,3,Fashion,2,Married,7,0,13.00,0,1,8,178.00,0.00,"2026-06-08 15:34:49"
50581,0,12,"2. Mid-Loyal (7-12 Months)",Mobile Phone,3,8,Debit Card,male,2,1,Fashion,3,Single,1,0,18.00,1,1,7,179.00,1.00,"2026-06-08 15:34:49"
50582,1,3,"1. Junior User (1-6 Months)",Computer,3,30,Debit Card,female,3,1,Grocery,4,Single,5,1,16.00,1,0,0,232.00,0.00,"2026-06-08 15:34:49"
50583,0,20,"3. Core Loyal (>1 Year)",Computer,1,22,Credit Card,male,3,1,Laptop & Accessory,3,Married,2,1,19.00,0,2,7,151.00,0.00,"2026-06-08 15:34:49"
50584,0,9,"2. Mid-Loyal (7-12 Months)",Computer,3,14,Cash on Delivery,male,2,3,Laptop & Accessory,2,Married,5,0,13.00,1,1,7,151.00,1.00,"2026-06-08 15:34:49"
50585,1,0,"0. New User (<1 Month)",Computer,1,-1,Credit Card,male,2,4,Mobile Phone,5,Single,1,1,22.00,1,1,2,123.00,1.00,"2026-06-08 15:34:49"
50586,0,6,"1. Junior User (1-6 Months)",Computer,3,23,Debit Card,male,2,3,Grocery,3,Single,2,0,11.00,0,6,0,274.00,0.00,"2026-06-08 15:34:49"
50587,1,0,"0. New User (<1 Month)",Mobile Phone,1,-1,Debit Card,female,3,4,Mobile Phone,5,Single,7,1,20.00,1,1,0,124.00,1.00,"2026-06-08 15:34:49"
50588,0,6,"1. Junior User (1-6 Months)",Mobile Phone,1,19,Debit Card,female,2,3,Mobile Phone,2,Single,4,0,18.00,1,1,2,135.00,1.00,"2026-06-08 15:34:49"
50589,0,0,"0. New User (<1 Month)",Mobile Phone,1,6,Credit Card,female,3,3,Mobile Phone,2,Married,4,0,14.00,0,1,2,123.00,0.00,"2026-06-08 15:34:49"
50590,0,23,"3. Core Loyal (>1 Year)",Mobile Phone,1,6,Credit Card,male,3,3,Grocery,2,Married,10,0,22.00,0,1,3,274.00,0.00,"2026-06-08 15:34:49"
50591,0,6,"1. Junior User (1-6 Months)",Computer,1,6,UPI,female,2,1,Laptop & Accessory,4,Divorced,2,1,13.00,0,1,2,155.00,0.00,"2026-06-08 15:34:49"
50592,0,14,"3. Core Loyal (>1 Year)",Computer,1,15,Credit Card,male,3,3,Others,3,Married,3,0,0.0,1,1,11,294.00,1.00,"2026-06-08 15:34:49"
50593,0,0,"0. New User (<1 Month)",Mobile Phone,1,22,Cash on Delivery,female,0,3,Mobile Phone,4,Divorced,10,0,14.00,2,2,2,128.00,1.00,"2026-06-08 15:34:49"
50594,0,18,"3. Core Loyal (>1 Year)",Computer,1,29,Debit Card,male,2,3,Laptop & Accessory,5,Divorced,2,1,15.00,1,1,8,136.00,1.00,"2026-06-08 15:34:49"
50595,0,20,"3. Core Loyal (>1 Year)",Mobile Phone,3,10,Debit Card,female,2,3,Laptop & Accessory,2,Single,2,1,17.00,1,1,7,142.00,1.00,"2026-06-08 15:34:49"
50596,1,0,"0. New User (<1 Month)",Mobile Phone,1,28,Debit Card,female,2,3,Mobile Phone,3,Divorced,5,1,11.00,0,1,1,121.00,0.00,"2026-06-08 15:34:49"
50597,0,23,"3. Core Loyal (>1 Year)",Mobile Phone,1,30,Debit Card,male,3,3,Grocery,3,Divorced,4,1,18.00,0,0,5,240.00,0.00,"2026-06-08 15:34:49"
50598,0,11,"2. Mid-Loyal (7-12 Months)",Computer,1,16,Credit Card,male,0,3,Mobile Phone,3,Divorced,1,0,17.00,0,1,2,127.00,0.00,"2026-06-08 15:34:49"
50599,0,19,"3. Core Loyal (>1 Year)",Mobile Phone,1,13,Credit Card,male,3,3,Fashion,3,Married,7,0,13.00,0,1,7,208.00,0.00,"2026-06-08 15:34:49"
50600,0,0,"0. New User (<1 Month)",Mobile Phone,1,23,Credit Card,female,2,4,Laptop & Accessory,3,Married,2,0,15.00,2,3,2,144.00,0.67,"2026-06-08 15:34:49"
50601,1,0,"0. New User (<1 Month)",Mobile Phone,1,20,UPI,male,2,4,Mobile Phone,4,Married,2,1,24.00,1,1,2,137.00,1.00,"2026-06-08 15:34:49"
50602,0,4,"1. Junior User (1-6 Months)",Computer,1,6,Debit Card,female,3,3,Laptop & Accessory,5,Divorced,2,0,12.00,1,1,3,141.00,1.00,"2026-06-08 15:34:49"
50603,0,0,"0. New User (<1 Month)",Computer,1,11,Debit Card,male,3,3,Mobile Phone,2,Single,2,0,15.00,1,1,0,111.00,1.00,"2026-06-08 15:34:49"
50604,0,27,"3. Core Loyal (>1 Year)",Mobile Phone,1,23,Cash on Delivery,female,2,3,Fashion,3,Divorced,9,0,11.00,1,1,8,207.00,1.00,"2026-06-08 15:34:49"
50605,0,8,"2. Mid-Loyal (7-12 Months)",Mobile Phone,1,31,Credit Card,female,2,3,Fashion,3,Married,2,1,11.00,2,10,1,204.00,0.20,"2026-06-08 15:34:49"
50606,0,3,"1. Junior User (1-6 Months)",Mobile Phone,1,14,Debit Card,female,3,1,Fashion,5,Divorced,1,1,12.00,0,1,-1,214.00,0.00,"2026-06-08 15:34:49"
50607,1,0,"0. New User (<1 Month)",Mobile Phone,1,-1,Credit Card,female,3,4,Mobile Phone,5,Single,2,1,15.00,0,1,0,126.00,0.00,"2026-06-08 15:34:49"
50608,1,0,"0. New User (<1 Month)",Computer,1,-1,Credit Card,female,2,3,Mobile Phone,4,Single,1,0,17.00,0,1,2,124.00,0.00,"2026-06-08 15:34:49"
50609,0,0,"0. New User (<1 Month)",Mobile Phone,1,8,Credit Card,male,2,1,Laptop & Accessory,2,Divorced,2,0,12.00,1,1,3,155.00,1.00,"2026-06-08 15:34:49"
50610,0,0,"0. New User (<1 Month)",Mobile Phone,1,-1,Debit Card,male,3,5,Mobile Phone,5,Divorced,2,0,15.00,1,1,1,125.00,1.00,"2026-06-08 15:34:49"
50611,0,21,"3. Core Loyal (>1 Year)",Mobile Phone,1,12,Debit Card,male,3,4,Laptop & Accessory,3,Single,3,0,13.00,0,2,2,142.00,0.00,"2026-06-08 15:34:49"
50612,0,21,"3. Core Loyal (>1 Year)",Mobile Phone,1,10,Debit Card,male,3,4,Fashion,3,Single,8,0,14.00,1,4,-1,210.00,0.25,"2026-06-08 15:34:49"
50613,0,14,"3. Core Loyal (>1 Year)",Mobile Phone,1,13,Credit Card,female,2,3,Laptop & Accessory,3,Single,7,0,14.00,1,2,1,150.00,0.50,"2026-06-08 15:34:49"
50614,0,12,"2. Mid-Loyal (7-12 Months)",Mobile Phone,1,6,Debit Card,female,3,4,Grocery,2,Divorced,2,0,16.00,0,11,-1,227.00,0.00,"2026-06-08 15:34:49"
50615,0,0,"0. New User (<1 Month)",Mobile Phone,1,8,Debit Card,female,2,3,Laptop & Accessory,2,Divorced,1,0,18.00,0,2,2,142.00,0.00,"2026-06-08 15:34:49"
50616,0,8,"2. Mid-Loyal (7-12 Months)",Mobile Phone,1,16,UPI,male,2,3,Mobile Phone,2,Married,2,0,20.00,1,1,2,139.00,1.00,"2026-06-08 15:34:49"
50617,0,15,"3. Core Loyal (>1 Year)",Mobile Phone,3,11,E wallet,male,2,3,Others,3,Divorced,7,0,13.00,0,1,0,283.00,0.00,"2026-06-08 15:34:49"
50618,0,23,"3. Core Loyal (>1 Year)",Mobile Phone,1,-1,Debit Card,male,3,3,Mobile Phone,2,Divorced,5,0,18.00,1,1,0,124.00,1.00,"2026-06-08 15:34:49"
50619,0,30,"3. Core Loyal (>1 Year)",Mobile Phone,1,8,Debit Card,female,3,4,Grocery,2,Single,4,1,13.00,0,0,3,237.00,0.00,"2026-06-08 15:34:49"
50620,1,0,"0. New User (<1 Month)",Mobile Phone,1,17,Credit Card,female,3,5,Laptop & Accessory,4,Divorced,6,0,15.00,1,1,0,148.00,1.00,"2026-06-08 15:34:49"
50621,0,28,"3. Core Loyal (>1 Year)",Computer,1,24,Credit Card,male,3,3,Laptop & Accessory,4,Divorced,4,1,14.00,6,6,7,164.00,1.00,"2026-06-08 15:34:49"
50622,0,14,"3. Core Loyal (>1 Year)",Computer,1,13,Debit Card,female,2,5,Others,3,Married,2,0,0.0,1,5,10,300.00,0.20,"2026-06-08 15:34:49"
50623,0,11,"2. Mid-Loyal (7-12 Months)",Mobile Phone,3,9,Debit Card,male,2,3,Laptop & Accessory,2,Single,9,1,12.00,1,1,0,169.00,1.00,"2026-06-08 15:34:49"
50624,1,0,"0. New User (<1 Month)",Computer,3,35,Credit Card,male,3,5,Laptop & Accessory,5,Single,9,0,18.00,0,2,2,150.00,0.00,"2026-06-08 15:34:49"
50625,1,15,"3. Core Loyal (>1 Year)",Mobile Phone,3,8,E wallet,female,2,5,Others,2,Divorced,2,0,0.0,5,6,9,298.00,0.83,"2026-06-08 15:34:49"
50626,0,17,"3. Core Loyal (>1 Year)",Mobile Phone,3,34,Credit Card,female,2,1,Grocery,2,Divorced,4,1,18.00,1,0,11,233.00,0.00,"2026-06-08 15:34:49"
50627,0,23,"3. Core Loyal (>1 Year)",Computer,3,6,Debit Card,female,3,3,Laptop & Accessory,3,Divorced,1,0,12.00,1,1,13,163.00,1.00,"2026-06-08 15:34:49"
50628,1,0,"0. New User (<1 Month)",Mobile Phone,1,22,Debit Card,female,0,1,Mobile Phone,5,Single,2,0,16.00,15,15,14,127.00,1.00,"2026-06-08 15:34:49"
50629,0,12,"2. Mid-Loyal (7-12 Months)",Computer,1,28,Credit Card,female,2,3,Fashion,5,Single,2,1,13.00,1,2,8,209.00,0.50,"2026-06-08 15:34:49"
50630,0,6,"1. Junior User (1-6 Months)",Computer,3,-1,Debit Card,female,2,4,Mobile Phone,2,Single,1,0,19.00,2,2,2,123.00,1.00,"2026-06-08 15:34:49"
50631,0,18,"3. Core Loyal (>1 Year)",Mobile Phone,3,17,Debit Card,female,2,3,Grocery,2,Divorced,4,0,13.00,0,1,1,277.00,0.00,"2026-06-08 15:34:49"
50632,0,5,"1. Junior User (1-6 Months)",Computer,1,35,Credit Card,female,3,3,Mobile Phone,3,Single,10,0,12.00,5,7,7,140.00,0.71,"2026-06-08 15:34:49"
50633,0,7,"2. Mid-Loyal (7-12 Months)",Mobile Phone,3,6,E wallet,male,3,1,Laptop & Accessory,2,Married,1,0,11.00,1,1,9,197.00,1.00,"2026-06-08 15:34:49"
50634,0,30,"3. Core Loyal (>1 Year)",Mobile Phone,3,6,Cash on Delivery,male,3,3,Fashion,2,Divorced,4,1,14.00,0,1,-1,219.00,0.00,"2026-06-08 15:34:49"
50635,0,0,"0. New User (<1 Month)",Mobile Phone,2,30,Credit Card,male,2,3,Mobile Phone,4,Single,2,0,16.00,0,1,4,122.00,0.00,"2026-06-08 15:34:49"
50636,0,26,"3. Core Loyal (>1 Year)",Computer,3,8,E wallet,female,2,4,Fashion,4,Divorced,3,0,12.00,0,6,12,175.00,0.00,"2026-06-08 15:34:49"
50637,1,0,"0. New User (<1 Month)",Mobile Phone,1,21,UPI,male,2,3,Laptop & Accessory,3,Married,8,0,14.00,0,1,0,148.00,0.00,"2026-06-08 15:34:49"
50638,1,0,"0. New User (<1 Month)",Computer,1,8,Debit Card,male,2,3,Mobile Phone,5,Divorced,7,1,14.00,1,1,2,120.00,1.00,"2026-06-08 15:34:49"
50639,0,0,"0. New User (<1 Month)",Mobile Phone,3,16,Debit Card,female,2,3,Mobile Phone,3,Divorced,2,1,19.00,0,1,0,122.00,0.00,"2026-06-08 15:34:49"
50640,0,1,"1. Junior User (1-6 Months)",Mobile Phone,3,16,Credit Card,male,3,3,Mobile Phone,4,Divorced,2,0,22.00,1,1,0,111.00,1.00,"2026-06-08 15:34:49"
50641,0,11,"2. Mid-Loyal (7-12 Months)",Computer,1,9,UPI,male,0,3,Mobile Phone,3,Divorced,4,0,16.00,2,2,2,128.00,1.00,"2026-06-08 15:34:49"
50642,0,23,"3. Core Loyal (>1 Year)",Mobile Phone,1,8,Credit Card,male,3,3,Others,3,Divorced,3,1,0.0,7,7,7,292.00,1.00,"2026-06-08 15:34:49"
50643,0,10,"2. Mid-Loyal (7-12 Months)",Mobile Phone,1,9,UPI,female,2,3,Laptop & Accessory,4,Single,4,0,15.00,1,1,1,141.00,1.00,"2026-06-08 15:34:49"
50644,0,13,"3. Core Loyal (>1 Year)",Mobile Phone,3,32,E wallet,male,3,3,Laptop & Accessory,5,Divorced,2,0,14.00,5,7,5,184.00,0.71,"2026-06-08 15:34:49"
50645,0,0,"0. New User (<1 Month)",Computer,1,6,Credit Card,female,3,4,Mobile Phone,3,Married,2,0,13.00,1,1,3,120.00,1.00,"2026-06-08 15:34:49"
50646,0,19,"3. Core Loyal (>1 Year)",Mobile Phone,1,6,Credit Card,male,2,3,Others,2,Married,10,0,0.0,1,2,2,296.00,0.50,"2026-06-08 15:34:49"
50647,0,27,"3. Core Loyal (>1 Year)",Mobile Phone,3,8,Debit Card,female,2,4,Fashion,3,Divorced,7,0,11.00,6,7,0,207.00,0.86,"2026-06-08 15:34:49"
50648,0,29,"3. Core Loyal (>1 Year)",Computer,1,15,Credit Card,female,0,3,Mobile Phone,3,Divorced,3,0,19.00,0,1,3,129.00,0.00,"2026-06-08 15:34:49"
50649,0,9,"2. Mid-Loyal (7-12 Months)",Mobile Phone,1,18,Credit Card,female,2,4,Fashion,2,Single,1,0,11.00,5,7,8,189.00,0.71,"2026-06-08 15:34:49"
50650,0,28,"3. Core Loyal (>1 Year)",Computer,1,8,Credit Card,male,2,4,Grocery,5,Single,8,0,15.00,0,6,2,268.00,0.00,"2026-06-08 15:34:49"
50651,0,16,"3. Core Loyal (>1 Year)",Mobile Phone,3,31,Credit Card,male,3,4,Fashion,2,Married,6,0,13.00,1,0,0,234.00,0.00,"2026-06-08 15:34:49"
50652,1,0,"0. New User (<1 Month)",Computer,3,-1,E wallet,female,2,3,Mobile Phone,2,Single,2,1,14.00,0,1,2,123.00,0.00,"2026-06-08 15:34:49"
50653,1,0,"0. New User (<1 Month)",Mobile Phone,1,16,Debit Card,female,2,4,Mobile Phone,5,Single,2,0,13.00,1,1,0,114.00,1.00,"2026-06-08 15:34:49"
50654,0,19,"3. Core Loyal (>1 Year)",Mobile Phone,1,14,Debit Card,female,3,4,Laptop & Accessory,5,Married,9,1,23.00,1,1,7,146.00,1.00,"2026-06-08 15:34:49"
50655,1,14,"3. Core Loyal (>1 Year)",Mobile Phone,1,-1,Debit Card,male,2,3,Mobile Phone,3,Divorced,10,1,12.00,1,2,7,125.00,0.50,"2026-06-08 15:34:49"
50656,1,0,"0. New User (<1 Month)",Computer,1,30,Cash on Delivery,male,3,4,Fashion,5,Single,2,0,12.00,0,1,9,187.00,0.00,"2026-06-08 15:34:49"
50657,0,0,"0. New User (<1 Month)",Mobile Phone,1,6,Credit Card,male,2,4,Mobile Phone,5,Divorced,2,0,16.00,0,1,3,140.00,0.00,"2026-06-08 15:34:49"
50658,0,3,"1. Junior User (1-6 Months)",Mobile Phone,1,26,UPI,male,2,3,Laptop & Accessory,5,Divorced,1,0,15.00,1,1,2,200.00,1.00,"2026-06-08 15:34:49"
50659,0,14,"3. Core Loyal (>1 Year)",Mobile Phone,1,13,Cash on Delivery,female,2,1,Mobile Phone,3,Divorced,2,0,13.00,1,1,8,134.00,1.00,"2026-06-08 15:34:49"
50660,0,11,"2. Mid-Loyal (7-12 Months)",Mobile Phone,1,23,Debit Card,female,3,4,Fashion,3,Divorced,1,0,18.00,0,1,9,188.00,0.00,"2026-06-08 15:34:49"
50661,0,13,"3. Core Loyal (>1 Year)",Mobile Phone,1,26,Cash on Delivery,male,3,3,Fashion,2,Divorced,5,0,20.00,4,11,1,203.00,0.36,"2026-06-08 15:34:49"
50662,0,0,"0. New User (<1 Month)",Computer,1,14,Debit Card,male,2,5,Mobile Phone,3,Divorced,2,0,19.00,1,1,2,146.00,1.00,"2026-06-08 15:34:49"
50663,0,28,"3. Core Loyal (>1 Year)",Computer,1,8,Debit Card,male,3,3,Fashion,4,Divorced,4,0,18.00,1,1,-1,210.00,1.00,"2026-06-08 15:34:49"
50664,0,1,"1. Junior User (1-6 Months)",Mobile Phone,1,16,UPI,female,2,3,Laptop & Accessory,3,Single,4,0,13.00,1,1,7,137.00,1.00,"2026-06-08 15:34:49"
50665,1,7,"2. Mid-Loyal (7-12 Months)",Mobile Phone,2,6,Credit Card,male,3,4,Fashion,5,Divorced,10,0,14.00,2,3,6,205.00,0.67,"2026-06-08 15:34:49"
50666,0,6,"1. Junior User (1-6 Months)",Mobile Phone,1,11,Debit Card,male,2,4,Fashion,2,Married,5,0,15.00,0,1,2,171.00,0.00,"2026-06-08 15:34:49"
50667,1,0,"0. New User (<1 Month)",Mobile Phone,3,10,Cash on Delivery,male,2,3,Fashion,5,Single,1,1,22.00,3,4,7,196.00,0.75,"2026-06-08 15:34:49"
50668,1,0,"0. New User (<1 Month)",Computer,1,35,Credit Card,female,2,4,Laptop & Accessory,3,Single,2,0,22.00,3,3,8,145.00,1.00,"2026-06-08 15:34:49"
50669,0,0,"0. New User (<1 Month)",Mobile Phone,1,21,Debit Card,male,2,3,Mobile Phone,3,Married,2,0,16.00,2,2,2,122.00,1.00,"2026-06-08 15:34:49"
50670,0,7,"2. Mid-Loyal (7-12 Months)",Computer,1,9,Debit Card,male,2,3,Laptop & Accessory,2,Single,1,0,17.00,1,1,4,178.00,1.00,"2026-06-08 15:34:49"
50671,0,10,"2. Mid-Loyal (7-12 Months)",Mobile Phone,3,16,Debit Card,female,2,4,Laptop & Accessory,2,Married,3,1,14.00,0,1,0,167.00,0.00,"2026-06-08 15:34:49"
50672,1,0,"0. New User (<1 Month)",Mobile Phone,1,10,Cash on Delivery,male,2,3,Mobile Phone,2,Divorced,2,1,15.00,5,5,6,137.00,1.00,"2026-06-08 15:34:49"
50673,1,0,"0. New User (<1 Month)",Mobile Phone,1,-1,Credit Card,male,2,3,Mobile Phone,3,Married,2,0,20.00,1,1,0,124.00,1.00,"2026-06-08 15:34:49"
50674,1,0,"0. New User (<1 Month)",Mobile Phone,1,31,Credit Card,male,2,4,Mobile Phone,4,Single,5,1,20.00,0,2,2,123.00,0.00,"2026-06-08 15:34:49"
50675,0,15,"3. Core Loyal (>1 Year)",Mobile Phone,1,8,Credit Card,male,2,3,Grocery,5,Divorced,1,0,17.00,0,13,7,277.00,0.00,"2026-06-08 15:34:49"
50676,1,0,"0. New User (<1 Month)",Computer,1,-1,Credit Card,male,2,4,Mobile Phone,4,Married,2,0,15.00,0,1,0,126.00,0.00,"2026-06-08 15:34:49"
50677,1,13,"3. Core Loyal (>1 Year)",Computer,3,6,UPI,male,2,3,Laptop & Accessory,3,Single,4,1,14.00,0,1,0,147.00,0.00,"2026-06-08 15:34:49"
50678,0,6,"1. Junior User (1-6 Months)",Computer,3,13,Debit Card,female,1,3,Laptop & Accessory,4,Divorced,1,0,17.00,1,1,2,143.00,1.00,"2026-06-08 15:34:49"
50679,0,7,"2. Mid-Loyal (7-12 Months)",Computer,1,9,Debit Card,male,0,4,Mobile Phone,2,Divorced,4,0,17.00,1,1,0,130.00,1.00,"2026-06-08 15:34:49"
50680,0,21,"3. Core Loyal (>1 Year)",Computer,1,6,Credit Card,male,2,1,Grocery,2,Single,3,0,22.00,0,2,1,269.00,0.00,"2026-06-08 15:34:49"
50681,0,18,"3. Core Loyal (>1 Year)",Computer,3,15,Debit Card,female,3,4,Laptop & Accessory,3,Divorced,2,0,13.00,0,4,12,156.00,0.00,"2026-06-08 15:34:49"
50682,0,25,"3. Core Loyal (>1 Year)",Mobile Phone,1,13,Debit Card,male,2,3,Fashion,4,Single,8,0,19.00,3,4,0,204.00,0.75,"2026-06-08 15:34:49"
50683,0,11,"2. Mid-Loyal (7-12 Months)",Mobile Phone,3,16,E wallet,male,3,4,Fashion,3,Married,1,1,14.00,2,2,7,187.00,1.00,"2026-06-08 15:34:49"
50684,0,2,"1. Junior User (1-6 Months)",Mobile Phone,1,-1,Debit Card,female,3,3,Mobile Phone,2,Married,5,0,22.00,0,1,7,125.00,0.00,"2026-06-08 15:34:49"
50685,0,1,"1. Junior User (1-6 Months)",Mobile Phone,1,9,Credit Card,female,3,3,Fashion,4,Married,1,0,17.00,0,1,7,177.00,0.00,"2026-06-08 15:34:49"
50686,0,19,"3. Core Loyal (>1 Year)",Mobile Phone,3,9,E wallet,male,2,3,Grocery,3,Divorced,4,0,12.00,0,4,9,275.00,0.00,"2026-06-08 15:34:49"
50687,0,11,"2. Mid-Loyal (7-12 Months)",Mobile Phone,3,8,E wallet,male,2,3,Fashion,4,Single,8,0,16.00,1,1,0,174.00,1.00,"2026-06-08 15:34:49"
50688,0,16,"3. Core Loyal (>1 Year)",Computer,1,33,Debit Card,female,2,3,Fashion,5,Divorced,9,0,11.00,0,1,1,208.00,0.00,"2026-06-08 15:34:49"
50689,1,2,"1. Junior User (1-6 Months)",Computer,1,8,Debit Card,male,2,3,Grocery,2,Married,8,0,11.00,7,11,-1,222.00,0.64,"2026-06-08 15:34:49"
50690,0,13,"3. Core Loyal (>1 Year)",Mobile Phone,1,20,Credit Card,male,2,4,Others,3,Single,2,0,0.0,4,4,9,296.00,1.00,"2026-06-08 15:34:49"
50691,0,0,"0. New User (<1 Month)",Mobile Phone,1,6,Cash on Delivery,female,3,4,Mobile Phone,4,Single,2,1,11.00,0,2,2,121.00,0.00,"2026-06-08 15:34:49"
50692,0,12,"2. Mid-Loyal (7-12 Months)",Computer,1,15,Debit Card,male,3,3,Laptop & Accessory,4,Single,21,0,15.00,1,1,3,168.00,1.00,"2026-06-08 15:34:49"
50693,0,9,"2. Mid-Loyal (7-12 Months)",Computer,1,24,Debit Card,male,3,3,Laptop & Accessory,2,Single,3,0,20.00,1,1,9,178.00,1.00,"2026-06-08 15:34:49"
50694,0,4,"1. Junior User (1-6 Months)",Computer,3,26,Debit Card,male,0,1,Mobile Phone,2,Divorced,1,0,12.00,1,2,2,128.00,0.50,"2026-06-08 15:34:49"
50695,0,1,"1. Junior User (1-6 Months)",Mobile Phone,1,8,Debit Card,male,3,4,Mobile Phone,4,Divorced,1,0,17.00,0,1,4,132.00,0.00,"2026-06-08 15:34:49"
50696,0,8,"2. Mid-Loyal (7-12 Months)",Computer,3,17,E wallet,male,2,3,Laptop & Accessory,2,Married,2,0,11.00,0,1,2,150.00,0.00,"2026-06-08 15:34:49"
50697,0,22,"3. Core Loyal (>1 Year)",Mobile Phone,3,14,Cash on Delivery,male,2,4,Grocery,4,Divorced,7,0,17.00,1,2,-1,231.00,0.50,"2026-06-08 15:34:49"
50698,0,7,"2. Mid-Loyal (7-12 Months)",Computer,1,8,Debit Card,male,3,3,Laptop & Accessory,3,Single,3,0,11.00,1,1,2,140.00,1.00,"2026-06-08 15:34:49"
50699,0,2,"1. Junior User (1-6 Months)",Computer,1,16,Debit Card,female,3,3,Mobile Phone,4,Married,1,0,14.00,1,1,1,133.00,1.00,"2026-06-08 15:34:49"
50700,0,15,"3. Core Loyal (>1 Year)",Mobile Phone,1,35,Credit Card,male,2,5,Laptop & Accessory,2,Single,5,0,19.00,1,1,0,143.00,1.00,"2026-06-08 15:34:49"
50701,0,2,"1. Junior User (1-6 Months)",Mobile Phone,1,14,Credit Card,male,3,4,Laptop & Accessory,2,Divorced,2,1,13.00,0,1,2,151.00,0.00,"2026-06-08 15:34:49"
50702,0,11,"2. Mid-Loyal (7-12 Months)",Mobile Phone,2,6,UPI,male,0,1,Mobile Phone,3,Divorced,2,0,13.00,1,5,0,128.00,0.20,"2026-06-08 15:34:49"
50703,0,4,"1. Junior User (1-6 Months)",Computer,1,12,Debit Card,male,0,4,Mobile Phone,3,Married,2,1,14.00,1,1,2,127.00,1.00,"2026-06-08 15:34:49"
50704,1,0,"0. New User (<1 Month)",Computer,1,14,Credit Card,male,3,3,Mobile Phone,3,Single,2,0,12.00,0,1,0,119.00,0.00,"2026-06-08 15:34:49"
50705,1,0,"0. New User (<1 Month)",Mobile Phone,3,15,E wallet,female,3,3,Laptop & Accessory,5,Single,1,1,17.00,0,1,3,182.00,0.00,"2026-06-08 15:34:49"
50706,0,14,"3. Core Loyal (>1 Year)",Mobile Phone,1,18,Debit Card,male,2,3,Mobile Phone,2,Divorced,4,1,11.00,1,1,0,148.00,1.00,"2026-06-08 15:34:49"
50707,1,0,"0. New User (<1 Month)",Computer,1,-1,Credit Card,male,3,3,Mobile Phone,3,Divorced,2,0,12.00,2,2,2,126.00,1.00,"2026-06-08 15:34:49"
50708,0,10,"2. Mid-Loyal (7-12 Months)",Mobile Phone,1,31,Credit Card,female,2,4,Laptop & Accessory,2,Married,8,0,13.00,0,1,3,157.00,0.00,"2026-06-08 15:34:49"
50709,0,0,"0. New User (<1 Month)",Mobile Phone,1,-1,Debit Card,male,2,4,Mobile Phone,3,Divorced,2,0,13.00,2,2,2,125.00,1.00,"2026-06-08 15:34:49"
50710,0,7,"2. Mid-Loyal (7-12 Months)",Mobile Phone,3,15,Debit Card,female,3,3,Laptop & Accessory,3,Divorced,2,0,20.00,1,1,3,157.00,1.00,"2026-06-08 15:34:49"
50711,0,8,"2. Mid-Loyal (7-12 Months)",Mobile Phone,2,14,Cash on Delivery,male,3,3,Mobile Phone,3,Single,2,0,17.00,0,1,4,143.00,0.00,"2026-06-08 15:34:49"
50712,1,0,"0. New User (<1 Month)",Mobile Phone,3,29,Debit Card,female,2,4,Fashion,5,Divorced,2,0,13.00,0,3,10,173.00,0.00,"2026-06-08 15:34:49"
50713,0,13,"3. Core Loyal (>1 Year)",Computer,1,15,Credit Card,female,2,3,Fashion,3,Single,10,0,17.00,0,0,13,235.00,0.00,"2026-06-08 15:34:49"
50714,1,5,"1. Junior User (1-6 Months)",Computer,3,18,Debit Card,male,2,3,Grocery,5,Single,1,1,12.00,7,0,14,238.00,0.00,"2026-06-08 15:34:49"
50715,0,15,"3. Core Loyal (>1 Year)",Mobile Phone,3,10,E wallet,male,2,3,Laptop & Accessory,5,Single,8,0,13.00,1,1,5,152.00,1.00,"2026-06-08 15:34:49"
50716,0,0,"0. New User (<1 Month)",Mobile Phone,1,6,Credit Card,male,2,4,Mobile Phone,3,Divorced,7,0,12.00,1,1,7,123.00,1.00,"2026-06-08 15:34:49"
50717,0,0,"0. New User (<1 Month)",Mobile Phone,1,30,Credit Card,male,2,3,Mobile Phone,4,Single,9,0,22.00,1,1,2,136.00,1.00,"2026-06-08 15:34:49"
50718,1,0,"0. New User (<1 Month)",Mobile Phone,1,-1,Debit Card,female,3,3,Mobile Phone,2,Divorced,2,1,11.00,1,1,0,125.00,1.00,"2026-06-08 15:34:49"
50719,0,0,"0. New User (<1 Month)",Mobile Phone,1,9,Credit Card,male,2,1,Mobile Phone,2,Divorced,2,0,22.00,1,1,7,144.00,1.00,"2026-06-08 15:34:49"
50720,0,3,"1. Junior User (1-6 Months)",Mobile Phone,3,16,E wallet,male,3,4,Laptop & Accessory,3,Divorced,2,0,18.00,1,1,4,166.00,1.00,"2026-06-08 15:34:49"
50721,0,13,"3. Core Loyal (>1 Year)",Computer,1,32,Credit Card,female,3,4,Laptop & Accessory,2,Divorced,4,1,13.00,1,1,0,144.00,1.00,"2026-06-08 15:34:49"
50722,0,8,"2. Mid-Loyal (7-12 Months)",Mobile Phone,1,8,Debit Card,male,2,4,Fashion,4,Married,3,0,18.00,6,6,4,203.00,1.00,"2026-06-08 15:34:49"
50723,0,7,"2. Mid-Loyal (7-12 Months)",Computer,1,6,Credit Card,male,3,4,Laptop & Accessory,5,Single,1,0,20.00,1,4,9,153.00,0.25,"2026-06-08 15:34:49"
50724,0,8,"2. Mid-Loyal (7-12 Months)",Computer,1,-1,UPI,male,2,4,Mobile Phone,2,Divorced,2,0,13.00,2,2,2,124.00,1.00,"2026-06-08 15:34:49"
50725,1,6,"1. Junior User (1-6 Months)",Mobile Phone,3,15,E wallet,female,2,5,Laptop & Accessory,3,Single,9,0,13.00,1,1,3,153.00,1.00,"2026-06-08 15:34:49"
50726,0,5,"1. Junior User (1-6 Months)",Computer,3,8,Debit Card,female,0,3,Mobile Phone,5,Married,2,0,12.00,0,1,0,128.00,0.00,"2026-06-08 15:34:49"
50727,0,29,"3. Core Loyal (>1 Year)",Mobile Phone,1,10,Cash on Delivery,female,3,3,Others,5,Married,5,0,0.0,0,4,2,299.00,0.00,"2026-06-08 15:34:49"
50728,0,2,"1. Junior User (1-6 Months)",Mobile Phone,1,12,Credit Card,female,0,3,Mobile Phone,2,Divorced,2,0,13.00,0,1,8,131.00,0.00,"2026-06-08 15:34:49"
50729,0,0,"0. New User (<1 Month)",Mobile Phone,1,-1,Debit Card,male,2,3,Mobile Phone,5,Single,2,0,25.00,0,1,0,126.00,0.00,"2026-06-08 15:34:49"
50730,0,18,"3. Core Loyal (>1 Year)",Mobile Phone,1,13,Credit Card,female,2,3,Mobile Phone,3,Divorced,5,1,19.00,1,1,2,145.00,1.00,"2026-06-08 15:34:49"
50731,0,10,"2. Mid-Loyal (7-12 Months)",Mobile Phone,1,6,Debit Card,female,2,4,Laptop & Accessory,2,Divorced,2,0,13.00,3,3,11,165.00,1.00,"2026-06-08 15:34:49"
50732,0,0,"0. New User (<1 Month)",Mobile Phone,1,9,Debit Card,male,0,4,Mobile Phone,3,Single,2,0,12.00,0,1,2,130.00,0.00,"2026-06-08 15:34:49"
50733,1,7,"2. Mid-Loyal (7-12 Months)",Mobile Phone,1,16,Debit Card,male,0,3,Mobile Phone,3,Single,2,1,11.00,1,1,2,129.00,1.00,"2026-06-08 15:34:49"
50734,0,26,"3. Core Loyal (>1 Year)",Mobile Phone,1,13,Credit Card,female,2,3,Others,3,Married,4,0,18.00,0,4,7,286.00,0.00,"2026-06-08 15:34:49"
50735,0,0,"0. New User (<1 Month)",Mobile Phone,1,21,Debit Card,female,3,5,Mobile Phone,2,Divorced,1,1,18.00,1,1,3,122.00,1.00,"2026-06-08 15:34:49"
50736,1,0,"0. New User (<1 Month)",Computer,1,9,Debit Card,male,0,4,Mobile Phone,2,Divorced,1,1,11.00,0,1,0,129.00,0.00,"2026-06-08 15:34:49"
50737,0,19,"3. Core Loyal (>1 Year)",Mobile Phone,3,8,E wallet,female,3,3,Grocery,5,Divorced,9,0,23.00,0,15,9,270.00,0.00,"2026-06-08 15:34:49"
50738,0,0,"0. New User (<1 Month)",Computer,1,23,Debit Card,male,3,5,Mobile Phone,3,Single,3,0,13.00,1,1,0,123.00,1.00,"2026-06-08 15:34:49"
50739,0,6,"1. Junior User (1-6 Months)",Mobile Phone,2,8,UPI,male,2,3,Mobile Phone,3,Divorced,2,0,13.00,0,1,4,136.00,0.00,"2026-06-08 15:34:49"
50740,1,0,"0. New User (<1 Month)",Computer,1,11,Debit Card,male,3,4,Mobile Phone,5,Married,7,0,17.00,1,1,0,121.00,1.00,"2026-06-08 15:34:49"
50741,0,3,"1. Junior User (1-6 Months)",Mobile Phone,3,35,Debit Card,male,3,3,Laptop & Accessory,5,Married,9,0,19.00,1,1,3,141.00,1.00,"2026-06-08 15:34:49"
50742,0,13,"3. Core Loyal (>1 Year)",Computer,3,8,Credit Card,male,3,3,Laptop & Accessory,4,Divorced,6,0,12.00,1,1,0,143.00,1.00,"2026-06-08 15:34:49"
50743,0,23,"3. Core Loyal (>1 Year)",Computer,1,8,Credit Card,female,1,3,Grocery,5,Divorced,3,0,22.00,0,2,2,279.00,0.00,"2026-06-08 15:34:49"
50744,0,1,"1. Junior User (1-6 Months)",Mobile Phone,1,25,Credit Card,male,3,4,Mobile Phone,5,Divorced,2,0,12.00,1,3,3,132.00,0.33,"2026-06-08 15:34:49"
50745,0,19,"3. Core Loyal (>1 Year)",Mobile Phone,1,21,Debit Card,male,2,3,Others,4,Divorced,6,0,11.00,0,1,3,291.00,0.00,"2026-06-08 15:34:49"
50746,0,8,"2. Mid-Loyal (7-12 Months)",Mobile Phone,3,23,Debit Card,male,3,3,Laptop & Accessory,5,Divorced,4,1,15.00,1,1,7,190.00,1.00,"2026-06-08 15:34:49"
50747,1,0,"0. New User (<1 Month)",Mobile Phone,1,23,Debit Card,female,3,3,Mobile Phone,4,Divorced,2,0,13.00,0,1,0,122.00,0.00,"2026-06-08 15:34:49"
50748,0,6,"1. Junior User (1-6 Months)",Computer,3,31,Credit Card,female,2,3,Laptop & Accessory,3,Divorced,2,0,12.00,0,1,1,145.00,0.00,"2026-06-08 15:34:49"
50749,0,9,"2. Mid-Loyal (7-12 Months)",Mobile Phone,1,12,Debit Card,male,0,5,Mobile Phone,3,Married,2,0,14.00,0,1,7,127.00,0.00,"2026-06-08 15:34:49"
50750,0,3,"1. Junior User (1-6 Months)",Mobile Phone,1,13,Debit Card,male,2,3,Laptop & Accessory,3,Married,2,0,13.00,8,8,9,135.00,1.00,"2026-06-08 15:34:49"
50751,0,17,"3. Core Loyal (>1 Year)",Mobile Phone,1,35,UPI,male,2,3,Laptop & Accessory,2,Single,2,0,25.00,1,1,17,145.00,1.00,"2026-06-08 15:34:49"
50752,0,0,"0. New User (<1 Month)",Mobile Phone,3,27,E wallet,male,0,1,Mobile Phone,2,Single,2,0,17.00,0,2,2,127.00,0.00,"2026-06-08 15:34:49"
50753,0,19,"3. Core Loyal (>1 Year)",Mobile Phone,1,8,Cash on Delivery,male,2,3,Laptop & Accessory,2,Married,3,0,11.00,1,1,4,174.00,1.00,"2026-06-08 15:34:49"
50754,0,15,"3. Core Loyal (>1 Year)",Computer,2,8,Credit Card,male,3,1,Laptop & Accessory,5,Divorced,8,0,16.00,0,1,3,163.00,0.00,"2026-06-08 15:34:49"
50755,0,30,"3. Core Loyal (>1 Year)",Mobile Phone,3,13,E wallet,male,2,1,Laptop & Accessory,2,Married,1,1,18.00,0,1,9,152.00,0.00,"2026-06-08 15:34:49"
50756,0,5,"1. Junior User (1-6 Months)",Computer,1,19,UPI,female,0,4,Mobile Phone,4,Divorced,2,0,20.00,0,2,2,127.00,0.00,"2026-06-08 15:34:49"
50757,0,5,"1. Junior User (1-6 Months)",Computer,1,8,Debit Card,female,2,3,Laptop & Accessory,3,Single,5,1,14.00,1,1,7,150.00,1.00,"2026-06-08 15:34:49"
50758,0,9,"2. Mid-Loyal (7-12 Months)",Mobile Phone,1,6,Cash on Delivery,female,3,5,Fashion,5,Married,3,1,21.00,5,7,7,203.00,0.71,"2026-06-08 15:34:49"
50759,0,6,"1. Junior User (1-6 Months)",Mobile Phone,1,15,Credit Card,male,0,3,Mobile Phone,2,Divorced,1,0,13.00,1,4,10,128.00,0.25,"2026-06-08 15:34:49"
50760,0,13,"3. Core Loyal (>1 Year)",Mobile Phone,3,16,Cash on Delivery,female,2,4,Laptop & Accessory,4,Married,8,0,12.00,1,1,3,169.00,1.00,"2026-06-08 15:34:49"
50761,0,0,"0. New User (<1 Month)",Mobile Phone,3,16,Debit Card,male,2,3,Laptop & Accessory,2,Single,1,0,14.00,0,1,1,150.00,0.00,"2026-06-08 15:34:49"
50762,0,3,"1. Junior User (1-6 Months)",Mobile Phone,1,6,Credit Card,male,3,3,Mobile Phone,4,Divorced,1,1,21.00,1,5,7,136.00,0.20,"2026-06-08 15:34:49"
50763,0,15,"3. Core Loyal (>1 Year)",Computer,1,32,Credit Card,female,2,3,Fashion,5,Divorced,4,1,17.00,0,0,0,232.00,0.00,"2026-06-08 15:34:49"
50764,0,8,"2. Mid-Loyal (7-12 Months)",Computer,3,14,E wallet,female,3,4,Fashion,2,Divorced,5,1,11.00,2,4,12,204.00,0.50,"2026-06-08 15:34:49"
50765,0,0,"0. New User (<1 Month)",Mobile Phone,1,20,Debit Card,male,2,3,Mobile Phone,5,Divorced,2,1,14.00,2,6,8,122.00,0.33,"2026-06-08 15:34:49"
50766,0,27,"3. Core Loyal (>1 Year)",Computer,1,6,Debit Card,female,2,3,Fashion,3,Married,8,0,17.00,1,1,4,205.00,1.00,"2026-06-08 15:34:49"
50767,0,0,"0. New User (<1 Month)",Mobile Phone,1,8,Debit Card,female,3,1,Mobile Phone,2,Divorced,2,0,13.00,6,7,7,120.00,0.86,"2026-06-08 15:34:49"
50768,1,0,"0. New User (<1 Month)",Computer,1,16,Credit Card,female,3,4,Mobile Phone,4,Single,2,1,25.00,1,1,0,119.00,1.00,"2026-06-08 15:34:49"
50769,0,2,"1. Junior User (1-6 Months)",Mobile Phone,1,6,Debit Card,female,3,3,Mobile Phone,2,Married,2,0,15.00,0,1,2,138.00,0.00,"2026-06-08 15:34:49"
50770,0,27,"3. Core Loyal (>1 Year)",Mobile Phone,1,9,Debit Card,male,2,3,Grocery,2,Divorced,4,0,14.00,0,1,9,278.00,0.00,"2026-06-08 15:34:49"
50771,0,4,"1. Junior User (1-6 Months)",Mobile Phone,1,17,Credit Card,male,3,3,Laptop & Accessory,5,Divorced,2,1,12.00,0,1,1,168.00,0.00,"2026-06-08 15:34:49"
50772,0,4,"1. Junior User (1-6 Months)",Mobile Phone,1,30,Credit Card,female,3,4,Laptop & Accessory,5,Single,2,0,19.00,0,1,8,168.00,0.00,"2026-06-08 15:34:49"
50773,0,30,"3. Core Loyal (>1 Year)",Mobile Phone,3,9,Debit Card,female,2,4,Laptop & Accessory,2,Single,6,0,17.00,0,1,5,152.00,0.00,"2026-06-08 15:34:49"
50774,0,16,"3. Core Loyal (>1 Year)",Mobile Phone,1,9,Debit Card,male,3,5,Others,2,Divorced,4,0,0.0,1,1,7,297.00,1.00,"2026-06-08 15:34:49"
50775,0,22,"3. Core Loyal (>1 Year)",Mobile Phone,1,10,Credit Card,male,2,4,Others,3,Divorced,3,0,13.00,0,1,0,287.00,0.00,"2026-06-08 15:34:49"
50776,0,9,"2. Mid-Loyal (7-12 Months)",Computer,1,9,Cash on Delivery,male,2,3,Mobile Phone,4,Divorced,2,0,12.00,1,1,7,137.00,1.00,"2026-06-08 15:34:49"
50777,0,21,"3. Core Loyal (>1 Year)",Mobile Phone,1,-1,Cash on Delivery,male,3,1,Mobile Phone,4,Single,6,0,11.00,0,1,0,126.00,0.00,"2026-06-08 15:34:49"
50778,0,0,"0. New User (<1 Month)",Mobile Phone,1,-1,Debit Card,male,3,3,Mobile Phone,3,Married,2,0,11.00,1,1,3,125.00,1.00,"2026-06-08 15:34:49"
50779,0,2,"1. Junior User (1-6 Months)",Mobile Phone,1,13,Debit Card,male,2,3,Laptop & Accessory,2,Married,2,1,11.00,0,1,0,166.00,0.00,"2026-06-08 15:34:49"
50780,0,21,"3. Core Loyal (>1 Year)",Mobile Phone,1,6,Debit Card,male,3,4,Others,2,Single,7,0,12.00,0,1,0,283.00,0.00,"2026-06-08 15:34:49"
50781,0,2,"1. Junior User (1-6 Months)",Mobile Phone,1,6,Debit Card,female,2,4,Grocery,2,Married,4,0,14.00,0,1,7,261.00,0.00,"2026-06-08 15:34:49"
50782,0,7,"2. Mid-Loyal (7-12 Months)",Mobile Phone,1,-1,Cash on Delivery,female,2,1,Mobile Phone,3,Divorced,1,0,17.00,1,1,0,126.00,1.00,"2026-06-08 15:34:49"
50783,0,17,"3. Core Loyal (>1 Year)",Mobile Phone,3,11,E wallet,male,2,3,Others,4,Divorced,8,0,11.00,0,3,10,282.00,0.00,"2026-06-08 15:34:49"
50784,0,6,"1. Junior User (1-6 Months)",Mobile Phone,3,16,E wallet,male,2,1,Fashion,3,Married,1,1,14.00,1,1,8,184.00,1.00,"2026-06-08 15:34:49"
50785,0,0,"0. New User (<1 Month)",Mobile Phone,1,31,Debit Card,female,0,1,Mobile Phone,2,Single,2,1,12.00,1,1,1,130.00,1.00,"2026-06-08 15:34:49"
50786,0,0,"0. New User (<1 Month)",Mobile Phone,1,6,Debit Card,male,2,3,Mobile Phone,3,Divorced,2,0,22.00,0,1,1,112.00,0.00,"2026-06-08 15:34:49"
50787,1,0,"0. New User (<1 Month)",Computer,3,30,Debit Card,male,3,5,Mobile Phone,2,Single,2,1,14.00,1,1,0,111.00,1.00,"2026-06-08 15:34:49"
50788,0,0,"0. New User (<1 Month)",Mobile Phone,1,10,Debit Card,male,0,3,Mobile Phone,2,Single,2,1,20.00,0,2,2,129.00,0.00,"2026-06-08 15:34:49"
50789,1,8,"2. Mid-Loyal (7-12 Months)",Mobile Phone,3,8,E wallet,female,3,5,Others,4,Single,3,1,16.00,0,1,11,288.00,0.00,"2026-06-08 15:34:49"
50790,0,28,"3. Core Loyal (>1 Year)",Computer,1,14,Credit Card,male,2,4,Grocery,4,Married,2,1,15.00,3,0,0,236.00,0.00,"2026-06-08 15:34:49"
50791,1,0,"0. New User (<1 Month)",Computer,1,-1,Debit Card,female,2,4,Mobile Phone,3,Single,2,0,20.00,2,2,2,126.00,1.00,"2026-06-08 15:34:49"
50792,0,19,"3. Core Loyal (>1 Year)",Mobile Phone,3,10,E wallet,female,2,4,Others,4,Divorced,3,0,14.00,0,1,8,288.00,0.00,"2026-06-08 15:34:49"
50793,0,7,"2. Mid-Loyal (7-12 Months)",Mobile Phone,3,8,E wallet,female,2,3,Laptop & Accessory,5,Single,1,1,12.00,1,1,2,145.00,1.00,"2026-06-08 15:34:49"
50794,0,24,"3. Core Loyal (>1 Year)",Computer,3,15,Debit Card,male,2,3,Others,4,Married,5,1,0.0,2,11,10,298.00,0.18,"2026-06-08 15:34:49"
50795,0,30,"3. Core Loyal (>1 Year)",Mobile Phone,1,24,Credit Card,male,3,3,Fashion,2,Single,7,0,12.00,1,5,4,205.00,0.20,"2026-06-08 15:34:49"
50796,0,7,"2. Mid-Loyal (7-12 Months)",Computer,1,25,Credit Card,female,2,3,Laptop & Accessory,4,Married,5,0,13.00,3,5,10,144.00,0.60,"2026-06-08 15:34:49"
50797,0,0,"0. New User (<1 Month)",Computer,1,6,Credit Card,male,2,3,Mobile Phone,3,Single,1,1,11.00,0,1,2,122.00,0.00,"2026-06-08 15:34:49"
50798,0,17,"3. Core Loyal (>1 Year)",Mobile Phone,1,10,Debit Card,male,3,1,Others,5,Married,2,0,14.00,0,14,13,292.00,0.00,"2026-06-08 15:34:49"
50799,0,7,"2. Mid-Loyal (7-12 Months)",Computer,2,17,Debit Card,male,2,4,Laptop & Accessory,4,Divorced,5,0,11.00,0,1,8,145.00,0.00,"2026-06-08 15:34:49"
50800,0,8,"2. Mid-Loyal (7-12 Months)",Mobile Phone,1,12,Debit Card,male,3,3,Mobile Phone,3,Divorced,1,1,14.00,1,2,2,135.00,0.50,"2026-06-08 15:34:49"
50801,0,15,"3. Core Loyal (>1 Year)",Mobile Phone,1,-1,Credit Card,female,3,1,Laptop & Accessory,4,Divorced,7,1,16.00,0,1,0,124.00,0.00,"2026-06-08 15:34:49"
50802,0,16,"3. Core Loyal (>1 Year)",Mobile Phone,3,10,E wallet,female,2,4,Fashion,2,Single,4,0,14.00,10,15,17,202.00,0.67,"2026-06-08 15:34:49"
50803,0,9,"2. Mid-Loyal (7-12 Months)",Mobile Phone,1,8,Debit Card,female,2,3,Laptop & Accessory,4,Single,10,1,11.00,4,5,12,154.00,0.80,"2026-06-08 15:34:49"
50804,1,7,"2. Mid-Loyal (7-12 Months)",Mobile Phone,1,21,Credit Card,female,3,3,Fashion,2,Divorced,2,0,11.00,0,1,5,180.00,0.00,"2026-06-08 15:34:49"
50805,0,1,"1. Junior User (1-6 Months)",Computer,1,8,Debit Card,male,2,4,Mobile Phone,2,Divorced,2,1,12.00,2,2,2,139.00,1.00,"2026-06-08 15:34:49"
50806,0,24,"3. Core Loyal (>1 Year)",Computer,1,12,Credit Card,female,0,4,Mobile Phone,3,Single,1,0,14.00,7,7,7,128.00,1.00,"2026-06-08 15:34:49"
50807,0,3,"1. Junior User (1-6 Months)",Computer,1,15,Credit Card,female,3,3,Laptop & Accessory,3,Single,8,1,18.00,1,1,7,147.00,1.00,"2026-06-08 15:34:49"
50808,1,0,"0. New User (<1 Month)",Mobile Phone,1,13,Cash on Delivery,female,2,3,Mobile Phone,3,Married,4,1,13.00,1,7,7,133.00,0.14,"2026-06-08 15:34:49"
50809,0,0,"0. New User (<1 Month)",Mobile Phone,1,6,Cash on Delivery,male,2,3,Mobile Phone,5,Single,3,0,11.00,0,1,2,121.00,0.00,"2026-06-08 15:34:49"
50810,0,0,"0. New User (<1 Month)",Mobile Phone,1,6,Credit Card,female,2,3,Mobile Phone,4,Single,2,0,18.00,1,2,1,121.00,0.50,"2026-06-08 15:34:49"
50811,0,5,"1. Junior User (1-6 Months)",Mobile Phone,3,14,Credit Card,male,2,1,Laptop & Accessory,2,Divorced,2,0,15.00,0,1,8,162.00,0.00,"2026-06-08 15:34:49"
50812,0,18,"3. Core Loyal (>1 Year)",Computer,1,31,Credit Card,female,2,3,Others,4,Single,4,0,22.00,0,1,0,281.00,0.00,"2026-06-08 15:34:49"
50813,0,12,"2. Mid-Loyal (7-12 Months)",Mobile Phone,1,19,Credit Card,female,3,4,Grocery,4,Married,7,1,13.00,0,15,2,271.00,0.00,"2026-06-08 15:34:49"
50814,0,30,"3. Core Loyal (>1 Year)",Mobile Phone,1,-1,Debit Card,male,2,3,Mobile Phone,3,Married,2,0,12.00,2,2,2,124.00,1.00,"2026-06-08 15:34:49"
50815,1,0,"0. New User (<1 Month)",Mobile Phone,1,13,Debit Card,male,3,3,Laptop & Accessory,3,Divorced,2,0,18.00,1,1,1,149.00,1.00,"2026-06-08 15:34:49"
50816,1,2,"1. Junior User (1-6 Months)",Mobile Phone,1,29,Credit Card,male,3,3,Mobile Phone,5,Single,1,0,13.00,0,1,3,139.00,0.00,"2026-06-08 15:34:49"
50817,0,3,"1. Junior User (1-6 Months)",Mobile Phone,1,12,Cash on Delivery,female,2,4,Laptop & Accessory,2,Divorced,1,0,12.00,5,6,7,146.00,0.83,"2026-06-08 15:34:49"
50818,0,9,"2. Mid-Loyal (7-12 Months)",Mobile Phone,1,16,Cash on Delivery,female,3,3,Fashion,3,Divorced,4,0,12.00,0,1,7,171.00,0.00,"2026-06-08 15:34:49"
50819,0,19,"3. Core Loyal (>1 Year)",Mobile Phone,2,6,Debit Card,female,2,3,Mobile Phone,5,Single,7,0,12.00,3,5,7,134.00,0.60,"2026-06-08 15:34:49"
50820,0,1,"1. Junior User (1-6 Months)",Computer,1,6,Debit Card,female,2,5,Laptop & Accessory,2,Divorced,1,0,11.00,7,7,5,167.00,1.00,"2026-06-08 15:34:49"
50821,0,23,"3. Core Loyal (>1 Year)",Mobile Phone,1,34,Debit Card,female,2,3,Grocery,5,Divorced,5,1,11.00,0,1,2,269.00,0.00,"2026-06-08 15:34:49"
50822,1,3,"1. Junior User (1-6 Months)",Mobile Phone,3,31,E wallet,male,2,4,Fashion,4,Single,3,1,12.00,0,1,0,191.00,0.00,"2026-06-08 15:34:49"
50823,1,15,"3. Core Loyal (>1 Year)",Mobile Phone,3,11,Debit Card,male,3,3,Fashion,4,Single,10,1,19.00,5,7,7,184.00,0.71,"2026-06-08 15:34:49"
50824,0,3,"1. Junior User (1-6 Months)",Mobile Phone,1,23,Credit Card,female,3,3,Fashion,5,Divorced,2,1,23.00,0,1,-1,219.00,0.00,"2026-06-08 15:34:49"
50825,0,12,"2. Mid-Loyal (7-12 Months)",Mobile Phone,1,24,Debit Card,male,2,3,Laptop & Accessory,3,Single,1,0,11.00,0,1,7,145.00,0.00,"2026-06-08 15:34:49"
50826,0,4,"1. Junior User (1-6 Months)",Computer,3,8,Debit Card,female,2,3,Fashion,3,Married,2,1,19.00,3,9,6,199.00,0.33,"2026-06-08 15:34:49"
50827,0,14,"3. Core Loyal (>1 Year)",Computer,3,16,Credit Card,male,2,5,Laptop & Accessory,4,Single,2,0,13.00,3,11,9,162.00,0.27,"2026-06-08 15:34:49"
50828,1,0,"0. New User (<1 Month)",Computer,3,6,Debit Card,female,2,3,Mobile Phone,4,Single,2,1,11.00,1,2,2,123.00,0.50,"2026-06-08 15:34:49"
50829,1,7,"2. Mid-Loyal (7-12 Months)",Mobile Phone,1,-1,Debit Card,male,2,3,Mobile Phone,5,Divorced,5,0,12.00,1,1,2,124.00,1.00,"2026-06-08 15:34:49"
50830,0,15,"3. Core Loyal (>1 Year)",Computer,1,8,Debit Card,male,2,3,Grocery,3,Divorced,1,1,13.00,0,2,10,279.00,0.00,"2026-06-08 15:34:49"
50831,0,28,"3. Core Loyal (>1 Year)",Mobile Phone,1,8,Credit Card,female,2,5,Others,3,Divorced,5,0,14.00,0,9,11,292.00,0.00,"2026-06-08 15:34:49"
50832,0,29,"3. Core Loyal (>1 Year)",Mobile Phone,2,14,Debit Card,male,2,3,Others,4,Single,7,0,0.0,1,7,7,297.00,0.14,"2026-06-08 15:34:49"
50833,0,13,"3. Core Loyal (>1 Year)",Computer,1,22,Debit Card,male,3,3,Mobile Phone,3,Married,10,0,16.00,1,1,0,135.00,1.00,"2026-06-08 15:34:49"
50834,0,7,"2. Mid-Loyal (7-12 Months)",Mobile Phone,1,15,Debit Card,male,2,3,Fashion,2,Married,1,0,11.00,1,1,6,185.00,1.00,"2026-06-08 15:34:49"
50835,0,13,"3. Core Loyal (>1 Year)",Mobile Phone,1,8,Debit Card,male,3,3,Laptop & Accessory,2,Single,2,0,13.00,3,8,8,147.00,0.38,"2026-06-08 15:34:49"
50836,0,14,"3. Core Loyal (>1 Year)",Computer,3,6,E wallet,female,3,3,Laptop & Accessory,5,Married,1,0,17.00,0,1,7,141.00,0.00,"2026-06-08 15:34:49"
50837,0,8,"2. Mid-Loyal (7-12 Months)",Computer,1,10,Debit Card,male,2,3,Laptop & Accessory,3,Single,2,1,11.00,1,1,1,142.00,1.00,"2026-06-08 15:34:49"
50838,0,24,"3. Core Loyal (>1 Year)",Mobile Phone,2,11,Debit Card,male,2,3,Grocery,4,Married,2,1,11.00,1,0,10,240.00,0.00,"2026-06-08 15:34:49"
50839,0,11,"2. Mid-Loyal (7-12 Months)",Mobile Phone,3,8,Debit Card,female,2,3,Laptop & Accessory,5,Married,4,0,15.00,0,1,7,169.00,0.00,"2026-06-08 15:34:49"
50840,0,7,"2. Mid-Loyal (7-12 Months)",Mobile Phone,3,21,Credit Card,female,3,3,Laptop & Accessory,5,Single,2,0,12.00,1,9,6,161.00,0.11,"2026-06-08 15:34:49"
50841,0,0,"0. New User (<1 Month)",Mobile Phone,1,25,Credit Card,male,3,3,Mobile Phone,2,Divorced,4,0,11.00,1,1,2,137.00,1.00,"2026-06-08 15:34:49"
50842,1,20,"3. Core Loyal (>1 Year)",Mobile Phone,1,13,Credit Card,female,2,4,Fashion,5,Divorced,8,1,14.00,4,5,9,200.00,0.80,"2026-06-08 15:34:49"
50843,0,13,"3. Core Loyal (>1 Year)",Mobile Phone,1,-1,Debit Card,male,2,3,Mobile Phone,4,Divorced,4,0,22.00,1,1,3,124.00,1.00,"2026-06-08 15:34:49"
50844,0,9,"2. Mid-Loyal (7-12 Months)",Computer,3,13,E wallet,female,2,1,Laptop & Accessory,5,Divorced,3,0,16.00,5,6,13,146.00,0.83,"2026-06-08 15:34:49"
50845,0,21,"3. Core Loyal (>1 Year)",Mobile Phone,1,10,Debit Card,male,2,3,Fashion,2,Single,2,0,11.00,1,1,8,179.00,1.00,"2026-06-08 15:34:49"
50846,0,0,"0. New User (<1 Month)",Mobile Phone,3,-1,Credit Card,female,3,1,Mobile Phone,2,Divorced,9,0,14.00,1,1,0,125.00,1.00,"2026-06-08 15:34:49"
50847,0,24,"3. Core Loyal (>1 Year)",Mobile Phone,1,17,Cash on Delivery,female,2,4,Grocery,4,Single,4,0,16.00,0,1,-1,231.00,0.00,"2026-06-08 15:34:49"
50848,0,0,"0. New User (<1 Month)",Computer,1,6,Debit Card,female,3,3,Mobile Phone,2,Single,2,0,15.00,1,1,0,116.00,1.00,"2026-06-08 15:34:49"
50849,0,8,"2. Mid-Loyal (7-12 Months)",Mobile Phone,1,6,Credit Card,female,2,4,Laptop & Accessory,2,Divorced,1,0,12.00,1,1,0,154.00,1.00,"2026-06-08 15:34:49"
50850,0,0,"0. New User (<1 Month)",Computer,3,8,Debit Card,male,2,5,Laptop & Accessory,2,Single,4,0,20.00,1,1,0,151.00,1.00,"2026-06-08 15:34:49"
50851,1,18,"3. Core Loyal (>1 Year)",Mobile Phone,3,19,E wallet,male,2,1,Grocery,3,Single,7,1,17.00,2,0,8,237.00,0.00,"2026-06-08 15:34:49"
50852,0,29,"3. Core Loyal (>1 Year)",Mobile Phone,1,29,Debit Card,male,3,3,Grocery,4,Divorced,5,1,12.00,11,0,9,234.00,0.00,"2026-06-08 15:34:49"
50853,0,0,"0. New User (<1 Month)",Computer,1,32,Cash on Delivery,female,3,4,Mobile Phone,3,Married,2,0,20.00,1,1,0,120.00,1.00,"2026-06-08 15:34:49"
50854,0,13,"3. Core Loyal (>1 Year)",Mobile Phone,1,8,Credit Card,female,2,1,Laptop & Accessory,3,Married,6,0,20.00,5,11,8,164.00,0.45,"2026-06-08 15:34:49"
50855,0,7,"2. Mid-Loyal (7-12 Months)",Mobile Phone,1,35,Credit Card,male,2,3,Laptop & Accessory,3,Divorced,5,0,13.00,0,7,7,154.00,0.00,"2026-06-08 15:34:49"
50856,1,0,"0. New User (<1 Month)",Computer,3,8,Debit Card,female,0,4,Mobile Phone,2,Single,8,0,14.00,0,1,0,128.00,0.00,"2026-06-08 15:34:49"
50857,1,0,"0. New User (<1 Month)",Computer,3,24,E wallet,female,3,3,Laptop & Accessory,3,Divorced,1,1,18.00,3,3,2,146.00,1.00,"2026-06-08 15:34:49"
50858,0,11,"2. Mid-Loyal (7-12 Months)",Computer,1,-1,Debit Card,male,2,1,Mobile Phone,3,Married,2,0,11.00,0,1,3,126.00,0.00,"2026-06-08 15:34:49"
50859,0,7,"2. Mid-Loyal (7-12 Months)",Mobile Phone,1,8,Cash on Delivery,female,3,3,Laptop & Accessory,2,Single,2,0,11.00,1,4,11,167.00,0.25,"2026-06-08 15:34:49"
50860,0,1,"1. Junior User (1-6 Months)",Mobile Phone,3,32,Debit Card,male,2,4,Laptop & Accessory,5,Divorced,2,0,11.00,1,1,4,147.00,1.00,"2026-06-08 15:34:49"
50861,1,0,"0. New User (<1 Month)",Mobile Phone,1,28,Credit Card,male,3,3,Laptop & Accessory,3,Divorced,2,1,15.00,3,6,7,162.00,0.50,"2026-06-08 15:34:49"
50862,0,12,"2. Mid-Loyal (7-12 Months)",Mobile Phone,3,27,Debit Card,male,2,4,Laptop & Accessory,2,Divorced,4,1,12.00,0,1,4,161.00,0.00,"2026-06-08 15:34:49"
50863,0,24,"3. Core Loyal (>1 Year)",Computer,3,8,E wallet,male,2,3,Fashion,4,Divorced,3,0,11.00,0,3,2,206.00,0.00,"2026-06-08 15:34:49"
50864,0,14,"3. Core Loyal (>1 Year)",Computer,1,28,Debit Card,female,3,3,Laptop & Accessory,2,Married,4,1,14.00,0,3,3,155.00,0.00,"2026-06-08 15:34:49"
50865,0,10,"2. Mid-Loyal (7-12 Months)",Mobile Phone,1,10,Debit Card,male,0,3,Mobile Phone,3,Divorced,8,1,15.00,1,1,3,130.00,1.00,"2026-06-08 15:34:49"
50866,0,6,"1. Junior User (1-6 Months)",Computer,3,11,Debit Card,male,3,3,Laptop & Accessory,2,Divorced,7,0,13.00,1,1,2,200.00,1.00,"2026-06-08 15:34:49"
50867,0,5,"1. Junior User (1-6 Months)",Mobile Phone,3,8,E wallet,male,2,3,Laptop & Accessory,4,Divorced,1,1,13.00,0,1,2,141.00,0.00,"2026-06-08 15:34:49"
50868,0,12,"2. Mid-Loyal (7-12 Months)",Computer,1,31,Debit Card,male,3,3,Fashion,3,Divorced,4,0,21.00,0,1,5,209.00,0.00,"2026-06-08 15:34:49"
50869,0,0,"0. New User (<1 Month)",Mobile Phone,3,24,Debit Card,male,3,1,Laptop & Accessory,3,Divorced,3,0,11.00,0,1,2,162.00,0.00,"2026-06-08 15:34:49"
50870,0,25,"3. Core Loyal (>1 Year)",Computer,1,34,Credit Card,female,2,1,Grocery,3,Divorced,3,1,11.00,0,0,2,232.00,0.00,"2026-06-08 15:34:49"
50871,0,16,"3. Core Loyal (>1 Year)",Mobile Phone,1,12,Credit Card,female,3,4,Laptop & Accessory,3,Single,2,1,14.00,1,1,8,141.00,1.00,"2026-06-08 15:34:49"
50872,0,0,"0. New User (<1 Month)",Mobile Phone,3,16,E wallet,female,3,4,Laptop & Accessory,2,Divorced,2,1,11.00,2,4,4,158.00,0.50,"2026-06-08 15:34:49"
50873,1,0,"0. New User (<1 Month)",Mobile Phone,1,-1,Debit Card,female,2,3,Mobile Phone,3,Single,2,1,13.00,3,7,7,124.00,0.43,"2026-06-08 15:34:49"
50874,0,0,"0. New User (<1 Month)",Mobile Phone,1,8,Credit Card,male,2,4,Mobile Phone,2,Single,1,0,12.00,0,1,1,139.00,0.00,"2026-06-08 15:34:49"
50875,0,15,"3. Core Loyal (>1 Year)",Mobile Phone,2,16,UPI,female,2,3,Grocery,5,Divorced,1,0,14.00,0,1,9,268.00,0.00,"2026-06-08 15:34:49"
50876,0,25,"3. Core Loyal (>1 Year)",Mobile Phone,1,14,UPI,female,0,3,Mobile Phone,5,Divorced,10,0,13.00,1,1,4,130.00,1.00,"2026-06-08 15:34:49"
50877,0,10,"2. Mid-Loyal (7-12 Months)",Mobile Phone,1,17,Credit Card,female,3,3,Mobile Phone,3,Single,5,0,18.00,0,1,2,136.00,0.00,"2026-06-08 15:34:49"
50878,0,8,"2. Mid-Loyal (7-12 Months)",Computer,1,24,Debit Card,male,2,3,Fashion,2,Single,3,0,11.00,0,2,2,194.00,0.00,"2026-06-08 15:34:49"
50879,0,0,"0. New User (<1 Month)",Mobile Phone,1,6,Cash on Delivery,male,2,3,Mobile Phone,2,Divorced,5,0,11.00,1,1,2,132.00,1.00,"2026-06-08 15:34:49"
50880,0,0,"0. New User (<1 Month)",Mobile Phone,1,13,UPI,male,3,1,Mobile Phone,5,Single,1,0,12.00,1,1,7,136.00,1.00,"2026-06-08 15:34:49"
50881,0,2,"1. Junior User (1-6 Months)",Mobile Phone,2,23,UPI,male,2,4,Fashion,5,Single,2,0,13.00,0,1,9,180.00,0.00,"2026-06-08 15:34:49"
50882,1,0,"0. New User (<1 Month)",Computer,1,34,Debit Card,male,3,4,Laptop & Accessory,5,Single,4,0,20.00,0,1,3,143.00,0.00,"2026-06-08 15:34:49"
50883,1,0,"0. New User (<1 Month)",Computer,1,20,UPI,female,2,3,Fashion,2,Single,1,1,12.00,2,7,7,176.00,0.29,"2026-06-08 15:34:49"
50884,0,27,"3. Core Loyal (>1 Year)",Mobile Phone,1,6,Credit Card,female,2,3,Grocery,2,Single,7,0,19.00,0,12,7,273.00,0.00,"2026-06-08 15:34:49"
50885,0,30,"3. Core Loyal (>1 Year)",Mobile Phone,1,6,Credit Card,female,3,3,Others,5,Divorced,4,1,0.0,1,1,5,297.00,1.00,"2026-06-08 15:34:49"
50886,0,28,"3. Core Loyal (>1 Year)",Mobile Phone,1,6,Credit Card,male,2,1,Grocery,2,Married,3,0,13.00,1,0,0,247.00,0.00,"2026-06-08 15:34:49"
50887,0,9,"2. Mid-Loyal (7-12 Months)",Mobile Phone,3,9,E wallet,female,2,3,Laptop & Accessory,4,Single,4,1,16.00,0,1,1,193.00,0.00,"2026-06-08 15:34:49"
50888,1,0,"0. New User (<1 Month)",Computer,3,6,Debit Card,female,2,5,Mobile Phone,3,Single,2,0,12.00,1,1,0,114.00,1.00,"2026-06-08 15:34:49"
50889,0,3,"1. Junior User (1-6 Months)",Mobile Phone,3,13,E wallet,female,3,3,Laptop & Accessory,5,Married,8,0,14.00,1,1,2,148.00,1.00,"2026-06-08 15:34:49"
50890,0,4,"1. Junior User (1-6 Months)",Mobile Phone,1,14,Debit Card,female,3,3,Grocery,4,Single,4,0,11.00,0,1,0,264.00,0.00,"2026-06-08 15:34:49"
50891,0,7,"2. Mid-Loyal (7-12 Months)",Computer,1,6,UPI,male,0,3,Mobile Phone,5,Married,6,0,14.00,1,1,3,130.00,1.00,"2026-06-08 15:34:49"
50892,1,0,"0. New User (<1 Month)",Mobile Phone,1,14,Debit Card,female,2,4,Mobile Phone,4,Single,2,0,12.00,0,1,0,113.00,0.00,"2026-06-08 15:34:49"
50893,0,0,"0. New User (<1 Month)",Mobile Phone,1,17,Debit Card,male,3,3,Mobile Phone,5,Divorced,1,0,14.00,1,1,4,121.00,1.00,"2026-06-08 15:34:49"
50894,0,9,"2. Mid-Loyal (7-12 Months)",Mobile Phone,1,10,Debit Card,male,2,4,Laptop & Accessory,2,Single,2,0,16.00,1,1,8,158.00,1.00,"2026-06-08 15:34:49"
50895,0,9,"2. Mid-Loyal (7-12 Months)",Mobile Phone,3,22,E wallet,female,3,4,Laptop & Accessory,5,Divorced,5,0,13.00,1,1,2,156.00,1.00,"2026-06-08 15:34:49"
50896,0,20,"3. Core Loyal (>1 Year)",Mobile Phone,1,6,Cash on Delivery,male,3,3,Mobile Phone,2,Divorced,8,0,12.00,1,1,2,134.00,1.00,"2026-06-08 15:34:49"
50897,1,0,"0. New User (<1 Month)",Mobile Phone,3,15,Debit Card,male,3,4,Mobile Phone,5,Divorced,4,0,12.00,1,2,2,144.00,0.50,"2026-06-08 15:34:49"
50898,0,10,"2. Mid-Loyal (7-12 Months)",Computer,1,11,Cash on Delivery,male,2,1,Mobile Phone,3,Single,1,0,14.00,1,1,3,135.00,1.00,"2026-06-08 15:34:49"
50899,0,0,"0. New User (<1 Month)",Mobile Phone,1,6,Debit Card,female,2,3,Mobile Phone,5,Divorced,3,0,22.00,1,1,0,121.00,1.00,"2026-06-08 15:34:49"
50900,0,20,"3. Core Loyal (>1 Year)",Mobile Phone,1,8,Credit Card,female,2,3,Grocery,3,Divorced,4,0,19.00,0,5,6,272.00,0.00,"2026-06-08 15:34:49"
50901,0,0,"0. New User (<1 Month)",Mobile Phone,3,10,Credit Card,female,2,3,Laptop & Accessory,3,Divorced,2,1,12.00,1,1,3,142.00,1.00,"2026-06-08 15:34:49"
50902,0,5,"1. Junior User (1-6 Months)",Mobile Phone,3,13,E wallet,male,3,3,Laptop & Accessory,2,Divorced,5,0,12.00,1,1,3,192.00,1.00,"2026-06-08 15:34:49"
50903,0,7,"2. Mid-Loyal (7-12 Months)",Mobile Phone,1,6,Debit Card,female,2,4,Mobile Phone,4,Divorced,6,0,17.00,1,1,2,133.00,1.00,"2026-06-08 15:34:49"
50904,0,0,"0. New User (<1 Month)",Mobile Phone,1,11,Credit Card,male,2,1,Mobile Phone,3,Divorced,3,1,12.00,1,1,3,121.00,1.00,"2026-06-08 15:34:49"
50905,0,13,"3. Core Loyal (>1 Year)",Computer,1,15,UPI,male,2,3,Laptop & Accessory,3,Married,4,0,11.00,1,1,7,140.00,1.00,"2026-06-08 15:34:49"
50906,0,4,"1. Junior User (1-6 Months)",Mobile Phone,3,14,Debit Card,male,2,3,Fashion,2,Married,2,0,18.00,2,9,9,208.00,0.22,"2026-06-08 15:34:49"
50907,1,9,"2. Mid-Loyal (7-12 Months)",Mobile Phone,3,15,E wallet,male,2,3,Fashion,1,Married,5,0,11.00,0,4,3,201.00,0.00,"2026-06-08 15:34:49"
50908,1,2,"1. Junior User (1-6 Months)",Computer,1,8,Debit Card,female,2,4,Mobile Phone,5,Single,3,1,23.00,0,1,0,136.00,0.00,"2026-06-08 15:34:49"
50909,1,0,"0. New User (<1 Month)",Computer,1,6,Debit Card,female,3,1,Fashion,4,Single,2,0,11.00,3,4,7,174.00,0.75,"2026-06-08 15:34:49"
50910,0,18,"3. Core Loyal (>1 Year)",Mobile Phone,1,26,Credit Card,male,3,5,Fashion,5,Married,3,1,18.00,0,1,7,209.00,0.00,"2026-06-08 15:34:49"
50911,0,0,"0. New User (<1 Month)",Mobile Phone,2,14,Credit Card,female,3,1,Mobile Phone,4,Single,10,0,18.00,0,1,2,121.00,0.00,"2026-06-08 15:34:49"
50912,1,0,"0. New User (<1 Month)",Computer,1,8,Debit Card,male,3,3,Mobile Phone,1,Divorced,7,1,13.00,2,2,2,137.00,1.00,"2026-06-08 15:34:49"
50913,0,18,"3. Core Loyal (>1 Year)",Mobile Phone,1,35,Cash on Delivery,male,2,3,Fashion,1,Divorced,5,1,18.00,1,1,2,194.00,1.00,"2026-06-08 15:34:49"
50914,0,21,"3. Core Loyal (>1 Year)",Mobile Phone,3,13,E wallet,male,3,3,Laptop & Accessory,5,Married,5,0,11.00,1,2,2,155.00,0.50,"2026-06-08 15:34:49"
50915,1,0,"0. New User (<1 Month)",Mobile Phone,2,15,Cash on Delivery,female,0,3,Mobile Phone,3,Divorced,2,0,15.00,1,2,2,127.00,0.50,"2026-06-08 15:34:49"
50916,0,13,"3. Core Loyal (>1 Year)",Computer,1,14,Credit Card,male,2,4,Fashion,4,Married,3,0,11.00,1,0,8,238.00,0.00,"2026-06-08 15:34:49"
50917,0,1,"1. Junior User (1-6 Months)",Mobile Phone,3,11,Credit Card,male,2,3,Laptop & Accessory,5,Single,1,0,18.00,1,1,3,185.00,1.00,"2026-06-08 15:34:49"
50918,0,17,"3. Core Loyal (>1 Year)",Computer,1,11,Debit Card,male,0,4,Mobile Phone,3,Single,4,0,14.00,0,1,3,132.00,0.00,"2026-06-08 15:34:49"
50919,0,26,"3. Core Loyal (>1 Year)",Mobile Phone,1,8,Credit Card,male,2,1,Grocery,4,Single,5,0,12.00,0,8,8,266.00,0.00,"2026-06-08 15:34:49"
50920,0,22,"3. Core Loyal (>1 Year)",Mobile Phone,1,11,Cash on Delivery,male,3,3,Laptop & Accessory,3,Divorced,3,0,14.00,0,1,2,167.00,0.00,"2026-06-08 15:34:49"
50921,0,13,"3. Core Loyal (>1 Year)",Mobile Phone,1,-1,Credit Card,male,3,3,Mobile Phone,3,Married,3,0,14.00,0,1,2,123.00,0.00,"2026-06-08 15:34:49"
50922,0,17,"3. Core Loyal (>1 Year)",Mobile Phone,1,26,Debit Card,male,2,3,Mobile Phone,4,Single,2,0,13.00,1,1,3,134.00,1.00,"2026-06-08 15:34:49"
50923,0,6,"1. Junior User (1-6 Months)",Computer,3,13,Credit Card,male,2,3,Laptop & Accessory,5,Divorced,1,0,14.00,0,1,3,144.00,0.00,"2026-06-08 15:34:49"
50924,0,7,"2. Mid-Loyal (7-12 Months)",Mobile Phone,3,9,UPI,male,2,5,Laptop & Accessory,5,Single,4,0,18.00,2,3,12,148.00,0.67,"2026-06-08 15:34:49"
50925,0,3,"1. Junior User (1-6 Months)",Mobile Phone,3,22,Debit Card,male,3,3,Laptop & Accessory,3,Divorced,9,0,15.00,0,2,2,153.00,0.00,"2026-06-08 15:34:49"
50926,0,15,"3. Core Loyal (>1 Year)",Computer,1,15,Credit Card,female,3,3,Mobile Phone,1,Single,2,0,13.00,4,5,8,137.00,0.80,"2026-06-08 15:34:49"
50927,0,17,"3. Core Loyal (>1 Year)",Computer,3,6,E wallet,female,3,3,Laptop & Accessory,3,Divorced,8,0,12.00,1,1,0,148.00,1.00,"2026-06-08 15:34:49"
50928,0,0,"0. New User (<1 Month)",Computer,1,13,Cash on Delivery,male,3,3,Mobile Phone,3,Married,2,0,13.00,0,1,0,113.00,0.00,"2026-06-08 15:34:49"
50929,0,50,"3. Core Loyal (>1 Year)",Mobile Phone,1,6,Debit Card,male,3,1,Laptop & Accessory,3,Divorced,1,0,24.00,1,2,8,149.00,0.50,"2026-06-08 15:34:49"
50930,0,22,"3. Core Loyal (>1 Year)",Mobile Phone,1,13,Debit Card,male,2,3,Fashion,4,Married,4,0,14.00,0,1,7,205.00,0.00,"2026-06-08 15:34:49"
50931,0,7,"2. Mid-Loyal (7-12 Months)",Computer,1,21,Credit Card,male,3,3,Grocery,5,Married,8,0,14.00,0,6,9,270.00,0.00,"2026-06-08 15:34:49"
50932,1,0,"0. New User (<1 Month)",Computer,3,6,Cash on Delivery,male,0,3,Mobile Phone,3,Divorced,4,0,15.00,1,1,2,129.00,1.00,"2026-06-08 15:34:49"
50933,1,0,"0. New User (<1 Month)",Computer,3,19,Cash on Delivery,female,2,3,Laptop & Accessory,4,Single,6,0,11.00,0,1,0,158.00,0.00,"2026-06-08 15:34:49"
50934,1,0,"0. New User (<1 Month)",Mobile Phone,3,30,Credit Card,female,2,4,Laptop & Accessory,4,Single,1,1,23.00,2,10,10,146.00,0.20,"2026-06-08 15:34:49"
50935,0,8,"2. Mid-Loyal (7-12 Months)",Mobile Phone,3,-1,Debit Card,male,3,3,Mobile Phone,3,Divorced,2,0,13.00,1,1,0,124.00,1.00,"2026-06-08 15:34:49"
50936,1,0,"0. New User (<1 Month)",Computer,1,15,Credit Card,male,2,3,Mobile Phone,5,Single,3,1,11.00,0,1,0,132.00,0.00,"2026-06-08 15:34:49"
50937,0,0,"0. New User (<1 Month)",Computer,3,19,Debit Card,female,3,3,Mobile Phone,4,Divorced,2,0,13.00,0,1,0,120.00,0.00,"2026-06-08 15:34:49"
50938,0,17,"3. Core Loyal (>1 Year)",Computer,1,8,Credit Card,male,2,3,Fashion,3,Single,6,1,18.00,0,2,2,202.00,0.00,"2026-06-08 15:34:49"
50939,0,2,"1. Junior User (1-6 Months)",Mobile Phone,3,25,Debit Card,male,3,4,Laptop & Accessory,3,Married,2,0,14.00,1,1,4,186.00,1.00,"2026-06-08 15:34:49"
50940,0,0,"0. New User (<1 Month)",Mobile Phone,2,6,Debit Card,male,2,3,Mobile Phone,3,Married,1,0,21.00,0,1,3,121.00,0.00,"2026-06-08 15:34:49"
50941,0,28,"3. Core Loyal (>1 Year)",Mobile Phone,1,10,Debit Card,male,1,3,Laptop & Accessory,3,Divorced,1,1,16.00,0,1,2,140.00,0.00,"2026-06-08 15:34:49"
50942,0,6,"1. Junior User (1-6 Months)",Mobile Phone,1,10,Credit Card,female,2,4,Mobile Phone,4,Divorced,9,0,11.00,0,1,2,138.00,0.00,"2026-06-08 15:34:49"
50943,0,20,"3. Core Loyal (>1 Year)",Mobile Phone,3,20,Credit Card,female,3,3,Laptop & Accessory,3,Divorced,4,1,17.00,1,1,2,146.00,1.00,"2026-06-08 15:34:49"
50944,1,0,"0. New User (<1 Month)",Computer,1,-1,Credit Card,male,2,4,Mobile Phone,5,Single,8,0,11.00,0,1,0,126.00,0.00,"2026-06-08 15:34:49"
50945,0,0,"0. New User (<1 Month)",Mobile Phone,1,6,Debit Card,male,3,4,Mobile Phone,3,Married,2,0,14.00,0,1,0,116.00,0.00,"2026-06-08 15:34:49"
50946,0,1,"1. Junior User (1-6 Months)",Computer,3,13,Debit Card,male,2,3,Laptop & Accessory,5,Single,1,0,14.00,1,1,3,149.00,1.00,"2026-06-08 15:34:49"
50947,0,22,"3. Core Loyal (>1 Year)",Mobile Phone,1,9,Credit Card,female,2,4,Laptop & Accessory,5,Divorced,5,0,25.00,1,1,2,148.00,1.00,"2026-06-08 15:34:49"
50948,0,2,"1. Junior User (1-6 Months)",Computer,1,8,Debit Card,female,3,3,Mobile Phone,4,Divorced,1,0,13.00,0,1,2,132.00,0.00,"2026-06-08 15:34:49"
50949,0,1,"1. Junior User (1-6 Months)",Mobile Phone,1,35,Debit Card,male,3,5,Laptop & Accessory,4,Divorced,2,0,14.00,1,1,7,165.00,1.00,"2026-06-08 15:34:49"
50950,0,6,"1. Junior User (1-6 Months)",Mobile Phone,1,14,Debit Card,male,3,3,Laptop & Accessory,3,Single,3,1,17.00,0,1,0,164.00,0.00,"2026-06-08 15:34:49"
50951,0,5,"1. Junior User (1-6 Months)",Mobile Phone,1,16,Credit Card,male,0,3,Fashion,1,Single,3,0,25.00,0,1,-1,212.00,0.00,"2026-06-08 15:34:49"
50952,0,27,"3. Core Loyal (>1 Year)",Computer,1,17,Credit Card,female,2,3,Grocery,1,Married,4,0,20.00,1,0,12,260.00,0.00,"2026-06-08 15:34:49"
50953,1,0,"0. New User (<1 Month)",Mobile Phone,1,-1,Cash on Delivery,male,3,4,Mobile Phone,5,Single,7,0,13.00,0,1,7,124.00,0.00,"2026-06-08 15:34:49"
50954,0,17,"3. Core Loyal (>1 Year)",Mobile Phone,1,34,Debit Card,male,2,3,Grocery,5,Divorced,4,0,13.00,0,14,17,263.00,0.00,"2026-06-08 15:34:49"
50955,0,12,"2. Mid-Loyal (7-12 Months)",Mobile Phone,1,12,Debit Card,female,2,3,Fashion,4,Single,5,0,18.00,0,2,2,184.00,0.00,"2026-06-08 15:34:49"
50956,0,19,"3. Core Loyal (>1 Year)",Mobile Phone,3,9,Debit Card,female,2,3,Grocery,4,Divorced,9,0,12.00,0,5,1,266.00,0.00,"2026-06-08 15:34:49"
50957,0,8,"2. Mid-Loyal (7-12 Months)",Mobile Phone,1,22,Debit Card,female,3,4,Fashion,4,Single,2,0,19.00,1,3,3,186.00,0.33,"2026-06-08 15:34:49"
50958,0,0,"0. New User (<1 Month)",Mobile Phone,1,26,Debit Card,male,3,3,Laptop & Accessory,3,Single,1,0,14.00,1,1,2,123.00,1.00,"2026-06-08 15:34:49"
50959,1,0,"0. New User (<1 Month)",Mobile Phone,1,15,Debit Card,male,2,3,Mobile Phone,5,Single,4,0,14.00,1,1,0,120.00,1.00,"2026-06-08 15:34:49"
50960,0,7,"2. Mid-Loyal (7-12 Months)",Mobile Phone,3,6,Cash on Delivery,male,3,4,Fashion,3,Divorced,2,1,14.00,7,8,6,171.00,0.88,"2026-06-08 15:34:49"
50961,1,0,"0. New User (<1 Month)",Computer,1,9,Debit Card,female,2,3,Mobile Phone,3,Single,2,0,12.00,6,7,7,141.00,0.86,"2026-06-08 15:34:49"
50962,0,23,"3. Core Loyal (>1 Year)",Computer,1,28,Credit Card,male,2,5,Grocery,1,Single,2,1,13.00,13,0,9,244.00,0.00,"2026-06-08 15:34:49"
50963,0,0,"0. New User (<1 Month)",Mobile Phone,3,13,Cash on Delivery,male,2,3,Mobile Phone,3,Married,1,1,25.00,0,5,7,123.00,0.00,"2026-06-08 15:34:49"
50964,0,15,"3. Core Loyal (>1 Year)",Mobile Phone,1,8,Credit Card,male,3,4,Mobile Phone,4,Married,5,0,14.00,1,1,0,148.00,1.00,"2026-06-08 15:34:49"
50965,0,10,"2. Mid-Loyal (7-12 Months)",Mobile Phone,1,19,Credit Card,male,2,3,Laptop & Accessory,1,Married,2,0,17.00,0,3,7,143.00,0.00,"2026-06-08 15:34:49"
50966,0,2,"1. Junior User (1-6 Months)",Mobile Phone,1,14,UPI,female,2,5,Laptop & Accessory,5,Married,4,0,13.00,0,1,7,197.00,0.00,"2026-06-08 15:34:49"
50967,0,6,"1. Junior User (1-6 Months)",Mobile Phone,1,31,Debit Card,male,2,4,Laptop & Accessory,4,Single,2,0,13.00,0,1,2,143.00,0.00,"2026-06-08 15:34:49"
50968,0,0,"0. New User (<1 Month)",Mobile Phone,1,34,Cash on Delivery,male,3,3,Mobile Phone,1,Married,5,0,20.00,1,1,3,121.00,1.00,"2026-06-08 15:34:49"
50969,0,15,"3. Core Loyal (>1 Year)",Computer,1,8,Debit Card,male,2,3,Fashion,1,Married,3,1,14.00,12,13,9,201.00,0.92,"2026-06-08 15:34:49"
50970,0,13,"3. Core Loyal (>1 Year)",Mobile Phone,3,15,Credit Card,male,2,3,Laptop & Accessory,5,Married,1,0,12.00,2,7,1,155.00,0.29,"2026-06-08 15:34:49"
50971,0,6,"1. Junior User (1-6 Months)",Mobile Phone,1,34,Debit Card,male,3,3,Laptop & Accessory,3,Married,2,1,12.00,1,5,7,152.00,0.20,"2026-06-08 15:34:49"
50972,0,13,"3. Core Loyal (>1 Year)",Mobile Phone,2,12,Credit Card,male,2,3,Grocery,1,Single,2,1,21.00,0,7,7,264.00,0.00,"2026-06-08 15:34:49"
50973,0,0,"0. New User (<1 Month)",Mobile Phone,1,27,Cash on Delivery,male,2,4,Mobile Phone,5,Married,1,0,14.00,0,1,0,123.00,0.00,"2026-06-08 15:34:49"
50974,0,13,"3. Core Loyal (>1 Year)",Computer,1,14,Debit Card,male,3,3,Laptop & Accessory,1,Married,4,1,18.00,2,2,2,141.00,1.00,"2026-06-08 15:34:49"
50975,0,18,"3. Core Loyal (>1 Year)",Mobile Phone,1,6,Cash on Delivery,male,3,3,Fashion,4,Married,2,0,12.00,6,7,7,174.00,0.86,"2026-06-08 15:34:49"
50976,0,8,"2. Mid-Loyal (7-12 Months)",Mobile Phone,3,-1,Debit Card,female,3,4,Mobile Phone,3,Married,1,0,23.00,2,4,2,124.00,0.50,"2026-06-08 15:34:49"
50977,0,5,"1. Junior User (1-6 Months)",Mobile Phone,1,11,Debit Card,female,3,4,Laptop & Accessory,4,Married,4,0,12.00,1,2,5,159.00,0.50,"2026-06-08 15:34:49"
50978,0,9,"2. Mid-Loyal (7-12 Months)",Mobile Phone,3,-1,Debit Card,male,3,3,Mobile Phone,1,Single,4,1,21.00,0,1,2,126.00,0.00,"2026-06-08 15:34:49"
50979,0,21,"3. Core Loyal (>1 Year)",Mobile Phone,3,22,Debit Card,female,3,3,Laptop & Accessory,3,Married,9,0,14.00,1,7,7,164.00,0.14,"2026-06-08 15:34:49"
50980,0,2,"1. Junior User (1-6 Months)",Mobile Phone,1,-1,Debit Card,male,3,1,Mobile Phone,3,Married,7,0,18.00,1,1,0,125.00,1.00,"2026-06-08 15:34:49"
50981,0,6,"1. Junior User (1-6 Months)",Mobile Phone,3,14,Debit Card,male,2,3,Laptop & Accessory,5,Married,3,0,13.00,2,2,2,164.00,1.00,"2026-06-08 15:34:49"
50982,1,0,"0. New User (<1 Month)",Mobile Phone,3,6,Debit Card,male,3,4,Laptop & Accessory,5,Married,2,0,11.00,3,6,7,197.00,0.50,"2026-06-08 15:34:49"
50983,0,11,"2. Mid-Loyal (7-12 Months)",Computer,2,16,UPI,male,3,3,Laptop & Accessory,3,Married,4,0,11.00,0,1,2,161.00,0.00,"2026-06-08 15:34:49"
50984,0,8,"2. Mid-Loyal (7-12 Months)",Mobile Phone,1,-1,Credit Card,male,3,4,Mobile Phone,5,Single,2,0,19.00,0,1,2,125.00,0.00,"2026-06-08 15:34:49"
50985,0,3,"1. Junior User (1-6 Months)",Mobile Phone,3,35,Cash on Delivery,male,2,3,Fashion,4,Married,4,0,12.00,0,1,3,193.00,0.00,"2026-06-08 15:34:49"
50986,1,0,"0. New User (<1 Month)",Mobile Phone,1,8,Debit Card,female,3,3,Mobile Phone,5,Married,2,1,12.00,1,1,0,121.00,1.00,"2026-06-08 15:34:49"
50987,1,16,"3. Core Loyal (>1 Year)",Mobile Phone,1,8,Cash on Delivery,female,3,4,Fashion,1,Married,1,0,16.00,1,1,9,202.00,1.00,"2026-06-08 15:34:49"
50988,1,1,"1. Junior User (1-6 Months)",Mobile Phone,1,8,Credit Card,male,2,3,Laptop & Accessory,4,Married,5,0,11.00,0,1,4,149.00,0.00,"2026-06-08 15:34:49"
50989,0,5,"1. Junior User (1-6 Months)",Computer,1,6,Cash on Delivery,male,3,3,Laptop & Accessory,5,Married,5,0,14.00,1,1,2,141.00,1.00,"2026-06-08 15:34:49"
50990,0,21,"3. Core Loyal (>1 Year)",Mobile Phone,1,-1,UPI,female,3,3,Mobile Phone,5,Married,9,0,12.00,7,7,6,124.00,1.00,"2026-06-08 15:34:49"
50991,0,7,"2. Mid-Loyal (7-12 Months)",Mobile Phone,1,13,Credit Card,male,0,3,Mobile Phone,1,Single,2,0,13.00,0,1,0,130.00,0.00,"2026-06-08 15:34:49"
50992,0,28,"3. Core Loyal (>1 Year)",Mobile Phone,3,32,E wallet,male,2,4,Others,1,Married,2,0,0.0,2,2,13,296.00,1.00,"2026-06-08 15:34:49"
50993,0,7,"2. Mid-Loyal (7-12 Months)",Mobile Phone,1,6,Debit Card,male,2,3,Laptop & Accessory,1,Married,10,0,17.00,1,2,1,155.00,0.50,"2026-06-08 15:34:49"
50994,0,0,"0. New User (<1 Month)",Mobile Phone,1,9,Debit Card,female,2,3,Mobile Phone,1,Married,2,0,21.00,1,1,0,121.00,1.00,"2026-06-08 15:34:49"
50995,0,11,"2. Mid-Loyal (7-12 Months)",Mobile Phone,3,20,Debit Card,male,3,3,Laptop & Accessory,4,Married,1,0,11.00,5,7,7,199.00,0.71,"2026-06-08 15:34:49"
50996,0,11,"2. Mid-Loyal (7-12 Months)",Mobile Phone,3,22,Debit Card,female,2,3,Laptop & Accessory,4,Single,3,0,12.00,0,1,2,142.00,0.00,"2026-06-08 15:34:49"
50997,0,9,"2. Mid-Loyal (7-12 Months)",Mobile Phone,3,6,Debit Card,female,3,3,Laptop & Accessory,3,Single,7,0,13.00,1,1,0,168.00,1.00,"2026-06-08 15:34:49"
50998,0,2,"1. Junior User (1-6 Months)",Mobile Phone,1,9,Credit Card,male,2,3,Mobile Phone,5,Single,2,1,18.00,0,1,5,147.00,0.00,"2026-06-08 15:34:49"
50999,0,8,"2. Mid-Loyal (7-12 Months)",Mobile Phone,1,16,Credit Card,female,2,3,Laptop & Accessory,3,Single,4,1,16.00,1,1,4,161.00,1.00,"2026-06-08 15:34:49"
51000,0,12,"2. Mid-Loyal (7-12 Months)",Mobile Phone,3,12,Credit Card,male,2,1,Fashion,3,Married,3,0,11.00,4,7,6,182.00,0.57,"2026-06-08 15:34:49"
51001,0,2,"1. Junior User (1-6 Months)",Computer,1,8,Debit Card,male,2,3,Laptop & Accessory,1,Married,2,0,19.00,0,1,3,189.00,0.00,"2026-06-08 15:34:49"
51002,0,23,"3. Core Loyal (>1 Year)",Mobile Phone,3,5,E wallet,male,2,3,Others,3,Married,5,1,0.0,0,1,0,293.00,0.00,"2026-06-08 15:34:49"
51003,0,0,"0. New User (<1 Month)",Mobile Phone,1,16,Cash on Delivery,male,2,1,Mobile Phone,3,Married,3,0,16.00,2,2,2,121.00,1.00,"2026-06-08 15:34:49"
51004,0,9,"2. Mid-Loyal (7-12 Months)",Computer,1,12,Debit Card,male,3,1,Laptop & Accessory,5,Married,4,1,13.00,1,1,2,156.00,1.00,"2026-06-08 15:34:49"
51005,0,15,"3. Core Loyal (>1 Year)",Mobile Phone,1,15,UPI,male,3,4,Others,1,Single,9,0,0.0,1,1,1,296.00,1.00,"2026-06-08 15:34:49"
51006,0,8,"2. Mid-Loyal (7-12 Months)",Mobile Phone,1,34,Debit Card,male,2,1,Laptop & Accessory,3,Married,2,0,17.00,5,6,8,134.00,0.83,"2026-06-08 15:34:49"
51007,0,7,"2. Mid-Loyal (7-12 Months)",Computer,1,16,Cash on Delivery,male,3,4,Laptop & Accessory,3,Married,2,0,14.00,2,7,7,151.00,0.29,"2026-06-08 15:34:49"
51008,0,13,"3. Core Loyal (>1 Year)",Mobile Phone,3,20,Debit Card,female,2,3,Laptop & Accessory,5,Married,2,0,15.00,0,1,2,146.00,0.00,"2026-06-08 15:34:49"
51009,0,16,"3. Core Loyal (>1 Year)",Mobile Phone,1,33,Cash on Delivery,male,2,1,Mobile Phone,4,Married,6,0,12.00,1,1,2,149.00,1.00,"2026-06-08 15:34:49"
51010,0,8,"2. Mid-Loyal (7-12 Months)",Mobile Phone,1,13,Debit Card,male,0,4,Mobile Phone,1,Married,2,0,18.00,1,1,1,127.00,1.00,"2026-06-08 15:34:49"
51011,0,19,"3. Core Loyal (>1 Year)",Mobile Phone,3,6,Debit Card,male,2,1,Grocery,5,Single,2,0,15.00,0,1,12,276.00,0.00,"2026-06-08 15:34:49"
51012,1,0,"0. New User (<1 Month)",Mobile Phone,1,-1,Credit Card,male,2,3,Mobile Phone,4,Married,2,1,17.00,0,1,0,124.00,0.00,"2026-06-08 15:34:49"
51013,0,0,"0. New User (<1 Month)",Computer,1,32,UPI,female,0,4,Mobile Phone,3,Married,2,1,14.00,0,1,3,128.00,0.00,"2026-06-08 15:34:49"
51014,0,23,"3. Core Loyal (>1 Year)",Computer,1,26,Credit Card,male,2,3,Grocery,3,Married,3,1,15.00,3,12,-1,212.00,0.25,"2026-06-08 15:34:49"
51015,0,5,"1. Junior User (1-6 Months)",Mobile Phone,1,11,UPI,female,2,1,Mobile Phone,1,Married,4,0,17.00,1,1,2,133.00,1.00,"2026-06-08 15:34:49"
51016,0,17,"3. Core Loyal (>1 Year)",Mobile Phone,1,13,Credit Card,female,2,3,Others,1,Married,1,1,14.00,0,1,10,290.00,0.00,"2026-06-08 15:34:49"
51017,0,0,"0. New User (<1 Month)",Mobile Phone,1,13,Credit Card,male,2,4,Mobile Phone,4,Married,2,0,12.00,0,1,1,121.00,0.00,"2026-06-08 15:34:49"
51018,0,18,"3. Core Loyal (>1 Year)",Mobile Phone,1,11,Credit Card,female,2,5,Laptop & Accessory,5,Single,2,1,14.00,1,1,4,158.00,1.00,"2026-06-08 15:34:49"
51019,0,18,"3. Core Loyal (>1 Year)",Computer,3,32,E wallet,male,2,4,Laptop & Accessory,5,Married,2,0,15.00,0,4,5,144.00,0.00,"2026-06-08 15:34:49"
51020,0,4,"1. Junior User (1-6 Months)",Computer,3,8,UPI,male,2,3,Laptop & Accessory,5,Single,8,0,13.00,0,1,3,153.00,0.00,"2026-06-08 15:34:49"
51021,0,9,"2. Mid-Loyal (7-12 Months)",Mobile Phone,1,18,Debit Card,female,3,3,Laptop & Accessory,3,Married,10,1,12.00,0,1,1,147.00,0.00,"2026-06-08 15:34:49"
51022,0,7,"2. Mid-Loyal (7-12 Months)",Computer,1,16,Debit Card,male,2,1,Laptop & Accessory,1,Married,2,0,13.00,5,7,2,147.00,0.71,"2026-06-08 15:34:49"
51023,0,22,"3. Core Loyal (>1 Year)",Mobile Phone,1,31,Debit Card,female,2,3,Mobile Phone,5,Married,2,0,14.00,0,1,4,132.00,0.00,"2026-06-08 15:34:49"
51024,0,12,"2. Mid-Loyal (7-12 Months)",Mobile Phone,1,16,Credit Card,male,3,3,Laptop & Accessory,5,Married,3,0,13.00,4,7,7,154.00,0.57,"2026-06-08 15:34:49"
51025,0,0,"0. New User (<1 Month)",Mobile Phone,1,25,UPI,male,3,4,Mobile Phone,5,Married,2,0,11.00,0,1,7,141.00,0.00,"2026-06-08 15:34:49"
51026,0,8,"2. Mid-Loyal (7-12 Months)",Mobile Phone,1,24,Debit Card,male,2,1,Laptop & Accessory,5,Married,2,0,11.00,0,1,10,152.00,0.00,"2026-06-08 15:34:49"
51027,0,1,"1. Junior User (1-6 Months)",Mobile Phone,1,33,Credit Card,female,2,5,Laptop & Accessory,5,Married,1,0,21.00,1,1,0,0.00,1.00,"2026-06-08 15:34:49"
51028,0,0,"0. New User (<1 Month)",Mobile Phone,1,11,Credit Card,male,0,3,Mobile Phone,1,Single,2,0,18.00,1,2,2,131.00,0.50,"2026-06-08 15:34:49"
51029,1,0,"0. New User (<1 Month)",Computer,3,9,Credit Card,female,3,3,Mobile Phone,1,Single,2,1,12.00,0,1,0,116.00,0.00,"2026-06-08 15:34:49"
51030,0,20,"3. Core Loyal (>1 Year)",Mobile Phone,2,32,Debit Card,female,3,3,Others,3,Married,4,0,0.0,1,1,0,297.00,1.00,"2026-06-08 15:34:49"
51031,0,12,"2. Mid-Loyal (7-12 Months)",Mobile Phone,1,9,Credit Card,male,0,4,Laptop & Accessory,3,Married,1,0,15.00,0,1,7,131.00,0.00,"2026-06-08 15:34:49"
51032,0,13,"3. Core Loyal (>1 Year)",Mobile Phone,1,21,Debit Card,female,3,4,Fashion,3,Married,2,0,13.00,1,14,12,204.00,0.07,"2026-06-08 15:34:49"
51033,0,8,"2. Mid-Loyal (7-12 Months)",Computer,1,14,Debit Card,female,2,3,Laptop & Accessory,3,Married,2,0,12.00,2,2,9,141.00,1.00,"2026-06-08 15:34:49"
51034,0,10,"2. Mid-Loyal (7-12 Months)",Mobile Phone,1,25,Debit Card,male,2,3,Laptop & Accessory,3,Married,4,0,17.00,0,1,2,158.00,0.00,"2026-06-08 15:34:49"
51035,0,12,"2. Mid-Loyal (7-12 Months)",Computer,1,10,Credit Card,female,2,3,Laptop & Accessory,3,Single,1,0,13.00,3,3,8,150.00,1.00,"2026-06-08 15:34:49"
51036,0,18,"3. Core Loyal (>1 Year)",Mobile Phone,1,8,UPI,female,2,4,Laptop & Accessory,1,Married,2,0,19.00,2,3,9,158.00,0.67,"2026-06-08 15:34:49"
51037,0,11,"2. Mid-Loyal (7-12 Months)",Mobile Phone,1,8,Credit Card,female,2,4,Fashion,3,Married,4,1,19.00,1,1,2,178.00,1.00,"2026-06-08 15:34:49"
51038,1,0,"0. New User (<1 Month)",Mobile Phone,3,16,Credit Card,male,2,4,Fashion,5,Married,10,0,17.00,4,6,0,203.00,0.67,"2026-06-08 15:34:49"
51039,0,10,"2. Mid-Loyal (7-12 Months)",Mobile Phone,1,16,Credit Card,female,3,3,Mobile Phone,4,Married,2,0,11.00,1,7,7,139.00,0.14,"2026-06-08 15:34:49"
51040,0,13,"3. Core Loyal (>1 Year)",Mobile Phone,1,22,Debit Card,female,2,3,Fashion,1,Single,7,1,15.00,1,3,3,179.00,0.33,"2026-06-08 15:34:49"
51041,0,17,"3. Core Loyal (>1 Year)",Computer,2,6,UPI,male,2,3,Laptop & Accessory,1,Married,5,1,11.00,1,1,2,157.00,1.00,"2026-06-08 15:34:49"
51042,0,21,"3. Core Loyal (>1 Year)",Computer,1,10,Credit Card,male,2,4,Grocery,1,Married,3,0,25.00,2,0,2,252.00,0.00,"2026-06-08 15:34:49"
51043,1,0,"0. New User (<1 Month)",Mobile Phone,3,21,Credit Card,male,2,5,Laptop & Accessory,1,Married,7,1,14.00,1,2,2,154.00,0.50,"2026-06-08 15:34:49"
51044,0,0,"0. New User (<1 Month)",Computer,1,8,Cash on Delivery,female,2,3,Mobile Phone,1,Single,2,1,13.00,1,1,3,138.00,1.00,"2026-06-08 15:34:49"
51045,0,0,"0. New User (<1 Month)",Mobile Phone,1,14,Credit Card,female,2,1,Mobile Phone,3,Married,8,0,17.00,0,1,2,135.00,0.00,"2026-06-08 15:34:49"
51046,0,0,"0. New User (<1 Month)",Computer,1,-1,Credit Card,male,2,3,Mobile Phone,1,Single,3,0,13.00,0,1,2,126.00,0.00,"2026-06-08 15:34:49"
51047,1,0,"0. New User (<1 Month)",Mobile Phone,1,13,Debit Card,male,3,3,Mobile Phone,5,Single,4,1,14.00,0,1,3,122.00,0.00,"2026-06-08 15:34:49"
51048,0,2,"1. Junior User (1-6 Months)",Mobile Phone,3,16,Credit Card,male,2,4,Laptop & Accessory,3,Single,10,0,11.00,1,1,4,159.00,1.00,"2026-06-08 15:34:49"
51049,0,9,"2. Mid-Loyal (7-12 Months)",Mobile Phone,1,11,Debit Card,female,2,3,Fashion,5,Married,5,0,12.00,1,1,2,180.00,1.00,"2026-06-08 15:34:49"
51050,0,0,"0. New User (<1 Month)",Computer,1,8,Debit Card,male,3,1,Laptop & Accessory,3,Married,2,0,17.00,0,1,7,152.00,0.00,"2026-06-08 15:34:49"
51051,0,12,"2. Mid-Loyal (7-12 Months)",Mobile Phone,1,18,Credit Card,male,3,3,Laptop & Accessory,4,Married,5,0,21.00,1,1,0,153.00,1.00,"2026-06-08 15:34:49"
51052,0,22,"3. Core Loyal (>1 Year)",Mobile Phone,1,28,UPI,female,3,3,Grocery,4,Married,4,0,16.00,0,1,2,264.00,0.00,"2026-06-08 15:34:49"
51053,0,23,"3. Core Loyal (>1 Year)",Mobile Phone,1,23,Debit Card,female,2,4,Fashion,5,Married,6,0,15.00,1,0,11,233.00,0.00,"2026-06-08 15:34:49"
51054,0,0,"0. New User (<1 Month)",Mobile Phone,3,8,Credit Card,female,0,3,Mobile Phone,3,Single,2,0,19.00,0,2,2,128.00,0.00,"2026-06-08 15:34:49"
51055,0,7,"2. Mid-Loyal (7-12 Months)",Mobile Phone,1,9,Debit Card,female,3,3,Laptop & Accessory,4,Married,2,0,12.00,7,7,9,154.00,1.00,"2026-06-08 15:34:49"
51056,0,0,"0. New User (<1 Month)",Mobile Phone,1,13,Debit Card,male,3,3,Mobile Phone,4,Single,3,0,11.00,0,1,3,120.00,0.00,"2026-06-08 15:34:49"
51057,0,22,"3. Core Loyal (>1 Year)",Mobile Phone,1,12,Debit Card,female,2,4,Grocery,3,Married,3,1,19.00,1,0,12,240.00,0.00,"2026-06-08 15:34:49"
51058,0,9,"2. Mid-Loyal (7-12 Months)",Computer,1,6,Credit Card,female,2,4,Laptop & Accessory,3,Married,1,0,15.00,1,1,2,144.00,1.00,"2026-06-08 15:34:49"
51059,0,9,"2. Mid-Loyal (7-12 Months)",Mobile Phone,1,9,Debit Card,male,3,1,Laptop & Accessory,5,Married,7,0,20.00,1,1,4,168.00,1.00,"2026-06-08 15:34:49"
51060,0,27,"3. Core Loyal (>1 Year)",Mobile Phone,1,28,Credit Card,female,3,3,Grocery,3,Married,4,0,25.00,0,4,7,274.00,0.00,"2026-06-08 15:34:49"
51061,0,16,"3. Core Loyal (>1 Year)",Mobile Phone,1,21,Debit Card,male,3,4,Grocery,3,Married,2,0,24.00,0,6,11,276.00,0.00,"2026-06-08 15:34:49"
51062,1,0,"0. New User (<1 Month)",Computer,3,18,UPI,male,2,3,Laptop & Accessory,1,Single,4,1,24.00,3,6,7,146.00,0.50,"2026-06-08 15:34:49"
51063,0,11,"2. Mid-Loyal (7-12 Months)",Computer,1,6,Debit Card,male,2,3,Laptop & Accessory,1,Married,8,0,15.00,2,2,9,147.00,1.00,"2026-06-08 15:34:49"
51064,0,2,"1. Junior User (1-6 Months)",Mobile Phone,3,11,Credit Card,male,2,4,Laptop & Accessory,4,Married,2,1,13.00,0,1,9,142.00,0.00,"2026-06-08 15:34:49"
51065,0,6,"1. Junior User (1-6 Months)",Mobile Phone,3,8,Credit Card,male,3,3,Laptop & Accessory,1,Married,2,0,14.00,1,1,4,155.00,1.00,"2026-06-08 15:34:49"
51066,0,5,"1. Junior User (1-6 Months)",Mobile Phone,1,8,Credit Card,male,2,3,Laptop & Accessory,4,Married,1,0,13.00,0,1,6,155.00,0.00,"2026-06-08 15:34:49"
51067,0,4,"1. Junior User (1-6 Months)",Mobile Phone,3,11,Debit Card,female,3,3,Laptop & Accessory,1,Married,2,0,11.00,0,1,2,155.00,0.00,"2026-06-08 15:34:49"
51068,0,22,"3. Core Loyal (>1 Year)",Mobile Phone,1,-1,Credit Card,female,3,3,Mobile Phone,5,Married,5,1,16.00,1,2,2,126.00,0.50,"2026-06-08 15:34:49"
51069,0,11,"2. Mid-Loyal (7-12 Months)",Computer,1,-1,Credit Card,female,2,4,Mobile Phone,4,Single,2,0,22.00,1,3,3,124.00,0.33,"2026-06-08 15:34:49"
51070,0,20,"3. Core Loyal (>1 Year)",Mobile Phone,3,8,Debit Card,female,2,1,Grocery,4,Married,7,0,14.00,0,0,2,260.00,0.00,"2026-06-08 15:34:49"
51071,0,22,"3. Core Loyal (>1 Year)",Mobile Phone,1,6,Debit Card,male,2,3,Grocery,3,Single,5,0,14.00,1,0,0,254.00,0.00,"2026-06-08 15:34:49"
51072,0,14,"3. Core Loyal (>1 Year)",Mobile Phone,3,29,Debit Card,male,3,3,Fashion,3,Single,4,1,16.00,0,1,2,171.00,0.00,"2026-06-08 15:34:49"
51073,0,0,"0. New User (<1 Month)",Mobile Phone,3,15,Debit Card,male,0,3,Mobile Phone,5,Single,2,0,11.00,0,1,2,127.00,0.00,"2026-06-08 15:34:49"
51074,0,6,"1. Junior User (1-6 Months)",Computer,3,22,Debit Card,female,2,3,Laptop & Accessory,1,Married,2,1,25.00,0,1,2,154.00,0.00,"2026-06-08 15:34:49"
51075,0,9,"2. Mid-Loyal (7-12 Months)",Mobile Phone,1,32,Debit Card,male,3,3,Laptop & Accessory,3,Married,7,0,14.00,1,1,2,153.00,1.00,"2026-06-08 15:34:49"
51076,0,17,"3. Core Loyal (>1 Year)",Mobile Phone,2,6,Debit Card,female,2,3,Mobile Phone,1,Married,5,1,18.00,2,2,2,132.00,1.00,"2026-06-08 15:34:49"
51077,1,0,"0. New User (<1 Month)",Mobile Phone,1,14,Credit Card,male,3,4,Mobile Phone,3,Single,2,1,11.00,1,1,2,140.00,1.00,"2026-06-08 15:34:49"
51078,0,11,"2. Mid-Loyal (7-12 Months)",Mobile Phone,1,10,Credit Card,female,2,3,Mobile Phone,3,Married,8,0,19.00,0,1,0,133.00,0.00,"2026-06-08 15:34:49"
51079,0,26,"3. Core Loyal (>1 Year)",Mobile Phone,1,30,Credit Card,male,2,1,Fashion,1,Married,4,0,15.00,0,1,2,170.00,0.00,"2026-06-08 15:34:49"
51080,1,11,"2. Mid-Loyal (7-12 Months)",Computer,3,-1,Credit Card,female,3,3,Mobile Phone,3,Married,3,1,11.00,4,7,7,127.00,0.57,"2026-06-08 15:34:49"
51081,1,0,"0. New User (<1 Month)",Mobile Phone,1,8,Debit Card,male,3,3,Mobile Phone,4,Single,2,0,12.00,1,1,0,114.00,1.00,"2026-06-08 15:34:49"
51082,0,0,"0. New User (<1 Month)",Computer,1,-1,Credit Card,male,3,3,Mobile Phone,1,Single,2,0,20.00,5,5,7,126.00,1.00,"2026-06-08 15:34:49"
51083,0,28,"3. Core Loyal (>1 Year)",Mobile Phone,1,28,Cash on Delivery,male,3,4,Mobile Phone,4,Married,6,0,12.00,1,1,2,135.00,1.00,"2026-06-08 15:34:49"
51084,0,7,"2. Mid-Loyal (7-12 Months)",Mobile Phone,1,11,Credit Card,male,2,4,Laptop & Accessory,1,Married,2,0,14.00,4,4,13,140.00,1.00,"2026-06-08 15:34:49"
51085,0,30,"3. Core Loyal (>1 Year)",Mobile Phone,1,6,Credit Card,male,3,5,Fashion,1,Married,4,0,20.00,0,1,0,209.00,0.00,"2026-06-08 15:34:49"
51086,0,0,"0. New User (<1 Month)",Mobile Phone,1,27,Credit Card,male,3,1,Mobile Phone,4,Married,2,0,18.00,2,2,13,120.00,1.00,"2026-06-08 15:34:49"
51087,0,10,"2. Mid-Loyal (7-12 Months)",Computer,3,6,Credit Card,male,2,5,Laptop & Accessory,1,Married,2,0,14.00,0,1,3,195.00,0.00,"2026-06-08 15:34:49"
51088,0,7,"2. Mid-Loyal (7-12 Months)",Mobile Phone,1,25,Debit Card,female,0,4,Mobile Phone,1,Married,2,0,12.00,3,8,7,129.00,0.38,"2026-06-08 15:34:49"
51089,1,0,"0. New User (<1 Month)",Mobile Phone,3,13,Debit Card,male,2,3,Mobile Phone,1,Married,2,1,21.00,1,1,2,123.00,1.00,"2026-06-08 15:34:49"
51090,0,17,"3. Core Loyal (>1 Year)",Mobile Phone,1,8,Debit Card,female,3,1,Fashion,1,Married,2,1,19.00,6,6,7,179.00,1.00,"2026-06-08 15:34:49"
51091,0,8,"2. Mid-Loyal (7-12 Months)",Computer,1,8,Credit Card,male,3,4,Mobile Phone,1,Single,1,1,14.00,1,1,4,149.00,1.00,"2026-06-08 15:34:49"
51092,0,16,"3. Core Loyal (>1 Year)",Mobile Phone,3,8,Credit Card,male,3,3,Laptop & Accessory,1,Married,2,1,17.00,0,8,8,178.00,0.00,"2026-06-08 15:34:49"
51093,0,0,"0. New User (<1 Month)",Mobile Phone,1,15,Credit Card,male,3,1,Mobile Phone,3,Married,2,0,16.00,0,1,4,144.00,0.00,"2026-06-08 15:34:49"
51094,0,14,"3. Core Loyal (>1 Year)",Mobile Phone,3,12,E wallet,male,2,3,Fashion,3,Single,2,0,12.00,6,8,7,192.00,0.75,"2026-06-08 15:34:49"
51095,0,2,"1. Junior User (1-6 Months)",Mobile Phone,1,15,Credit Card,female,0,3,Mobile Phone,3,Married,10,0,17.00,1,1,2,130.00,1.00,"2026-06-08 15:34:49"
51096,0,9,"2. Mid-Loyal (7-12 Months)",Mobile Phone,3,8,Debit Card,female,2,3,Laptop & Accessory,1,Single,4,0,15.00,3,6,7,145.00,0.50,"2026-06-08 15:34:49"
51097,0,18,"3. Core Loyal (>1 Year)",Computer,1,6,Debit Card,male,3,4,Fashion,3,Married,4,0,23.00,3,14,4,207.00,0.21,"2026-06-08 15:34:49"
51098,1,0,"0. New User (<1 Month)",Mobile Phone,2,28,UPI,male,2,5,Mobile Phone,3,Married,2,0,11.00,0,1,0,116.00,0.00,"2026-06-08 15:34:49"
51099,1,10,"2. Mid-Loyal (7-12 Months)",Computer,3,15,Debit Card,male,2,5,Grocery,3,Married,8,0,11.00,1,14,-1,229.00,0.07,"2026-06-08 15:34:49"
51100,0,0,"0. New User (<1 Month)",Mobile Phone,1,23,Credit Card,male,3,5,Mobile Phone,3,Married,2,0,15.00,0,1,2,123.00,0.00,"2026-06-08 15:34:49"
51101,0,18,"3. Core Loyal (>1 Year)",Mobile Phone,1,34,Cash on Delivery,female,2,4,Grocery,4,Single,2,0,11.00,0,8,6,267.00,0.00,"2026-06-08 15:34:49"
51102,0,5,"1. Junior User (1-6 Months)",Computer,1,16,Debit Card,male,2,3,Mobile Phone,3,Married,7,0,13.00,0,1,3,134.00,0.00,"2026-06-08 15:34:49"
51103,0,4,"1. Junior User (1-6 Months)",Mobile Phone,1,8,Debit Card,male,3,3,Mobile Phone,3,Married,2,0,14.00,0,1,3,135.00,0.00,"2026-06-08 15:34:49"
51104,0,14,"3. Core Loyal (>1 Year)",Computer,2,10,UPI,male,2,5,Laptop & Accessory,4,Married,7,0,19.00,0,1,2,164.00,0.00,"2026-06-08 15:34:49"
51105,0,13,"3. Core Loyal (>1 Year)",Mobile Phone,1,14,Debit Card,female,3,3,Laptop & Accessory,5,Married,3,1,16.00,0,1,0,165.00,0.00,"2026-06-08 15:34:49"
51106,0,0,"0. New User (<1 Month)",Mobile Phone,1,35,Credit Card,male,3,3,Mobile Phone,5,Married,2,0,13.00,1,1,2,139.00,1.00,"2026-06-08 15:34:49"
51107,0,19,"3. Core Loyal (>1 Year)",Mobile Phone,1,19,Debit Card,male,2,3,Laptop & Accessory,4,Single,7,0,14.00,1,1,9,156.00,1.00,"2026-06-08 15:34:49"
51108,0,8,"2. Mid-Loyal (7-12 Months)",Mobile Phone,1,33,Debit Card,male,2,3,Laptop & Accessory,3,Married,3,0,16.00,0,1,7,169.00,0.00,"2026-06-08 15:34:49"
51109,0,3,"1. Junior User (1-6 Months)",Mobile Phone,1,22,Debit Card,male,0,3,Mobile Phone,1,Married,2,0,12.00,0,1,8,129.00,0.00,"2026-06-08 15:34:49"
51110,0,20,"3. Core Loyal (>1 Year)",Computer,3,8,E wallet,male,2,3,Laptop & Accessory,4,Married,8,0,11.00,0,1,0,150.00,0.00,"2026-06-08 15:34:49"
51111,0,19,"3. Core Loyal (>1 Year)",Mobile Phone,3,8,Debit Card,male,3,3,Fashion,1,Married,5,1,12.00,0,1,3,204.00,0.00,"2026-06-08 15:34:49"
51112,1,0,"0. New User (<1 Month)",Mobile Phone,3,19,E wallet,male,3,4,Laptop & Accessory,5,Married,6,1,13.00,2,2,2,161.00,1.00,"2026-06-08 15:34:49"
51113,1,0,"0. New User (<1 Month)",Mobile Phone,3,6,Debit Card,male,2,5,Laptop & Accessory,4,Single,7,0,15.00,0,1,0,167.00,0.00,"2026-06-08 15:34:49"
51114,0,0,"0. New User (<1 Month)",Mobile Phone,1,10,Credit Card,female,2,3,Mobile Phone,4,Single,2,0,13.00,1,1,2,133.00,1.00,"2026-06-08 15:34:49"
51115,0,4,"1. Junior User (1-6 Months)",Computer,1,30,Cash on Delivery,female,1,3,Laptop & Accessory,1,Single,3,0,20.00,1,1,4,152.00,1.00,"2026-06-08 15:34:49"
51116,0,12,"2. Mid-Loyal (7-12 Months)",Computer,1,6,Debit Card,male,3,3,Laptop & Accessory,1,Married,2,1,15.00,3,5,8,165.00,0.60,"2026-06-08 15:34:49"
51117,0,5,"1. Junior User (1-6 Months)",Mobile Phone,3,25,Debit Card,male,3,5,Fashion,3,Married,4,0,13.00,1,1,2,196.00,1.00,"2026-06-08 15:34:49"
51118,0,13,"3. Core Loyal (>1 Year)",Mobile Phone,3,13,Credit Card,male,2,3,Others,4,Single,2,0,0.0,1,12,8,298.00,0.08,"2026-06-08 15:34:49"
51119,0,18,"3. Core Loyal (>1 Year)",Mobile Phone,2,10,Debit Card,female,2,5,Fashion,3,Married,5,0,21.00,1,1,3,198.00,1.00,"2026-06-08 15:34:49"
51120,0,3,"1. Junior User (1-6 Months)",Computer,1,8,Cash on Delivery,female,3,4,Mobile Phone,5,Single,1,0,16.00,0,1,7,150.00,0.00,"2026-06-08 15:34:49"
51121,0,0,"0. New User (<1 Month)",Computer,2,16,Credit Card,male,2,3,Mobile Phone,1,Married,1,0,14.00,1,2,1,121.00,0.50,"2026-06-08 15:34:49"
51122,1,0,"0. New User (<1 Month)",Computer,2,14,UPI,female,3,4,Mobile Phone,1,Married,7,0,11.00,1,1,2,122.00,1.00,"2026-06-08 15:34:49"
51123,0,4,"1. Junior User (1-6 Months)",Mobile Phone,3,11,Cash on Delivery,male,2,3,Laptop & Accessory,3,Married,2,0,19.00,0,1,2,183.00,0.00,"2026-06-08 15:34:49"
51124,0,0,"0. New User (<1 Month)",Mobile Phone,1,14,Credit Card,female,3,3,Mobile Phone,1,Single,2,0,11.00,1,1,4,134.00,1.00,"2026-06-08 15:34:49"
51125,1,0,"0. New User (<1 Month)",Mobile Phone,3,15,E wallet,female,0,5,Mobile Phone,4,Single,2,0,13.00,1,2,2,128.00,0.50,"2026-06-08 15:34:49"
51126,0,2,"1. Junior User (1-6 Months)",Computer,1,6,Debit Card,male,3,1,Laptop & Accessory,3,Single,9,1,12.00,0,1,2,163.00,0.00,"2026-06-08 15:34:49"
51127,0,3,"1. Junior User (1-6 Months)",Mobile Phone,3,21,E wallet,male,3,4,Fashion,5,Married,3,0,11.00,0,1,7,171.00,0.00,"2026-06-08 15:34:49"
51128,0,7,"2. Mid-Loyal (7-12 Months)",Mobile Phone,1,8,Credit Card,male,0,1,Mobile Phone,1,Married,1,1,14.00,0,1,2,129.00,0.00,"2026-06-08 15:34:49"
51129,0,6,"1. Junior User (1-6 Months)",Computer,3,8,E wallet,female,3,3,Laptop & Accessory,4,Single,9,0,15.00,0,1,7,151.00,0.00,"2026-06-08 15:34:49"
51130,0,22,"3. Core Loyal (>1 Year)",Mobile Phone,3,17,E wallet,female,3,3,Laptop & Accessory,1,Single,4,0,12.00,0,1,4,145.00,0.00,"2026-06-08 15:34:49"
51131,1,0,"0. New User (<1 Month)",Mobile Phone,3,22,Debit Card,female,3,3,Fashion,5,Single,3,1,20.00,0,1,0,186.00,0.00,"2026-06-08 15:34:49"
51132,0,11,"2. Mid-Loyal (7-12 Months)",Computer,1,-1,Credit Card,female,3,4,Mobile Phone,4,Married,5,0,14.00,0,1,5,125.00,0.00,"2026-06-08 15:34:49"
51133,1,0,"0. New User (<1 Month)",Mobile Phone,3,22,E wallet,male,3,3,Fashion,3,Married,3,0,13.00,1,1,0,182.00,1.00,"2026-06-08 15:34:49"
51134,0,0,"0. New User (<1 Month)",Mobile Phone,1,10,Cash on Delivery,female,3,4,Mobile Phone,5,Married,2,0,13.00,0,1,0,121.00,0.00,"2026-06-08 15:34:49"
51135,0,0,"0. New User (<1 Month)",Mobile Phone,1,22,Debit Card,male,2,1,Laptop & Accessory,3,Married,4,0,16.00,1,1,7,153.00,1.00,"2026-06-08 15:34:49"
51136,0,5,"1. Junior User (1-6 Months)",Computer,1,11,Cash on Delivery,male,0,3,Mobile Phone,4,Single,3,0,14.00,1,1,7,127.00,1.00,"2026-06-08 15:34:49"
51137,0,11,"2. Mid-Loyal (7-12 Months)",Mobile Phone,1,24,Credit Card,male,2,5,Laptop & Accessory,1,Married,4,1,16.00,0,1,0,158.00,0.00,"2026-06-08 15:34:49"
51138,1,6,"1. Junior User (1-6 Months)",Computer,1,-1,Cash on Delivery,male,2,4,Mobile Phone,3,Married,10,1,16.00,1,1,0,124.00,1.00,"2026-06-08 15:34:49"
51139,0,15,"3. Core Loyal (>1 Year)",Mobile Phone,1,18,Credit Card,male,0,3,Mobile Phone,4,Married,9,0,22.00,1,1,4,128.00,1.00,"2026-06-08 15:34:49"
51140,0,28,"3. Core Loyal (>1 Year)",Mobile Phone,1,8,Credit Card,male,2,4,Others,5,Married,9,0,12.00,0,1,0,290.00,0.00,"2026-06-08 15:34:49"
51141,0,6,"1. Junior User (1-6 Months)",Computer,1,10,Cash on Delivery,male,0,3,Laptop & Accessory,4,Married,6,0,15.00,0,1,7,131.00,0.00,"2026-06-08 15:34:49"
51142,0,0,"0. New User (<1 Month)",Mobile Phone,1,15,Debit Card,male,3,3,Mobile Phone,5,Married,2,0,20.00,1,1,4,123.00,1.00,"2026-06-08 15:34:49"
51143,0,7,"2. Mid-Loyal (7-12 Months)",Computer,3,16,Debit Card,male,2,3,Laptop & Accessory,3,Married,2,1,14.00,1,1,7,140.00,1.00,"2026-06-08 15:34:49"
51144,0,26,"3. Core Loyal (>1 Year)",Computer,1,6,Credit Card,female,2,4,Grocery,3,Married,5,1,20.00,0,1,-1,230.00,0.00,"2026-06-08 15:34:49"
51145,0,16,"3. Core Loyal (>1 Year)",Mobile Phone,2,8,Debit Card,male,3,3,Mobile Phone,1,Single,1,0,13.00,0,1,8,135.00,0.00,"2026-06-08 15:34:49"
51146,0,7,"2. Mid-Loyal (7-12 Months)",Mobile Phone,3,9,Debit Card,female,2,5,Laptop & Accessory,1,Single,6,0,12.00,1,2,2,160.00,0.50,"2026-06-08 15:34:49"
51147,1,0,"0. New User (<1 Month)",Mobile Phone,3,13,E wallet,male,0,3,Mobile Phone,4,Single,2,0,13.00,1,1,0,127.00,1.00,"2026-06-08 15:34:49"
51148,0,11,"2. Mid-Loyal (7-12 Months)",Mobile Phone,1,12,UPI,female,2,4,Mobile Phone,3,Married,2,0,11.00,0,1,4,137.00,0.00,"2026-06-08 15:34:49"
51149,1,0,"0. New User (<1 Month)",Mobile Phone,1,-1,Credit Card,female,3,3,Mobile Phone,5,Married,2,1,17.00,0,1,0,124.00,0.00,"2026-06-08 15:34:49"
51150,0,4,"1. Junior User (1-6 Months)",Mobile Phone,3,35,E wallet,female,3,4,Laptop & Accessory,1,Married,2,0,14.00,2,5,7,155.00,0.40,"2026-06-08 15:34:49"
51151,0,24,"3. Core Loyal (>1 Year)",Mobile Phone,1,9,Cash on Delivery,female,2,3,Fashion,3,Married,3,0,11.00,2,2,-1,231.00,1.00,"2026-06-08 15:34:49"
51152,0,10,"2. Mid-Loyal (7-12 Months)",Mobile Phone,3,15,E wallet,male,2,4,Laptop & Accessory,4,Married,2,0,14.00,0,1,3,142.00,0.00,"2026-06-08 15:34:49"
51153,0,19,"3. Core Loyal (>1 Year)",Mobile Phone,1,8,Credit Card,male,2,3,Others,1,Married,8,1,0.0,1,2,2,293.00,0.50,"2026-06-08 15:34:49"
51154,0,9,"2. Mid-Loyal (7-12 Months)",Mobile Phone,1,16,Debit Card,male,2,3,Fashion,5,Married,8,1,13.00,1,5,7,183.00,0.20,"2026-06-08 15:34:49"
51155,1,7,"2. Mid-Loyal (7-12 Months)",Computer,1,-1,Credit Card,male,2,3,Mobile Phone,4,Married,2,1,12.00,1,2,3,123.00,0.50,"2026-06-08 15:34:49"
51156,0,10,"2. Mid-Loyal (7-12 Months)",Mobile Phone,2,14,UPI,male,2,3,Laptop & Accessory,4,Married,3,0,13.00,4,4,7,141.00,1.00,"2026-06-08 15:34:49"
51157,1,0,"0. New User (<1 Month)",Mobile Phone,3,33,Debit Card,male,2,3,Laptop & Accessory,1,Single,2,1,18.00,0,7,7,158.00,0.00,"2026-06-08 15:34:49"
51158,0,6,"1. Junior User (1-6 Months)",Mobile Phone,1,14,Debit Card,male,0,1,Mobile Phone,5,Married,7,0,19.00,6,7,6,131.00,0.86,"2026-06-08 15:34:49"
51159,0,0,"0. New User (<1 Month)",Mobile Phone,1,6,Debit Card,male,2,3,Mobile Phone,1,Married,2,0,11.00,0,1,3,120.00,0.00,"2026-06-08 15:34:49"
51160,0,12,"2. Mid-Loyal (7-12 Months)",Mobile Phone,1,16,Credit Card,male,3,3,Fashion,3,Single,8,0,21.00,2,0,2,235.00,0.00,"2026-06-08 15:34:49"
51161,0,19,"3. Core Loyal (>1 Year)",Computer,3,32,Debit Card,male,3,4,Laptop & Accessory,4,Single,9,0,15.00,2,2,2,180.00,1.00,"2026-06-08 15:34:49"
51162,0,13,"3. Core Loyal (>1 Year)",Mobile Phone,1,8,Debit Card,female,2,3,Mobile Phone,5,Married,5,0,17.00,1,1,2,134.00,1.00,"2026-06-08 15:34:49"
51163,0,15,"3. Core Loyal (>1 Year)",Mobile Phone,1,19,Credit Card,male,3,1,Laptop & Accessory,5,Married,6,0,18.00,1,1,0,155.00,1.00,"2026-06-08 15:34:49"
51164,0,8,"2. Mid-Loyal (7-12 Months)",Computer,1,8,Credit Card,male,2,3,Laptop & Accessory,1,Married,3,0,14.00,0,1,7,158.00,0.00,"2026-06-08 15:34:49"
51165,0,11,"2. Mid-Loyal (7-12 Months)",Computer,2,-1,UPI,male,3,3,Mobile Phone,4,Married,6,0,13.00,3,3,8,126.00,1.00,"2026-06-08 15:34:49"
51166,1,0,"0. New User (<1 Month)",Computer,1,15,Debit Card,male,3,3,Laptop & Accessory,5,Married,5,0,17.00,0,1,7,153.00,0.00,"2026-06-08 15:34:49"
51167,1,0,"0. New User (<1 Month)",Mobile Phone,1,16,Credit Card,male,2,3,Laptop & Accessory,5,Single,2,0,15.00,0,1,8,142.00,0.00,"2026-06-08 15:34:49"
51168,0,12,"2. Mid-Loyal (7-12 Months)",Computer,3,26,Debit Card,male,2,3,Laptop & Accessory,1,Married,3,0,18.00,1,2,2,141.00,0.50,"2026-06-08 15:34:49"
51169,0,16,"3. Core Loyal (>1 Year)",Computer,1,-1,Debit Card,male,2,3,Mobile Phone,3,Single,5,0,13.00,0,1,2,124.00,0.00,"2026-06-08 15:34:49"
51170,0,14,"3. Core Loyal (>1 Year)",Mobile Phone,1,11,Debit Card,male,2,1,Laptop & Accessory,4,Single,4,0,12.00,1,1,2,169.00,1.00,"2026-06-08 15:34:49"
51171,0,14,"3. Core Loyal (>1 Year)",Mobile Phone,3,10,E wallet,female,2,3,Fashion,3,Married,1,1,13.00,0,13,5,204.00,0.00,"2026-06-08 15:34:49"
51172,0,3,"1. Junior User (1-6 Months)",Mobile Phone,1,16,Credit Card,female,3,3,Fashion,3,Single,10,0,14.00,0,1,2,197.00,0.00,"2026-06-08 15:34:49"
51173,1,0,"0. New User (<1 Month)",Mobile Phone,2,26,Credit Card,female,3,3,Mobile Phone,4,Married,1,1,11.00,0,1,4,121.00,0.00,"2026-06-08 15:34:49"
51174,1,9,"2. Mid-Loyal (7-12 Months)",Mobile Phone,1,27,Credit Card,female,3,3,Laptop & Accessory,4,Married,5,0,22.00,1,3,7,189.00,0.33,"2026-06-08 15:34:49"
51175,0,13,"3. Core Loyal (>1 Year)",Mobile Phone,1,6,Debit Card,female,2,3,Laptop & Accessory,1,Married,5,0,17.00,0,1,3,165.00,0.00,"2026-06-08 15:34:49"
51176,0,7,"2. Mid-Loyal (7-12 Months)",Mobile Phone,3,14,Cash on Delivery,male,3,1,Laptop & Accessory,3,Married,2,0,21.00,0,4,8,168.00,0.00,"2026-06-08 15:34:49"
51177,0,30,"3. Core Loyal (>1 Year)",Computer,3,8,Credit Card,male,2,3,Grocery,4,Married,5,0,22.00,10,14,14,0.00,0.71,"2026-06-08 15:34:49"
51178,0,8,"2. Mid-Loyal (7-12 Months)",Mobile Phone,1,29,Credit Card,male,0,5,Mobile Phone,3,Married,1,0,16.00,1,1,3,127.00,1.00,"2026-06-08 15:34:49"
51179,0,20,"3. Core Loyal (>1 Year)",Mobile Phone,1,10,Debit Card,female,3,4,Fashion,4,Married,9,1,12.00,2,14,10,203.00,0.14,"2026-06-08 15:34:49"
51180,0,13,"3. Core Loyal (>1 Year)",Mobile Phone,1,18,Debit Card,female,2,3,Laptop & Accessory,5,Married,3,0,12.00,7,7,7,144.00,1.00,"2026-06-08 15:34:49"
51181,0,27,"3. Core Loyal (>1 Year)",Mobile Phone,1,13,Credit Card,female,3,3,Laptop & Accessory,1,Married,5,0,15.00,1,1,7,169.00,1.00,"2026-06-08 15:34:49"
51182,0,4,"1. Junior User (1-6 Months)",Computer,3,13,E wallet,female,3,3,Fashion,5,Married,3,0,14.00,2,2,2,196.00,1.00,"2026-06-08 15:34:49"
51183,0,1,"1. Junior User (1-6 Months)",Mobile Phone,1,6,Credit Card,female,3,3,Mobile Phone,5,Married,2,0,25.00,1,1,2,136.00,1.00,"2026-06-08 15:34:49"
51184,0,11,"2. Mid-Loyal (7-12 Months)",Mobile Phone,3,8,E wallet,female,3,5,Laptop & Accessory,1,Married,3,1,20.00,0,1,3,154.00,0.00,"2026-06-08 15:34:49"
51185,0,0,"0. New User (<1 Month)",Mobile Phone,3,16,Credit Card,male,2,3,Laptop & Accessory,1,Single,2,0,13.00,0,1,2,147.00,0.00,"2026-06-08 15:34:49"
51186,0,30,"3. Core Loyal (>1 Year)",Computer,1,21,Debit Card,male,2,3,Grocery,3,Married,3,1,14.00,1,0,2,258.00,0.00,"2026-06-08 15:34:49"
51187,0,0,"0. New User (<1 Month)",Computer,1,20,Credit Card,female,2,3,Mobile Phone,3,Single,2,0,16.00,1,1,0,115.00,1.00,"2026-06-08 15:34:49"
51188,1,0,"0. New User (<1 Month)",Mobile Phone,2,24,UPI,male,0,1,Mobile Phone,5,Married,1,0,17.00,1,1,0,130.00,1.00,"2026-06-08 15:34:49"
51189,1,0,"0. New User (<1 Month)",Mobile Phone,2,-1,UPI,male,2,4,Mobile Phone,5,Married,5,1,15.00,1,2,0,123.00,0.50,"2026-06-08 15:34:49"
51190,0,18,"3. Core Loyal (>1 Year)",Computer,3,8,Debit Card,female,3,3,Laptop & Accessory,3,Married,5,0,22.00,3,5,7,152.00,0.60,"2026-06-08 15:34:49"
51191,0,9,"2. Mid-Loyal (7-12 Months)",Mobile Phone,1,8,UPI,female,3,3,Laptop & Accessory,4,Married,5,1,22.00,0,1,0,170.00,0.00,"2026-06-08 15:34:49"
51192,0,16,"3. Core Loyal (>1 Year)",Computer,3,8,Debit Card,male,3,3,Laptop & Accessory,1,Married,2,0,20.00,5,7,7,157.00,0.71,"2026-06-08 15:34:49"
51193,0,0,"0. New User (<1 Month)",Computer,1,-1,Debit Card,female,2,3,Mobile Phone,1,Single,1,1,14.00,1,1,2,124.00,1.00,"2026-06-08 15:34:49"
51194,0,2,"1. Junior User (1-6 Months)",Computer,1,26,Credit Card,male,2,3,Mobile Phone,1,Married,2,0,13.00,1,3,10,138.00,0.33,"2026-06-08 15:34:49"
51195,0,5,"1. Junior User (1-6 Months)",Computer,3,16,E wallet,male,3,3,Laptop & Accessory,1,Single,9,0,13.00,1,1,0,146.00,1.00,"2026-06-08 15:34:49"
51196,0,15,"3. Core Loyal (>1 Year)",Computer,1,16,Cash on Delivery,male,0,3,Mobile Phone,3,Married,4,0,22.00,1,3,3,129.00,0.33,"2026-06-08 15:34:49"
51197,0,0,"0. New User (<1 Month)",Mobile Phone,1,15,Debit Card,female,3,3,Mobile Phone,3,Single,5,0,12.00,1,2,0,121.00,0.50,"2026-06-08 15:34:49"
51198,0,19,"3. Core Loyal (>1 Year)",Mobile Phone,1,8,Debit Card,male,2,3,Fashion,1,Married,4,0,14.00,1,4,7,186.00,0.25,"2026-06-08 15:34:49"
51199,0,1,"1. Junior User (1-6 Months)",Computer,2,6,Debit Card,male,0,3,Mobile Phone,1,Married,2,0,15.00,0,2,2,127.00,0.00,"2026-06-08 15:34:49"
51200,0,2,"1. Junior User (1-6 Months)",Mobile Phone,1,35,Debit Card,male,3,5,Laptop & Accessory,3,Married,9,0,17.00,1,1,6,164.00,1.00,"2026-06-08 15:34:49"
51201,0,15,"3. Core Loyal (>1 Year)",Mobile Phone,1,14,Debit Card,male,2,3,Mobile Phone,3,Single,5,0,13.00,1,1,0,140.00,1.00,"2026-06-08 15:34:49"
51202,1,0,"0. New User (<1 Month)",Mobile Phone,3,8,E wallet,male,2,4,Laptop & Accessory,4,Single,8,1,12.00,2,2,2,199.00,1.00,"2026-06-08 15:34:49"
51203,0,19,"3. Core Loyal (>1 Year)",Mobile Phone,3,9,Cash on Delivery,female,2,1,Grocery,5,Married,3,0,12.00,1,0,8,232.00,0.00,"2026-06-08 15:34:49"
51204,0,0,"0. New User (<1 Month)",Mobile Phone,3,29,Credit Card,female,2,4,Laptop & Accessory,3,Married,2,0,21.00,4,5,8,135.00,0.80,"2026-06-08 15:34:49"
51205,0,2,"1. Junior User (1-6 Months)",Mobile Phone,2,12,Credit Card,male,0,4,Mobile Phone,4,Married,2,0,11.00,1,1,0,128.00,1.00,"2026-06-08 15:34:49"
51206,0,16,"3. Core Loyal (>1 Year)",Mobile Phone,1,12,Credit Card,female,2,4,Others,3,Married,8,0,0.0,3,6,14,294.00,0.50,"2026-06-08 15:34:49"
51207,0,21,"3. Core Loyal (>1 Year)",Mobile Phone,1,16,Debit Card,male,3,4,Others,4,Married,5,0,0.0,3,12,9,297.00,0.25,"2026-06-08 15:34:49"
51208,1,0,"0. New User (<1 Month)",Computer,1,-1,Debit Card,male,3,4,Mobile Phone,1,Single,2,1,24.00,1,1,0,124.00,1.00,"2026-06-08 15:34:49"
51209,1,9,"2. Mid-Loyal (7-12 Months)",Mobile Phone,3,16,Debit Card,female,3,3,Fashion,4,Married,6,0,21.00,0,1,7,173.00,0.00,"2026-06-08 15:34:49"
51210,0,0,"0. New User (<1 Month)",Computer,1,21,Debit Card,female,3,4,Mobile Phone,5,Married,1,0,19.00,7,7,3,148.00,1.00,"2026-06-08 15:34:49"
51211,0,12,"2. Mid-Loyal (7-12 Months)",Mobile Phone,1,25,UPI,male,2,3,Laptop & Accessory,1,Married,9,0,14.00,1,2,2,139.00,0.50,"2026-06-08 15:34:49"
51212,0,28,"3. Core Loyal (>1 Year)",Mobile Phone,1,8,Cash on Delivery,male,0,4,Mobile Phone,1,Married,9,0,20.00,0,1,4,127.00,0.00,"2026-06-08 15:34:49"
51213,0,1,"1. Junior User (1-6 Months)",Mobile Phone,3,9,Credit Card,female,0,3,Mobile Phone,4,Married,2,0,19.00,1,1,0,129.00,1.00,"2026-06-08 15:34:49"
51214,1,0,"0. New User (<1 Month)",Mobile Phone,3,15,Credit Card,male,2,3,Mobile Phone,1,Single,2,0,13.00,0,1,0,111.00,0.00,"2026-06-08 15:34:49"
51215,1,0,"0. New User (<1 Month)",Mobile Phone,1,-1,Debit Card,male,3,3,Mobile Phone,4,Single,2,1,23.00,1,1,0,125.00,1.00,"2026-06-08 15:34:49"
51216,0,9,"2. Mid-Loyal (7-12 Months)",Mobile Phone,3,16,Cash on Delivery,female,3,4,Laptop & Accessory,3,Married,2,1,13.00,1,1,7,157.00,1.00,"2026-06-08 15:34:49"
51217,0,4,"1. Junior User (1-6 Months)",Mobile Phone,1,26,Debit Card,male,2,3,Laptop & Accessory,3,Married,2,0,11.00,0,1,2,142.00,0.00,"2026-06-08 15:34:49"
51218,0,7,"2. Mid-Loyal (7-12 Months)",Mobile Phone,3,10,Debit Card,male,3,3,Fashion,1,Married,3,1,13.00,0,1,0,197.00,0.00,"2026-06-08 15:34:49"
51219,0,0,"0. New User (<1 Month)",Mobile Phone,1,13,Debit Card,male,2,3,Mobile Phone,5,Single,4,0,14.00,0,1,2,121.00,0.00,"2026-06-08 15:34:49"
51220,0,10,"2. Mid-Loyal (7-12 Months)",Mobile Phone,1,13,Credit Card,male,3,3,Laptop & Accessory,5,Married,6,1,22.00,0,1,4,143.00,0.00,"2026-06-08 15:34:49"
51221,0,8,"2. Mid-Loyal (7-12 Months)",Mobile Phone,1,22,UPI,female,2,4,Laptop & Accessory,4,Married,1,1,11.00,1,1,2,148.00,1.00,"2026-06-08 15:34:49"
51222,0,18,"3. Core Loyal (>1 Year)",Mobile Phone,1,31,Debit Card,female,3,4,Laptop & Accessory,1,Married,1,0,13.00,0,3,8,159.00,0.00,"2026-06-08 15:34:49"
51223,0,9,"2. Mid-Loyal (7-12 Months)",Computer,2,8,UPI,male,3,4,Laptop & Accessory,1,Single,2,0,21.00,1,1,8,139.00,1.00,"2026-06-08 15:34:49"
51224,0,13,"3. Core Loyal (>1 Year)",Mobile Phone,1,6,Debit Card,male,3,3,Grocery,5,Married,3,0,11.00,0,11,16,268.00,0.00,"2026-06-08 15:34:49"
51225,0,0,"0. New User (<1 Month)",Mobile Phone,1,6,Debit Card,female,0,4,Mobile Phone,3,Married,2,1,13.00,0,1,0,129.00,0.00,"2026-06-08 15:34:49"
51226,0,0,"0. New User (<1 Month)",Mobile Phone,3,8,Credit Card,female,2,1,Laptop & Accessory,3,Single,1,0,14.00,0,1,7,165.00,0.00,"2026-06-08 15:34:49"
51227,0,21,"3. Core Loyal (>1 Year)",Computer,1,28,Credit Card,female,2,3,Grocery,1,Married,4,0,11.00,0,4,7,272.00,0.00,"2026-06-08 15:34:49"
51228,0,17,"3. Core Loyal (>1 Year)",Mobile Phone,1,6,Debit Card,male,3,1,Laptop & Accessory,5,Married,3,0,15.00,2,2,2,150.00,1.00,"2026-06-08 15:34:49"
51229,1,0,"0. New User (<1 Month)",Computer,1,22,Cash on Delivery,male,2,5,Mobile Phone,5,Married,2,1,23.00,3,3,0,123.00,1.00,"2026-06-08 15:34:49"
51230,1,19,"3. Core Loyal (>1 Year)",Mobile Phone,1,-1,Debit Card,male,3,3,Mobile Phone,1,Single,2,0,16.00,0,1,0,126.00,0.00,"2026-06-08 15:34:49"
51231,0,9,"2. Mid-Loyal (7-12 Months)",Mobile Phone,3,23,E wallet,male,2,4,Laptop & Accessory,4,Married,3,0,16.00,1,1,3,155.00,1.00,"2026-06-08 15:34:49"
51232,0,14,"3. Core Loyal (>1 Year)",Mobile Phone,3,14,E wallet,female,2,3,Laptop & Accessory,4,Married,6,0,21.00,1,1,4,144.00,1.00,"2026-06-08 15:34:49"
51233,0,15,"3. Core Loyal (>1 Year)",Mobile Phone,1,12,Credit Card,male,2,3,Fashion,5,Married,10,0,13.00,3,0,7,233.00,0.00,"2026-06-08 15:34:49"
51234,0,4,"1. Junior User (1-6 Months)",Mobile Phone,3,16,Credit Card,female,2,3,Laptop & Accessory,1,Married,3,1,11.00,0,1,4,166.00,0.00,"2026-06-08 15:34:49"
51235,0,7,"2. Mid-Loyal (7-12 Months)",Mobile Phone,3,9,Credit Card,female,3,4,Laptop & Accessory,1,Married,4,1,12.00,0,1,1,181.00,0.00,"2026-06-08 15:34:49"
51236,0,4,"1. Junior User (1-6 Months)",Mobile Phone,1,10,Credit Card,female,3,1,Mobile Phone,3,Married,9,0,12.00,2,2,2,140.00,1.00,"2026-06-08 15:34:49"
51237,0,0,"0. New User (<1 Month)",Computer,1,-1,UPI,male,3,1,Mobile Phone,1,Married,1,0,18.00,2,7,7,125.00,0.29,"2026-06-08 15:34:49"
51238,0,18,"3. Core Loyal (>1 Year)",Computer,1,6,Credit Card,male,2,3,Laptop & Accessory,3,Single,5,0,12.00,1,1,3,154.00,1.00,"2026-06-08 15:34:49"
51239,0,6,"1. Junior User (1-6 Months)",Mobile Phone,3,16,E wallet,male,2,3,Laptop & Accessory,3,Single,2,0,14.00,0,1,9,155.00,0.00,"2026-06-08 15:34:49"
51240,0,1,"1. Junior User (1-6 Months)",Computer,3,6,Debit Card,male,2,4,Laptop & Accessory,1,Married,2,1,12.00,0,1,7,168.00,0.00,"2026-06-08 15:34:49"
51241,1,0,"0. New User (<1 Month)",Computer,3,30,Cash on Delivery,male,2,1,Mobile Phone,5,Single,2,0,17.00,1,1,0,111.00,1.00,"2026-06-08 15:34:49"
51242,0,12,"2. Mid-Loyal (7-12 Months)",Computer,3,27,Debit Card,female,2,5,Laptop & Accessory,3,Married,7,0,19.00,0,1,2,157.00,0.00,"2026-06-08 15:34:49"
51243,0,0,"0. New User (<1 Month)",Mobile Phone,1,8,Cash on Delivery,male,2,3,Mobile Phone,4,Married,2,0,11.00,1,1,2,122.00,1.00,"2026-06-08 15:34:49"
51244,0,7,"2. Mid-Loyal (7-12 Months)",Computer,1,28,UPI,male,2,4,Laptop & Accessory,1,Married,2,1,15.00,3,6,11,157.00,0.50,"2026-06-08 15:34:49"
51245,1,0,"0. New User (<1 Month)",Mobile Phone,3,19,E wallet,female,2,3,Laptop & Accessory,3,Single,4,1,11.00,2,2,2,199.00,1.00,"2026-06-08 15:34:49"
51246,0,20,"3. Core Loyal (>1 Year)",Computer,1,20,Cash on Delivery,male,3,3,Laptop & Accessory,4,Married,9,0,18.00,0,1,7,155.00,0.00,"2026-06-08 15:34:49"
51247,0,29,"3. Core Loyal (>1 Year)",Mobile Phone,3,17,E wallet,female,2,4,Laptop & Accessory,5,Married,5,0,16.00,0,1,0,154.00,0.00,"2026-06-08 15:34:49"
51248,0,12,"2. Mid-Loyal (7-12 Months)",Mobile Phone,1,15,Credit Card,male,2,3,Laptop & Accessory,5,Married,2,0,25.00,4,7,9,152.00,0.57,"2026-06-08 15:34:49"
51249,0,0,"0. New User (<1 Month)",Computer,1,14,Credit Card,female,2,4,Laptop & Accessory,4,Married,2,1,16.00,1,1,7,121.00,1.00,"2026-06-08 15:34:49"
51250,0,30,"3. Core Loyal (>1 Year)",Mobile Phone,3,27,Debit Card,female,3,3,Grocery,1,Married,5,1,13.00,0,1,0,279.00,0.00,"2026-06-08 15:34:49"
51251,1,0,"0. New User (<1 Month)",Computer,1,-1,Debit Card,female,2,1,Mobile Phone,3,Single,4,1,14.00,0,1,3,124.00,0.00,"2026-06-08 15:34:49"
51252,0,11,"2. Mid-Loyal (7-12 Months)",Mobile Phone,1,15,Debit Card,male,3,3,Mobile Phone,1,Married,3,0,19.00,1,1,3,148.00,1.00,"2026-06-08 15:34:49"
51253,0,22,"3. Core Loyal (>1 Year)",Computer,1,8,Debit Card,male,2,3,Others,1,Married,4,0,15.00,0,4,3,292.00,0.00,"2026-06-08 15:34:49"
51254,0,15,"3. Core Loyal (>1 Year)",Mobile Phone,3,18,E wallet,male,3,3,Laptop & Accessory,1,Married,4,1,12.00,0,1,0,151.00,0.00,"2026-06-08 15:34:49"
51255,1,0,"0. New User (<1 Month)",Computer,2,28,UPI,female,0,4,Mobile Phone,4,Married,2,0,12.00,1,1,0,129.00,1.00,"2026-06-08 15:34:49"
51256,0,8,"2. Mid-Loyal (7-12 Months)",Mobile Phone,3,24,Credit Card,male,3,3,Laptop & Accessory,5,Married,1,0,16.00,0,1,4,0.00,0.00,"2026-06-08 15:34:49"
51257,0,0,"0. New User (<1 Month)",Computer,1,22,Credit Card,male,2,3,Mobile Phone,3,Single,2,0,14.00,0,1,4,121.00,0.00,"2026-06-08 15:34:49"
51258,0,4,"1. Junior User (1-6 Months)",Computer,1,9,Credit Card,male,0,3,Mobile Phone,5,Married,2,1,13.00,0,2,3,131.00,0.00,"2026-06-08 15:34:49"
51259,0,9,"2. Mid-Loyal (7-12 Months)",Computer,1,15,Debit Card,male,0,1,Mobile Phone,4,Married,2,0,22.00,1,1,2,128.00,1.00,"2026-06-08 15:34:49"
51260,0,7,"2. Mid-Loyal (7-12 Months)",Mobile Phone,3,6,E wallet,male,2,3,Fashion,1,Single,2,0,21.00,1,2,1,199.00,0.50,"2026-06-08 15:34:49"
51261,0,7,"2. Mid-Loyal (7-12 Months)",Mobile Phone,3,19,Credit Card,male,2,3,Fashion,3,Married,2,0,18.00,1,1,1,186.00,1.00,"2026-06-08 15:34:49"
51262,0,0,"0. New User (<1 Month)",Mobile Phone,1,6,Credit Card,male,0,3,Mobile Phone,5,Single,1,0,13.00,3,7,6,129.00,0.43,"2026-06-08 15:34:49"
51263,0,2,"1. Junior User (1-6 Months)",Mobile Phone,1,6,Debit Card,male,2,3,Laptop & Accessory,5,Married,1,0,12.00,1,1,2,154.00,1.00,"2026-06-08 15:34:49"
51264,0,5,"1. Junior User (1-6 Months)",Computer,1,21,Credit Card,female,2,3,Laptop & Accessory,1,Married,6,0,18.00,0,1,2,167.00,0.00,"2026-06-08 15:34:49"
51265,0,4,"1. Junior User (1-6 Months)",Computer,1,6,Debit Card,male,2,5,Laptop & Accessory,5,Married,2,0,21.00,1,8,7,150.00,0.13,"2026-06-08 15:34:49"
51266,1,0,"0. New User (<1 Month)",Mobile Phone,1,-1,Cash on Delivery,male,2,4,Mobile Phone,1,Married,6,0,12.00,0,1,3,124.00,0.00,"2026-06-08 15:34:49"
51267,0,11,"2. Mid-Loyal (7-12 Months)",Mobile Phone,3,6,Debit Card,male,0,4,Mobile Phone,5,Single,5,0,14.00,0,1,0,129.00,0.00,"2026-06-08 15:34:49"
51268,0,8,"2. Mid-Loyal (7-12 Months)",Mobile Phone,3,13,Debit Card,female,2,3,Laptop & Accessory,1,Married,2,1,11.00,1,1,9,152.00,1.00,"2026-06-08 15:34:49"
51269,0,0,"0. New User (<1 Month)",Mobile Phone,3,15,E wallet,male,2,3,Laptop & Accessory,1,Single,2,0,14.00,0,1,7,141.00,0.00,"2026-06-08 15:34:49"
51270,0,5,"1. Junior User (1-6 Months)",Mobile Phone,1,11,Debit Card,male,2,4,Laptop & Accessory,1,Single,9,0,24.00,0,1,0,197.00,0.00,"2026-06-08 15:34:49"
51271,1,0,"0. New User (<1 Month)",Computer,3,32,E wallet,male,3,3,Laptop & Accessory,1,Married,2,1,11.00,0,1,8,156.00,0.00,"2026-06-08 15:34:49"
51272,1,16,"3. Core Loyal (>1 Year)",Mobile Phone,3,30,Debit Card,male,3,3,Fashion,5,Single,7,1,13.00,2,2,2,204.00,1.00,"2026-06-08 15:34:49"
51273,0,27,"3. Core Loyal (>1 Year)",Mobile Phone,1,15,Debit Card,female,0,3,Laptop & Accessory,3,Married,4,0,11.00,0,2,3,129.00,0.00,"2026-06-08 15:34:49"
51274,0,6,"1. Junior User (1-6 Months)",Computer,1,13,Debit Card,male,2,3,Laptop & Accessory,3,Married,2,0,20.00,2,2,8,160.00,1.00,"2026-06-08 15:34:49"
51275,0,16,"3. Core Loyal (>1 Year)",Mobile Phone,1,17,Debit Card,male,1,3,Fashion,3,Married,2,0,17.00,1,1,9,175.00,1.00,"2026-06-08 15:34:49"
51276,0,11,"2. Mid-Loyal (7-12 Months)",Computer,2,6,UPI,male,0,3,Mobile Phone,4,Married,1,1,11.00,1,1,2,130.00,1.00,"2026-06-08 15:34:49"
51277,0,28,"3. Core Loyal (>1 Year)",Mobile Phone,2,32,UPI,male,3,1,Others,4,Married,5,1,0.0,1,1,4,296.00,1.00,"2026-06-08 15:34:49"
51278,0,4,"1. Junior User (1-6 Months)",Mobile Phone,1,8,Credit Card,female,2,5,Mobile Phone,1,Married,2,1,11.00,1,1,0,111.00,1.00,"2026-06-08 15:34:49"
51279,0,12,"2. Mid-Loyal (7-12 Months)",Mobile Phone,3,21,E wallet,male,3,3,Grocery,5,Single,1,0,12.00,4,0,10,233.00,0.00,"2026-06-08 15:34:49"
51280,0,15,"3. Core Loyal (>1 Year)",Computer,1,29,Debit Card,male,2,4,Laptop & Accessory,3,Single,2,0,12.00,2,3,7,143.00,0.67,"2026-06-08 15:34:49"
51281,0,4,"1. Junior User (1-6 Months)",Computer,1,16,Credit Card,female,2,3,Fashion,3,Married,5,0,20.00,3,4,-1,210.00,0.75,"2026-06-08 15:34:49"
51282,0,27,"3. Core Loyal (>1 Year)",Mobile Phone,1,16,Credit Card,female,3,3,Laptop & Accessory,5,Single,7,1,19.00,0,1,4,144.00,0.00,"2026-06-08 15:34:49"
51283,0,0,"0. New User (<1 Month)",Mobile Phone,1,6,Debit Card,male,2,4,Laptop & Accessory,3,Single,2,0,12.00,1,1,2,146.00,1.00,"2026-06-08 15:34:49"
51284,0,0,"0. New User (<1 Month)",Mobile Phone,1,-1,UPI,male,3,3,Mobile Phone,1,Single,2,0,13.00,1,1,4,126.00,1.00,"2026-06-08 15:34:49"
51285,0,13,"3. Core Loyal (>1 Year)",Computer,1,17,Cash on Delivery,female,3,3,Laptop & Accessory,3,Married,2,0,11.00,2,9,4,163.00,0.22,"2026-06-08 15:34:49"
51286,0,13,"3. Core Loyal (>1 Year)",Mobile Phone,3,8,E wallet,female,3,3,Laptop & Accessory,4,Married,4,0,14.00,1,5,10,157.00,0.20,"2026-06-08 15:34:49"
51287,0,0,"0. New User (<1 Month)",Mobile Phone,2,8,UPI,female,2,3,Mobile Phone,4,Married,5,0,14.00,0,1,2,122.00,0.00,"2026-06-08 15:34:49"
51288,0,3,"1. Junior User (1-6 Months)",Mobile Phone,1,6,Credit Card,male,3,3,Mobile Phone,4,Married,2,0,13.00,0,1,7,137.00,0.00,"2026-06-08 15:34:49"
51289,0,0,"0. New User (<1 Month)",Mobile Phone,1,8,UPI,male,2,3,Mobile Phone,3,Married,7,1,19.00,0,1,2,140.00,0.00,"2026-06-08 15:34:49"
51290,0,20,"3. Core Loyal (>1 Year)",Mobile Phone,1,31,Credit Card,male,2,3,Fashion,3,Single,3,0,23.00,1,12,11,186.00,0.08,"2026-06-08 15:34:49"
51291,0,0,"0. New User (<1 Month)",Computer,1,6,Credit Card,male,2,4,Mobile Phone,3,Married,2,0,12.00,0,1,0,120.00,0.00,"2026-06-08 15:34:49"
51292,0,11,"2. Mid-Loyal (7-12 Months)",Mobile Phone,3,6,Debit Card,male,2,3,Laptop & Accessory,4,Married,1,0,15.00,4,5,8,144.00,0.80,"2026-06-08 15:34:49"
51293,0,4,"1. Junior User (1-6 Months)",Mobile Phone,3,8,Debit Card,male,0,3,Mobile Phone,3,Married,1,0,19.00,1,1,2,131.00,1.00,"2026-06-08 15:34:49"
51294,0,11,"2. Mid-Loyal (7-12 Months)",Computer,1,12,Debit Card,male,3,4,Laptop & Accessory,3,Married,3,0,11.00,2,7,7,153.00,0.29,"2026-06-08 15:34:49"
51295,0,15,"3. Core Loyal (>1 Year)",Mobile Phone,1,24,Debit Card,male,2,3,Laptop & Accessory,5,Married,7,1,17.00,0,1,2,154.00,0.00,"2026-06-08 15:34:49"
51296,0,14,"3. Core Loyal (>1 Year)",Mobile Phone,1,6,Debit Card,male,0,3,Mobile Phone,1,Married,4,0,22.00,0,1,0,128.00,0.00,"2026-06-08 15:34:49"
51297,0,20,"3. Core Loyal (>1 Year)",Computer,1,6,Credit Card,female,3,3,Fashion,4,Married,1,0,18.00,0,5,-1,220.00,0.00,"2026-06-08 15:34:49"
51298,0,8,"2. Mid-Loyal (7-12 Months)",Mobile Phone,1,17,Credit Card,male,2,3,Mobile Phone,3,Married,8,1,11.00,0,2,2,127.00,0.00,"2026-06-08 15:34:49"
51299,0,0,"0. New User (<1 Month)",Mobile Phone,1,6,Debit Card,male,3,3,Mobile Phone,3,Single,1,0,12.00,0,1,2,134.00,0.00,"2026-06-08 15:34:49"
51300,0,8,"2. Mid-Loyal (7-12 Months)",Mobile Phone,1,15,Credit Card,male,2,3,Laptop & Accessory,3,Single,2,0,19.00,0,1,8,151.00,0.00,"2026-06-08 15:34:49"
51301,0,6,"1. Junior User (1-6 Months)",Mobile Phone,1,21,Credit Card,female,3,3,Laptop & Accessory,1,Married,1,1,13.00,5,8,1,12.00,0.63,"2026-06-08 15:34:49"
51302,0,5,"1. Junior User (1-6 Months)",Mobile Phone,1,35,Debit Card,female,0,4,Mobile Phone,4,Single,2,0,13.00,3,4,1,128.00,0.75,"2026-06-08 15:34:49"
51303,0,13,"3. Core Loyal (>1 Year)",Mobile Phone,1,-1,Debit Card,male,2,3,Mobile Phone,1,Married,9,0,19.00,0,1,0,124.00,0.00,"2026-06-08 15:34:49"
51304,0,0,"0. New User (<1 Month)",Mobile Phone,3,6,Credit Card,male,3,4,Mobile Phone,4,Married,1,0,14.00,0,2,2,123.00,0.00,"2026-06-08 15:34:49"
51305,0,12,"2. Mid-Loyal (7-12 Months)",Mobile Phone,1,30,Debit Card,male,2,3,Laptop & Accessory,1,Single,8,0,13.00,1,1,7,141.00,1.00,"2026-06-08 15:34:49"
51306,0,11,"2. Mid-Loyal (7-12 Months)",Mobile Phone,1,16,Credit Card,female,2,5,Fashion,3,Married,4,0,12.00,1,0,11,232.00,0.00,"2026-06-08 15:34:49"
51307,0,5,"1. Junior User (1-6 Months)",Mobile Phone,3,6,E wallet,female,2,3,Fashion,1,Married,2,0,19.00,3,5,7,204.00,0.60,"2026-06-08 15:34:49"
51308,0,10,"2. Mid-Loyal (7-12 Months)",Mobile Phone,1,16,Debit Card,female,2,1,Fashion,1,Married,2,1,25.00,0,0,8,237.00,0.00,"2026-06-08 15:34:49"
51309,0,0,"0. New User (<1 Month)",Mobile Phone,3,14,UPI,female,2,3,Laptop & Accessory,3,Married,1,1,22.00,1,1,4,149.00,1.00,"2026-06-08 15:34:49"
51310,0,25,"3. Core Loyal (>1 Year)",Computer,3,126,Debit Card,male,2,3,Mobile Phone,1,Married,3,0,15.00,1,1,0,135.00,1.00,"2026-06-08 15:34:49"
51311,0,17,"3. Core Loyal (>1 Year)",Mobile Phone,1,-1,Credit Card,male,2,3,Mobile Phone,1,Single,7,1,12.00,0,1,2,124.00,0.00,"2026-06-08 15:34:49"
51312,0,0,"0. New User (<1 Month)",Mobile Phone,3,-1,Credit Card,male,2,3,Mobile Phone,5,Single,2,1,11.00,1,1,2,124.00,1.00,"2026-06-08 15:34:49"
51313,0,12,"2. Mid-Loyal (7-12 Months)",Computer,1,15,Debit Card,male,2,3,Others,1,Single,3,0,0.0,0,1,3,294.00,0.00,"2026-06-08 15:34:49"
51314,1,0,"0. New User (<1 Month)",Computer,3,15,E wallet,male,2,3,Mobile Phone,5,Married,2,0,19.00,1,1,0,118.00,1.00,"2026-06-08 15:34:49"
51315,0,9,"2. Mid-Loyal (7-12 Months)",Mobile Phone,3,9,Credit Card,female,3,4,Fashion,1,Married,1,0,19.00,3,3,4,176.00,1.00,"2026-06-08 15:34:49"
51316,0,9,"2. Mid-Loyal (7-12 Months)",Computer,1,10,Debit Card,female,3,3,Laptop & Accessory,4,Married,8,0,13.00,1,1,2,151.00,1.00,"2026-06-08 15:34:49"
51317,0,29,"3. Core Loyal (>1 Year)",Computer,1,6,Debit Card,male,2,3,Laptop & Accessory,3,Married,2,0,21.00,0,1,9,163.00,0.00,"2026-06-08 15:34:49"
51318,1,0,"0. New User (<1 Month)",Mobile Phone,1,6,Credit Card,male,2,3,Mobile Phone,1,Married,10,1,14.00,2,2,2,148.00,1.00,"2026-06-08 15:34:49"
51319,0,15,"3. Core Loyal (>1 Year)",Mobile Phone,1,8,Debit Card,male,2,3,Others,3,Married,6,0,11.00,0,4,14,289.00,0.00,"2026-06-08 15:34:49"
51320,1,19,"3. Core Loyal (>1 Year)",Mobile Phone,1,-1,Cash on Delivery,male,3,3,Mobile Phone,3,Married,9,0,11.00,6,9,8,123.00,0.67,"2026-06-08 15:34:49"
51321,0,14,"3. Core Loyal (>1 Year)",Mobile Phone,1,34,Debit Card,female,2,4,Grocery,4,Married,1,0,23.00,1,0,10,236.00,0.00,"2026-06-08 15:34:49"
51322,0,7,"2. Mid-Loyal (7-12 Months)",Mobile Phone,3,34,E wallet,female,3,4,Laptop & Accessory,3,Married,2,0,21.00,1,1,7,167.00,1.00,"2026-06-08 15:34:49"
51323,0,9,"2. Mid-Loyal (7-12 Months)",Computer,3,21,E wallet,male,2,5,Laptop & Accessory,1,Married,2,0,24.00,4,11,11,154.00,0.36,"2026-06-08 15:34:49"
51324,0,14,"3. Core Loyal (>1 Year)",Mobile Phone,3,9,Debit Card,male,2,4,Laptop & Accessory,4,Married,3,0,11.00,0,1,4,189.00,0.00,"2026-06-08 15:34:49"
51325,0,5,"1. Junior User (1-6 Months)",Mobile Phone,1,-1,Cash on Delivery,male,3,3,Mobile Phone,5,Single,2,0,14.00,1,1,2,124.00,1.00,"2026-06-08 15:34:49"
51326,0,8,"2. Mid-Loyal (7-12 Months)",Mobile Phone,2,32,Debit Card,female,2,3,Fashion,1,Single,2,1,16.00,1,1,7,188.00,1.00,"2026-06-08 15:34:49"
51327,0,11,"2. Mid-Loyal (7-12 Months)",Mobile Phone,3,16,Debit Card,female,3,3,Laptop & Accessory,1,Married,2,0,11.00,0,1,9,153.00,0.00,"2026-06-08 15:34:49"
51328,1,13,"3. Core Loyal (>1 Year)",Computer,3,6,Debit Card,male,3,3,Laptop & Accessory,3,Married,8,0,12.00,1,1,1,167.00,1.00,"2026-06-08 15:34:49"
51329,0,9,"2. Mid-Loyal (7-12 Months)",Mobile Phone,3,17,E wallet,female,3,4,Laptop & Accessory,1,Married,5,0,13.00,1,1,0,167.00,1.00,"2026-06-08 15:34:49"
51330,0,18,"3. Core Loyal (>1 Year)",Mobile Phone,3,26,Debit Card,female,2,3,Laptop & Accessory,3,Single,9,0,15.00,1,1,1,149.00,1.00,"2026-06-08 15:34:49"
51331,0,13,"3. Core Loyal (>1 Year)",Mobile Phone,1,8,Debit Card,male,0,4,Mobile Phone,3,Single,3,0,14.00,0,2,2,128.00,0.00,"2026-06-08 15:34:49"
51332,0,8,"2. Mid-Loyal (7-12 Months)",Computer,1,24,Debit Card,male,3,3,Laptop & Accessory,3,Married,2,1,14.00,1,1,2,157.00,1.00,"2026-06-08 15:34:49"
51333,0,0,"0. New User (<1 Month)",Mobile Phone,1,8,Credit Card,female,3,3,Mobile Phone,3,Married,3,0,14.00,1,1,2,120.00,1.00,"2026-06-08 15:34:49"
51334,0,8,"2. Mid-Loyal (7-12 Months)",Mobile Phone,1,6,Debit Card,female,0,5,Mobile Phone,1,Married,2,0,12.00,0,1,1,130.00,0.00,"2026-06-08 15:34:49"
51335,0,2,"1. Junior User (1-6 Months)",Mobile Phone,1,19,UPI,male,2,4,Laptop & Accessory,4,Married,5,1,13.00,1,1,3,140.00,1.00,"2026-06-08 15:34:49"
51336,0,2,"1. Junior User (1-6 Months)",Mobile Phone,1,34,Credit Card,female,3,4,Mobile Phone,5,Single,2,0,14.00,0,1,4,138.00,0.00,"2026-06-08 15:34:49"
51337,1,13,"3. Core Loyal (>1 Year)",Mobile Phone,3,34,E wallet,male,2,4,Fashion,5,Married,5,1,13.00,0,2,0,209.00,0.00,"2026-06-08 15:34:49"
51338,0,12,"2. Mid-Loyal (7-12 Months)",Mobile Phone,3,30,E wallet,female,2,4,Grocery,1,Married,1,0,11.00,1,9,-1,220.00,0.11,"2026-06-08 15:34:49"
51339,0,4,"1. Junior User (1-6 Months)",Computer,1,11,Credit Card,male,3,3,Laptop & Accessory,5,Single,1,0,19.00,0,1,7,199.00,0.00,"2026-06-08 15:34:49"
51340,0,0,"0. New User (<1 Month)",Mobile Phone,3,11,UPI,female,0,4,Mobile Phone,3,Single,1,0,18.00,0,1,0,130.00,0.00,"2026-06-08 15:34:49"
51341,0,9,"2. Mid-Loyal (7-12 Months)",Computer,1,-1,Credit Card,male,2,1,Laptop & Accessory,1,Married,5,0,17.00,0,1,3,126.00,0.00,"2026-06-08 15:34:49"
51342,0,12,"2. Mid-Loyal (7-12 Months)",Mobile Phone,1,12,Credit Card,male,2,4,Fashion,5,Married,5,0,15.00,1,1,7,200.00,1.00,"2026-06-08 15:34:49"
51343,0,0,"0. New User (<1 Month)",Mobile Phone,1,10,Debit Card,male,2,1,Laptop & Accessory,4,Married,2,1,20.00,1,1,3,161.00,1.00,"2026-06-08 15:34:49"
51344,0,22,"3. Core Loyal (>1 Year)",Computer,3,8,Credit Card,male,3,4,Laptop & Accessory,4,Married,3,0,14.00,1,1,8,154.00,1.00,"2026-06-08 15:34:49"
51345,0,7,"2. Mid-Loyal (7-12 Months)",Mobile Phone,1,14,Credit Card,male,2,1,Laptop & Accessory,3,Married,3,0,12.00,0,1,2,144.00,0.00,"2026-06-08 15:34:49"
51346,1,4,"1. Junior User (1-6 Months)",Mobile Phone,3,6,Debit Card,female,3,3,Laptop & Accessory,1,Single,9,1,11.00,0,1,5,160.00,0.00,"2026-06-08 15:34:49"
51347,0,22,"3. Core Loyal (>1 Year)",Computer,1,14,Debit Card,male,3,4,Laptop & Accessory,4,Married,2,0,23.00,0,1,7,151.00,0.00,"2026-06-08 15:34:49"
51348,1,0,"0. New User (<1 Month)",Mobile Phone,1,8,UPI,male,3,4,Mobile Phone,3,Single,7,1,15.00,0,1,0,121.00,0.00,"2026-06-08 15:34:49"
51349,0,6,"1. Junior User (1-6 Months)",Computer,1,9,Debit Card,female,0,3,Mobile Phone,3,Married,2,1,11.00,2,3,0,129.00,0.67,"2026-06-08 15:34:49"
51350,0,0,"0. New User (<1 Month)",Mobile Phone,1,8,Credit Card,male,2,3,Mobile Phone,4,Married,10,0,12.00,1,2,2,135.00,0.50,"2026-06-08 15:34:49"
51351,0,5,"1. Junior User (1-6 Months)",Computer,1,8,Debit Card,male,0,3,Mobile Phone,1,Single,1,0,13.00,1,3,6,131.00,0.33,"2026-06-08 15:34:49"
51352,0,30,"3. Core Loyal (>1 Year)",Mobile Phone,1,9,Credit Card,female,0,1,Mobile Phone,5,Married,5,1,20.00,0,1,0,127.00,0.00,"2026-06-08 15:34:49"
51353,0,3,"1. Junior User (1-6 Months)",Mobile Phone,1,30,Debit Card,male,0,3,Mobile Phone,3,Married,2,0,22.00,1,1,0,127.00,1.00,"2026-06-08 15:34:49"
51354,0,11,"2. Mid-Loyal (7-12 Months)",Computer,1,29,Debit Card,male,2,4,Fashion,3,Single,1,0,21.00,1,1,8,195.00,1.00,"2026-06-08 15:34:49"
51355,0,9,"2. Mid-Loyal (7-12 Months)",Mobile Phone,1,33,Credit Card,male,3,3,Laptop & Accessory,3,Married,7,0,13.00,0,7,7,152.00,0.00,"2026-06-08 15:34:49"
51356,0,8,"2. Mid-Loyal (7-12 Months)",Mobile Phone,1,-1,Credit Card,male,2,1,Mobile Phone,4,Married,1,0,13.00,1,1,3,124.00,1.00,"2026-06-08 15:34:49"
51357,0,2,"1. Junior User (1-6 Months)",Mobile Phone,1,21,Debit Card,female,2,4,Laptop & Accessory,3,Single,1,1,12.00,1,1,8,142.00,1.00,"2026-06-08 15:34:49"
51358,0,4,"1. Junior User (1-6 Months)",Mobile Phone,1,32,Debit Card,male,0,3,Mobile Phone,3,Married,2,0,17.00,3,4,3,129.00,0.75,"2026-06-08 15:34:49"
51359,0,7,"2. Mid-Loyal (7-12 Months)",Mobile Phone,1,25,Credit Card,male,3,3,Mobile Phone,1,Married,1,0,11.00,0,1,2,127.00,0.00,"2026-06-08 15:34:49"
51360,1,0,"0. New User (<1 Month)",Mobile Phone,1,30,Debit Card,male,2,4,Mobile Phone,3,Single,6,1,14.00,0,1,3,120.00,0.00,"2026-06-08 15:34:49"
51361,0,2,"1. Junior User (1-6 Months)",Mobile Phone,1,27,Debit Card,female,2,1,Fashion,5,Married,2,0,11.00,6,8,8,200.00,0.75,"2026-06-08 15:34:49"
51362,0,5,"1. Junior User (1-6 Months)",Mobile Phone,1,11,Debit Card,male,3,1,Mobile Phone,4,Married,1,1,12.00,1,1,5,133.00,1.00,"2026-06-08 15:34:49"
51363,0,0,"0. New User (<1 Month)",Computer,1,22,Credit Card,male,0,1,Mobile Phone,1,Married,2,1,13.00,0,1,0,129.00,0.00,"2026-06-08 15:34:49"
51364,0,26,"3. Core Loyal (>1 Year)",Mobile Phone,3,8,Debit Card,female,3,4,Grocery,1,Married,3,0,16.00,0,0,7,254.00,0.00,"2026-06-08 15:34:49"
51365,0,11,"2. Mid-Loyal (7-12 Months)",Mobile Phone,1,8,Debit Card,male,2,3,Mobile Phone,1,Single,6,1,11.00,0,1,2,139.00,0.00,"2026-06-08 15:34:49"
51366,0,0,"0. New User (<1 Month)",Computer,1,17,UPI,female,3,1,Laptop & Accessory,3,Married,1,0,18.00,0,1,3,140.00,0.00,"2026-06-08 15:34:49"
51367,1,0,"0. New User (<1 Month)",Mobile Phone,3,15,Debit Card,male,2,4,Mobile Phone,5,Single,8,0,23.00,0,1,3,134.00,0.00,"2026-06-08 15:34:49"
51368,0,7,"2. Mid-Loyal (7-12 Months)",Mobile Phone,1,13,Debit Card,female,2,3,Fashion,4,Single,1,0,11.00,0,2,-1,220.00,0.00,"2026-06-08 15:34:49"
51369,0,0,"0. New User (<1 Month)",Mobile Phone,1,21,Debit Card,male,3,3,Mobile Phone,1,Single,2,0,14.00,1,1,0,112.00,1.00,"2026-06-08 15:34:49"
51370,1,0,"0. New User (<1 Month)",Mobile Phone,1,12,Credit Card,male,0,3,Mobile Phone,5,Single,3,0,11.00,0,1,3,130.00,0.00,"2026-06-08 15:34:49"
51371,0,26,"3. Core Loyal (>1 Year)",Mobile Phone,1,11,UPI,female,2,3,Others,3,Married,5,0,11.00,0,4,8,291.00,0.00,"2026-06-08 15:34:49"
51372,1,0,"0. New User (<1 Month)",Computer,1,22,Debit Card,female,3,5,Mobile Phone,5,Single,2,1,22.00,0,6,7,139.00,0.00,"2026-06-08 15:34:49"
51373,0,15,"3. Core Loyal (>1 Year)",Mobile Phone,3,14,E wallet,male,2,3,Laptop & Accessory,4,Married,1,0,11.00,2,4,2,168.00,0.50,"2026-06-08 15:34:49"
51374,0,17,"3. Core Loyal (>1 Year)",Mobile Phone,1,13,Credit Card,female,2,4,Fashion,1,Married,4,0,14.00,0,5,17,202.00,0.00,"2026-06-08 15:34:49"
51375,0,19,"3. Core Loyal (>1 Year)",Mobile Phone,3,8,E wallet,female,2,3,Others,5,Single,4,0,12.00,0,2,1,289.00,0.00,"2026-06-08 15:34:49"
51376,0,6,"1. Junior User (1-6 Months)",Mobile Phone,1,-1,Credit Card,male,3,3,Mobile Phone,1,Single,5,0,11.00,0,1,0,125.00,0.00,"2026-06-08 15:34:49"
51377,0,17,"3. Core Loyal (>1 Year)",Mobile Phone,1,16,UPI,male,2,3,Laptop & Accessory,1,Married,3,1,13.00,0,1,3,165.00,0.00,"2026-06-08 15:34:49"
51378,0,0,"0. New User (<1 Month)",Mobile Phone,1,15,Credit Card,male,2,4,Mobile Phone,3,Single,2,0,13.00,0,1,8,122.00,0.00,"2026-06-08 15:34:49"
51379,1,0,"0. New User (<1 Month)",Mobile Phone,3,11,Cash on Delivery,male,2,3,Laptop & Accessory,1,Married,4,0,14.00,0,1,0,121.00,0.00,"2026-06-08 15:34:49"
51380,1,0,"0. New User (<1 Month)",Mobile Phone,1,6,Credit Card,male,3,3,Mobile Phone,1,Married,3,1,16.00,0,2,0,123.00,0.00,"2026-06-08 15:34:49"
51381,0,16,"3. Core Loyal (>1 Year)",Mobile Phone,1,-1,Credit Card,female,3,1,Mobile Phone,3,Married,2,0,12.00,1,1,4,126.00,1.00,"2026-06-08 15:34:49"
51382,1,13,"3. Core Loyal (>1 Year)",Mobile Phone,3,9,E wallet,male,0,4,Mobile Phone,3,Married,2,1,14.00,1,1,2,127.00,1.00,"2026-06-08 15:34:49"
51383,0,0,"0. New User (<1 Month)",Mobile Phone,3,8,E wallet,female,3,3,Mobile Phone,1,Married,2,0,13.00,2,2,2,120.00,1.00,"2026-06-08 15:34:49"
51384,0,9,"2. Mid-Loyal (7-12 Months)",Mobile Phone,1,11,Debit Card,female,2,4,Mobile Phone,5,Married,10,1,14.00,1,1,0,134.00,1.00,"2026-06-08 15:34:49"
51385,0,6,"1. Junior User (1-6 Months)",Computer,3,6,Debit Card,female,2,1,Laptop & Accessory,5,Married,3,0,19.00,0,1,3,154.00,0.00,"2026-06-08 15:34:49"
51386,0,0,"0. New User (<1 Month)",Mobile Phone,1,10,UPI,male,3,3,Mobile Phone,1,Married,2,0,12.00,1,1,0,120.00,1.00,"2026-06-08 15:34:49"
51387,0,0,"0. New User (<1 Month)",Mobile Phone,1,-1,Debit Card,female,2,3,Mobile Phone,5,Married,2,0,13.00,1,1,0,123.00,1.00,"2026-06-08 15:34:49"
51388,1,0,"0. New User (<1 Month)",Mobile Phone,1,31,Debit Card,male,2,5,Mobile Phone,3,Single,2,0,12.00,0,1,1,123.00,0.00,"2026-06-08 15:34:49"
51389,0,0,"0. New User (<1 Month)",Computer,3,14,Debit Card,male,2,3,Fashion,3,Single,2,0,15.00,1,1,7,187.00,1.00,"2026-06-08 15:34:49"
51390,0,3,"1. Junior User (1-6 Months)",Computer,1,6,Credit Card,female,2,3,Laptop & Accessory,1,Single,2,0,23.00,1,3,7,140.00,0.33,"2026-06-08 15:34:49"
51391,1,4,"1. Junior User (1-6 Months)",Mobile Phone,1,18,Cash on Delivery,female,2,3,Others,3,Married,2,0,0.0,1,15,8,295.00,0.07,"2026-06-08 15:34:49"
51392,0,7,"2. Mid-Loyal (7-12 Months)",Computer,3,29,E wallet,male,3,3,Laptop & Accessory,3,Single,1,0,20.00,0,8,7,146.00,0.00,"2026-06-08 15:34:49"
51393,0,10,"2. Mid-Loyal (7-12 Months)",Mobile Phone,1,25,Debit Card,male,0,3,Mobile Phone,4,Married,5,0,21.00,0,1,0,130.00,0.00,"2026-06-08 15:34:49"
51394,0,19,"3. Core Loyal (>1 Year)",Computer,3,11,E wallet,male,3,3,Laptop & Accessory,1,Single,5,1,21.00,1,1,8,158.00,1.00,"2026-06-08 15:34:49"
51395,0,0,"0. New User (<1 Month)",Mobile Phone,1,14,Debit Card,male,2,1,Mobile Phone,1,Married,2,0,19.00,1,1,1,123.00,1.00,"2026-06-08 15:34:49"
51396,1,11,"2. Mid-Loyal (7-12 Months)",Mobile Phone,1,6,Debit Card,male,3,4,Fashion,3,Single,10,1,13.00,0,1,0,154.00,0.00,"2026-06-08 15:34:49"
51397,1,0,"0. New User (<1 Month)",Mobile Phone,1,11,Cash on Delivery,male,2,3,Mobile Phone,3,Single,2,1,13.00,0,2,2,134.00,0.00,"2026-06-08 15:34:49"
51398,0,17,"3. Core Loyal (>1 Year)",Mobile Phone,3,6,E wallet,female,3,3,Laptop & Accessory,5,Married,6,1,21.00,1,1,3,155.00,1.00,"2026-06-08 15:34:49"
51399,0,8,"2. Mid-Loyal (7-12 Months)",Computer,1,17,Credit Card,male,3,4,Fashion,5,Married,3,1,13.00,1,2,3,199.00,0.50,"2026-06-08 15:34:49"
51400,0,0,"0. New User (<1 Month)",Mobile Phone,3,29,E wallet,female,2,4,Laptop & Accessory,1,Married,8,1,19.00,0,1,0,142.00,0.00,"2026-06-08 15:34:49"
51401,0,6,"1. Junior User (1-6 Months)",Computer,1,29,Debit Card,female,3,3,Fashion,1,Single,2,1,12.00,3,0,12,235.00,0.00,"2026-06-08 15:34:49"
51402,0,8,"2. Mid-Loyal (7-12 Months)",Computer,3,5,Debit Card,male,3,3,Fashion,5,Married,2,0,22.00,0,1,8,191.00,0.00,"2026-06-08 15:34:49"
51403,0,8,"2. Mid-Loyal (7-12 Months)",Mobile Phone,1,29,Credit Card,female,1,3,Mobile Phone,5,Married,4,1,15.00,0,2,2,140.00,0.00,"2026-06-08 15:34:49"
51404,0,4,"1. Junior User (1-6 Months)",Mobile Phone,1,13,Debit Card,male,2,3,Laptop & Accessory,1,Married,4,0,22.00,0,1,7,159.00,0.00,"2026-06-08 15:34:49"
51405,0,10,"2. Mid-Loyal (7-12 Months)",Mobile Phone,1,6,Debit Card,male,2,4,Laptop & Accessory,3,Married,2,0,18.00,0,1,7,160.00,0.00,"2026-06-08 15:34:49"
51406,0,5,"1. Junior User (1-6 Months)",Mobile Phone,1,6,Credit Card,male,2,3,Laptop & Accessory,1,Married,2,1,22.00,5,7,8,162.00,0.71,"2026-06-08 15:34:49"
51407,0,11,"2. Mid-Loyal (7-12 Months)",Computer,1,-1,Debit Card,female,2,3,Laptop & Accessory,1,Single,2,0,11.00,6,9,9,124.00,0.67,"2026-06-08 15:34:49"
51408,0,23,"3. Core Loyal (>1 Year)",Mobile Phone,1,13,Credit Card,female,2,4,Others,3,Married,6,1,12.00,0,13,8,287.00,0.00,"2026-06-08 15:34:49"
51409,0,30,"3. Core Loyal (>1 Year)",Mobile Phone,3,31,Debit Card,female,4,3,Fashion,5,Single,8,0,11.00,6,7,9,176.00,0.86,"2026-06-08 15:34:49"
51410,0,9,"2. Mid-Loyal (7-12 Months)",Mobile Phone,1,14,Cash on Delivery,female,2,3,Fashion,3,Married,2,0,13.00,7,12,8,201.00,0.58,"2026-06-08 15:34:49"
51411,0,28,"3. Core Loyal (>1 Year)",Mobile Phone,1,14,Credit Card,female,2,3,Grocery,3,Married,3,1,14.00,1,0,2,248.00,0.00,"2026-06-08 15:34:49"
51412,0,9,"2. Mid-Loyal (7-12 Months)",Computer,1,17,Debit Card,male,3,4,Laptop & Accessory,4,Single,2,0,13.00,1,1,3,165.00,1.00,"2026-06-08 15:34:49"
51413,0,18,"3. Core Loyal (>1 Year)",Mobile Phone,1,13,Debit Card,male,2,3,Fashion,5,Married,3,0,17.00,0,1,0,197.00,0.00,"2026-06-08 15:34:49"
51414,0,0,"0. New User (<1 Month)",Computer,1,6,Credit Card,male,3,3,Mobile Phone,5,Married,5,0,13.00,0,1,2,122.00,0.00,"2026-06-08 15:34:49"
51415,1,0,"0. New User (<1 Month)",Mobile Phone,1,15,Credit Card,male,3,4,Mobile Phone,3,Married,1,1,17.00,1,1,0,134.00,1.00,"2026-06-08 15:34:49"
51416,0,30,"3. Core Loyal (>1 Year)",Computer,3,6,Debit Card,female,2,4,Laptop & Accessory,3,Single,8,0,11.00,1,1,3,155.00,1.00,"2026-06-08 15:34:49"
51417,0,2,"1. Junior User (1-6 Months)",Mobile Phone,1,8,Debit Card,male,0,3,Mobile Phone,4,Married,1,0,23.00,1,1,4,127.00,1.00,"2026-06-08 15:34:49"
51418,0,4,"1. Junior User (1-6 Months)",Mobile Phone,1,-1,Credit Card,male,2,3,Mobile Phone,4,Single,2,0,17.00,1,1,0,125.00,1.00,"2026-06-08 15:34:49"
51419,0,5,"1. Junior User (1-6 Months)",Mobile Phone,1,6,Debit Card,male,3,3,Laptop & Accessory,4,Married,2,0,17.00,1,1,9,162.00,1.00,"2026-06-08 15:34:49"
51420,0,9,"2. Mid-Loyal (7-12 Months)",Mobile Phone,1,12,Debit Card,female,0,1,Mobile Phone,1,Married,4,0,12.00,0,1,0,130.00,0.00,"2026-06-08 15:34:49"
51421,0,4,"1. Junior User (1-6 Months)",Mobile Phone,1,14,Debit Card,female,3,3,Laptop & Accessory,1,Single,2,0,23.00,1,1,8,144.00,1.00,"2026-06-08 15:34:49"
51422,0,8,"2. Mid-Loyal (7-12 Months)",Mobile Phone,3,6,E wallet,male,2,4,Laptop & Accessory,5,Single,1,0,14.00,1,2,8,143.00,0.50,"2026-06-08 15:34:49"
51423,0,18,"3. Core Loyal (>1 Year)",Mobile Phone,1,12,UPI,male,2,3,Fashion,5,Married,5,1,14.00,1,0,0,232.00,0.00,"2026-06-08 15:34:49"
51424,0,10,"2. Mid-Loyal (7-12 Months)",Mobile Phone,1,13,Credit Card,male,1,3,Fashion,3,Single,5,0,13.00,0,0,2,237.00,0.00,"2026-06-08 15:34:49"
51425,0,19,"3. Core Loyal (>1 Year)",Mobile Phone,2,11,Credit Card,male,3,3,Laptop & Accessory,4,Married,2,1,22.00,1,1,2,150.00,1.00,"2026-06-08 15:34:49"
51426,0,3,"1. Junior User (1-6 Months)",Mobile Phone,1,6,Debit Card,male,2,4,Laptop & Accessory,1,Married,2,1,12.00,1,3,0,151.00,0.33,"2026-06-08 15:34:49"
51427,0,8,"2. Mid-Loyal (7-12 Months)",Mobile Phone,1,6,Credit Card,male,0,4,Mobile Phone,3,Single,2,0,18.00,1,1,4,129.00,1.00,"2026-06-08 15:34:49"
51428,0,28,"3. Core Loyal (>1 Year)",Mobile Phone,3,6,Debit Card,male,3,3,Fashion,1,Married,4,0,14.00,0,1,0,202.00,0.00,"2026-06-08 15:34:49"
51429,0,11,"2. Mid-Loyal (7-12 Months)",Computer,1,12,Credit Card,female,3,5,Laptop & Accessory,1,Married,8,1,12.00,0,1,9,153.00,0.00,"2026-06-08 15:34:49"
51430,0,7,"2. Mid-Loyal (7-12 Months)",Mobile Phone,1,6,Credit Card,male,3,3,Laptop & Accessory,4,Married,2,0,15.00,1,1,3,143.00,1.00,"2026-06-08 15:34:49"
51431,0,29,"3. Core Loyal (>1 Year)",Mobile Phone,1,13,Debit Card,male,2,5,Fashion,1,Single,5,0,11.00,0,1,2,173.00,0.00,"2026-06-08 15:34:49"
51432,0,0,"0. New User (<1 Month)",Mobile Phone,3,-1,Cash on Delivery,male,3,3,Mobile Phone,5,Married,4,0,13.00,1,1,0,123.00,1.00,"2026-06-08 15:34:49"
51433,0,0,"0. New User (<1 Month)",Mobile Phone,1,15,Debit Card,male,3,3,Mobile Phone,1,Married,4,0,23.00,1,1,3,121.00,1.00,"2026-06-08 15:34:49"
51434,0,3,"1. Junior User (1-6 Months)",Mobile Phone,1,8,Debit Card,male,4,4,Laptop & Accessory,1,Married,2,0,19.00,3,10,8,142.00,0.30,"2026-06-08 15:34:49"
51435,1,9,"2. Mid-Loyal (7-12 Months)",Mobile Phone,3,15,Credit Card,male,3,4,Fashion,1,Single,2,0,16.00,3,4,7,196.00,0.75,"2026-06-08 15:34:49"
51436,0,13,"3. Core Loyal (>1 Year)",Computer,1,6,Debit Card,male,3,4,Grocery,4,Married,2,0,22.00,5,0,11,235.00,0.00,"2026-06-08 15:34:49"
51437,0,24,"3. Core Loyal (>1 Year)",Mobile Phone,3,27,E wallet,male,3,3,Laptop & Accessory,1,Single,1,1,22.00,0,1,0,154.00,0.00,"2026-06-08 15:34:49"
51438,0,3,"1. Junior User (1-6 Months)",Mobile Phone,3,10,Credit Card,female,3,4,Laptop & Accessory,4,Married,2,1,12.00,2,2,7,152.00,1.00,"2026-06-08 15:34:49"
51439,0,19,"3. Core Loyal (>1 Year)",Computer,1,6,Credit Card,male,2,4,Fashion,5,Married,3,1,13.00,4,9,5,207.00,0.44,"2026-06-08 15:34:49"
51440,0,5,"1. Junior User (1-6 Months)",Mobile Phone,3,12,Credit Card,male,2,3,Laptop & Accessory,3,Single,2,0,16.00,5,5,7,150.00,1.00,"2026-06-08 15:34:49"
51441,0,27,"3. Core Loyal (>1 Year)",Mobile Phone,1,8,Cash on Delivery,female,2,3,Fashion,3,Married,10,0,12.00,0,0,3,235.00,0.00,"2026-06-08 15:34:49"
51442,0,0,"0. New User (<1 Month)",Mobile Phone,3,9,UPI,female,2,3,Laptop & Accessory,3,Married,1,0,21.00,0,1,2,150.00,0.00,"2026-06-08 15:34:49"
51443,0,1,"1. Junior User (1-6 Months)",Computer,3,10,Credit Card,male,2,3,Laptop & Accessory,3,Married,2,0,15.00,0,1,4,142.00,0.00,"2026-06-08 15:34:49"
51444,0,30,"3. Core Loyal (>1 Year)",Mobile Phone,3,16,Credit Card,male,2,3,Grocery,3,Single,1,0,13.00,0,0,8,239.00,0.00,"2026-06-08 15:34:49"
51445,0,0,"0. New User (<1 Month)",Computer,1,29,Credit Card,male,3,3,Laptop & Accessory,4,Married,5,0,12.00,0,1,2,120.00,0.00,"2026-06-08 15:34:49"
51446,1,0,"0. New User (<1 Month)",Mobile Phone,2,12,UPI,male,3,3,Mobile Phone,5,Married,5,1,22.00,0,1,2,121.00,0.00,"2026-06-08 15:34:49"
51447,0,5,"1. Junior User (1-6 Months)",Mobile Phone,1,6,Debit Card,male,0,3,Mobile Phone,5,Single,2,0,13.00,0,1,0,130.00,0.00,"2026-06-08 15:34:49"
51448,1,0,"0. New User (<1 Month)",Computer,1,12,Debit Card,female,0,4,Mobile Phone,1,Single,2,1,18.00,0,1,0,129.00,0.00,"2026-06-08 15:34:49"
51449,0,7,"2. Mid-Loyal (7-12 Months)",Mobile Phone,1,12,UPI,female,2,3,Laptop & Accessory,3,Single,2,0,14.00,0,2,10,148.00,0.00,"2026-06-08 15:34:49"
51450,0,10,"2. Mid-Loyal (7-12 Months)",Computer,1,8,Debit Card,male,3,4,Laptop & Accessory,1,Married,6,0,14.00,1,1,0,152.00,1.00,"2026-06-08 15:34:49"
51451,0,30,"3. Core Loyal (>1 Year)",Computer,2,8,UPI,female,2,4,Others,1,Married,10,0,21.00,0,2,2,288.00,0.00,"2026-06-08 15:34:49"
51452,0,23,"3. Core Loyal (>1 Year)",Computer,1,6,Debit Card,female,3,3,Others,4,Married,4,1,19.00,0,1,7,282.00,0.00,"2026-06-08 15:34:49"
51453,1,0,"0. New User (<1 Month)",Mobile Phone,3,11,E wallet,male,2,4,Laptop & Accessory,3,Single,2,1,11.00,0,1,3,157.00,0.00,"2026-06-08 15:34:49"
51454,0,0,"0. New User (<1 Month)",Mobile Phone,1,13,Credit Card,male,0,4,Mobile Phone,1,Married,2,0,11.00,0,2,1,129.00,0.00,"2026-06-08 15:34:49"
51455,0,0,"0. New User (<1 Month)",Mobile Phone,1,21,Credit Card,female,0,3,Mobile Phone,1,Single,2,0,15.00,1,1,0,129.00,1.00,"2026-06-08 15:34:49"
51456,0,24,"3. Core Loyal (>1 Year)",Computer,1,6,Credit Card,female,1,4,Fashion,5,Single,4,0,20.00,4,12,8,175.00,0.33,"2026-06-08 15:34:49"
51457,1,0,"0. New User (<1 Month)",Computer,1,13,Debit Card,male,3,5,Laptop & Accessory,3,Single,2,1,24.00,1,1,6,161.00,1.00,"2026-06-08 15:34:49"
51458,0,27,"3. Core Loyal (>1 Year)",Computer,2,32,UPI,female,1,1,Grocery,1,Single,3,1,12.00,0,4,4,273.00,0.00,"2026-06-08 15:34:49"
51459,0,0,"0. New User (<1 Month)",Mobile Phone,1,24,Debit Card,male,0,3,Mobile Phone,3,Married,1,0,12.00,0,1,2,128.00,0.00,"2026-06-08 15:34:49"
51460,0,7,"2. Mid-Loyal (7-12 Months)",Mobile Phone,1,12,Debit Card,female,2,4,Laptop & Accessory,4,Married,7,0,15.00,1,1,0,145.00,1.00,"2026-06-08 15:34:49"
51461,0,10,"2. Mid-Loyal (7-12 Months)",Mobile Phone,3,9,Debit Card,male,2,3,Fashion,1,Single,3,0,12.00,0,1,3,174.00,0.00,"2026-06-08 15:34:49"
51462,0,7,"2. Mid-Loyal (7-12 Months)",Mobile Phone,1,11,Credit Card,female,2,4,Fashion,5,Single,3,0,12.00,2,5,-1,216.00,0.40,"2026-06-08 15:34:49"
51463,0,9,"2. Mid-Loyal (7-12 Months)",Computer,3,17,Cash on Delivery,female,3,3,Fashion,1,Married,1,0,14.00,0,2,8,197.00,0.00,"2026-06-08 15:34:49"
51464,0,9,"2. Mid-Loyal (7-12 Months)",Mobile Phone,1,9,Debit Card,female,0,3,Mobile Phone,1,Married,6,0,22.00,0,1,0,128.00,0.00,"2026-06-08 15:34:49"
51465,0,16,"3. Core Loyal (>1 Year)",Computer,3,32,Debit Card,male,3,3,Grocery,1,Married,2,1,12.00,0,4,12,270.00,0.00,"2026-06-08 15:34:49"
51466,0,3,"1. Junior User (1-6 Months)",Computer,1,-1,Debit Card,male,3,5,Mobile Phone,3,Married,2,0,25.00,0,1,9,126.00,0.00,"2026-06-08 15:34:49"
51467,0,6,"1. Junior User (1-6 Months)",Computer,3,28,E wallet,male,3,3,Laptop & Accessory,4,Married,1,0,13.00,0,1,7,161.00,0.00,"2026-06-08 15:34:49"
51468,1,19,"3. Core Loyal (>1 Year)",Mobile Phone,1,20,Debit Card,female,3,3,Mobile Phone,4,Married,10,1,18.00,3,4,3,150.00,0.75,"2026-06-08 15:34:49"
51469,0,24,"3. Core Loyal (>1 Year)",Mobile Phone,1,12,Debit Card,male,2,3,Others,3,Single,8,0,0.0,8,15,15,295.00,0.53,"2026-06-08 15:34:49"
51470,1,0,"0. New User (<1 Month)",Mobile Phone,3,12,Debit Card,male,3,5,Laptop & Accessory,3,Married,5,1,18.00,0,7,7,162.00,0.00,"2026-06-08 15:34:49"
51471,0,0,"0. New User (<1 Month)",Mobile Phone,1,-1,UPI,female,2,4,Mobile Phone,4,Married,2,0,19.00,2,4,3,124.00,0.50,"2026-06-08 15:34:49"
51472,1,20,"3. Core Loyal (>1 Year)",Mobile Phone,1,29,Credit Card,female,3,3,Fashion,1,Married,2,0,12.00,7,15,6,203.00,0.47,"2026-06-08 15:34:49"
51473,1,0,"0. New User (<1 Month)",Mobile Phone,3,28,E wallet,male,2,3,Mobile Phone,3,Single,2,1,19.00,1,1,0,117.00,1.00,"2026-06-08 15:34:49"
51474,0,0,"0. New User (<1 Month)",Mobile Phone,1,-1,Cash on Delivery,male,3,3,Mobile Phone,1,Married,1,0,14.00,2,2,1,125.00,1.00,"2026-06-08 15:34:49"
51475,0,22,"3. Core Loyal (>1 Year)",Mobile Phone,1,26,Credit Card,female,3,3,Laptop & Accessory,5,Married,2,0,14.00,5,5,11,166.00,1.00,"2026-06-08 15:34:49"
51476,0,16,"3. Core Loyal (>1 Year)",Computer,1,34,Credit Card,female,3,1,Mobile Phone,3,Single,5,0,12.00,0,1,2,147.00,0.00,"2026-06-08 15:34:49"
51477,0,23,"3. Core Loyal (>1 Year)",Computer,3,18,E wallet,female,3,3,Fashion,1,Single,5,0,11.00,1,2,1,192.00,0.50,"2026-06-08 15:34:49"
51478,1,0,"0. New User (<1 Month)",Mobile Phone,3,26,Debit Card,female,3,5,Laptop & Accessory,3,Married,4,1,11.00,0,2,2,146.00,0.00,"2026-06-08 15:34:49"
51479,0,14,"3. Core Loyal (>1 Year)",Mobile Phone,3,15,Debit Card,male,3,3,Fashion,3,Married,4,1,13.00,0,1,7,182.00,0.00,"2026-06-08 15:34:49"
51480,0,0,"0. New User (<1 Month)",Mobile Phone,2,31,Debit Card,female,0,3,Mobile Phone,3,Married,2,0,23.00,2,5,7,129.00,0.40,"2026-06-08 15:34:49"
51481,0,9,"2. Mid-Loyal (7-12 Months)",Mobile Phone,1,12,Credit Card,male,2,3,Laptop & Accessory,4,Married,7,0,20.00,0,1,1,149.00,0.00,"2026-06-08 15:34:49"
51482,1,14,"3. Core Loyal (>1 Year)",Computer,1,14,Debit Card,male,2,5,Fashion,1,Single,3,0,15.00,1,1,3,207.00,1.00,"2026-06-08 15:34:49"
51483,0,12,"2. Mid-Loyal (7-12 Months)",Mobile Phone,3,10,Debit Card,female,2,4,Laptop & Accessory,3,Married,5,0,14.00,5,5,9,159.00,1.00,"2026-06-08 15:34:49"
51484,0,0,"0. New User (<1 Month)",Mobile Phone,3,34,Debit Card,male,2,4,Laptop & Accessory,3,Married,3,0,18.00,1,2,2,186.00,0.50,"2026-06-08 15:34:49"
51485,0,3,"1. Junior User (1-6 Months)",Mobile Phone,2,15,UPI,male,2,3,Laptop & Accessory,1,Married,1,1,19.00,4,4,7,163.00,1.00,"2026-06-08 15:34:49"
51486,1,0,"0. New User (<1 Month)",Mobile Phone,1,15,Credit Card,female,2,3,Mobile Phone,5,Single,8,0,22.00,1,1,4,142.00,1.00,"2026-06-08 15:34:49"
51487,0,18,"3. Core Loyal (>1 Year)",Mobile Phone,1,35,Credit Card,male,2,3,Mobile Phone,1,Single,6,0,13.00,1,1,3,135.00,1.00,"2026-06-08 15:34:49"
51488,0,11,"2. Mid-Loyal (7-12 Months)",Mobile Phone,1,9,Cash on Delivery,female,2,3,Laptop & Accessory,3,Single,4,1,20.00,2,2,2,143.00,1.00,"2026-06-08 15:34:49"
51489,0,3,"1. Junior User (1-6 Months)",Mobile Phone,1,-1,Debit Card,female,3,3,Mobile Phone,3,Single,2,0,14.00,1,1,4,126.00,1.00,"2026-06-08 15:34:49"
51490,0,5,"1. Junior User (1-6 Months)",Computer,3,15,Credit Card,male,2,5,Laptop & Accessory,1,Married,1,0,17.00,0,1,7,147.00,0.00,"2026-06-08 15:34:49"
51491,0,3,"1. Junior User (1-6 Months)",Mobile Phone,1,11,Cash on Delivery,female,2,3,Mobile Phone,5,Married,6,0,14.00,0,2,30,132.00,0.00,"2026-06-08 15:34:49"
51492,0,3,"1. Junior User (1-6 Months)",Mobile Phone,1,8,Credit Card,male,0,4,Mobile Phone,1,Single,1,0,13.00,0,1,2,127.00,0.00,"2026-06-08 15:34:49"
51493,0,14,"3. Core Loyal (>1 Year)",Computer,1,16,Debit Card,male,3,4,Grocery,5,Married,5,0,13.00,0,7,7,272.00,0.00,"2026-06-08 15:34:49"
51494,0,0,"0. New User (<1 Month)",Mobile Phone,1,15,Debit Card,male,3,3,Mobile Phone,5,Married,3,0,21.00,0,1,4,122.00,0.00,"2026-06-08 15:34:49"
51495,0,0,"0. New User (<1 Month)",Mobile Phone,1,9,Credit Card,female,3,3,Mobile Phone,4,Single,2,0,14.00,1,1,0,115.00,1.00,"2026-06-08 15:34:49"
51496,0,13,"3. Core Loyal (>1 Year)",Computer,1,32,Credit Card,female,2,3,Laptop & Accessory,4,Married,2,0,11.00,0,2,13,156.00,0.00,"2026-06-08 15:34:49"
51497,0,8,"2. Mid-Loyal (7-12 Months)",Mobile Phone,3,6,E wallet,male,3,3,Fashion,4,Married,2,0,13.00,0,1,6,173.00,0.00,"2026-06-08 15:34:49"
51498,0,0,"0. New User (<1 Month)",Mobile Phone,3,12,E wallet,male,2,3,Laptop & Accessory,3,Married,3,1,20.00,0,4,5,123.00,0.00,"2026-06-08 15:34:49"
51499,0,18,"3. Core Loyal (>1 Year)",Mobile Phone,1,-1,Debit Card,male,2,3,Laptop & Accessory,4,Married,9,0,18.00,1,1,15,123.00,1.00,"2026-06-08 15:34:49"
51500,0,5,"1. Junior User (1-6 Months)",Computer,3,14,E wallet,female,2,3,Fashion,1,Single,2,0,14.00,2,3,7,190.00,0.67,"2026-06-08 15:34:49"
51501,0,2,"1. Junior User (1-6 Months)",Computer,1,6,Cash on Delivery,male,2,3,Laptop & Accessory,3,Married,2,0,13.00,0,1,9,143.00,0.00,"2026-06-08 15:34:49"
51502,0,24,"3. Core Loyal (>1 Year)",Mobile Phone,1,13,Credit Card,male,2,4,Laptop & Accessory,3,Married,3,0,17.00,1,1,0,161.00,1.00,"2026-06-08 15:34:49"
51503,0,30,"3. Core Loyal (>1 Year)",Mobile Phone,1,15,Credit Card,female,3,4,Mobile Phone,4,Married,5,1,20.00,1,1,0,133.00,1.00,"2026-06-08 15:34:49"
51504,0,13,"3. Core Loyal (>1 Year)",Mobile Phone,3,10,E wallet,male,3,4,Fashion,1,Married,8,0,11.00,1,2,11,209.00,0.50,"2026-06-08 15:34:49"
51505,0,0,"0. New User (<1 Month)",Computer,3,8,E wallet,female,3,3,Mobile Phone,3,Married,7,0,18.00,0,1,2,122.00,0.00,"2026-06-08 15:34:49"
51506,0,0,"0. New User (<1 Month)",Mobile Phone,1,-1,Credit Card,male,3,3,Mobile Phone,1,Married,2,0,24.00,2,2,2,123.00,1.00,"2026-06-08 15:34:49"
51507,0,0,"0. New User (<1 Month)",Computer,1,15,Credit Card,male,2,3,Mobile Phone,4,Married,7,0,18.00,2,2,2,120.00,1.00,"2026-06-08 15:34:49"
51508,0,1,"1. Junior User (1-6 Months)",Mobile Phone,1,27,Credit Card,male,0,3,Mobile Phone,1,Married,2,0,11.00,0,1,2,127.00,0.00,"2026-06-08 15:34:49"
51509,0,30,"3. Core Loyal (>1 Year)",Mobile Phone,1,30,Debit Card,male,2,1,Fashion,1,Married,4,1,16.00,1,1,4,194.00,1.00,"2026-06-08 15:34:49"
51510,0,0,"0. New User (<1 Month)",Computer,1,-1,Credit Card,male,3,4,Mobile Phone,3,Married,2,1,15.00,0,1,1,126.00,0.00,"2026-06-08 15:34:49"
51511,0,23,"3. Core Loyal (>1 Year)",Mobile Phone,1,17,Debit Card,female,2,3,Others,4,Single,4,0,0.0,0,4,4,299.00,0.00,"2026-06-08 15:34:49"
51512,0,14,"3. Core Loyal (>1 Year)",Mobile Phone,1,-1,Debit Card,male,2,3,Mobile Phone,3,Married,5,0,12.00,1,1,8,125.00,1.00,"2026-06-08 15:34:49"
51513,0,3,"1. Junior User (1-6 Months)",Mobile Phone,3,11,Debit Card,female,2,3,Fashion,1,Married,3,0,12.00,1,7,4,194.00,0.14,"2026-06-08 15:34:49"
51514,0,11,"2. Mid-Loyal (7-12 Months)",Mobile Phone,3,6,Debit Card,female,2,4,Laptop & Accessory,1,Single,5,0,22.00,0,1,7,187.00,0.00,"2026-06-08 15:34:49"
51515,0,5,"1. Junior User (1-6 Months)",Mobile Phone,1,12,Debit Card,male,0,3,Mobile Phone,3,Single,4,0,20.00,0,1,4,130.00,0.00,"2026-06-08 15:34:49"
51516,0,0,"0. New User (<1 Month)",Mobile Phone,1,23,Cash on Delivery,male,0,3,Mobile Phone,4,Married,1,1,16.00,0,1,1,131.00,0.00,"2026-06-08 15:34:49"
51517,1,0,"0. New User (<1 Month)",Computer,3,-1,Cash on Delivery,female,3,5,Mobile Phone,5,Single,1,0,21.00,1,1,0,123.00,1.00,"2026-06-08 15:34:49"
51518,0,0,"0. New User (<1 Month)",Computer,1,9,Credit Card,male,1,3,Mobile Phone,4,Single,5,0,12.00,2,7,2,121.00,0.29,"2026-06-08 15:34:49"
51519,0,3,"1. Junior User (1-6 Months)",Computer,1,15,Credit Card,male,0,3,Laptop & Accessory,5,Married,2,0,11.00,5,6,10,131.00,0.83,"2026-06-08 15:34:49"
51520,0,18,"3. Core Loyal (>1 Year)",Mobile Phone,3,10,Debit Card,female,1,3,Laptop & Accessory,5,Married,5,1,11.00,0,1,3,150.00,0.00,"2026-06-08 15:34:49"
51521,0,29,"3. Core Loyal (>1 Year)",Mobile Phone,1,14,Debit Card,female,3,3,Mobile Phone,5,Married,5,1,18.00,2,2,2,143.00,1.00,"2026-06-08 15:34:49"
51522,0,6,"1. Junior User (1-6 Months)",Mobile Phone,1,-1,Debit Card,male,2,3,Mobile Phone,1,Single,1,0,14.00,1,1,2,125.00,1.00,"2026-06-08 15:34:49"
51523,1,0,"0. New User (<1 Month)",Mobile Phone,1,8,Debit Card,male,2,4,Mobile Phone,1,Single,2,0,22.00,1,1,0,111.00,1.00,"2026-06-08 15:34:49"
51524,0,19,"3. Core Loyal (>1 Year)",Mobile Phone,3,6,E wallet,female,3,3,Fashion,5,Married,2,0,25.00,8,15,7,205.00,0.53,"2026-06-08 15:34:49"
51525,0,0,"0. New User (<1 Month)",Mobile Phone,1,15,Debit Card,female,3,3,Mobile Phone,1,Single,2,0,12.00,1,2,1,123.00,0.50,"2026-06-08 15:34:49"
51526,0,4,"1. Junior User (1-6 Months)",Mobile Phone,1,18,Credit Card,female,3,3,Mobile Phone,1,Married,9,1,23.00,1,1,2,139.00,1.00,"2026-06-08 15:34:49"
51527,0,0,"0. New User (<1 Month)",Mobile Phone,1,33,Credit Card,female,3,3,Mobile Phone,4,Single,3,0,15.00,0,1,2,123.00,0.00,"2026-06-08 15:34:49"
51528,1,4,"1. Junior User (1-6 Months)",Mobile Phone,3,26,E wallet,female,0,3,Mobile Phone,4,Single,2,1,22.00,0,1,2,131.00,0.00,"2026-06-08 15:34:49"
51529,0,23,"3. Core Loyal (>1 Year)",Mobile Phone,1,6,Credit Card,male,2,4,Mobile Phone,3,Married,3,0,15.00,1,1,2,137.00,1.00,"2026-06-08 15:34:49"
51530,0,26,"3. Core Loyal (>1 Year)",Mobile Phone,1,19,Credit Card,female,2,1,Laptop & Accessory,5,Married,2,0,11.00,1,1,3,145.00,1.00,"2026-06-08 15:34:49"
51531,0,6,"1. Junior User (1-6 Months)",Mobile Phone,1,20,Credit Card,female,0,3,Mobile Phone,4,Married,2,0,13.00,1,1,6,128.00,1.00,"2026-06-08 15:34:49"
51532,0,13,"3. Core Loyal (>1 Year)",Mobile Phone,1,10,Credit Card,female,2,3,Others,3,Married,2,0,14.00,0,9,9,290.00,0.00,"2026-06-08 15:34:49"
51533,0,28,"3. Core Loyal (>1 Year)",Mobile Phone,1,20,Credit Card,male,3,1,Others,4,Single,9,0,11.00,0,2,15,287.00,0.00,"2026-06-08 15:34:49"
51534,0,7,"2. Mid-Loyal (7-12 Months)",Computer,1,8,Debit Card,male,2,4,Laptop & Accessory,3,Married,2,0,17.00,0,1,9,195.00,0.00,"2026-06-08 15:34:49"
51535,0,24,"3. Core Loyal (>1 Year)",Mobile Phone,1,9,Credit Card,female,3,3,Grocery,4,Single,4,0,18.00,1,0,0,237.00,0.00,"2026-06-08 15:34:49"
51536,0,25,"3. Core Loyal (>1 Year)",Mobile Phone,1,6,Debit Card,male,3,4,Others,3,Married,1,0,0.0,7,11,9,300.00,0.64,"2026-06-08 15:34:49"
51537,0,0,"0. New User (<1 Month)",Mobile Phone,1,15,Credit Card,female,4,3,Mobile Phone,4,Single,2,0,16.00,0,1,3,123.00,0.00,"2026-06-08 15:34:49"
51538,1,0,"0. New User (<1 Month)",Mobile Phone,1,29,Debit Card,male,2,4,Laptop & Accessory,3,Married,4,1,13.00,1,1,1,159.00,1.00,"2026-06-08 15:34:49"
51539,0,0,"0. New User (<1 Month)",Computer,1,13,Credit Card,male,2,1,Mobile Phone,1,Married,5,0,14.00,1,2,2,121.00,0.50,"2026-06-08 15:34:49"
51540,0,18,"3. Core Loyal (>1 Year)",Computer,1,8,Credit Card,male,3,4,Grocery,1,Married,10,0,23.00,0,11,8,268.00,0.00,"2026-06-08 15:34:49"
51541,0,10,"2. Mid-Loyal (7-12 Months)",Mobile Phone,1,27,Debit Card,male,3,1,Mobile Phone,5,Married,2,1,12.00,1,1,7,136.00,1.00,"2026-06-08 15:34:49"
51542,0,8,"2. Mid-Loyal (7-12 Months)",Computer,1,8,Credit Card,female,2,3,Laptop & Accessory,4,Single,6,0,11.00,0,1,2,144.00,0.00,"2026-06-08 15:34:49"
51543,0,15,"3. Core Loyal (>1 Year)",Computer,1,27,Credit Card,female,2,3,Laptop & Accessory,3,Married,3,0,16.00,0,1,2,153.00,0.00,"2026-06-08 15:34:49"
51544,0,11,"2. Mid-Loyal (7-12 Months)",Mobile Phone,1,8,Debit Card,male,2,3,Laptop & Accessory,3,Married,10,0,14.00,1,1,0,166.00,1.00,"2026-06-08 15:34:49"
51545,0,11,"2. Mid-Loyal (7-12 Months)",Mobile Phone,1,35,Cash on Delivery,male,2,3,Laptop & Accessory,1,Married,4,0,18.00,0,1,7,163.00,0.00,"2026-06-08 15:34:49"
51546,0,0,"0. New User (<1 Month)",Computer,1,6,Cash on Delivery,male,2,4,Laptop & Accessory,5,Married,6,0,19.00,2,2,0,143.00,1.00,"2026-06-08 15:34:49"
51547,0,22,"3. Core Loyal (>1 Year)",Computer,1,24,Debit Card,male,3,3,Laptop & Accessory,1,Married,2,1,15.00,0,1,7,168.00,0.00,"2026-06-08 15:34:49"
51548,0,7,"2. Mid-Loyal (7-12 Months)",Computer,1,16,Credit Card,male,2,3,Mobile Phone,3,Married,2,1,17.00,2,2,0,138.00,1.00,"2026-06-08 15:34:49"
51549,0,13,"3. Core Loyal (>1 Year)",Mobile Phone,1,25,Credit Card,male,0,3,Laptop & Accessory,1,Married,9,1,15.00,3,3,7,127.00,1.00,"2026-06-08 15:34:49"
51550,1,1,"1. Junior User (1-6 Months)",Mobile Phone,1,35,Credit Card,male,3,3,Laptop & Accessory,5,Married,8,1,19.00,1,1,0,167.00,1.00,"2026-06-08 15:34:49"
51551,1,0,"0. New User (<1 Month)",Mobile Phone,3,33,E wallet,female,2,3,Fashion,1,Married,2,0,22.00,0,1,9,176.00,0.00,"2026-06-08 15:34:49"
51552,0,0,"0. New User (<1 Month)",Mobile Phone,1,-1,Debit Card,male,2,1,Mobile Phone,4,Married,2,1,16.00,2,2,2,123.00,1.00,"2026-06-08 15:34:49"
51553,0,0,"0. New User (<1 Month)",Computer,1,24,Credit Card,female,3,3,Mobile Phone,1,Single,2,0,13.00,0,1,7,122.00,0.00,"2026-06-08 15:34:49"
51554,0,13,"3. Core Loyal (>1 Year)",Computer,1,15,Debit Card,male,3,4,Laptop & Accessory,1,Married,10,0,14.00,0,1,2,149.00,0.00,"2026-06-08 15:34:49"
51555,0,19,"3. Core Loyal (>1 Year)",Mobile Phone,1,6,Credit Card,male,3,3,Fashion,5,Married,8,0,16.00,0,1,3,194.00,0.00,"2026-06-08 15:34:49"
51556,1,0,"0. New User (<1 Month)",Mobile Phone,3,10,Credit Card,male,2,5,Fashion,1,Married,2,0,11.00,6,9,8,204.00,0.67,"2026-06-08 15:34:49"
51557,0,3,"1. Junior User (1-6 Months)",Computer,1,6,Debit Card,male,2,4,Fashion,3,Single,2,0,22.00,4,5,8,185.00,0.80,"2026-06-08 15:34:49"
51558,0,0,"0. New User (<1 Month)",Computer,3,26,Debit Card,female,2,3,Laptop & Accessory,3,Single,2,0,14.00,1,1,7,200.00,1.00,"2026-06-08 15:34:49"
51559,0,24,"3. Core Loyal (>1 Year)",Mobile Phone,1,14,Debit Card,male,2,4,Fashion,4,Married,6,0,16.00,2,4,-1,225.00,0.50,"2026-06-08 15:34:49"
51560,1,0,"0. New User (<1 Month)",Mobile Phone,1,-1,Cash on Delivery,female,2,3,Mobile Phone,5,Single,6,1,11.00,0,1,4,127.00,0.00,"2026-06-08 15:34:49"
51561,0,14,"3. Core Loyal (>1 Year)",Mobile Phone,3,12,Debit Card,female,3,3,Fashion,1,Single,4,1,18.00,0,0,0,236.00,0.00,"2026-06-08 15:34:49"
51562,1,0,"0. New User (<1 Month)",Computer,3,32,E wallet,female,2,4,Laptop & Accessory,5,Single,6,0,15.00,1,1,1,167.00,1.00,"2026-06-08 15:34:49"
51563,1,0,"0. New User (<1 Month)",Mobile Phone,1,6,Cash on Delivery,male,2,3,Mobile Phone,3,Single,1,0,14.00,0,1,5,121.00,0.00,"2026-06-08 15:34:49"
51564,0,18,"3. Core Loyal (>1 Year)",Computer,3,12,Credit Card,female,2,4,Fashion,1,Single,7,0,12.00,5,12,8,189.00,0.42,"2026-06-08 15:34:49"
51565,0,27,"3. Core Loyal (>1 Year)",Mobile Phone,3,9,E wallet,female,2,3,Laptop & Accessory,5,Married,3,0,14.00,1,1,5,159.00,1.00,"2026-06-08 15:34:49"
51566,0,9,"2. Mid-Loyal (7-12 Months)",Mobile Phone,1,11,Debit Card,male,3,3,Laptop & Accessory,4,Single,9,0,16.00,2,3,7,159.00,0.67,"2026-06-08 15:34:49"
51567,0,6,"1. Junior User (1-6 Months)",Mobile Phone,1,-1,Credit Card,female,2,4,Mobile Phone,4,Married,7,0,21.00,0,1,1,126.00,0.00,"2026-06-08 15:34:49"
51568,0,10,"2. Mid-Loyal (7-12 Months)",Computer,1,17,UPI,male,2,3,Fashion,1,Married,2,1,14.00,1,1,-1,222.00,1.00,"2026-06-08 15:34:49"
51569,0,11,"2. Mid-Loyal (7-12 Months)",Mobile Phone,3,9,Debit Card,male,3,3,Fashion,3,Married,1,0,12.00,1,5,13,206.00,0.20,"2026-06-08 15:34:49"
51570,0,4,"1. Junior User (1-6 Months)",Computer,1,6,Credit Card,male,2,5,Laptop & Accessory,3,Married,1,0,12.00,0,1,4,143.00,0.00,"2026-06-08 15:34:49"
51571,0,0,"0. New User (<1 Month)",Mobile Phone,1,9,Debit Card,male,3,4,Mobile Phone,1,Married,4,0,17.00,0,1,0,122.00,0.00,"2026-06-08 15:34:49"
51572,0,10,"2. Mid-Loyal (7-12 Months)",Computer,3,10,E wallet,male,0,3,Mobile Phone,1,Married,5,0,17.00,3,5,8,128.00,0.60,"2026-06-08 15:34:49"
51573,0,2,"1. Junior User (1-6 Months)",Computer,3,6,Credit Card,female,2,3,Fashion,1,Married,2,0,14.00,4,4,1,179.00,1.00,"2026-06-08 15:34:49"
51574,0,8,"2. Mid-Loyal (7-12 Months)",Computer,3,6,E wallet,female,3,3,Fashion,3,Single,2,0,14.00,1,1,8,188.00,1.00,"2026-06-08 15:34:49"
51575,1,0,"0. New User (<1 Month)",Mobile Phone,1,-1,Credit Card,male,2,4,Mobile Phone,1,Single,2,1,13.00,0,1,1,124.00,0.00,"2026-06-08 15:34:49"
51576,0,25,"3. Core Loyal (>1 Year)",Mobile Phone,1,8,Debit Card,female,2,4,Mobile Phone,1,Single,8,0,15.00,2,2,2,132.00,1.00,"2026-06-08 15:34:49"
51577,0,15,"3. Core Loyal (>1 Year)",Mobile Phone,1,10,Cash on Delivery,male,2,3,Others,1,Married,2,0,0.0,0,11,15,292.00,0.00,"2026-06-08 15:34:49"
51578,0,0,"0. New User (<1 Month)",Mobile Phone,2,12,Credit Card,male,2,3,Mobile Phone,3,Married,9,0,17.00,0,2,2,123.00,0.00,"2026-06-08 15:34:49"
51579,0,23,"3. Core Loyal (>1 Year)",Mobile Phone,3,6,Credit Card,female,3,3,Others,1,Married,4,0,0.0,1,1,6,295.00,1.00,"2026-06-08 15:34:49"
51580,1,0,"0. New User (<1 Month)",Mobile Phone,1,-1,Credit Card,male,2,3,Mobile Phone,1,Married,6,1,13.00,1,1,4,124.00,1.00,"2026-06-08 15:34:49"
51581,0,16,"3. Core Loyal (>1 Year)",Mobile Phone,3,22,E wallet,female,3,3,Grocery,1,Married,6,1,22.00,0,0,9,261.00,0.00,"2026-06-08 15:34:49"
51582,1,0,"0. New User (<1 Month)",Mobile Phone,1,8,Debit Card,female,0,3,Mobile Phone,5,Married,8,0,20.00,1,1,7,127.00,1.00,"2026-06-08 15:34:49"
51583,0,25,"3. Core Loyal (>1 Year)",Computer,3,8,Debit Card,male,3,4,Others,3,Single,2,1,18.00,0,15,12,291.00,0.00,"2026-06-08 15:34:49"
51584,0,5,"1. Junior User (1-6 Months)",Mobile Phone,3,10,Debit Card,female,2,3,Mobile Phone,4,Married,3,0,11.00,1,1,2,139.00,1.00,"2026-06-08 15:34:49"
51585,1,0,"0. New User (<1 Month)",Mobile Phone,1,6,Debit Card,male,3,4,Mobile Phone,3,Single,1,1,14.00,0,1,2,137.00,0.00,"2026-06-08 15:34:49"
51586,0,0,"0. New User (<1 Month)",Mobile Phone,1,6,Credit Card,female,3,3,Mobile Phone,3,Married,8,0,14.00,1,1,2,122.00,1.00,"2026-06-08 15:34:49"
51587,0,5,"1. Junior User (1-6 Months)",Computer,3,32,E wallet,male,3,3,Laptop & Accessory,1,Married,1,0,18.00,2,2,2,145.00,1.00,"2026-06-08 15:34:49"
51588,0,14,"3. Core Loyal (>1 Year)",Mobile Phone,1,25,Debit Card,male,0,3,Laptop & Accessory,5,Married,3,0,16.00,0,1,0,131.00,0.00,"2026-06-08 15:34:49"
51589,0,13,"3. Core Loyal (>1 Year)",Mobile Phone,1,30,Cash on Delivery,male,3,3,Laptop & Accessory,1,Married,2,0,17.00,2,4,7,133.00,0.50,"2026-06-08 15:34:49"
51590,0,18,"3. Core Loyal (>1 Year)",Mobile Phone,1,6,UPI,male,3,1,Others,1,Married,1,0,0.0,1,1,7,292.00,1.00,"2026-06-08 15:34:49"
51591,0,4,"1. Junior User (1-6 Months)",Computer,1,9,Credit Card,male,3,3,Fashion,3,Married,10,0,12.00,2,0,2,237.00,0.00,"2026-06-08 15:34:49"
51592,0,6,"1. Junior User (1-6 Months)",Mobile Phone,1,11,Debit Card,female,0,4,Mobile Phone,1,Married,2,0,13.00,0,1,2,129.00,0.00,"2026-06-08 15:34:49"
51593,0,7,"2. Mid-Loyal (7-12 Months)",Mobile Phone,1,8,Debit Card,male,2,4,Laptop & Accessory,5,Married,7,0,13.00,0,5,9,160.00,0.00,"2026-06-08 15:34:49"
51594,0,10,"2. Mid-Loyal (7-12 Months)",Mobile Phone,1,6,Credit Card,female,2,4,Mobile Phone,5,Married,3,0,14.00,0,1,2,139.00,0.00,"2026-06-08 15:34:49"
51595,0,18,"3. Core Loyal (>1 Year)",Computer,1,13,Debit Card,male,3,1,Laptop & Accessory,3,Married,5,0,17.00,1,1,2,164.00,1.00,"2026-06-08 15:34:49"
51596,1,0,"0. New User (<1 Month)",Computer,1,16,Credit Card,male,3,3,Fashion,3,Married,7,0,11.00,0,1,0,200.00,0.00,"2026-06-08 15:34:49"
51597,0,12,"2. Mid-Loyal (7-12 Months)",Computer,1,8,Cash on Delivery,female,3,3,Fashion,3,Single,1,0,25.00,6,11,-1,209.00,0.55,"2026-06-08 15:34:49"
51598,0,2,"1. Junior User (1-6 Months)",Mobile Phone,1,-1,Debit Card,male,2,3,Mobile Phone,1,Single,2,0,19.00,1,1,5,123.00,1.00,"2026-06-08 15:34:49"
51599,0,15,"3. Core Loyal (>1 Year)",Mobile Phone,1,23,Debit Card,female,2,1,Laptop & Accessory,5,Single,4,1,13.00,1,1,2,165.00,1.00,"2026-06-08 15:34:49"
51600,0,2,"1. Junior User (1-6 Months)",Mobile Phone,3,26,E wallet,male,2,3,Laptop & Accessory,1,Married,3,0,14.00,1,1,2,169.00,1.00,"2026-06-08 15:34:49"
51601,0,0,"0. New User (<1 Month)",Mobile Phone,1,6,Debit Card,female,3,3,Laptop & Accessory,3,Married,1,0,12.00,1,1,2,149.00,1.00,"2026-06-08 15:34:49"
51602,0,15,"3. Core Loyal (>1 Year)",Mobile Phone,1,-1,Credit Card,female,2,4,Mobile Phone,5,Married,1,1,11.00,7,7,8,126.00,1.00,"2026-06-08 15:34:49"
51603,0,13,"3. Core Loyal (>1 Year)",Mobile Phone,1,8,Credit Card,male,2,3,Others,3,Married,1,0,0.0,3,3,9,294.00,1.00,"2026-06-08 15:34:49"
51604,0,24,"3. Core Loyal (>1 Year)",Mobile Phone,1,6,Debit Card,male,0,3,Mobile Phone,1,Married,2,0,11.00,1,1,0,127.00,1.00,"2026-06-08 15:34:49"
51605,1,0,"0. New User (<1 Month)",Computer,1,35,Credit Card,male,3,4,Mobile Phone,4,Single,1,0,11.00,0,1,4,135.00,0.00,"2026-06-08 15:34:49"
51606,0,5,"1. Junior User (1-6 Months)",Computer,1,13,Debit Card,male,0,1,Mobile Phone,4,Married,2,0,20.00,0,1,3,128.00,0.00,"2026-06-08 15:34:49"
51607,0,11,"2. Mid-Loyal (7-12 Months)",Computer,3,8,Debit Card,male,2,4,Laptop & Accessory,1,Married,4,0,18.00,1,7,5,152.00,0.14,"2026-06-08 15:34:49"
51608,0,0,"0. New User (<1 Month)",Mobile Phone,1,8,Cash on Delivery,male,2,4,Laptop & Accessory,5,Single,5,0,13.00,0,1,4,122.00,0.00,"2026-06-08 15:34:49"
51609,0,19,"3. Core Loyal (>1 Year)",Mobile Phone,3,8,Cash on Delivery,female,3,5,Grocery,4,Married,4,1,12.00,0,7,7,269.00,0.00,"2026-06-08 15:34:49"
51610,1,0,"0. New User (<1 Month)",Mobile Phone,1,8,Debit Card,male,3,3,Mobile Phone,3,Single,3,0,11.00,0,1,0,135.00,0.00,"2026-06-08 15:34:49"
51611,0,2,"1. Junior User (1-6 Months)",Mobile Phone,3,8,Credit Card,male,3,4,Laptop & Accessory,4,Married,3,0,19.00,1,1,0,166.00,1.00,"2026-06-08 15:34:49"
51612,0,4,"1. Junior User (1-6 Months)",Mobile Phone,1,29,Credit Card,male,3,4,Laptop & Accessory,1,Married,1,0,21.00,0,7,8,156.00,0.00,"2026-06-08 15:34:49"
51613,0,0,"0. New User (<1 Month)",Computer,1,11,Debit Card,male,2,1,Laptop & Accessory,5,Married,2,0,12.00,1,1,5,140.00,1.00,"2026-06-08 15:34:49"
51614,0,18,"3. Core Loyal (>1 Year)",Mobile Phone,1,26,Credit Card,male,3,3,Grocery,1,Married,1,1,14.00,2,0,10,235.00,0.00,"2026-06-08 15:34:49"
51615,0,9,"2. Mid-Loyal (7-12 Months)",Mobile Phone,1,12,Debit Card,male,2,3,Mobile Phone,1,Married,1,0,11.00,1,10,11,132.00,0.10,"2026-06-08 15:34:49"
51616,0,28,"3. Core Loyal (>1 Year)",Mobile Phone,1,6,Credit Card,male,2,3,Others,5,Single,1,1,14.00,0,4,13,290.00,0.00,"2026-06-08 15:34:49"
51617,1,10,"2. Mid-Loyal (7-12 Months)",Computer,1,35,Debit Card,male,2,3,Fashion,4,Married,2,1,12.00,4,9,-1,218.00,0.44,"2026-06-08 15:34:49"
51618,0,0,"0. New User (<1 Month)",Mobile Phone,1,15,Credit Card,male,3,3,Mobile Phone,1,Married,2,0,23.00,1,1,4,121.00,1.00,"2026-06-08 15:34:49"
51619,0,10,"2. Mid-Loyal (7-12 Months)",Mobile Phone,3,12,Credit Card,male,3,3,Laptop & Accessory,1,Married,5,0,14.00,1,1,1,165.00,1.00,"2026-06-08 15:34:49"
51620,0,0,"0. New User (<1 Month)",Mobile Phone,1,9,Credit Card,male,3,4,Mobile Phone,3,Single,2,0,17.00,1,1,0,132.00,1.00,"2026-06-08 15:34:49"
51621,0,10,"2. Mid-Loyal (7-12 Months)",Computer,1,6,Credit Card,female,3,3,Fashion,1,Married,3,1,18.00,0,0,2,236.00,0.00,"2026-06-08 15:34:49"
51622,0,8,"2. Mid-Loyal (7-12 Months)",Mobile Phone,1,28,Debit Card,female,3,1,Fashion,4,Married,8,0,18.00,5,6,-1,220.00,0.83,"2026-06-08 15:34:49"
51623,0,11,"2. Mid-Loyal (7-12 Months)",Mobile Phone,3,13,Credit Card,female,2,1,Laptop & Accessory,5,Married,2,1,24.00,4,7,7,156.00,0.57,"2026-06-08 15:34:49"
51624,0,0,"0. New User (<1 Month)",Computer,1,6,Debit Card,female,2,3,Laptop & Accessory,4,Married,2,0,20.00,1,1,4,164.00,1.00,"2026-06-08 15:34:49"
51625,0,23,"3. Core Loyal (>1 Year)",Mobile Phone,1,10,Debit Card,male,3,3,Others,4,Married,4,0,14.00,0,1,6,291.00,0.00,"2026-06-08 15:34:49"
51626,0,26,"3. Core Loyal (>1 Year)",Mobile Phone,1,9,Credit Card,male,2,3,Grocery,3,Married,4,1,16.00,0,1,3,276.00,0.00,"2026-06-08 15:34:49"
51627,0,15,"3. Core Loyal (>1 Year)",Mobile Phone,3,6,Debit Card,male,1,3,Laptop & Accessory,3,Married,2,0,25.00,6,11,6,149.00,0.55,"2026-06-08 15:34:49"
51628,0,2,"1. Junior User (1-6 Months)",Computer,3,8,Debit Card,male,2,3,Laptop & Accessory,1,Single,2,0,18.00,0,1,9,146.00,0.00,"2026-06-08 15:34:49"
51629,0,28,"3. Core Loyal (>1 Year)",Mobile Phone,1,26,Cash on Delivery,male,2,3,Laptop & Accessory,1,Married,4,1,19.00,0,1,8,154.00,0.00,"2026-06-08 15:34:49"
51630,0,0,"0. New User (<1 Month)",Computer,1,17,Credit Card,male,2,3,Laptop & Accessory,5,Married,2,1,13.00,1,3,3,147.00,0.33,"2026-06-08 15:34:49"
51631,0,0,"0. New User (<1 Month)",Mobile Phone,1,6,Debit Card,female,2,3,Mobile Phone,1,Single,2,0,12.00,1,5,7,121.00,0.20,"2026-06-08 15:34:49"
51632,1,7,"2. Mid-Loyal (7-12 Months)",Computer,1,30,Debit Card,male,0,3,Mobile Phone,3,Married,4,1,22.00,0,1,0,132.00,0.00,"2026-06-08 15:34:49"
51633,0,11,"2. Mid-Loyal (7-12 Months)",Mobile Phone,1,29,Debit Card,male,2,3,Laptop & Accessory,1,Married,10,0,14.00,0,1,2,157.00,0.00,"2026-06-08 15:34:49"
51634,1,0,"0. New User (<1 Month)",Mobile Phone,1,-1,Credit Card,male,2,3,Mobile Phone,4,Married,3,1,13.00,1,1,2,124.00,1.00,"2026-06-08 15:34:49"
51635,0,1,"1. Junior User (1-6 Months)",Mobile Phone,1,14,Debit Card,female,3,3,Mobile Phone,1,Single,2,0,21.00,1,1,2,133.00,1.00,"2026-06-08 15:34:49"
51636,0,22,"3. Core Loyal (>1 Year)",Computer,1,16,Debit Card,female,2,3,Others,5,Single,10,1,11.00,0,1,2,287.00,0.00,"2026-06-08 15:34:49"
51637,0,9,"2. Mid-Loyal (7-12 Months)",Mobile Phone,1,9,Cash on Delivery,male,1,3,Laptop & Accessory,4,Single,5,0,12.00,2,7,7,145.00,0.29,"2026-06-08 15:34:49"
51638,0,4,"1. Junior User (1-6 Months)",Computer,3,11,E wallet,female,0,3,Mobile Phone,4,Married,2,0,11.00,0,2,2,128.00,0.00,"2026-06-08 15:34:49"
51639,1,0,"0. New User (<1 Month)",Mobile Phone,3,10,E wallet,male,2,4,Laptop & Accessory,1,Single,2,1,12.00,4,7,4,158.00,0.57,"2026-06-08 15:34:49"
51640,0,10,"2. Mid-Loyal (7-12 Months)",Computer,1,-1,Credit Card,male,2,3,Mobile Phone,1,Married,2,1,12.00,0,1,2,123.00,0.00,"2026-06-08 15:34:49"
51641,0,15,"3. Core Loyal (>1 Year)",Computer,3,32,E wallet,female,3,3,Grocery,4,Married,6,0,14.00,3,0,8,235.00,0.00,"2026-06-08 15:34:49"
51642,1,0,"0. New User (<1 Month)",Mobile Phone,1,9,Debit Card,male,2,3,Mobile Phone,3,Single,2,0,13.00,1,1,0,114.00,1.00,"2026-06-08 15:34:49"
51643,0,8,"2. Mid-Loyal (7-12 Months)",Mobile Phone,3,22,E wallet,male,3,3,Fashion,4,Married,1,0,15.00,3,6,9,180.00,0.50,"2026-06-08 15:34:49"
51644,0,9,"2. Mid-Loyal (7-12 Months)",Computer,1,24,Debit Card,male,2,1,Mobile Phone,1,Married,5,0,18.00,1,1,0,137.00,1.00,"2026-06-08 15:34:49"
51645,0,24,"3. Core Loyal (>1 Year)",Mobile Phone,1,8,Credit Card,male,2,5,Laptop & Accessory,4,Married,6,0,18.00,0,1,2,155.00,0.00,"2026-06-08 15:34:49"
51646,0,14,"3. Core Loyal (>1 Year)",Mobile Phone,3,8,Debit Card,male,2,3,Grocery,4,Single,2,0,19.00,1,0,4,260.00,0.00,"2026-06-08 15:34:49"
51647,0,0,"0. New User (<1 Month)",Mobile Phone,3,16,Credit Card,female,3,4,Mobile Phone,3,Single,2,0,12.00,0,1,0,112.00,0.00,"2026-06-08 15:34:49"
51648,0,1,"1. Junior User (1-6 Months)",Mobile Phone,1,22,Credit Card,male,3,1,Laptop & Accessory,5,Single,1,0,19.00,0,1,7,157.00,0.00,"2026-06-08 15:34:49"
51649,0,4,"1. Junior User (1-6 Months)",Mobile Phone,3,13,Cash on Delivery,male,3,1,Laptop & Accessory,1,Married,5,0,11.00,3,7,7,169.00,0.43,"2026-06-08 15:34:49"
51650,0,12,"2. Mid-Loyal (7-12 Months)",Mobile Phone,1,6,Credit Card,male,2,1,Fashion,1,Married,1,0,17.00,1,3,7,196.00,0.33,"2026-06-08 15:34:49"
51651,0,9,"2. Mid-Loyal (7-12 Months)",Computer,1,30,Debit Card,female,2,3,Laptop & Accessory,4,Married,8,0,15.00,1,1,8,157.00,1.00,"2026-06-08 15:34:49"
51652,0,5,"1. Junior User (1-6 Months)",Mobile Phone,3,13,Debit Card,male,3,4,Laptop & Accessory,3,Married,2,0,14.00,3,4,8,155.00,0.75,"2026-06-08 15:34:49"
51653,0,11,"2. Mid-Loyal (7-12 Months)",Mobile Phone,1,31,Debit Card,female,2,4,Fashion,4,Married,4,0,17.00,0,1,-1,221.00,0.00,"2026-06-08 15:34:49"
51654,0,30,"3. Core Loyal (>1 Year)",Computer,1,6,Debit Card,male,2,5,Laptop & Accessory,3,Married,3,1,13.00,1,1,2,157.00,1.00,"2026-06-08 15:34:49"
51655,0,4,"1. Junior User (1-6 Months)",Mobile Phone,1,11,Cash on Delivery,male,2,3,Mobile Phone,1,Married,1,1,12.00,1,1,3,148.00,1.00,"2026-06-08 15:34:49"
51656,0,4,"1. Junior User (1-6 Months)",Mobile Phone,2,8,UPI,male,3,4,Laptop & Accessory,5,Married,4,0,12.00,0,1,0,164.00,0.00,"2026-06-08 15:34:49"
51657,0,18,"3. Core Loyal (>1 Year)",Computer,1,13,Debit Card,male,3,3,Fashion,5,Married,2,0,18.00,2,9,11,152.00,0.22,"2026-06-08 15:34:49"
51658,0,4,"1. Junior User (1-6 Months)",Mobile Phone,1,8,Debit Card,male,0,3,Mobile Phone,1,Married,1,1,18.00,2,2,2,127.00,1.00,"2026-06-08 15:34:49"
51659,0,6,"1. Junior User (1-6 Months)",Computer,1,11,Debit Card,female,3,3,Fashion,4,Married,7,0,11.00,7,8,-1,219.00,0.88,"2026-06-08 15:34:49"
51660,0,0,"0. New User (<1 Month)",Mobile Phone,1,16,Credit Card,male,3,3,Grocery,5,Married,2,1,14.00,0,11,10,271.00,0.00,"2026-06-08 15:34:49"
51661,0,16,"3. Core Loyal (>1 Year)",Computer,1,-1,Debit Card,female,2,3,Mobile Phone,1,Single,1,0,19.00,0,1,7,125.00,0.00,"2026-06-08 15:34:49"
51662,0,22,"3. Core Loyal (>1 Year)",Mobile Phone,1,6,Cash on Delivery,female,2,4,Grocery,3,Single,8,1,12.00,0,0,7,240.00,0.00,"2026-06-08 15:34:49"
51663,1,15,"3. Core Loyal (>1 Year)",Mobile Phone,1,14,Credit Card,male,2,4,Laptop & Accessory,4,Married,3,0,15.00,7,7,7,149.00,1.00,"2026-06-08 15:34:49"
51664,0,0,"0. New User (<1 Month)",Mobile Phone,1,-1,Debit Card,female,2,3,Mobile Phone,4,Single,2,1,12.00,0,1,2,125.00,0.00,"2026-06-08 15:34:49"
51665,0,5,"1. Junior User (1-6 Months)",Mobile Phone,3,14,Cash on Delivery,female,3,4,Laptop & Accessory,4,Married,2,1,11.00,11,11,9,152.00,1.00,"2026-06-08 15:34:49"
51666,0,0,"0. New User (<1 Month)",Mobile Phone,3,8,Debit Card,male,3,3,Laptop & Accessory,3,Single,2,1,11.00,0,1,4,145.00,0.00,"2026-06-08 15:34:49"
51667,0,4,"1. Junior User (1-6 Months)",Mobile Phone,3,13,E wallet,male,3,3,Laptop & Accessory,1,Married,5,0,12.00,0,1,7,175.00,0.00,"2026-06-08 15:34:49"
51668,0,5,"1. Junior User (1-6 Months)",Mobile Phone,1,8,Credit Card,female,3,1,Laptop & Accessory,1,Single,8,0,16.00,0,1,7,151.00,0.00,"2026-06-08 15:34:49"
51669,1,0,"0. New User (<1 Month)",Mobile Phone,1,8,Credit Card,male,2,5,Mobile Phone,1,Married,6,1,13.00,1,2,2,135.00,0.50,"2026-06-08 15:34:49"
51670,0,3,"1. Junior User (1-6 Months)",Mobile Phone,1,34,Credit Card,female,3,3,Laptop & Accessory,1,Married,2,0,13.00,1,1,9,158.00,1.00,"2026-06-08 15:34:49"
51671,0,4,"1. Junior User (1-6 Months)",Computer,1,13,Debit Card,female,2,4,Fashion,3,Married,2,0,24.00,7,8,9,189.00,0.88,"2026-06-08 15:34:49"
51672,0,12,"2. Mid-Loyal (7-12 Months)",Computer,1,13,Credit Card,male,2,4,Others,1,Married,2,0,0.0,6,13,3,293.00,0.46,"2026-06-08 15:34:49"
51673,1,2,"1. Junior User (1-6 Months)",Mobile Phone,3,9,Credit Card,female,2,3,Laptop & Accessory,3,Married,5,1,18.00,1,1,0,152.00,1.00,"2026-06-08 15:34:49"
51674,0,6,"1. Junior User (1-6 Months)",Computer,3,16,E wallet,male,2,4,Laptop & Accessory,1,Single,4,0,14.00,1,1,1,147.00,1.00,"2026-06-08 15:34:49"
51675,0,20,"3. Core Loyal (>1 Year)",Mobile Phone,1,11,Debit Card,male,2,3,Others,3,Married,5,0,11.00,0,1,1,283.00,0.00,"2026-06-08 15:34:49"
51676,0,16,"3. Core Loyal (>1 Year)",Computer,1,16,Debit Card,female,2,4,Laptop & Accessory,3,Married,2,0,11.00,1,1,0,153.00,1.00,"2026-06-08 15:34:49"
51677,0,0,"0. New User (<1 Month)",Computer,3,6,E wallet,male,3,3,Laptop & Accessory,4,Married,1,1,13.00,0,1,4,163.00,0.00,"2026-06-08 15:34:49"
51678,0,27,"3. Core Loyal (>1 Year)",Computer,1,26,Debit Card,female,2,3,Laptop & Accessory,3,Single,4,0,12.00,0,1,3,149.00,0.00,"2026-06-08 15:34:49"
51679,0,16,"3. Core Loyal (>1 Year)",Mobile Phone,1,13,Debit Card,female,2,3,Fashion,5,Married,9,0,16.00,1,1,0,200.00,1.00,"2026-06-08 15:34:49"
51680,0,18,"3. Core Loyal (>1 Year)",Mobile Phone,1,14,UPI,male,3,3,Laptop & Accessory,1,Married,10,0,14.00,8,9,8,137.00,0.89,"2026-06-08 15:34:49"
51681,0,13,"3. Core Loyal (>1 Year)",Mobile Phone,3,6,Credit Card,male,2,5,Laptop & Accessory,1,Married,3,1,22.00,1,1,2,175.00,1.00,"2026-06-08 15:34:49"
51682,1,0,"0. New User (<1 Month)",Mobile Phone,1,14,UPI,male,3,5,Mobile Phone,5,Married,2,1,11.00,0,1,7,121.00,0.00,"2026-06-08 15:34:49"
51683,0,2,"1. Junior User (1-6 Months)",Mobile Phone,1,15,UPI,male,1,4,Mobile Phone,1,Single,1,0,17.00,1,2,2,140.00,0.50,"2026-06-08 15:34:49"
51684,0,3,"1. Junior User (1-6 Months)",Mobile Phone,3,11,E wallet,female,1,4,Laptop & Accessory,3,Married,2,0,13.00,1,1,2,161.00,1.00,"2026-06-08 15:34:49"
51685,0,0,"0. New User (<1 Month)",Mobile Phone,3,14,E wallet,female,2,3,Laptop & Accessory,4,Married,2,0,18.00,0,1,7,162.00,0.00,"2026-06-08 15:34:49"
51686,0,10,"2. Mid-Loyal (7-12 Months)",Mobile Phone,1,11,Credit Card,male,3,3,Laptop & Accessory,1,Married,8,0,16.00,1,1,4,163.00,1.00,"2026-06-08 15:34:49"
51687,0,11,"2. Mid-Loyal (7-12 Months)",Mobile Phone,1,21,Debit Card,male,3,4,Fashion,1,Married,1,1,14.00,2,2,-1,215.00,1.00,"2026-06-08 15:34:49"
51688,0,4,"1. Junior User (1-6 Months)",Mobile Phone,1,13,Credit Card,female,2,3,Fashion,1,Single,2,1,14.00,4,4,10,171.00,1.00,"2026-06-08 15:34:49"
51689,0,2,"1. Junior User (1-6 Months)",Mobile Phone,3,16,E wallet,female,2,4,Laptop & Accessory,4,Married,2,1,14.00,1,1,7,183.00,1.00,"2026-06-08 15:34:49"
51690,0,8,"2. Mid-Loyal (7-12 Months)",Mobile Phone,1,11,Cash on Delivery,male,3,3,Fashion,4,Single,1,0,13.00,1,1,13,181.00,1.00,"2026-06-08 15:34:49"
51691,0,0,"0. New User (<1 Month)",Mobile Phone,1,32,Debit Card,male,0,3,Mobile Phone,1,Married,2,0,12.00,0,1,2,129.00,0.00,"2026-06-08 15:34:49"
51692,0,14,"3. Core Loyal (>1 Year)",Mobile Phone,1,12,Credit Card,male,3,4,Laptop & Accessory,4,Single,7,1,15.00,1,1,2,160.00,1.00,"2026-06-08 15:34:49"
51693,0,20,"3. Core Loyal (>1 Year)",Computer,3,10,Credit Card,male,0,3,Laptop & Accessory,3,Single,4,0,19.00,0,1,0,130.00,0.00,"2026-06-08 15:34:49"
51694,0,15,"3. Core Loyal (>1 Year)",Mobile Phone,1,29,Debit Card,female,2,3,Grocery,1,Single,3,0,14.00,0,0,0,260.00,0.00,"2026-06-08 15:34:49"
51695,0,2,"1. Junior User (1-6 Months)",Computer,3,8,Debit Card,male,3,3,Laptop & Accessory,3,Married,2,0,14.00,1,1,2,146.00,1.00,"2026-06-08 15:34:49"
51696,0,15,"3. Core Loyal (>1 Year)",Mobile Phone,2,8,Cash on Delivery,male,0,3,Mobile Phone,3,Married,1,1,11.00,1,1,0,127.00,1.00,"2026-06-08 15:34:49"
51697,0,5,"1. Junior User (1-6 Months)",Mobile Phone,1,-1,Credit Card,female,3,3,Mobile Phone,4,Married,2,0,13.00,0,1,7,124.00,0.00,"2026-06-08 15:34:49"
51698,0,21,"3. Core Loyal (>1 Year)",Mobile Phone,3,35,Credit Card,female,3,3,Fashion,3,Married,4,0,21.00,0,1,-1,225.00,0.00,"2026-06-08 15:34:49"
51699,0,10,"2. Mid-Loyal (7-12 Months)",Mobile Phone,1,12,Credit Card,male,2,1,Laptop & Accessory,5,Married,5,1,13.00,6,6,7,160.00,1.00,"2026-06-08 15:34:49"
51700,0,3,"1. Junior User (1-6 Months)",Computer,3,31,Cash on Delivery,female,2,3,Laptop & Accessory,3,Married,8,1,12.00,2,2,2,147.00,1.00,"2026-06-08 15:34:49"
51701,0,0,"0. New User (<1 Month)",Mobile Phone,3,6,Debit Card,male,2,3,Laptop & Accessory,3,Married,2,0,17.00,0,7,7,153.00,0.00,"2026-06-08 15:34:49"
51702,0,15,"3. Core Loyal (>1 Year)",Mobile Phone,1,8,UPI,male,3,4,Laptop & Accessory,1,Single,4,0,23.00,1,1,0,168.00,1.00,"2026-06-08 15:34:49"
51703,1,0,"0. New User (<1 Month)",Computer,3,6,Cash on Delivery,female,3,4,Mobile Phone,4,Single,2,1,11.00,1,1,2,122.00,1.00,"2026-06-08 15:34:49"
51704,0,9,"2. Mid-Loyal (7-12 Months)",Computer,3,6,Credit Card,female,2,3,Laptop & Accessory,1,Single,5,0,15.00,1,1,0,167.00,1.00,"2026-06-08 15:34:49"
51705,0,9,"2. Mid-Loyal (7-12 Months)",Computer,3,9,Credit Card,male,2,4,Fashion,1,Married,5,0,11.00,0,1,12,197.00,0.00,"2026-06-08 15:34:49"
51706,0,30,"3. Core Loyal (>1 Year)",Mobile Phone,1,6,Credit Card,male,2,3,Laptop & Accessory,3,Married,3,0,11.00,0,1,2,168.00,0.00,"2026-06-08 15:34:49"
51707,0,0,"0. New User (<1 Month)",Mobile Phone,1,16,Debit Card,female,2,1,Mobile Phone,3,Married,4,1,13.00,0,1,7,122.00,0.00,"2026-06-08 15:34:49"
51708,0,0,"0. New User (<1 Month)",Computer,3,-1,Credit Card,male,2,3,Mobile Phone,1,Single,2,0,24.00,2,2,2,126.00,1.00,"2026-06-08 15:34:49"
51709,1,0,"0. New User (<1 Month)",Mobile Phone,3,11,E wallet,female,0,3,Mobile Phone,3,Single,2,1,13.00,0,1,0,129.00,0.00,"2026-06-08 15:34:49"
51710,0,10,"2. Mid-Loyal (7-12 Months)",Mobile Phone,1,16,Credit Card,female,3,3,Mobile Phone,5,Married,7,0,20.00,1,1,3,135.00,1.00,"2026-06-08 15:34:49"
51711,0,19,"3. Core Loyal (>1 Year)",Computer,1,13,Credit Card,female,1,3,Laptop & Accessory,3,Married,3,0,14.00,1,1,0,153.00,1.00,"2026-06-08 15:34:49"
51712,1,4,"1. Junior User (1-6 Months)",Computer,3,10,E wallet,male,2,3,Laptop & Accessory,4,Single,2,0,18.00,4,7,7,194.00,0.57,"2026-06-08 15:34:49"
51713,0,23,"3. Core Loyal (>1 Year)",Mobile Phone,1,16,Cash on Delivery,male,3,4,Fashion,1,Single,7,0,15.00,1,1,3,205.00,1.00,"2026-06-08 15:34:49"
51714,1,3,"1. Junior User (1-6 Months)",Mobile Phone,3,28,E wallet,male,3,4,Laptop & Accessory,3,Married,3,1,12.00,1,1,0,164.00,1.00,"2026-06-08 15:34:49"
51715,0,4,"1. Junior User (1-6 Months)",Mobile Phone,1,-1,Debit Card,male,2,4,Mobile Phone,4,Single,1,1,16.00,2,2,2,127.00,1.00,"2026-06-08 15:34:49"
51716,1,0,"0. New User (<1 Month)",Mobile Phone,3,18,Debit Card,female,0,1,Mobile Phone,4,Single,2,0,15.00,0,1,0,127.00,0.00,"2026-06-08 15:34:49"
51717,0,0,"0. New User (<1 Month)",Mobile Phone,1,29,Debit Card,male,2,3,Mobile Phone,1,Single,10,0,16.00,0,1,2,122.00,0.00,"2026-06-08 15:34:49"
51718,0,8,"2. Mid-Loyal (7-12 Months)",Mobile Phone,1,15,Debit Card,male,3,4,Laptop & Accessory,4,Single,10,0,19.00,0,1,0,165.00,0.00,"2026-06-08 15:34:49"
51719,0,0,"0. New User (<1 Month)",Mobile Phone,1,6,Credit Card,male,2,3,Mobile Phone,4,Married,2,0,11.00,0,1,4,138.00,0.00,"2026-06-08 15:34:49"
51720,0,1,"1. Junior User (1-6 Months)",Mobile Phone,3,15,Debit Card,male,3,3,Laptop & Accessory,1,Single,2,0,16.00,1,1,7,153.00,1.00,"2026-06-08 15:34:49"
51721,0,22,"3. Core Loyal (>1 Year)",Mobile Phone,1,13,UPI,male,2,4,Fashion,3,Single,9,0,24.00,1,1,-1,210.00,1.00,"2026-06-08 15:34:49"
51722,0,24,"3. Core Loyal (>1 Year)",Mobile Phone,3,20,Debit Card,female,2,3,Laptop & Accessory,1,Married,5,0,11.00,1,1,7,149.00,1.00,"2026-06-08 15:34:49"
51723,0,9,"2. Mid-Loyal (7-12 Months)",Mobile Phone,1,-1,Debit Card,female,3,3,Mobile Phone,3,Married,5,0,13.00,2,2,2,125.00,1.00,"2026-06-08 15:34:49"
51724,1,0,"0. New User (<1 Month)",Computer,3,25,E wallet,male,3,1,Laptop & Accessory,1,Single,9,1,13.00,0,1,4,153.00,0.00,"2026-06-08 15:34:49"
51725,0,28,"3. Core Loyal (>1 Year)",Mobile Phone,1,8,Debit Card,female,3,3,Grocery,1,Single,3,1,13.00,0,1,2,267.00,0.00,"2026-06-08 15:34:49"
51726,0,0,"0. New User (<1 Month)",Mobile Phone,3,16,E wallet,female,3,3,Laptop & Accessory,3,Married,2,1,12.00,0,1,3,143.00,0.00,"2026-06-08 15:34:49"
51727,0,3,"1. Junior User (1-6 Months)",Mobile Phone,3,-1,Cash on Delivery,male,3,3,Mobile Phone,4,Married,2,0,18.00,1,1,0,125.00,1.00,"2026-06-08 15:34:49"
51728,1,0,"0. New User (<1 Month)",Computer,1,9,Cash on Delivery,male,0,3,Mobile Phone,5,Single,1,0,22.00,0,1,4,131.00,0.00,"2026-06-08 15:34:49"
51729,0,0,"0. New User (<1 Month)",Mobile Phone,1,17,Credit Card,female,2,3,Mobile Phone,4,Married,2,0,13.00,1,1,2,122.00,1.00,"2026-06-08 15:34:49"
51730,0,9,"2. Mid-Loyal (7-12 Months)",Mobile Phone,3,8,Credit Card,male,3,4,Fashion,3,Married,2,0,13.00,8,9,0,176.00,0.89,"2026-06-08 15:34:49"
51731,1,0,"0. New User (<1 Month)",Computer,1,10,Cash on Delivery,male,2,3,Mobile Phone,1,Single,10,1,23.00,1,1,0,123.00,1.00,"2026-06-08 15:34:49"
51732,0,10,"2. Mid-Loyal (7-12 Months)",Mobile Phone,1,20,Debit Card,female,0,3,Mobile Phone,5,Married,2,0,12.00,10,12,17,130.00,0.83,"2026-06-08 15:34:49"
51733,0,13,"3. Core Loyal (>1 Year)",Mobile Phone,3,8,E wallet,female,2,3,Laptop & Accessory,4,Married,8,0,12.00,0,1,3,157.00,0.00,"2026-06-08 15:34:49"
51734,0,15,"3. Core Loyal (>1 Year)",Mobile Phone,1,-1,Debit Card,female,3,3,Mobile Phone,5,Married,4,0,16.00,0,1,2,126.00,0.00,"2026-06-08 15:34:49"
51735,0,10,"2. Mid-Loyal (7-12 Months)",Mobile Phone,1,16,Debit Card,male,2,3,Laptop & Accessory,4,Single,3,1,12.00,0,1,1,142.00,0.00,"2026-06-08 15:34:49"
51736,0,16,"3. Core Loyal (>1 Year)",Mobile Phone,1,18,Debit Card,male,2,4,Grocery,4,Married,2,0,11.00,3,0,9,243.00,0.00,"2026-06-08 15:34:49"
51737,0,13,"3. Core Loyal (>1 Year)",Mobile Phone,1,8,Credit Card,female,3,4,Laptop & Accessory,3,Married,7,0,22.00,1,1,0,134.00,1.00,"2026-06-08 15:34:49"
51738,0,27,"3. Core Loyal (>1 Year)",Mobile Phone,1,11,Credit Card,male,2,3,Others,5,Married,5,0,0.0,1,1,2,294.00,1.00,"2026-06-08 15:34:49"
51739,0,7,"2. Mid-Loyal (7-12 Months)",Computer,3,10,E wallet,female,3,3,Laptop & Accessory,3,Married,10,0,15.00,0,1,2,165.00,0.00,"2026-06-08 15:34:49"
51740,0,4,"1. Junior User (1-6 Months)",Mobile Phone,1,13,Credit Card,female,2,3,Laptop & Accessory,5,Married,2,0,12.00,3,3,12,143.00,1.00,"2026-06-08 15:34:49"
51741,0,0,"0. New User (<1 Month)",Computer,1,27,Credit Card,male,3,3,Mobile Phone,1,Married,8,0,20.00,1,1,2,123.00,1.00,"2026-06-08 15:34:49"
51742,0,16,"3. Core Loyal (>1 Year)",Mobile Phone,1,14,UPI,female,3,3,Laptop & Accessory,3,Married,5,1,14.00,1,1,2,145.00,1.00,"2026-06-08 15:34:49"
51743,0,0,"0. New User (<1 Month)",Mobile Phone,3,10,Debit Card,female,3,4,Laptop & Accessory,1,Single,2,1,11.00,0,1,3,145.00,0.00,"2026-06-08 15:34:49"
51744,0,10,"2. Mid-Loyal (7-12 Months)",Computer,1,31,Credit Card,female,3,3,Laptop & Accessory,3,Married,4,1,15.00,4,10,7,144.00,0.40,"2026-06-08 15:34:49"
51745,0,0,"0. New User (<1 Month)",Mobile Phone,1,6,Debit Card,male,3,4,Mobile Phone,5,Married,2,0,12.00,3,3,2,122.00,1.00,"2026-06-08 15:34:49"
51746,0,12,"2. Mid-Loyal (7-12 Months)",Computer,1,6,Debit Card,male,2,3,Others,3,Married,2,1,14.00,0,1,6,292.00,0.00,"2026-06-08 15:34:49"
51747,0,29,"3. Core Loyal (>1 Year)",Computer,3,12,Debit Card,female,2,1,Grocery,5,Married,10,0,11.00,6,0,7,232.00,0.00,"2026-06-08 15:34:49"
51748,0,3,"1. Junior User (1-6 Months)",Mobile Phone,3,18,Cash on Delivery,female,2,3,Laptop & Accessory,3,Single,1,0,11.00,3,4,4,166.00,0.75,"2026-06-08 15:34:49"
51749,0,14,"3. Core Loyal (>1 Year)",Mobile Phone,3,6,E wallet,male,2,1,Fashion,5,Married,2,0,16.00,1,1,7,184.00,1.00,"2026-06-08 15:34:49"
51750,0,1,"1. Junior User (1-6 Months)",Mobile Phone,1,23,Credit Card,male,3,3,Laptop & Accessory,5,Married,2,0,12.00,0,1,8,146.00,0.00,"2026-06-08 15:34:49"
51751,1,0,"0. New User (<1 Month)",Mobile Phone,1,9,Credit Card,male,3,3,Mobile Phone,5,Married,6,0,13.00,1,1,2,140.00,1.00,"2026-06-08 15:34:49"
51752,0,25,"3. Core Loyal (>1 Year)",Mobile Phone,1,9,Credit Card,male,2,4,Fashion,3,Married,3,1,14.00,1,1,4,180.00,1.00,"2026-06-08 15:34:49"
51753,0,18,"3. Core Loyal (>1 Year)",Mobile Phone,1,-1,Debit Card,male,3,3,Mobile Phone,1,Married,4,0,21.00,0,1,2,127.00,0.00,"2026-06-08 15:34:49"
51754,0,25,"3. Core Loyal (>1 Year)",Mobile Phone,1,10,Debit Card,female,1,3,Grocery,1,Married,3,0,13.00,0,1,4,266.00,0.00,"2026-06-08 15:34:49"
51755,0,15,"3. Core Loyal (>1 Year)",Computer,1,35,Debit Card,female,3,3,Laptop & Accessory,3,Married,3,0,11.00,1,1,2,146.00,1.00,"2026-06-08 15:34:49"
51756,0,3,"1. Junior User (1-6 Months)",Mobile Phone,1,8,Debit Card,female,2,5,Laptop & Accessory,1,Single,3,0,20.00,1,1,2,161.00,1.00,"2026-06-08 15:34:49"
51757,0,30,"3. Core Loyal (>1 Year)",Mobile Phone,1,13,Debit Card,female,2,3,Others,5,Married,6,0,0.0,1,11,10,296.00,0.09,"2026-06-08 15:34:49"
51758,0,19,"3. Core Loyal (>1 Year)",Mobile Phone,1,24,Credit Card,female,2,3,Laptop & Accessory,3,Married,3,0,14.00,1,1,8,148.00,1.00,"2026-06-08 15:34:49"
51759,0,15,"3. Core Loyal (>1 Year)",Computer,1,34,Cash on Delivery,female,2,4,Laptop & Accessory,1,Married,1,0,11.00,0,1,4,145.00,0.00,"2026-06-08 15:34:49"
51760,1,0,"0. New User (<1 Month)",Mobile Phone,3,6,Cash on Delivery,female,3,3,Mobile Phone,4,Single,2,1,16.00,0,1,4,132.00,0.00,"2026-06-08 15:34:49"
51761,1,0,"0. New User (<1 Month)",Computer,3,-1,E wallet,female,2,5,Mobile Phone,3,Married,1,0,16.00,0,1,0,124.00,0.00,"2026-06-08 15:34:49"
51762,0,0,"0. New User (<1 Month)",Computer,1,8,Debit Card,male,2,3,Mobile Phone,1,Married,2,1,23.00,1,1,0,117.00,1.00,"2026-06-08 15:34:49"
51763,0,13,"3. Core Loyal (>1 Year)",Mobile Phone,3,8,Debit Card,female,3,3,Others,3,Married,1,0,14.00,0,1,12,280.00,0.00,"2026-06-08 15:34:49"
51764,0,0,"0. New User (<1 Month)",Mobile Phone,1,29,Debit Card,female,0,3,Mobile Phone,1,Married,2,0,22.00,0,1,2,129.00,0.00,"2026-06-08 15:34:49"
51765,0,0,"0. New User (<1 Month)",Computer,1,9,Debit Card,male,2,3,Mobile Phone,1,Married,5,0,15.00,1,1,4,121.00,1.00,"2026-06-08 15:34:49"
51766,0,2,"1. Junior User (1-6 Months)",Mobile Phone,1,9,Credit Card,male,3,4,Fashion,3,Married,2,0,18.00,0,1,-1,219.00,0.00,"2026-06-08 15:34:49"
51767,1,0,"0. New User (<1 Month)",Mobile Phone,1,-1,Cash on Delivery,female,3,4,Mobile Phone,4,Married,6,0,16.00,1,1,1,125.00,1.00,"2026-06-08 15:34:49"
51768,1,0,"0. New User (<1 Month)",Mobile Phone,2,-1,Cash on Delivery,male,2,4,Mobile Phone,1,Single,2,0,12.00,0,1,0,126.00,0.00,"2026-06-08 15:34:49"
51769,0,3,"1. Junior User (1-6 Months)",Computer,3,28,UPI,female,3,3,Fashion,5,Married,1,0,11.00,3,7,8,184.00,0.43,"2026-06-08 15:34:49"
51770,0,30,"3. Core Loyal (>1 Year)",Mobile Phone,3,35,E wallet,male,2,4,Grocery,1,Married,4,0,12.00,1,0,0,241.00,0.00,"2026-06-08 15:34:49"
51771,0,23,"3. Core Loyal (>1 Year)",Mobile Phone,1,35,Debit Card,male,2,4,Grocery,3,Married,1,0,15.00,0,15,7,270.00,0.00,"2026-06-08 15:34:49"
51772,0,3,"1. Junior User (1-6 Months)",Computer,1,-1,Credit Card,female,2,3,Mobile Phone,1,Single,1,0,14.00,1,6,7,126.00,0.17,"2026-06-08 15:34:49"
51773,0,30,"3. Core Loyal (>1 Year)",Computer,3,34,E wallet,female,3,4,Fashion,5,Married,5,0,19.00,3,13,11,203.00,0.23,"2026-06-08 15:34:49"
51774,0,20,"3. Core Loyal (>1 Year)",Mobile Phone,1,8,Credit Card,female,3,3,Laptop & Accessory,1,Married,6,0,13.00,0,1,4,151.00,0.00,"2026-06-08 15:34:49"
51775,0,19,"3. Core Loyal (>1 Year)",Mobile Phone,1,8,Debit Card,male,2,3,Grocery,3,Married,7,0,13.00,0,1,1,279.00,0.00,"2026-06-08 15:34:49"
51776,0,8,"2. Mid-Loyal (7-12 Months)",Mobile Phone,1,28,Debit Card,male,2,5,Mobile Phone,3,Single,1,0,15.00,1,4,3,142.00,0.25,"2026-06-08 15:34:49"
51777,0,27,"3. Core Loyal (>1 Year)",Mobile Phone,1,5,Debit Card,female,2,3,Laptop & Accessory,3,Single,8,0,11.00,0,1,0,138.00,0.00,"2026-06-08 15:34:49"
51778,0,7,"2. Mid-Loyal (7-12 Months)",Mobile Phone,1,8,Debit Card,male,0,4,Mobile Phone,3,Married,4,0,12.00,3,5,7,128.00,0.60,"2026-06-08 15:34:49"
51779,0,5,"1. Junior User (1-6 Months)",Mobile Phone,3,16,E wallet,female,3,4,Fashion,1,Married,3,1,19.00,0,1,2,191.00,0.00,"2026-06-08 15:34:49"
51780,0,4,"1. Junior User (1-6 Months)",Mobile Phone,1,15,Debit Card,male,2,3,Fashion,4,Married,2,0,25.00,0,1,8,206.00,0.00,"2026-06-08 15:34:49"
51781,1,0,"0. New User (<1 Month)",Mobile Phone,1,21,Credit Card,male,2,3,Fashion,3,Married,8,1,12.00,3,0,7,236.00,0.00,"2026-06-08 15:34:49"
51782,1,0,"0. New User (<1 Month)",Mobile Phone,1,16,Credit Card,male,2,5,Mobile Phone,1,Married,8,0,13.00,0,1,3,134.00,0.00,"2026-06-08 15:34:49"
51783,0,3,"1. Junior User (1-6 Months)",Mobile Phone,3,13,E wallet,male,0,3,Mobile Phone,4,Single,1,0,14.00,0,1,2,130.00,0.00,"2026-06-08 15:34:49"
51784,0,8,"2. Mid-Loyal (7-12 Months)",Mobile Phone,1,22,Debit Card,male,3,3,Fashion,3,Married,5,1,12.00,0,1,0,176.00,0.00,"2026-06-08 15:34:49"
51785,1,0,"0. New User (<1 Month)",Computer,1,26,Debit Card,male,3,3,Fashion,3,Married,4,0,12.00,1,1,0,198.00,1.00,"2026-06-08 15:34:49"
51786,1,0,"0. New User (<1 Month)",Computer,2,29,UPI,female,2,3,Fashion,5,Married,10,1,15.00,1,1,2,200.00,1.00,"2026-06-08 15:34:49"
51787,0,0,"0. New User (<1 Month)",Computer,1,11,UPI,male,3,3,Mobile Phone,3,Married,5,0,17.00,0,2,0,121.00,0.00,"2026-06-08 15:34:49"
51788,0,9,"2. Mid-Loyal (7-12 Months)",Computer,3,16,Credit Card,male,2,3,Fashion,1,Single,2,0,14.00,8,9,7,200.00,0.89,"2026-06-08 15:34:49"
51789,1,0,"0. New User (<1 Month)",Computer,1,10,Cash on Delivery,male,3,4,Mobile Phone,3,Single,6,0,16.00,0,1,2,139.00,0.00,"2026-06-08 15:34:49"
51790,0,21,"3. Core Loyal (>1 Year)",Mobile Phone,3,8,E wallet,female,2,3,Laptop & Accessory,1,Married,3,0,14.00,6,6,7,141.00,1.00,"2026-06-08 15:34:49"
51791,0,28,"3. Core Loyal (>1 Year)",Mobile Phone,3,24,Debit Card,female,2,3,Grocery,4,Single,4,0,23.00,0,7,8,268.00,0.00,"2026-06-08 15:34:49"
51792,0,14,"3. Core Loyal (>1 Year)",Computer,3,16,Debit Card,male,2,3,Laptop & Accessory,1,Single,8,0,14.00,0,1,10,162.00,0.00,"2026-06-08 15:34:49"
51793,0,8,"2. Mid-Loyal (7-12 Months)",Mobile Phone,3,6,E wallet,male,2,3,Laptop & Accessory,3,Married,10,0,11.00,0,6,9,147.00,0.00,"2026-06-08 15:34:49"
51794,0,13,"3. Core Loyal (>1 Year)",Mobile Phone,1,12,Debit Card,female,3,3,Grocery,3,Single,8,0,15.00,4,0,13,232.00,0.00,"2026-06-08 15:34:49"
51795,0,12,"2. Mid-Loyal (7-12 Months)",Computer,1,14,Debit Card,female,2,3,Mobile Phone,3,Married,2,0,11.00,1,1,7,138.00,1.00,"2026-06-08 15:34:49"
51796,0,4,"1. Junior User (1-6 Months)",Mobile Phone,3,8,Debit Card,male,3,3,Laptop & Accessory,1,Single,5,1,13.00,1,1,5,166.00,1.00,"2026-06-08 15:34:49"
51797,0,15,"3. Core Loyal (>1 Year)",Mobile Phone,1,30,Credit Card,male,2,3,Fashion,5,Married,2,1,21.00,5,5,8,174.00,1.00,"2026-06-08 15:34:49"
51798,0,18,"3. Core Loyal (>1 Year)",Mobile Phone,3,8,UPI,male,3,3,Laptop & Accessory,4,Married,1,0,19.00,3,3,7,148.00,1.00,"2026-06-08 15:34:49"
51799,1,0,"0. New User (<1 Month)",Computer,2,23,Debit Card,female,0,3,Mobile Phone,3,Married,1,1,11.00,0,1,0,127.00,0.00,"2026-06-08 15:34:49"
51800,0,2,"1. Junior User (1-6 Months)",Mobile Phone,1,25,Cash on Delivery,male,2,3,Laptop & Accessory,1,Married,5,0,12.00,1,1,2,143.00,1.00,"2026-06-08 15:34:49"
51801,0,6,"1. Junior User (1-6 Months)",Mobile Phone,1,6,Credit Card,female,3,1,Grocery,3,Married,5,0,19.00,0,1,5,262.00,0.00,"2026-06-08 15:34:49"
51802,0,4,"1. Junior User (1-6 Months)",Mobile Phone,3,13,Debit Card,male,2,4,Fashion,1,Married,10,0,21.00,1,1,-1,216.00,1.00,"2026-06-08 15:34:49"
51803,1,0,"0. New User (<1 Month)",Computer,3,11,E wallet,male,3,3,Mobile Phone,4,Single,2,1,14.00,1,1,0,119.00,1.00,"2026-06-08 15:34:49"
51804,0,13,"3. Core Loyal (>1 Year)",Computer,3,34,UPI,male,2,5,Fashion,5,Married,4,0,15.00,0,1,-1,209.00,0.00,"2026-06-08 15:34:49"
51805,0,14,"3. Core Loyal (>1 Year)",Computer,1,8,UPI,female,3,4,Laptop & Accessory,3,Single,3,1,17.00,0,1,7,168.00,0.00,"2026-06-08 15:34:49"
51806,0,0,"0. New User (<1 Month)",Mobile Phone,3,35,Credit Card,male,2,3,Laptop & Accessory,3,Married,6,0,12.00,0,1,0,143.00,0.00,"2026-06-08 15:34:49"
51807,0,8,"2. Mid-Loyal (7-12 Months)",Mobile Phone,3,6,Credit Card,female,3,3,Laptop & Accessory,3,Single,2,0,16.00,1,1,3,149.00,1.00,"2026-06-08 15:34:49"
51808,0,7,"2. Mid-Loyal (7-12 Months)",Mobile Phone,3,27,Debit Card,male,3,1,Laptop & Accessory,1,Single,2,0,12.00,0,5,7,153.00,0.00,"2026-06-08 15:34:49"
51809,1,0,"0. New User (<1 Month)",Mobile Phone,1,-1,Cash on Delivery,male,3,5,Mobile Phone,1,Single,2,1,18.00,0,1,0,123.00,0.00,"2026-06-08 15:34:49"
51810,0,10,"2. Mid-Loyal (7-12 Months)",Mobile Phone,1,6,Cash on Delivery,female,2,3,Fashion,1,Single,5,0,17.00,1,1,2,175.00,1.00,"2026-06-08 15:34:49"
51811,0,19,"3. Core Loyal (>1 Year)",Computer,1,24,Credit Card,female,2,3,Fashion,3,Married,6,0,11.00,0,1,2,205.00,0.00,"2026-06-08 15:34:49"
51812,0,14,"3. Core Loyal (>1 Year)",Mobile Phone,3,8,Debit Card,female,3,3,Grocery,5,Married,8,0,16.00,0,11,8,266.00,0.00,"2026-06-08 15:34:49"
51813,0,10,"2. Mid-Loyal (7-12 Months)",Computer,3,15,Credit Card,male,3,3,Fashion,4,Married,2,0,13.00,1,7,7,188.00,0.14,"2026-06-08 15:34:49"
51814,0,25,"3. Core Loyal (>1 Year)",Mobile Phone,1,12,Cash on Delivery,male,3,3,Laptop & Accessory,5,Married,4,1,12.00,2,6,9,156.00,0.33,"2026-06-08 15:34:49"
51815,1,0,"0. New User (<1 Month)",Computer,3,17,UPI,male,2,1,Laptop & Accessory,3,Married,9,0,12.00,1,1,2,147.00,1.00,"2026-06-08 15:34:49"
51816,0,0,"0. New User (<1 Month)",Computer,3,-1,Credit Card,male,2,3,Mobile Phone,1,Married,1,0,13.00,1,2,1,124.00,0.50,"2026-06-08 15:34:49"
51817,0,11,"2. Mid-Loyal (7-12 Months)",Mobile Phone,1,16,Credit Card,female,3,3,Laptop & Accessory,3,Married,4,0,19.00,0,1,0,198.00,0.00,"2026-06-08 15:34:49"
51818,0,10,"2. Mid-Loyal (7-12 Months)",Mobile Phone,1,6,Debit Card,female,3,3,Laptop & Accessory,4,Married,7,0,12.00,4,4,3,164.00,1.00,"2026-06-08 15:34:49"
51819,0,22,"3. Core Loyal (>1 Year)",Mobile Phone,1,24,Debit Card,male,2,4,Others,3,Married,2,1,0.0,1,1,9,295.00,1.00,"2026-06-08 15:34:49"
51820,0,0,"0. New User (<1 Month)",Mobile Phone,1,29,Credit Card,male,0,1,Mobile Phone,1,Married,2,1,11.00,0,1,4,127.00,0.00,"2026-06-08 15:34:49"
51821,0,0,"0. New User (<1 Month)",Mobile Phone,3,34,E wallet,male,3,3,Laptop & Accessory,4,Married,2,0,20.00,0,1,4,163.00,0.00,"2026-06-08 15:34:49"
51822,0,0,"0. New User (<1 Month)",Mobile Phone,1,23,UPI,male,3,4,Mobile Phone,4,Married,2,0,21.00,1,1,0,121.00,1.00,"2026-06-08 15:34:49"
51823,0,23,"3. Core Loyal (>1 Year)",Computer,2,9,Credit Card,male,3,3,Others,4,Married,2,0,11.00,0,10,7,282.00,0.00,"2026-06-08 15:34:49"
51824,0,0,"0. New User (<1 Month)",Mobile Phone,3,19,Credit Card,male,2,3,Mobile Phone,3,Married,2,0,11.00,1,1,6,121.00,1.00,"2026-06-08 15:34:49"
51825,1,0,"0. New User (<1 Month)",Computer,1,13,Debit Card,female,0,3,Mobile Phone,3,Married,2,1,16.00,0,1,2,129.00,0.00,"2026-06-08 15:34:49"
51826,1,0,"0. New User (<1 Month)",Computer,3,18,Debit Card,male,3,4,Mobile Phone,5,Married,2,0,18.00,1,1,0,120.00,1.00,"2026-06-08 15:34:49"
51827,0,7,"2. Mid-Loyal (7-12 Months)",Mobile Phone,1,6,Debit Card,male,2,4,Mobile Phone,1,Married,2,1,13.00,1,1,3,136.00,1.00,"2026-06-08 15:34:49"
51828,1,0,"0. New User (<1 Month)",Mobile Phone,3,19,Credit Card,male,2,3,Laptop & Accessory,5,Married,3,0,17.00,0,1,2,142.00,0.00,"2026-06-08 15:34:49"
51829,0,8,"2. Mid-Loyal (7-12 Months)",Mobile Phone,1,31,UPI,male,2,4,Laptop & Accessory,1,Single,5,0,14.00,1,1,2,137.00,1.00,"2026-06-08 15:34:49"
51830,0,4,"1. Junior User (1-6 Months)",Mobile Phone,3,12,Credit Card,male,3,1,Laptop & Accessory,1,Married,5,0,22.00,5,5,7,155.00,1.00,"2026-06-08 15:34:49"
51831,0,0,"0. New User (<1 Month)",Mobile Phone,1,12,Credit Card,female,3,4,Mobile Phone,3,Married,1,0,12.00,0,1,3,122.00,0.00,"2026-06-08 15:34:49"
51832,0,10,"2. Mid-Loyal (7-12 Months)",Mobile Phone,3,8,E wallet,male,3,3,Laptop & Accessory,3,Married,5,1,11.00,0,1,0,196.00,0.00,"2026-06-08 15:34:49"
51833,0,0,"0. New User (<1 Month)",Mobile Phone,1,6,Debit Card,female,0,4,Mobile Phone,4,Single,2,0,13.00,0,1,0,128.00,0.00,"2026-06-08 15:34:49"
51834,0,15,"3. Core Loyal (>1 Year)",Mobile Phone,1,8,Debit Card,female,2,3,Laptop & Accessory,1,Married,2,0,13.00,0,2,2,141.00,0.00,"2026-06-08 15:34:49"
51835,0,16,"3. Core Loyal (>1 Year)",Mobile Phone,1,12,UPI,male,2,4,Grocery,1,Married,5,1,14.00,0,1,0,266.00,0.00,"2026-06-08 15:34:49"
51836,0,11,"2. Mid-Loyal (7-12 Months)",Mobile Phone,1,-1,Debit Card,female,2,3,Mobile Phone,5,Single,4,0,17.00,0,1,0,126.00,0.00,"2026-06-08 15:34:49"
51837,0,16,"3. Core Loyal (>1 Year)",Computer,1,15,Credit Card,male,3,3,Laptop & Accessory,3,Married,4,1,13.00,1,4,7,157.00,0.25,"2026-06-08 15:34:49"
51838,0,21,"3. Core Loyal (>1 Year)",Mobile Phone,1,6,Debit Card,female,2,4,Grocery,5,Married,8,0,11.00,0,0,2,254.00,0.00,"2026-06-08 15:34:49"
51839,0,17,"3. Core Loyal (>1 Year)",Mobile Phone,2,6,Debit Card,female,2,4,Laptop & Accessory,3,Single,5,0,11.00,1,1,2,160.00,1.00,"2026-06-08 15:34:49"
51840,0,7,"2. Mid-Loyal (7-12 Months)",Mobile Phone,3,-1,Cash on Delivery,female,2,3,Mobile Phone,3,Married,2,1,18.00,1,1,6,126.00,1.00,"2026-06-08 15:34:49"
51841,1,0,"0. New User (<1 Month)",Mobile Phone,3,8,E wallet,male,0,3,Mobile Phone,5,Married,1,0,11.00,1,1,2,130.00,1.00,"2026-06-08 15:34:49"
51842,0,0,"0. New User (<1 Month)",Mobile Phone,3,28,Cash on Delivery,male,2,3,Mobile Phone,3,Single,2,0,11.00,0,1,2,134.00,0.00,"2026-06-08 15:34:49"
51843,0,17,"3. Core Loyal (>1 Year)",Mobile Phone,1,9,UPI,male,2,3,Others,1,Married,5,1,0.0,0,1,1,295.00,0.00,"2026-06-08 15:34:49"
51844,0,0,"0. New User (<1 Month)",Mobile Phone,1,12,Credit Card,male,0,3,Mobile Phone,3,Married,1,0,20.00,1,2,2,128.00,0.50,"2026-06-08 15:34:49"
51845,0,6,"1. Junior User (1-6 Months)",Mobile Phone,3,14,E wallet,male,2,3,Laptop & Accessory,3,Married,1,0,12.00,0,1,2,171.00,0.00,"2026-06-08 15:34:49"
51846,0,5,"1. Junior User (1-6 Months)",Mobile Phone,1,15,Debit Card,female,3,3,Laptop & Accessory,1,Married,2,1,12.00,1,1,5,163.00,1.00,"2026-06-08 15:34:49"
51847,0,0,"0. New User (<1 Month)",Computer,1,9,Credit Card,female,3,3,Mobile Phone,3,Married,2,0,20.00,1,1,0,121.00,1.00,"2026-06-08 15:34:49"
51848,0,26,"3. Core Loyal (>1 Year)",Mobile Phone,3,6,Credit Card,female,2,3,Laptop & Accessory,5,Single,8,0,20.00,4,8,10,184.00,0.50,"2026-06-08 15:34:49"
51849,0,7,"2. Mid-Loyal (7-12 Months)",Mobile Phone,1,6,Debit Card,male,0,3,Mobile Phone,1,Married,2,0,12.00,1,8,8,127.00,0.13,"2026-06-08 15:34:49"
51850,1,8,"2. Mid-Loyal (7-12 Months)",Computer,3,32,Debit Card,female,3,3,Laptop & Accessory,5,Married,3,0,14.00,0,1,0,143.00,0.00,"2026-06-08 15:34:49"
51851,0,0,"0. New User (<1 Month)",Mobile Phone,1,12,Debit Card,female,3,3,Mobile Phone,1,Married,2,1,13.00,0,1,2,56.00,0.00,"2026-06-08 15:34:49"
51852,0,10,"2. Mid-Loyal (7-12 Months)",Mobile Phone,1,9,UPI,male,2,3,Fashion,3,Married,2,0,15.00,7,7,8,194.00,1.00,"2026-06-08 15:34:49"
51853,0,2,"1. Junior User (1-6 Months)",Mobile Phone,3,9,Credit Card,female,3,3,Laptop & Accessory,3,Married,2,0,14.00,0,1,2,156.00,0.00,"2026-06-08 15:34:49"
51854,0,8,"2. Mid-Loyal (7-12 Months)",Mobile Phone,1,12,Debit Card,male,2,5,Laptop & Accessory,1,Single,2,0,13.00,0,11,8,166.00,0.00,"2026-06-08 15:34:49"
51855,0,6,"1. Junior User (1-6 Months)",Computer,1,12,Debit Card,male,1,3,Laptop & Accessory,1,Married,4,0,23.00,3,4,7,177.00,0.75,"2026-06-08 15:34:49"
51856,0,27,"3. Core Loyal (>1 Year)",Mobile Phone,2,25,Credit Card,male,2,3,Fashion,4,Married,3,0,15.00,2,7,1,207.00,0.29,"2026-06-08 15:34:49"
51857,0,9,"2. Mid-Loyal (7-12 Months)",Mobile Phone,1,15,Credit Card,male,2,4,Laptop & Accessory,4,Married,3,1,11.00,0,1,2,188.00,0.00,"2026-06-08 15:34:49"
51858,0,0,"0. New User (<1 Month)",Mobile Phone,1,9,Credit Card,male,2,4,Mobile Phone,1,Single,1,0,13.00,1,1,1,120.00,1.00,"2026-06-08 15:34:49"
51859,1,0,"0. New User (<1 Month)",Mobile Phone,1,16,Credit Card,male,2,3,Mobile Phone,3,Single,2,1,11.00,1,1,1,110.00,1.00,"2026-06-08 15:34:49"
51860,1,0,"0. New User (<1 Month)",Computer,1,9,Debit Card,male,3,3,Mobile Phone,5,Single,2,1,11.00,5,9,7,133.00,0.56,"2026-06-08 15:34:49"
51861,0,0,"0. New User (<1 Month)",Computer,1,9,Debit Card,male,2,4,Mobile Phone,3,Married,2,0,18.00,1,1,0,113.00,1.00,"2026-06-08 15:34:49"
51862,0,0,"0. New User (<1 Month)",Mobile Phone,1,10,Credit Card,male,0,1,Mobile Phone,5,Married,3,0,16.00,0,1,2,128.00,0.00,"2026-06-08 15:34:49"
51863,0,0,"0. New User (<1 Month)",Mobile Phone,3,14,Debit Card,male,2,1,Laptop & Accessory,4,Married,1,0,22.00,1,1,2,149.00,1.00,"2026-06-08 15:34:49"
51864,0,11,"2. Mid-Loyal (7-12 Months)",Mobile Phone,3,13,E wallet,female,2,4,Laptop & Accessory,1,Single,1,0,20.00,1,1,5,140.00,1.00,"2026-06-08 15:34:49"
51865,0,2,"1. Junior User (1-6 Months)",Computer,1,6,Debit Card,male,0,5,Mobile Phone,1,Married,2,0,18.00,0,2,8,127.00,0.00,"2026-06-08 15:34:49"
51866,0,21,"3. Core Loyal (>1 Year)",Mobile Phone,3,8,E wallet,male,2,1,Laptop & Accessory,4,Married,4,0,12.00,0,2,2,181.00,0.00,"2026-06-08 15:34:49"
51867,0,0,"0. New User (<1 Month)",Computer,3,9,Credit Card,female,3,1,Laptop & Accessory,1,Married,2,1,20.00,1,1,4,146.00,1.00,"2026-06-08 15:34:49"
51868,0,10,"2. Mid-Loyal (7-12 Months)",Mobile Phone,1,16,Debit Card,male,3,1,Mobile Phone,1,Single,4,0,17.00,1,1,0,147.00,1.00,"2026-06-08 15:34:49"
51869,0,23,"3. Core Loyal (>1 Year)",Mobile Phone,1,34,Credit Card,male,3,1,Mobile Phone,3,Married,2,1,11.00,0,3,8,132.00,0.00,"2026-06-08 15:34:49"
51870,0,7,"2. Mid-Loyal (7-12 Months)",Mobile Phone,1,15,Credit Card,female,2,4,Fashion,4,Single,2,0,14.00,4,7,7,186.00,0.57,"2026-06-08 15:34:49"
51871,1,0,"0. New User (<1 Month)",Mobile Phone,3,9,Debit Card,female,3,3,Laptop & Accessory,3,Single,10,0,14.00,1,2,0,146.00,0.50,"2026-06-08 15:34:49"
51872,0,12,"2. Mid-Loyal (7-12 Months)",Mobile Phone,1,8,Cash on Delivery,female,3,4,Laptop & Accessory,3,Single,2,0,11.00,1,11,10,146.00,0.09,"2026-06-08 15:34:49"
51873,0,5,"1. Junior User (1-6 Months)",Mobile Phone,3,16,E wallet,male,2,3,Laptop & Accessory,1,Single,2,0,12.00,1,1,8,154.00,1.00,"2026-06-08 15:34:49"
51874,1,13,"3. Core Loyal (>1 Year)",Computer,3,14,Cash on Delivery,male,2,3,Laptop & Accessory,3,Married,4,1,14.00,0,1,3,168.00,0.00,"2026-06-08 15:34:49"
51875,0,11,"2. Mid-Loyal (7-12 Months)",Mobile Phone,1,6,Debit Card,female,2,1,Laptop & Accessory,1,Single,1,0,13.00,0,1,8,176.00,0.00,"2026-06-08 15:34:49"
51876,0,0,"0. New User (<1 Month)",Mobile Phone,1,6,Debit Card,female,3,3,Fashion,5,Married,2,0,11.00,0,1,7,174.00,0.00,"2026-06-08 15:34:49"
51877,0,5,"1. Junior User (1-6 Months)",Mobile Phone,1,9,Debit Card,female,2,3,Fashion,1,Single,4,0,15.00,6,7,-1,212.00,0.86,"2026-06-08 15:34:49"
51878,0,20,"3. Core Loyal (>1 Year)",Mobile Phone,3,20,E wallet,male,2,3,Laptop & Accessory,5,Single,3,0,12.00,1,1,7,150.00,1.00,"2026-06-08 15:34:49"
51879,0,13,"3. Core Loyal (>1 Year)",Computer,3,11,Debit Card,male,2,4,Fashion,5,Married,6,1,21.00,0,1,12,205.00,0.00,"2026-06-08 15:34:49"
51880,0,26,"3. Core Loyal (>1 Year)",Mobile Phone,1,13,Debit Card,male,2,1,Grocery,3,Married,4,0,19.00,0,0,3,248.00,0.00,"2026-06-08 15:34:49"
51881,0,14,"3. Core Loyal (>1 Year)",Mobile Phone,2,16,UPI,male,3,4,Others,1,Married,4,0,15.00,0,12,6,291.00,0.00,"2026-06-08 15:34:49"
51882,0,30,"3. Core Loyal (>1 Year)",Mobile Phone,3,22,E wallet,male,2,3,Laptop & Accessory,5,Single,9,0,14.00,2,2,2,154.00,1.00,"2026-06-08 15:34:49"
51883,0,0,"0. New User (<1 Month)",Computer,1,16,Debit Card,male,2,3,Fashion,5,Married,2,0,21.00,0,1,7,188.00,0.00,"2026-06-08 15:34:49"
51884,0,14,"3. Core Loyal (>1 Year)",Mobile Phone,2,6,UPI,male,2,4,Others,3,Married,2,0,12.00,0,2,10,292.00,0.00,"2026-06-08 15:34:49"
51885,0,23,"3. Core Loyal (>1 Year)",Mobile Phone,3,14,E wallet,male,2,3,Mobile Phone,4,Married,8,0,15.00,0,2,2,139.00,0.00,"2026-06-08 15:34:49"
51886,1,0,"0. New User (<1 Month)",Mobile Phone,1,6,Debit Card,female,3,5,Mobile Phone,4,Single,8,1,13.00,1,3,7,122.00,0.33,"2026-06-08 15:34:49"
51887,0,9,"2. Mid-Loyal (7-12 Months)",Computer,1,14,Debit Card,female,3,1,Fashion,5,Married,10,0,14.00,0,1,-1,217.00,0.00,"2026-06-08 15:34:49"
51888,0,11,"2. Mid-Loyal (7-12 Months)",Mobile Phone,1,6,Debit Card,female,2,3,Fashion,3,Single,5,1,14.00,0,1,0,179.00,0.00,"2026-06-08 15:34:49"
51889,0,17,"3. Core Loyal (>1 Year)",Computer,1,30,Credit Card,male,2,5,Mobile Phone,3,Single,3,0,14.00,0,1,4,137.00,0.00,"2026-06-08 15:34:49"
51890,0,20,"3. Core Loyal (>1 Year)",Computer,3,9,Credit Card,female,2,3,Grocery,3,Married,10,1,12.00,1,0,13,238.00,0.00,"2026-06-08 15:34:49"
51891,0,3,"1. Junior User (1-6 Months)",Mobile Phone,3,33,E wallet,male,3,3,Laptop & Accessory,1,Married,8,0,23.00,2,7,7,153.00,0.29,"2026-06-08 15:34:49"
51892,0,2,"1. Junior User (1-6 Months)",Mobile Phone,3,-1,Debit Card,male,3,3,Mobile Phone,3,Single,2,0,11.00,1,1,0,126.00,1.00,"2026-06-08 15:34:49"
51893,1,5,"1. Junior User (1-6 Months)",Computer,1,25,Credit Card,male,0,1,Mobile Phone,3,Married,7,1,12.00,0,2,2,128.00,0.00,"2026-06-08 15:34:49"
51894,0,16,"3. Core Loyal (>1 Year)",Computer,3,21,Debit Card,male,2,4,Laptop & Accessory,1,Married,4,0,18.00,1,2,2,168.00,0.50,"2026-06-08 15:34:49"
51895,0,7,"2. Mid-Loyal (7-12 Months)",Mobile Phone,1,14,Credit Card,female,3,3,Laptop & Accessory,3,Single,4,0,11.00,0,4,3,161.00,0.00,"2026-06-08 15:34:49"
51896,0,0,"0. New User (<1 Month)",Mobile Phone,1,-1,Credit Card,male,2,3,Mobile Phone,5,Married,2,0,14.00,1,1,2,125.00,1.00,"2026-06-08 15:34:49"
51897,0,12,"2. Mid-Loyal (7-12 Months)",Mobile Phone,2,9,UPI,female,2,1,Laptop & Accessory,4,Married,10,0,15.00,0,3,6,164.00,0.00,"2026-06-08 15:34:49"
51898,0,29,"3. Core Loyal (>1 Year)",Mobile Phone,1,15,Credit Card,male,2,3,Grocery,1,Married,8,0,11.00,0,1,-1,211.00,0.00,"2026-06-08 15:34:49"
51899,0,13,"3. Core Loyal (>1 Year)",Mobile Phone,1,-1,Credit Card,female,2,4,Mobile Phone,1,Single,1,1,20.00,0,2,3,123.00,0.00,"2026-06-08 15:34:49"
51900,0,0,"0. New User (<1 Month)",Mobile Phone,1,13,Credit Card,female,2,4,Laptop & Accessory,5,Single,9,0,19.00,1,1,7,168.00,1.00,"2026-06-08 15:34:49"
51901,0,0,"0. New User (<1 Month)",Mobile Phone,3,16,E wallet,male,2,3,Mobile Phone,4,Married,2,0,14.00,2,2,2,123.00,1.00,"2026-06-08 15:34:49"
51902,0,26,"3. Core Loyal (>1 Year)",Mobile Phone,1,-1,Debit Card,male,2,3,Laptop & Accessory,1,Single,3,0,17.00,2,2,2,125.00,1.00,"2026-06-08 15:34:49"
51903,0,8,"2. Mid-Loyal (7-12 Months)",Computer,1,8,Debit Card,female,3,3,Laptop & Accessory,5,Married,3,0,11.00,1,1,0,151.00,1.00,"2026-06-08 15:34:49"
51904,0,5,"1. Junior User (1-6 Months)",Computer,1,30,Debit Card,male,3,3,Laptop & Accessory,1,Married,2,0,15.00,1,4,7,153.00,0.25,"2026-06-08 15:34:49"
51905,0,11,"2. Mid-Loyal (7-12 Months)",Mobile Phone,1,8,Credit Card,male,0,3,Mobile Phone,3,Married,7,1,13.00,0,1,1,131.00,0.00,"2026-06-08 15:34:49"
51906,0,7,"2. Mid-Loyal (7-12 Months)",Mobile Phone,1,14,Debit Card,female,2,3,Laptop & Accessory,5,Married,4,0,14.00,1,1,0,151.00,1.00,"2026-06-08 15:34:49"
51907,0,25,"3. Core Loyal (>1 Year)",Mobile Phone,3,9,E wallet,male,2,4,Grocery,5,Married,2,0,11.00,0,1,16,269.00,0.00,"2026-06-08 15:34:49"
51908,1,0,"0. New User (<1 Month)",Mobile Phone,1,6,UPI,male,0,3,Mobile Phone,1,Single,2,1,13.00,6,7,8,127.00,0.86,"2026-06-08 15:34:49"
51909,0,0,"0. New User (<1 Month)",Mobile Phone,3,32,Credit Card,female,2,3,Laptop & Accessory,1,Single,2,0,23.00,0,1,4,162.00,0.00,"2026-06-08 15:34:49"
51910,0,18,"3. Core Loyal (>1 Year)",Mobile Phone,3,8,Cash on Delivery,male,2,5,Laptop & Accessory,3,Single,1,0,13.00,1,3,1,166.00,0.33,"2026-06-08 15:34:49"
51911,0,0,"0. New User (<1 Month)",Mobile Phone,1,16,Credit Card,male,3,1,Mobile Phone,3,Single,2,0,18.00,0,1,2,135.00,0.00,"2026-06-08 15:34:49"
51912,1,10,"2. Mid-Loyal (7-12 Months)",Computer,3,33,Debit Card,female,3,1,Laptop & Accessory,3,Single,5,1,12.00,0,1,3,164.00,0.00,"2026-06-08 15:34:49"
51913,0,7,"2. Mid-Loyal (7-12 Months)",Mobile Phone,3,8,UPI,male,2,3,Laptop & Accessory,1,Single,2,0,22.00,0,1,4,163.00,0.00,"2026-06-08 15:34:49"
51914,1,18,"3. Core Loyal (>1 Year)",Mobile Phone,1,8,Credit Card,male,3,3,Others,5,Married,6,1,0.0,1,1,4,299.00,1.00,"2026-06-08 15:34:49"
51915,0,9,"2. Mid-Loyal (7-12 Months)",Computer,3,14,Debit Card,male,3,4,Fashion,5,Single,2,0,15.00,0,1,9,176.00,0.00,"2026-06-08 15:34:49"
51916,0,25,"3. Core Loyal (>1 Year)",Computer,1,25,Credit Card,male,2,3,Mobile Phone,1,Married,1,0,18.00,1,1,2,143.00,1.00,"2026-06-08 15:34:49"
51917,0,0,"0. New User (<1 Month)",Computer,1,6,Debit Card,female,3,5,Mobile Phone,1,Married,4,0,14.00,2,2,0,144.00,1.00,"2026-06-08 15:34:49"
51918,0,2,"1. Junior User (1-6 Months)",Mobile Phone,1,33,Credit Card,female,3,3,Laptop & Accessory,3,Married,5,0,12.00,0,1,1,143.00,0.00,"2026-06-08 15:34:49"
51919,1,0,"0. New User (<1 Month)",Mobile Phone,3,14,Cash on Delivery,male,2,4,Laptop & Accessory,5,Single,7,0,17.00,0,1,2,153.00,0.00,"2026-06-08 15:34:49"
51920,0,7,"2. Mid-Loyal (7-12 Months)",Mobile Phone,1,6,Debit Card,female,3,1,Mobile Phone,1,Single,3,0,16.00,1,1,3,133.00,1.00,"2026-06-08 15:34:49"
51921,0,27,"3. Core Loyal (>1 Year)",Mobile Phone,1,25,Credit Card,female,3,3,Laptop & Accessory,5,Married,10,1,11.00,0,1,4,155.00,0.00,"2026-06-08 15:34:49"
51922,0,0,"0. New User (<1 Month)",Computer,3,14,E wallet,male,2,3,Laptop & Accessory,1,Married,1,0,19.00,1,1,1,143.00,1.00,"2026-06-08 15:34:49"
51923,0,10,"2. Mid-Loyal (7-12 Months)",Mobile Phone,1,16,Debit Card,female,0,3,Mobile Phone,5,Married,1,1,13.00,4,4,3,128.00,1.00,"2026-06-08 15:34:49"
51924,0,11,"2. Mid-Loyal (7-12 Months)",Computer,1,8,Debit Card,female,3,1,Laptop & Accessory,5,Single,7,1,12.00,0,4,12,160.00,0.00,"2026-06-08 15:34:49"
51925,0,7,"2. Mid-Loyal (7-12 Months)",Mobile Phone,1,8,Credit Card,female,2,4,Mobile Phone,5,Single,2,0,11.00,1,1,3,144.00,1.00,"2026-06-08 15:34:49"
51926,0,8,"2. Mid-Loyal (7-12 Months)",Mobile Phone,3,-1,Debit Card,female,3,3,Mobile Phone,1,Married,2,0,16.00,1,1,2,126.00,1.00,"2026-06-08 15:34:49"
51927,0,3,"1. Junior User (1-6 Months)",Mobile Phone,1,6,Debit Card,male,2,5,Mobile Phone,3,Married,4,0,21.00,1,1,2,138.00,1.00,"2026-06-08 15:34:49"
51928,0,13,"3. Core Loyal (>1 Year)",Computer,1,8,Credit Card,female,2,1,Laptop & Accessory,4,Married,2,0,24.00,0,3,7,142.00,0.00,"2026-06-08 15:34:49"
51929,0,7,"2. Mid-Loyal (7-12 Months)",Mobile Phone,3,14,Debit Card,female,3,3,Laptop & Accessory,5,Married,6,0,17.00,1,1,2,165.00,1.00,"2026-06-08 15:34:49"
51930,0,15,"3. Core Loyal (>1 Year)",Computer,1,14,Debit Card,male,3,3,Others,1,Married,2,0,13.00,0,14,9,284.00,0.00,"2026-06-08 15:34:49"
51931,1,0,"0. New User (<1 Month)",Mobile Phone,1,12,Debit Card,male,3,1,Mobile Phone,5,Married,2,1,21.00,0,1,0,116.00,0.00,"2026-06-08 15:34:49"
51932,0,0,"0. New User (<1 Month)",Computer,1,15,Debit Card,male,0,4,Mobile Phone,4,Married,2,0,11.00,0,1,0,127.00,0.00,"2026-06-08 15:34:49"
51933,0,25,"3. Core Loyal (>1 Year)",Mobile Phone,1,17,Debit Card,female,0,3,Laptop & Accessory,3,Married,9,0,20.00,1,1,4,131.00,1.00,"2026-06-08 15:34:49"
51934,0,23,"3. Core Loyal (>1 Year)",Mobile Phone,1,8,Credit Card,male,3,3,Grocery,3,Married,6,0,16.00,0,1,3,276.00,0.00,"2026-06-08 15:34:49"
51935,1,0,"0. New User (<1 Month)",Mobile Phone,1,-1,Debit Card,female,2,4,Mobile Phone,5,Married,2,1,11.00,0,1,0,123.00,0.00,"2026-06-08 15:34:49"
51936,0,6,"1. Junior User (1-6 Months)",Mobile Phone,1,13,Credit Card,male,2,3,Fashion,3,Married,1,0,11.00,1,3,-1,217.00,0.33,"2026-06-08 15:34:49"
51937,1,0,"0. New User (<1 Month)",Mobile Phone,3,22,E wallet,female,3,3,Laptop & Accessory,5,Single,6,0,15.00,1,1,2,153.00,1.00,"2026-06-08 15:34:49"
51938,0,20,"3. Core Loyal (>1 Year)",Mobile Phone,1,8,UPI,female,2,3,Grocery,1,Married,2,1,11.00,0,3,0,268.00,0.00,"2026-06-08 15:34:49"
51939,0,9,"2. Mid-Loyal (7-12 Months)",Mobile Phone,1,6,UPI,female,2,3,Laptop & Accessory,4,Married,1,0,15.00,1,1,5,152.00,1.00,"2026-06-08 15:34:49"
51940,0,2,"1. Junior User (1-6 Months)",Mobile Phone,1,29,Debit Card,male,0,1,Mobile Phone,3,Married,2,0,24.00,1,1,7,127.00,1.00,"2026-06-08 15:34:49"
51941,1,20,"3. Core Loyal (>1 Year)",Mobile Phone,1,8,Debit Card,male,2,3,Others,4,Single,8,1,0.0,7,13,8,292.00,0.54,"2026-06-08 15:34:49"
51942,0,8,"2. Mid-Loyal (7-12 Months)",Mobile Phone,1,-1,Debit Card,female,2,1,Mobile Phone,3,Single,4,0,13.00,2,2,2,125.00,1.00,"2026-06-08 15:34:49"
51943,0,15,"3. Core Loyal (>1 Year)",Mobile Phone,1,6,Debit Card,female,2,4,Laptop & Accessory,1,Married,10,1,13.00,0,1,2,161.00,0.00,"2026-06-08 15:34:49"
51944,1,0,"0. New User (<1 Month)",Mobile Phone,1,8,Credit Card,male,2,3,Mobile Phone,3,Single,7,0,17.00,2,2,1,144.00,1.00,"2026-06-08 15:34:49"
51945,0,0,"0. New User (<1 Month)",Mobile Phone,2,19,UPI,male,2,3,Mobile Phone,4,Married,5,0,13.00,1,1,4,121.00,1.00,"2026-06-08 15:34:49"
51946,0,5,"1. Junior User (1-6 Months)",Mobile Phone,1,10,Debit Card,female,3,4,Laptop & Accessory,3,Married,2,0,12.00,5,6,8,162.00,0.83,"2026-06-08 15:34:49"
51947,0,13,"3. Core Loyal (>1 Year)",Computer,1,22,Credit Card,male,2,4,Laptop & Accessory,3,Single,7,0,14.00,0,1,0,151.00,0.00,"2026-06-08 15:34:49"
51948,0,3,"1. Junior User (1-6 Months)",Mobile Phone,1,8,Credit Card,female,2,4,Laptop & Accessory,1,Single,6,1,24.00,1,1,0,169.00,1.00,"2026-06-08 15:34:49"
51949,0,0,"0. New User (<1 Month)",Mobile Phone,1,8,Debit Card,female,3,4,Mobile Phone,3,Single,2,0,14.00,1,1,0,123.00,1.00,"2026-06-08 15:34:49"
51950,0,15,"3. Core Loyal (>1 Year)",Mobile Phone,1,35,Debit Card,male,3,3,Laptop & Accessory,4,Married,2,0,13.00,5,7,8,144.00,0.71,"2026-06-08 15:34:49"
51951,0,11,"2. Mid-Loyal (7-12 Months)",Computer,1,18,Debit Card,male,0,4,Laptop & Accessory,5,Married,3,0,15.00,1,1,2,163.00,1.00,"2026-06-08 15:34:49"
51952,0,7,"2. Mid-Loyal (7-12 Months)",Computer,1,-1,Debit Card,female,3,4,Mobile Phone,1,Single,2,0,16.00,1,1,3,126.00,1.00,"2026-06-08 15:34:49"
51953,1,12,"2. Mid-Loyal (7-12 Months)",Mobile Phone,3,17,E wallet,female,2,3,Fashion,1,Married,2,0,18.00,0,7,7,177.00,0.00,"2026-06-08 15:34:49"
51954,1,18,"3. Core Loyal (>1 Year)",Mobile Phone,3,8,Credit Card,male,2,3,Laptop & Accessory,1,Single,5,0,16.00,1,7,3,152.00,0.14,"2026-06-08 15:34:49"
51955,0,16,"3. Core Loyal (>1 Year)",Mobile Phone,1,20,Debit Card,male,3,3,Grocery,5,Married,7,0,24.00,0,1,0,272.00,0.00,"2026-06-08 15:34:49"
51956,0,0,"0. New User (<1 Month)",Mobile Phone,1,11,Cash on Delivery,male,2,4,Fashion,1,Married,2,1,16.00,1,1,-1,228.00,1.00,"2026-06-08 15:34:49"
51957,0,8,"2. Mid-Loyal (7-12 Months)",Mobile Phone,1,13,UPI,male,2,3,Fashion,3,Single,4,0,21.00,0,1,6,202.00,0.00,"2026-06-08 15:34:49"
51958,0,1,"1. Junior User (1-6 Months)",Mobile Phone,3,8,E wallet,female,2,3,Laptop & Accessory,4,Married,2,1,20.00,6,7,5,148.00,0.86,"2026-06-08 15:34:49"
51959,0,7,"2. Mid-Loyal (7-12 Months)",Mobile Phone,2,9,UPI,male,2,3,Mobile Phone,1,Married,1,0,19.00,1,1,2,137.00,1.00,"2026-06-08 15:34:49"
51960,1,0,"0. New User (<1 Month)",Computer,1,-1,Credit Card,female,2,4,Mobile Phone,3,Married,2,1,14.00,0,1,7,124.00,0.00,"2026-06-08 15:34:49"
51961,0,0,"0. New User (<1 Month)",Computer,1,9,Credit Card,male,2,3,Mobile Phone,1,Married,2,0,11.00,0,1,0,117.00,0.00,"2026-06-08 15:34:49"
51962,0,24,"3. Core Loyal (>1 Year)",Mobile Phone,3,32,E wallet,female,3,3,Grocery,3,Married,3,0,14.00,0,4,17,263.00,0.00,"2026-06-08 15:34:49"
51963,0,17,"3. Core Loyal (>1 Year)",Mobile Phone,1,10,Credit Card,male,2,3,Laptop & Accessory,4,Single,10,0,12.00,1,2,3,159.00,0.50,"2026-06-08 15:34:49"
51964,0,0,"0. New User (<1 Month)",Mobile Phone,1,8,Credit Card,male,3,1,Mobile Phone,5,Single,8,0,13.00,0,1,1,134.00,0.00,"2026-06-08 15:34:49"
51965,0,6,"1. Junior User (1-6 Months)",Mobile Phone,3,6,Credit Card,male,2,1,Laptop & Accessory,5,Married,2,0,22.00,0,1,8,140.00,0.00,"2026-06-08 15:34:49"
51966,0,8,"2. Mid-Loyal (7-12 Months)",Mobile Phone,1,-1,Credit Card,female,2,4,Mobile Phone,5,Single,2,0,11.00,0,1,1,126.00,0.00,"2026-06-08 15:34:49"
51967,0,9,"2. Mid-Loyal (7-12 Months)",Mobile Phone,3,6,Debit Card,male,2,3,Laptop & Accessory,1,Married,2,1,14.00,3,4,11,162.00,0.75,"2026-06-08 15:34:49"
51968,0,5,"1. Junior User (1-6 Months)",Mobile Phone,3,19,Debit Card,male,3,3,Laptop & Accessory,1,Married,3,0,11.00,0,1,3,144.00,0.00,"2026-06-08 15:34:49"
51969,0,3,"1. Junior User (1-6 Months)",Computer,1,11,Debit Card,male,3,4,Mobile Phone,1,Married,10,0,12.00,0,1,3,138.00,0.00,"2026-06-08 15:34:49"
51970,0,26,"3. Core Loyal (>1 Year)",Mobile Phone,3,13,E wallet,female,3,4,Fashion,1,Married,8,1,18.00,0,1,-1,209.00,0.00,"2026-06-08 15:34:49"
51971,0,18,"3. Core Loyal (>1 Year)",Mobile Phone,3,15,E wallet,male,3,3,Fashion,5,Married,5,1,12.00,0,1,2,208.00,0.00,"2026-06-08 15:34:49"
51972,0,5,"1. Junior User (1-6 Months)",Mobile Phone,1,14,Credit Card,female,3,1,Laptop & Accessory,3,Married,6,0,12.00,1,1,3,152.00,1.00,"2026-06-08 15:34:49"
51973,0,25,"3. Core Loyal (>1 Year)",Computer,1,31,Credit Card,female,2,4,Grocery,1,Married,4,0,22.00,0,0,0,238.00,0.00,"2026-06-08 15:34:49"
51974,0,10,"2. Mid-Loyal (7-12 Months)",Mobile Phone,3,22,E wallet,male,3,4,Laptop & Accessory,3,Married,5,0,19.00,1,1,0,163.00,1.00,"2026-06-08 15:34:49"
51975,0,1,"1. Junior User (1-6 Months)",Mobile Phone,2,14,Credit Card,male,3,4,Mobile Phone,1,Married,2,0,13.00,1,1,4,149.00,1.00,"2026-06-08 15:34:49"
51976,0,0,"0. New User (<1 Month)",Mobile Phone,1,6,Debit Card,male,2,4,Laptop & Accessory,1,Married,7,0,22.00,2,2,2,148.00,1.00,"2026-06-08 15:34:49"
51977,0,17,"3. Core Loyal (>1 Year)",Mobile Phone,1,14,Debit Card,male,0,1,Mobile Phone,1,Married,3,1,24.00,1,1,2,128.00,1.00,"2026-06-08 15:34:49"
51978,0,15,"3. Core Loyal (>1 Year)",Computer,1,-1,Credit Card,male,2,3,Mobile Phone,1,Single,6,1,14.00,1,2,2,125.00,0.50,"2026-06-08 15:34:49"
51979,0,9,"2. Mid-Loyal (7-12 Months)",Mobile Phone,2,-1,Debit Card,male,3,4,Mobile Phone,5,Married,1,0,21.00,0,1,3,123.00,0.00,"2026-06-08 15:34:49"
51980,0,0,"0. New User (<1 Month)",Mobile Phone,3,9,UPI,male,3,3,Laptop & Accessory,5,Married,2,1,18.00,0,1,3,142.00,0.00,"2026-06-08 15:34:49"
51981,0,8,"2. Mid-Loyal (7-12 Months)",Mobile Phone,1,15,Debit Card,female,3,4,Fashion,3,Married,2,1,20.00,3,5,15,207.00,0.60,"2026-06-08 15:34:49"
51982,1,0,"0. New User (<1 Month)",Computer,1,31,Debit Card,female,3,3,Mobile Phone,4,Married,2,1,19.00,6,7,8,120.00,0.86,"2026-06-08 15:34:49"
51983,0,5,"1. Junior User (1-6 Months)",Computer,1,6,Debit Card,male,3,3,Mobile Phone,1,Married,1,0,12.00,1,1,2,123.00,1.00,"2026-06-08 15:34:49"
51984,0,0,"0. New User (<1 Month)",Mobile Phone,3,10,E wallet,male,2,4,Laptop & Accessory,5,Married,2,0,12.00,1,1,3,143.00,1.00,"2026-06-08 15:34:49"
51985,0,22,"3. Core Loyal (>1 Year)",Mobile Phone,1,6,Cash on Delivery,female,2,3,Mobile Phone,5,Married,3,0,16.00,0,1,2,136.00,0.00,"2026-06-08 15:34:49"
51986,0,0,"0. New User (<1 Month)",Computer,1,10,Debit Card,male,2,4,Mobile Phone,1,Married,1,0,17.00,0,3,4,132.00,0.00,"2026-06-08 15:34:49"
51987,0,5,"1. Junior User (1-6 Months)",Computer,3,11,Debit Card,male,2,3,Laptop & Accessory,4,Married,2,0,14.00,2,5,3,165.00,0.40,"2026-06-08 15:34:49"
51988,0,11,"2. Mid-Loyal (7-12 Months)",Mobile Phone,3,15,E wallet,male,0,4,Mobile Phone,4,Married,1,0,19.00,0,1,2,129.00,0.00,"2026-06-08 15:34:49"
51989,0,15,"3. Core Loyal (>1 Year)",Mobile Phone,1,9,Debit Card,female,3,1,Laptop & Accessory,1,Married,3,1,13.00,1,1,3,152.00,1.00,"2026-06-08 15:34:49"
51990,0,4,"1. Junior User (1-6 Months)",Mobile Phone,1,-1,Debit Card,male,2,3,Mobile Phone,1,Married,4,1,19.00,0,1,2,124.00,0.00,"2026-06-08 15:34:49"
51991,1,0,"0. New User (<1 Month)",Mobile Phone,3,6,Credit Card,female,0,4,Mobile Phone,3,Married,7,1,19.00,1,1,2,128.00,1.00,"2026-06-08 15:34:49"
51992,0,26,"3. Core Loyal (>1 Year)",Mobile Phone,3,14,E wallet,male,3,3,Grocery,1,Married,6,0,14.00,2,2,-1,218.00,1.00,"2026-06-08 15:34:49"
51993,0,8,"2. Mid-Loyal (7-12 Months)",Mobile Phone,1,31,Cash on Delivery,male,3,4,Fashion,4,Married,4,0,16.00,2,4,8,209.00,0.50,"2026-06-08 15:34:49"
51994,0,10,"2. Mid-Loyal (7-12 Months)",Computer,3,27,Credit Card,female,0,3,Mobile Phone,1,Married,6,0,15.00,1,1,0,130.00,1.00,"2026-06-08 15:34:49"
51995,0,26,"3. Core Loyal (>1 Year)",Mobile Phone,1,29,Debit Card,female,3,3,Grocery,1,Single,7,0,18.00,3,0,8,243.00,0.00,"2026-06-08 15:34:49"
51996,0,16,"3. Core Loyal (>1 Year)",Computer,1,6,Debit Card,female,2,3,Laptop & Accessory,1,Married,5,0,13.00,1,2,2,156.00,0.50,"2026-06-08 15:34:49"
51997,0,20,"3. Core Loyal (>1 Year)",Mobile Phone,3,8,E wallet,female,2,3,Laptop & Accessory,1,Married,1,1,22.00,3,7,7,145.00,0.43,"2026-06-08 15:34:49"
51998,0,10,"2. Mid-Loyal (7-12 Months)",Computer,3,25,Credit Card,male,2,3,Fashion,4,Single,2,1,13.00,0,1,9,176.00,0.00,"2026-06-08 15:34:49"
51999,0,23,"3. Core Loyal (>1 Year)",Computer,1,8,Debit Card,male,3,3,Grocery,5,Married,2,0,11.00,0,14,7,279.00,0.00,"2026-06-08 15:34:49"
52000,0,12,"2. Mid-Loyal (7-12 Months)",Mobile Phone,2,8,Debit Card,female,2,4,Laptop & Accessory,1,Married,9,0,11.00,1,1,4,152.00,1.00,"2026-06-08 15:34:49"
52001,0,0,"0. New User (<1 Month)",Mobile Phone,2,9,UPI,male,2,3,Mobile Phone,4,Married,4,1,11.00,0,1,3,123.00,0.00,"2026-06-08 15:34:49"
52002,1,0,"0. New User (<1 Month)",Mobile Phone,1,31,Debit Card,male,0,3,Mobile Phone,1,Single,2,1,24.00,0,1,1,128.00,0.00,"2026-06-08 15:34:49"
52003,0,2,"1. Junior User (1-6 Months)",Mobile Phone,1,-1,Credit Card,female,3,4,Mobile Phone,1,Married,7,0,14.00,1,1,3,125.00,1.00,"2026-06-08 15:34:49"
52004,0,17,"3. Core Loyal (>1 Year)",Mobile Phone,1,-1,Debit Card,male,3,3,Mobile Phone,5,Married,2,1,13.00,5,7,1,126.00,0.71,"2026-06-08 15:34:49"
52005,0,1,"1. Junior User (1-6 Months)",Mobile Phone,3,11,Credit Card,male,3,3,Laptop & Accessory,1,Single,2,0,14.00,0,1,2,149.00,0.00,"2026-06-08 15:34:49"
52006,1,20,"3. Core Loyal (>1 Year)",Computer,1,-1,Debit Card,male,2,4,Mobile Phone,1,Married,10,1,14.00,1,1,0,124.00,1.00,"2026-06-08 15:34:49"
52007,0,16,"3. Core Loyal (>1 Year)",Mobile Phone,1,14,Debit Card,female,2,3,Laptop & Accessory,4,Married,5,0,21.00,1,1,0,148.00,1.00,"2026-06-08 15:34:49"
52008,1,0,"0. New User (<1 Month)",Mobile Phone,3,8,Credit Card,female,2,4,Mobile Phone,3,Single,2,0,13.00,1,1,2,120.00,1.00,"2026-06-08 15:34:49"
52009,1,0,"0. New User (<1 Month)",Mobile Phone,1,24,UPI,female,0,3,Mobile Phone,1,Single,2,0,19.00,1,1,0,127.00,1.00,"2026-06-08 15:34:49"
52010,0,9,"2. Mid-Loyal (7-12 Months)",Mobile Phone,1,20,Debit Card,male,3,3,Laptop & Accessory,1,Married,1,1,17.00,2,4,11,166.00,0.50,"2026-06-08 15:34:49"
52011,0,20,"3. Core Loyal (>1 Year)",Mobile Phone,3,8,Debit Card,female,3,4,Mobile Phone,1,Single,2,1,18.00,0,1,2,133.00,0.00,"2026-06-08 15:34:49"
52012,1,0,"0. New User (<1 Month)",Mobile Phone,1,9,Debit Card,female,2,3,Laptop & Accessory,3,Married,1,1,19.00,1,1,2,142.00,1.00,"2026-06-08 15:34:49"
52013,1,4,"1. Junior User (1-6 Months)",Mobile Phone,1,8,Debit Card,female,0,5,Mobile Phone,1,Married,5,1,13.00,0,1,0,128.00,0.00,"2026-06-08 15:34:49"
52014,0,1,"1. Junior User (1-6 Months)",Mobile Phone,1,-1,Credit Card,female,3,3,Mobile Phone,3,Married,6,0,18.00,0,2,2,124.00,0.00,"2026-06-08 15:34:49"
52015,1,2,"1. Junior User (1-6 Months)",Mobile Phone,1,-1,Credit Card,male,3,3,Mobile Phone,5,Married,8,1,21.00,1,2,2,124.00,0.50,"2026-06-08 15:34:49"
52016,0,0,"0. New User (<1 Month)",Mobile Phone,1,-1,Debit Card,female,3,3,Mobile Phone,3,Single,2,0,19.00,0,1,0,123.00,0.00,"2026-06-08 15:34:49"
52017,0,0,"0. New User (<1 Month)",Mobile Phone,1,16,Debit Card,male,2,3,Mobile Phone,4,Married,2,0,14.00,1,1,0,120.00,1.00,"2026-06-08 15:34:49"
52018,0,15,"3. Core Loyal (>1 Year)",Mobile Phone,3,20,Credit Card,female,3,4,Laptop & Accessory,3,Single,8,0,17.00,1,1,3,162.00,1.00,"2026-06-08 15:34:49"
52019,0,6,"1. Junior User (1-6 Months)",Mobile Phone,1,6,UPI,male,0,4,Mobile Phone,5,Single,4,1,11.00,1,1,2,128.00,1.00,"2026-06-08 15:34:49"
52020,0,30,"3. Core Loyal (>1 Year)",Mobile Phone,1,11,Cash on Delivery,female,2,4,Fashion,4,Married,3,1,13.00,1,1,4,206.00,1.00,"2026-06-08 15:34:49"
52021,0,4,"1. Junior User (1-6 Months)",Mobile Phone,3,-1,Debit Card,male,2,4,Mobile Phone,3,Married,4,0,15.00,2,5,2,123.00,0.40,"2026-06-08 15:34:49"
52022,0,8,"2. Mid-Loyal (7-12 Months)",Mobile Phone,1,27,Debit Card,female,2,3,Laptop & Accessory,1,Married,2,1,25.00,0,1,7,140.00,0.00,"2026-06-08 15:34:49"
52023,0,22,"3. Core Loyal (>1 Year)",Mobile Phone,1,14,UPI,female,2,3,Fashion,4,Married,5,0,11.00,0,1,7,174.00,0.00,"2026-06-08 15:34:49"
52024,0,0,"0. New User (<1 Month)",Mobile Phone,1,26,Credit Card,male,2,3,Mobile Phone,3,Married,5,0,17.00,1,1,0,123.00,1.00,"2026-06-08 15:34:49"
52025,0,4,"1. Junior User (1-6 Months)",Computer,3,26,E wallet,female,2,3,Laptop & Accessory,3,Married,2,0,13.00,1,1,0,169.00,1.00,"2026-06-08 15:34:49"
52026,0,9,"2. Mid-Loyal (7-12 Months)",Mobile Phone,1,13,UPI,male,3,3,Mobile Phone,1,Single,3,0,18.00,1,1,1,147.00,1.00,"2026-06-08 15:34:49"
52027,0,11,"2. Mid-Loyal (7-12 Months)",Mobile Phone,1,6,Cash on Delivery,female,3,3,Fashion,5,Married,2,0,13.00,4,0,11,236.00,0.00,"2026-06-08 15:34:49"
52028,0,5,"1. Junior User (1-6 Months)",Computer,1,-1,Debit Card,female,3,4,Mobile Phone,4,Married,7,0,20.00,0,1,2,123.00,0.00,"2026-06-08 15:34:49"
52029,1,0,"0. New User (<1 Month)",Mobile Phone,3,-1,E wallet,male,2,4,Mobile Phone,4,Married,2,1,18.00,0,1,0,124.00,0.00,"2026-06-08 15:34:49"
52030,0,13,"3. Core Loyal (>1 Year)",Mobile Phone,3,16,E wallet,male,3,4,Fashion,4,Married,3,0,12.00,0,1,0,197.00,0.00,"2026-06-08 15:34:49"
52031,0,0,"0. New User (<1 Month)",Computer,3,6,Credit Card,male,2,4,Laptop & Accessory,5,Single,2,0,12.00,0,1,7,143.00,0.00,"2026-06-08 15:34:49"
52032,0,14,"3. Core Loyal (>1 Year)",Mobile Phone,1,12,Credit Card,male,2,3,Mobile Phone,5,Single,3,1,13.00,1,2,17,147.00,0.50,"2026-06-08 15:34:49"
52033,0,9,"2. Mid-Loyal (7-12 Months)",Mobile Phone,1,-1,Credit Card,male,3,3,Mobile Phone,3,Single,5,0,21.00,1,3,9,125.00,0.33,"2026-06-08 15:34:49"
52034,1,0,"0. New User (<1 Month)",Mobile Phone,3,27,UPI,male,2,4,Mobile Phone,4,Single,2,1,13.00,1,1,0,121.00,1.00,"2026-06-08 15:34:49"
52035,1,0,"0. New User (<1 Month)",Mobile Phone,1,10,Cash on Delivery,male,0,3,Mobile Phone,5,Single,2,0,19.00,1,1,0,130.00,1.00,"2026-06-08 15:34:49"
52036,0,4,"1. Junior User (1-6 Months)",Mobile Phone,1,18,Credit Card,female,2,3,Laptop & Accessory,1,Married,1,1,11.00,6,8,5,159.00,0.75,"2026-06-08 15:34:49"
52037,0,13,"3. Core Loyal (>1 Year)",Computer,1,15,Credit Card,male,2,3,Mobile Phone,4,Married,9,1,14.00,0,1,0,136.00,0.00,"2026-06-08 15:34:49"
52038,0,5,"1. Junior User (1-6 Months)",Mobile Phone,1,9,Credit Card,female,3,3,Laptop & Accessory,5,Married,2,0,12.00,1,6,3,167.00,0.17,"2026-06-08 15:34:49"
52039,1,0,"0. New User (<1 Month)",Mobile Phone,3,9,Debit Card,male,2,4,Fashion,1,Married,2,1,11.00,3,3,7,203.00,1.00,"2026-06-08 15:34:49"
52040,0,6,"1. Junior User (1-6 Months)",Mobile Phone,1,6,Debit Card,female,2,4,Laptop & Accessory,1,Single,1,0,14.00,1,1,4,169.00,1.00,"2026-06-08 15:34:49"
52041,1,0,"0. New User (<1 Month)",Mobile Phone,3,6,Debit Card,male,2,4,Fashion,3,Married,6,0,11.00,5,11,46,206.00,0.45,"2026-06-08 15:34:49"
52042,0,18,"3. Core Loyal (>1 Year)",Computer,1,10,Debit Card,male,2,3,Laptop & Accessory,4,Married,2,0,12.00,1,1,8,144.00,1.00,"2026-06-08 15:34:49"
52043,0,0,"0. New User (<1 Month)",Computer,3,26,Cash on Delivery,female,2,3,Mobile Phone,1,Married,2,0,15.00,0,1,2,122.00,0.00,"2026-06-08 15:34:49"
52044,0,8,"2. Mid-Loyal (7-12 Months)",Mobile Phone,3,24,Credit Card,female,2,3,Laptop & Accessory,3,Married,2,0,16.00,1,1,0,146.00,1.00,"2026-06-08 15:34:49"
52045,0,25,"3. Core Loyal (>1 Year)",Mobile Phone,1,6,Debit Card,male,3,3,Grocery,1,Married,3,0,15.00,0,7,8,271.00,0.00,"2026-06-08 15:34:49"
52046,1,20,"3. Core Loyal (>1 Year)",Mobile Phone,1,-1,Cash on Delivery,male,2,3,Mobile Phone,3,Single,5,0,24.00,0,1,0,125.00,0.00,"2026-06-08 15:34:49"
52047,0,26,"3. Core Loyal (>1 Year)",Mobile Phone,3,8,Credit Card,male,2,3,Grocery,3,Married,7,0,13.00,11,0,2,249.00,0.00,"2026-06-08 15:34:49"
52048,0,3,"1. Junior User (1-6 Months)",Mobile Phone,3,14,UPI,male,3,3,Fashion,3,Married,6,0,11.00,2,7,7,173.00,0.29,"2026-06-08 15:34:49"
52049,0,11,"2. Mid-Loyal (7-12 Months)",Computer,3,16,Cash on Delivery,female,2,3,Laptop & Accessory,1,Single,2,1,13.00,1,1,3,157.00,1.00,"2026-06-08 15:34:49"
52050,0,8,"2. Mid-Loyal (7-12 Months)",Mobile Phone,3,9,Debit Card,male,3,3,Fashion,1,Married,7,0,13.00,0,1,8,178.00,0.00,"2026-06-08 15:34:49"
52051,0,12,"2. Mid-Loyal (7-12 Months)",Mobile Phone,3,8,Debit Card,male,2,1,Fashion,3,Single,1,0,18.00,0,1,7,179.00,0.00,"2026-06-08 15:34:49"
52052,1,3,"1. Junior User (1-6 Months)",Computer,3,30,Debit Card,female,3,1,Grocery,4,Single,5,1,16.00,1,0,0,232.00,0.00,"2026-06-08 15:34:49"
52053,0,20,"3. Core Loyal (>1 Year)",Computer,1,22,Credit Card,male,3,1,Laptop & Accessory,3,Married,2,1,19.00,1,2,7,151.00,0.50,"2026-06-08 15:34:49"
52054,0,9,"2. Mid-Loyal (7-12 Months)",Computer,3,14,Cash on Delivery,male,2,3,Laptop & Accessory,1,Married,5,0,13.00,1,1,7,151.00,1.00,"2026-06-08 15:34:49"
52055,1,0,"0. New User (<1 Month)",Computer,1,-1,Credit Card,male,2,4,Mobile Phone,5,Single,1,1,22.00,0,1,2,123.00,0.00,"2026-06-08 15:34:49"
52056,0,6,"1. Junior User (1-6 Months)",Computer,3,23,Debit Card,male,2,3,Grocery,3,Single,2,0,11.00,0,6,0,274.00,0.00,"2026-06-08 15:34:49"
52057,1,0,"0. New User (<1 Month)",Mobile Phone,1,-1,Debit Card,female,3,4,Mobile Phone,5,Single,7,1,20.00,1,1,0,124.00,1.00,"2026-06-08 15:34:49"
52058,0,6,"1. Junior User (1-6 Months)",Mobile Phone,1,19,Debit Card,female,2,3,Mobile Phone,1,Single,4,0,18.00,1,1,2,135.00,1.00,"2026-06-08 15:34:49"
52059,0,0,"0. New User (<1 Month)",Mobile Phone,1,6,Credit Card,female,3,3,Mobile Phone,1,Married,4,0,14.00,1,1,2,123.00,1.00,"2026-06-08 15:34:49"
52060,0,23,"3. Core Loyal (>1 Year)",Mobile Phone,1,6,Credit Card,male,3,3,Grocery,1,Married,10,0,22.00,0,1,3,274.00,0.00,"2026-06-08 15:34:49"
52061,0,6,"1. Junior User (1-6 Months)",Computer,1,6,UPI,female,2,1,Laptop & Accessory,4,Married,2,1,13.00,1,1,2,155.00,1.00,"2026-06-08 15:34:49"
52062,0,14,"3. Core Loyal (>1 Year)",Computer,1,15,Credit Card,male,3,3,Others,3,Married,3,0,0.0,0,1,11,294.00,0.00,"2026-06-08 15:34:49"
52063,0,0,"0. New User (<1 Month)",Mobile Phone,1,22,Cash on Delivery,female,0,3,Mobile Phone,4,Married,10,0,14.00,2,2,2,128.00,1.00,"2026-06-08 15:34:49"
52064,0,18,"3. Core Loyal (>1 Year)",Computer,1,29,Debit Card,male,2,3,Laptop & Accessory,5,Married,2,1,15.00,1,1,8,136.00,1.00,"2026-06-08 15:34:49"
52065,0,20,"3. Core Loyal (>1 Year)",Mobile Phone,3,10,Debit Card,female,2,3,Laptop & Accessory,1,Single,2,1,17.00,1,1,7,142.00,1.00,"2026-06-08 15:34:49"
52066,1,0,"0. New User (<1 Month)",Mobile Phone,1,28,Debit Card,female,2,3,Mobile Phone,3,Married,5,1,11.00,0,1,1,121.00,0.00,"2026-06-08 15:34:49"
52067,0,23,"3. Core Loyal (>1 Year)",Mobile Phone,1,30,Debit Card,male,3,3,Grocery,3,Married,4,1,18.00,1,0,5,240.00,0.00,"2026-06-08 15:34:49"
52068,0,11,"2. Mid-Loyal (7-12 Months)",Computer,1,16,Credit Card,male,0,3,Mobile Phone,3,Married,1,0,17.00,0,1,2,127.00,0.00,"2026-06-08 15:34:49"
52069,0,19,"3. Core Loyal (>1 Year)",Mobile Phone,1,13,Credit Card,male,3,3,Fashion,3,Married,7,0,13.00,1,1,7,208.00,1.00,"2026-06-08 15:34:49"
52070,0,0,"0. New User (<1 Month)",Mobile Phone,1,23,Credit Card,female,2,4,Laptop & Accessory,3,Married,2,0,15.00,0,3,2,144.00,0.00,"2026-06-08 15:34:49"
52071,1,0,"0. New User (<1 Month)",Mobile Phone,1,20,UPI,male,2,4,Mobile Phone,4,Married,2,1,24.00,1,1,2,137.00,1.00,"2026-06-08 15:34:49"
52072,0,4,"1. Junior User (1-6 Months)",Computer,1,6,Debit Card,female,3,3,Laptop & Accessory,5,Married,2,0,12.00,1,1,3,141.00,1.00,"2026-06-08 15:34:49"
52073,0,0,"0. New User (<1 Month)",Computer,1,11,Debit Card,male,3,3,Mobile Phone,1,Single,2,0,15.00,0,1,0,111.00,0.00,"2026-06-08 15:34:49"
52074,0,27,"3. Core Loyal (>1 Year)",Mobile Phone,1,23,Cash on Delivery,female,2,3,Fashion,3,Married,9,0,11.00,0,1,8,207.00,0.00,"2026-06-08 15:34:49"
52075,0,8,"2. Mid-Loyal (7-12 Months)",Mobile Phone,1,31,Credit Card,female,2,3,Fashion,3,Married,2,1,11.00,0,10,1,204.00,0.00,"2026-06-08 15:34:49"
52076,0,3,"1. Junior User (1-6 Months)",Mobile Phone,1,14,Debit Card,female,3,1,Fashion,5,Married,1,1,12.00,0,1,-1,214.00,0.00,"2026-06-08 15:34:49"
52077,1,0,"0. New User (<1 Month)",Mobile Phone,1,-1,Credit Card,female,3,4,Mobile Phone,5,Single,2,1,15.00,1,1,0,126.00,1.00,"2026-06-08 15:34:49"
52078,1,0,"0. New User (<1 Month)",Computer,1,-1,Credit Card,female,2,3,Mobile Phone,4,Single,1,0,17.00,0,1,2,124.00,0.00,"2026-06-08 15:34:49"
52079,0,0,"0. New User (<1 Month)",Mobile Phone,1,8,Credit Card,male,2,1,Laptop & Accessory,1,Married,2,0,12.00,1,1,3,155.00,1.00,"2026-06-08 15:34:49"
52080,0,0,"0. New User (<1 Month)",Mobile Phone,1,-1,Debit Card,male,3,5,Mobile Phone,5,Married,2,0,15.00,0,1,1,125.00,0.00,"2026-06-08 15:34:49"
52081,0,21,"3. Core Loyal (>1 Year)",Mobile Phone,1,12,Debit Card,male,3,4,Laptop & Accessory,3,Single,3,0,13.00,0,2,2,142.00,0.00,"2026-06-08 15:34:49"
52082,0,21,"3. Core Loyal (>1 Year)",Mobile Phone,1,10,Debit Card,male,3,4,Fashion,3,Single,8,0,14.00,1,4,-1,210.00,0.25,"2026-06-08 15:34:49"
52083,0,14,"3. Core Loyal (>1 Year)",Mobile Phone,1,13,Credit Card,female,2,3,Laptop & Accessory,3,Single,7,0,14.00,2,2,1,150.00,1.00,"2026-06-08 15:34:49"
52084,0,12,"2. Mid-Loyal (7-12 Months)",Mobile Phone,1,6,Debit Card,female,3,4,Grocery,1,Married,2,0,16.00,9,11,-1,227.00,0.82,"2026-06-08 15:34:49"
52085,0,0,"0. New User (<1 Month)",Mobile Phone,1,8,Debit Card,female,2,3,Laptop & Accessory,1,Married,1,0,18.00,2,2,2,142.00,1.00,"2026-06-08 15:34:49"
52086,0,8,"2. Mid-Loyal (7-12 Months)",Mobile Phone,1,16,UPI,male,2,3,Mobile Phone,1,Married,2,0,20.00,0,1,2,139.00,0.00,"2026-06-08 15:34:49"
52087,0,0,"0. New User (<1 Month)",Mobile Phone,3,11,E wallet,male,2,3,Others,3,Married,7,0,13.00,0,1,0,283.00,0.00,"2026-06-08 15:34:49"
52088,0,23,"3. Core Loyal (>1 Year)",Mobile Phone,1,-1,Debit Card,male,3,3,Mobile Phone,1,Married,5,0,18.00,1,1,0,124.00,1.00,"2026-06-08 15:34:49"
52089,0,30,"3. Core Loyal (>1 Year)",Mobile Phone,1,8,Debit Card,female,3,4,Grocery,1,Single,4,1,13.00,4,0,3,237.00,0.00,"2026-06-08 15:34:49"
52090,1,0,"0. New User (<1 Month)",Mobile Phone,1,17,Credit Card,female,3,5,Laptop & Accessory,4,Married,6,0,15.00,1,1,0,148.00,1.00,"2026-06-08 15:34:49"
52091,0,28,"3. Core Loyal (>1 Year)",Computer,1,24,Credit Card,male,3,3,Laptop & Accessory,4,Married,4,1,14.00,2,6,7,164.00,0.33,"2026-06-08 15:34:49"
52092,0,14,"3. Core Loyal (>1 Year)",Computer,1,13,Debit Card,female,2,5,Others,3,Married,2,0,0.0,5,5,10,300.00,1.00,"2026-06-08 15:34:49"
52093,0,11,"2. Mid-Loyal (7-12 Months)",Mobile Phone,3,9,Debit Card,male,2,3,Laptop & Accessory,1,Single,9,1,12.00,1,1,0,169.00,1.00,"2026-06-08 15:34:49"
52094,1,0,"0. New User (<1 Month)",Computer,3,35,Credit Card,male,3,5,Laptop & Accessory,5,Single,9,0,18.00,1,2,2,150.00,0.50,"2026-06-08 15:34:49"
52095,1,15,"3. Core Loyal (>1 Year)",Mobile Phone,3,8,E wallet,female,2,5,Others,1,Married,2,0,0.0,3,6,9,298.00,0.50,"2026-06-08 15:34:49"
52096,0,17,"3. Core Loyal (>1 Year)",Mobile Phone,3,34,Credit Card,female,2,1,Grocery,1,Married,4,1,18.00,4,0,11,233.00,0.00,"2026-06-08 15:34:49"
52097,0,23,"3. Core Loyal (>1 Year)",Computer,3,6,Debit Card,female,3,3,Laptop & Accessory,3,Married,1,0,12.00,0,1,13,163.00,0.00,"2026-06-08 15:34:49"
52098,1,0,"0. New User (<1 Month)",Mobile Phone,1,22,Debit Card,female,0,1,Mobile Phone,5,Single,2,0,16.00,3,15,14,127.00,0.20,"2026-06-08 15:34:49"
52099,0,12,"2. Mid-Loyal (7-12 Months)",Computer,1,28,Credit Card,female,2,3,Fashion,5,Single,2,1,13.00,1,2,8,209.00,0.50,"2026-06-08 15:34:49"
52100,0,6,"1. Junior User (1-6 Months)",Computer,3,-1,Debit Card,female,2,4,Mobile Phone,1,Single,1,0,19.00,0,2,2,123.00,0.00,"2026-06-08 15:34:49"
52101,0,18,"3. Core Loyal (>1 Year)",Mobile Phone,3,17,Debit Card,female,2,3,Grocery,1,Married,4,0,13.00,0,1,1,277.00,0.00,"2026-06-08 15:34:49"
52102,0,5,"1. Junior User (1-6 Months)",Computer,1,35,Credit Card,female,3,3,Mobile Phone,3,Single,10,0,12.00,6,7,7,140.00,0.86,"2026-06-08 15:34:49"
52103,0,7,"2. Mid-Loyal (7-12 Months)",Mobile Phone,3,6,E wallet,male,3,1,Laptop & Accessory,1,Married,1,0,11.00,0,1,9,197.00,0.00,"2026-06-08 15:34:49"
52104,0,30,"3. Core Loyal (>1 Year)",Mobile Phone,3,6,Cash on Delivery,male,3,3,Fashion,1,Married,4,1,14.00,1,1,-1,219.00,1.00,"2026-06-08 15:34:49"
52105,0,0,"0. New User (<1 Month)",Mobile Phone,2,30,Credit Card,male,2,3,Mobile Phone,4,Single,2,0,16.00,0,1,4,122.00,0.00,"2026-06-08 15:34:49"
52106,0,26,"3. Core Loyal (>1 Year)",Computer,3,8,E wallet,female,2,4,Fashion,4,Married,3,0,12.00,5,6,12,175.00,0.83,"2026-06-08 15:34:49"
52107,1,0,"0. New User (<1 Month)",Mobile Phone,1,21,UPI,male,2,3,Laptop & Accessory,3,Married,8,0,14.00,0,1,0,148.00,0.00,"2026-06-08 15:34:49"
52108,1,0,"0. New User (<1 Month)",Computer,1,8,Debit Card,male,2,3,Mobile Phone,5,Married,7,1,14.00,0,1,2,120.00,0.00,"2026-06-08 15:34:49"
52109,0,0,"0. New User (<1 Month)",Mobile Phone,3,16,Debit Card,female,2,3,Mobile Phone,3,Married,2,1,19.00,0,1,0,122.00,0.00,"2026-06-08 15:34:49"
52110,0,1,"1. Junior User (1-6 Months)",Mobile Phone,3,16,Credit Card,male,3,3,Mobile Phone,4,Married,2,0,22.00,0,1,0,111.00,0.00,"2026-06-08 15:34:49"
52111,0,11,"2. Mid-Loyal (7-12 Months)",Computer,1,9,UPI,male,0,3,Mobile Phone,3,Married,4,0,16.00,2,2,2,128.00,1.00,"2026-06-08 15:34:49"
52112,0,23,"3. Core Loyal (>1 Year)",Mobile Phone,1,8,Credit Card,male,3,3,Others,3,Married,3,1,0.0,4,7,7,292.00,0.57,"2026-06-08 15:34:49"
52113,0,10,"2. Mid-Loyal (7-12 Months)",Mobile Phone,1,9,UPI,female,2,3,Laptop & Accessory,4,Single,4,0,15.00,1,1,1,141.00,1.00,"2026-06-08 15:34:49"
52114,0,13,"3. Core Loyal (>1 Year)",Mobile Phone,3,32,E wallet,male,3,3,Laptop & Accessory,5,Married,2,0,14.00,3,7,5,184.00,0.43,"2026-06-08 15:34:49"
52115,0,0,"0. New User (<1 Month)",Computer,1,6,Credit Card,female,3,4,Mobile Phone,3,Married,2,0,13.00,0,1,3,120.00,0.00,"2026-06-08 15:34:49"
52116,0,19,"3. Core Loyal (>1 Year)",Mobile Phone,1,6,Credit Card,male,2,3,Others,1,Married,10,0,0.0,1,2,2,296.00,0.50,"2026-06-08 15:34:49"
52117,0,27,"3. Core Loyal (>1 Year)",Mobile Phone,3,8,Debit Card,female,2,4,Fashion,3,Married,7,0,11.00,6,7,0,207.00,0.86,"2026-06-08 15:34:49"
52118,0,29,"3. Core Loyal (>1 Year)",Computer,1,15,Credit Card,female,0,3,Mobile Phone,3,Married,3,0,19.00,1,1,3,129.00,1.00,"2026-06-08 15:34:49"
52119,0,9,"2. Mid-Loyal (7-12 Months)",Mobile Phone,1,18,Credit Card,female,2,4,Fashion,1,Single,1,0,11.00,5,7,8,189.00,0.71,"2026-06-08 15:34:49"
52120,0,28,"3. Core Loyal (>1 Year)",Computer,1,8,Credit Card,male,2,4,Grocery,5,Single,8,0,15.00,0,6,2,268.00,0.00,"2026-06-08 15:34:49"
52121,0,16,"3. Core Loyal (>1 Year)",Mobile Phone,3,31,Credit Card,male,3,4,Fashion,1,Married,6,0,13.00,1,1,0,208.00,1.00,"2026-06-08 15:34:49"
52122,1,0,"0. New User (<1 Month)",Computer,3,-1,E wallet,female,2,3,Mobile Phone,1,Single,2,1,14.00,1,1,2,123.00,1.00,"2026-06-08 15:34:49"
52123,1,0,"0. New User (<1 Month)",Mobile Phone,1,16,Debit Card,female,2,4,Mobile Phone,5,Single,2,0,13.00,0,1,0,114.00,0.00,"2026-06-08 15:34:49"
52124,0,19,"3. Core Loyal (>1 Year)",Mobile Phone,1,14,Debit Card,female,3,4,Laptop & Accessory,5,Married,9,1,23.00,1,1,7,146.00,1.00,"2026-06-08 15:34:49"
52125,1,14,"3. Core Loyal (>1 Year)",Mobile Phone,1,-1,Debit Card,male,2,3,Mobile Phone,3,Married,10,1,12.00,0,2,7,125.00,0.00,"2026-06-08 15:34:49"
52126,1,0,"0. New User (<1 Month)",Computer,1,30,Cash on Delivery,male,3,4,Fashion,5,Single,2,0,12.00,1,1,9,187.00,1.00,"2026-06-08 15:34:49"
52127,0,0,"0. New User (<1 Month)",Mobile Phone,1,6,Credit Card,male,2,4,Mobile Phone,5,Married,2,0,16.00,1,1,3,140.00,1.00,"2026-06-08 15:34:49"
52128,0,3,"1. Junior User (1-6 Months)",Mobile Phone,1,26,UPI,male,2,3,Laptop & Accessory,5,Married,1,0,15.00,0,1,2,200.00,0.00,"2026-06-08 15:34:49"
52129,0,14,"3. Core Loyal (>1 Year)",Mobile Phone,1,13,Cash on Delivery,female,2,1,Mobile Phone,3,Married,2,0,13.00,0,1,8,134.00,0.00,"2026-06-08 15:34:49"
52130,0,11,"2. Mid-Loyal (7-12 Months)",Mobile Phone,1,23,Debit Card,female,3,4,Fashion,3,Married,1,0,18.00,1,1,9,188.00,1.00,"2026-06-08 15:34:49"
52131,0,13,"3. Core Loyal (>1 Year)",Mobile Phone,1,26,Cash on Delivery,male,3,3,Fashion,1,Married,5,0,20.00,3,11,1,203.00,0.27,"2026-06-08 15:34:49"
52132,0,0,"0. New User (<1 Month)",Computer,1,14,Debit Card,male,2,5,Mobile Phone,3,Married,2,0,19.00,1,1,2,146.00,1.00,"2026-06-08 15:34:49"
52133,0,28,"3. Core Loyal (>1 Year)",Computer,1,8,Debit Card,male,3,3,Fashion,4,Married,4,0,18.00,0,1,-1,210.00,0.00,"2026-06-08 15:34:49"
52134,0,1,"1. Junior User (1-6 Months)",Mobile Phone,1,16,UPI,female,2,3,Laptop & Accessory,3,Single,4,0,13.00,0,1,7,137.00,0.00,"2026-06-08 15:34:49"
52135,1,7,"2. Mid-Loyal (7-12 Months)",Mobile Phone,2,6,Credit Card,male,3,4,Fashion,5,Married,10,0,14.00,2,3,6,205.00,0.67,"2026-06-08 15:34:49"
52136,0,6,"1. Junior User (1-6 Months)",Mobile Phone,1,11,Debit Card,male,2,4,Fashion,1,Married,5,0,15.00,1,1,2,171.00,1.00,"2026-06-08 15:34:49"
52137,1,0,"0. New User (<1 Month)",Mobile Phone,3,10,Cash on Delivery,male,2,3,Fashion,5,Single,1,1,22.00,2,4,7,196.00,0.50,"2026-06-08 15:34:49"
52138,1,0,"0. New User (<1 Month)",Computer,1,35,Credit Card,female,2,4,Laptop & Accessory,3,Single,2,0,22.00,2,3,8,145.00,0.67,"2026-06-08 15:34:49"
52139,0,0,"0. New User (<1 Month)",Mobile Phone,1,21,Debit Card,male,2,3,Mobile Phone,3,Married,2,0,16.00,0,2,2,122.00,0.00,"2026-06-08 15:34:49"
52140,0,7,"2. Mid-Loyal (7-12 Months)",Computer,1,9,Debit Card,male,2,3,Laptop & Accessory,1,Single,1,0,17.00,1,1,4,178.00,1.00,"2026-06-08 15:34:49"
52141,0,10,"2. Mid-Loyal (7-12 Months)",Mobile Phone,3,16,Debit Card,female,2,4,Laptop & Accessory,1,Married,3,1,14.00,1,1,0,167.00,1.00,"2026-06-08 15:34:49"
52142,1,0,"0. New User (<1 Month)",Mobile Phone,1,10,Cash on Delivery,male,2,3,Mobile Phone,1,Married,2,1,15.00,4,5,6,137.00,0.80,"2026-06-08 15:34:49"
52143,1,0,"0. New User (<1 Month)",Mobile Phone,1,-1,Credit Card,male,2,3,Mobile Phone,3,Married,2,0,20.00,1,1,0,124.00,1.00,"2026-06-08 15:34:49"
52144,1,0,"0. New User (<1 Month)",Mobile Phone,1,31,Credit Card,male,2,4,Mobile Phone,4,Single,5,1,20.00,1,2,2,123.00,0.50,"2026-06-08 15:34:49"
52145,0,15,"3. Core Loyal (>1 Year)",Mobile Phone,1,8,Credit Card,male,2,3,Grocery,5,Married,1,0,17.00,0,13,7,277.00,0.00,"2026-06-08 15:34:49"
52146,1,0,"0. New User (<1 Month)",Computer,1,-1,Credit Card,male,2,4,Mobile Phone,4,Married,2,0,15.00,1,1,0,126.00,1.00,"2026-06-08 15:34:49"
52147,1,13,"3. Core Loyal (>1 Year)",Computer,3,6,UPI,male,2,3,Laptop & Accessory,3,Single,4,1,14.00,1,1,0,147.00,1.00,"2026-06-08 15:34:49"
52148,0,6,"1. Junior User (1-6 Months)",Computer,3,13,Debit Card,female,1,3,Laptop & Accessory,4,Married,1,0,17.00,0,1,2,143.00,0.00,"2026-06-08 15:34:49"
52149,0,7,"2. Mid-Loyal (7-12 Months)",Computer,1,9,Debit Card,male,0,4,Mobile Phone,1,Married,4,0,17.00,0,1,0,130.00,0.00,"2026-06-08 15:34:49"
52150,0,21,"3. Core Loyal (>1 Year)",Computer,1,6,Credit Card,male,2,1,Grocery,1,Single,3,0,22.00,0,2,1,269.00,0.00,"2026-06-08 15:34:49"
52151,0,18,"3. Core Loyal (>1 Year)",Computer,3,15,Debit Card,female,3,4,Laptop & Accessory,3,Married,2,0,13.00,4,4,12,156.00,1.00,"2026-06-08 15:34:49"
52152,0,25,"3. Core Loyal (>1 Year)",Mobile Phone,1,5,Debit Card,male,2,3,Fashion,4,Single,8,0,19.00,2,4,0,204.00,0.50,"2026-06-08 15:34:49"
52153,0,11,"2. Mid-Loyal (7-12 Months)",Mobile Phone,3,16,E wallet,male,3,4,Fashion,3,Married,1,1,14.00,1,2,7,187.00,0.50,"2026-06-08 15:34:49"
52154,0,2,"1. Junior User (1-6 Months)",Mobile Phone,1,-1,Debit Card,female,3,3,Mobile Phone,1,Married,5,0,22.00,1,1,7,125.00,1.00,"2026-06-08 15:34:49"
52155,0,1,"1. Junior User (1-6 Months)",Mobile Phone,1,9,Credit Card,female,3,3,Fashion,4,Married,1,0,17.00,0,1,7,177.00,0.00,"2026-06-08 15:34:49"
52156,0,19,"3. Core Loyal (>1 Year)",Mobile Phone,3,9,E wallet,male,2,3,Grocery,3,Married,4,0,12.00,0,4,9,275.00,0.00,"2026-06-08 15:34:49"
52157,0,11,"2. Mid-Loyal (7-12 Months)",Mobile Phone,3,8,E wallet,male,2,3,Fashion,4,Single,8,0,16.00,1,1,0,174.00,1.00,"2026-06-08 15:34:49"
52158,0,16,"3. Core Loyal (>1 Year)",Computer,1,33,Debit Card,female,2,3,Fashion,5,Married,9,0,11.00,1,1,1,208.00,1.00,"2026-06-08 15:34:49"
52159,1,2,"1. Junior User (1-6 Months)",Computer,1,8,Debit Card,male,2,3,Grocery,1,Married,8,0,11.00,10,11,-1,222.00,0.91,"2026-06-08 15:34:49"
52160,0,13,"3. Core Loyal (>1 Year)",Mobile Phone,1,20,Credit Card,male,2,4,Others,3,Single,2,0,0.0,3,4,9,296.00,0.75,"2026-06-08 15:34:49"
52161,0,0,"0. New User (<1 Month)",Mobile Phone,1,6,Cash on Delivery,female,3,4,Mobile Phone,4,Single,2,1,11.00,1,2,2,121.00,0.50,"2026-06-08 15:34:49"
52162,0,12,"2. Mid-Loyal (7-12 Months)",Computer,1,15,Debit Card,male,3,3,Laptop & Accessory,4,Single,10,0,15.00,1,1,3,168.00,1.00,"2026-06-08 15:34:49"
52163,0,9,"2. Mid-Loyal (7-12 Months)",Computer,1,24,Debit Card,male,3,3,Laptop & Accessory,1,Single,3,0,20.00,0,1,9,178.00,0.00,"2026-06-08 15:34:49"
52164,0,4,"1. Junior User (1-6 Months)",Computer,3,26,Debit Card,male,0,1,Mobile Phone,1,Married,1,0,12.00,2,2,2,128.00,1.00,"2026-06-08 15:34:49"
52165,0,1,"1. Junior User (1-6 Months)",Mobile Phone,1,8,Debit Card,male,3,4,Mobile Phone,4,Married,1,0,17.00,0,1,4,132.00,0.00,"2026-06-08 15:34:49"
52166,0,8,"2. Mid-Loyal (7-12 Months)",Computer,3,17,E wallet,male,2,3,Laptop & Accessory,1,Married,2,0,11.00,1,1,2,150.00,1.00,"2026-06-08 15:34:49"
52167,0,22,"3. Core Loyal (>1 Year)",Mobile Phone,3,14,Cash on Delivery,male,2,4,Grocery,4,Married,7,0,17.00,1,2,-1,231.00,0.50,"2026-06-08 15:34:49"
52168,0,7,"2. Mid-Loyal (7-12 Months)",Computer,1,8,Debit Card,male,3,3,Laptop & Accessory,3,Single,3,0,11.00,1,1,2,140.00,1.00,"2026-06-08 15:34:49"
52169,0,2,"1. Junior User (1-6 Months)",Computer,1,16,Debit Card,female,3,3,Mobile Phone,4,Married,1,0,14.00,0,1,1,133.00,0.00,"2026-06-08 15:34:49"
52170,0,15,"3. Core Loyal (>1 Year)",Mobile Phone,1,35,Credit Card,male,2,5,Laptop & Accessory,1,Single,5,0,19.00,1,1,0,143.00,1.00,"2026-06-08 15:34:49"
52171,0,2,"1. Junior User (1-6 Months)",Mobile Phone,1,14,Credit Card,male,3,4,Laptop & Accessory,1,Married,2,1,15.00,1,1,2,151.00,1.00,"2026-06-08 15:34:49"
52172,0,11,"2. Mid-Loyal (7-12 Months)",Mobile Phone,2,6,UPI,male,0,1,Mobile Phone,3,Married,2,0,13.00,3,5,0,128.00,0.60,"2026-06-08 15:34:49"
52173,0,1,"1. Junior User (1-6 Months)",Computer,1,12,Debit Card,male,0,4,Mobile Phone,3,Married,2,1,14.00,1,1,2,127.00,1.00,"2026-06-08 15:34:49"
52174,1,0,"0. New User (<1 Month)",Computer,1,14,Credit Card,male,3,3,Mobile Phone,3,Single,2,0,12.00,1,1,0,119.00,1.00,"2026-06-08 15:34:49"
52175,1,0,"0. New User (<1 Month)",Mobile Phone,3,15,E wallet,female,3,3,Laptop & Accessory,5,Single,4,1,17.00,0,1,3,182.00,0.00,"2026-06-08 15:34:49"
52176,0,14,"3. Core Loyal (>1 Year)",Mobile Phone,1,18,Debit Card,male,2,3,Mobile Phone,1,Married,4,1,11.00,1,1,0,148.00,1.00,"2026-06-08 15:34:49"
52177,1,0,"0. New User (<1 Month)",Computer,1,-1,Credit Card,male,3,3,Mobile Phone,3,Married,2,0,12.00,1,2,2,126.00,0.50,"2026-06-08 15:34:49"
52178,0,10,"2. Mid-Loyal (7-12 Months)",Mobile Phone,1,31,Credit Card,female,2,4,Laptop & Accessory,1,Married,8,0,13.00,1,1,3,157.00,1.00,"2026-06-08 15:34:49"
52179,0,0,"0. New User (<1 Month)",Mobile Phone,1,-1,Debit Card,male,2,4,Mobile Phone,3,Married,2,0,13.00,1,2,2,125.00,0.50,"2026-06-08 15:34:49"
52180,0,7,"2. Mid-Loyal (7-12 Months)",Mobile Phone,3,15,Debit Card,female,3,3,Laptop & Accessory,3,Married,2,0,20.00,0,1,3,157.00,0.00,"2026-06-08 15:34:49"
52181,0,8,"2. Mid-Loyal (7-12 Months)",Mobile Phone,2,14,Cash on Delivery,male,3,3,Mobile Phone,3,Single,2,0,17.00,0,1,4,143.00,0.00,"2026-06-08 15:34:49"
52182,1,0,"0. New User (<1 Month)",Mobile Phone,3,29,Debit Card,female,2,4,Fashion,5,Married,2,0,13.00,1,3,10,173.00,0.33,"2026-06-08 15:34:49"
52183,0,13,"3. Core Loyal (>1 Year)",Computer,1,15,Credit Card,female,2,3,Fashion,3,Single,10,0,17.00,1,0,13,235.00,0.00,"2026-06-08 15:34:49"
52184,1,5,"1. Junior User (1-6 Months)",Computer,3,18,Debit Card,male,2,3,Grocery,5,Single,1,1,12.00,2,0,14,238.00,0.00,"2026-06-08 15:34:49"
52185,0,15,"3. Core Loyal (>1 Year)",Mobile Phone,3,10,E wallet,male,2,3,Laptop & Accessory,5,Single,8,0,13.00,1,1,5,152.00,1.00,"2026-06-08 15:34:49"
52186,0,0,"0. New User (<1 Month)",Mobile Phone,1,6,Credit Card,male,2,4,Mobile Phone,3,Married,7,0,12.00,1,1,7,123.00,1.00,"2026-06-08 15:34:49"
52187,0,0,"0. New User (<1 Month)",Mobile Phone,1,30,Credit Card,male,2,3,Mobile Phone,4,Single,9,0,22.00,0,1,2,136.00,0.00,"2026-06-08 15:34:49"
52188,1,0,"0. New User (<1 Month)",Mobile Phone,1,-1,Debit Card,female,3,3,Mobile Phone,1,Married,2,1,11.00,1,1,0,125.00,1.00,"2026-06-08 15:34:49"
52189,0,0,"0. New User (<1 Month)",Mobile Phone,1,9,Credit Card,male,2,1,Mobile Phone,1,Married,2,0,22.00,1,1,7,144.00,1.00,"2026-06-08 15:34:49"
52190,0,3,"1. Junior User (1-6 Months)",Mobile Phone,3,16,E wallet,male,3,4,Laptop & Accessory,3,Married,2,0,18.00,0,1,4,166.00,0.00,"2026-06-08 15:34:49"
52191,0,13,"3. Core Loyal (>1 Year)",Computer,1,32,Credit Card,female,3,4,Laptop & Accessory,1,Married,4,1,13.00,0,1,0,144.00,0.00,"2026-06-08 15:34:49"
52192,0,8,"2. Mid-Loyal (7-12 Months)",Mobile Phone,1,8,Debit Card,male,2,4,Fashion,4,Married,3,0,18.00,2,6,4,203.00,0.33,"2026-06-08 15:34:49"
52193,0,7,"2. Mid-Loyal (7-12 Months)",Computer,1,7,Credit Card,male,3,4,Laptop & Accessory,5,Single,1,0,20.00,0,4,9,153.00,0.00,"2026-06-08 15:34:49"
52194,0,8,"2. Mid-Loyal (7-12 Months)",Computer,1,-1,UPI,male,2,4,Mobile Phone,1,Married,2,0,13.00,1,2,2,124.00,0.50,"2026-06-08 15:34:49"
52195,1,6,"1. Junior User (1-6 Months)",Mobile Phone,3,15,E wallet,female,2,5,Laptop & Accessory,3,Single,9,0,13.00,0,1,3,153.00,0.00,"2026-06-08 15:34:49"
52196,0,5,"1. Junior User (1-6 Months)",Computer,3,8,Debit Card,female,0,3,Mobile Phone,5,Married,2,0,12.00,1,1,0,128.00,1.00,"2026-06-08 15:34:49"
52197,0,29,"3. Core Loyal (>1 Year)",Mobile Phone,1,10,Cash on Delivery,female,3,3,Others,5,Married,5,0,0.0,4,4,2,299.00,1.00,"2026-06-08 15:34:49"
52198,0,2,"1. Junior User (1-6 Months)",Mobile Phone,1,12,Credit Card,female,0,3,Mobile Phone,1,Married,2,0,13.00,0,1,8,131.00,0.00,"2026-06-08 15:34:49"
52199,0,0,"0. New User (<1 Month)",Mobile Phone,1,-1,Debit Card,male,2,3,Mobile Phone,5,Single,2,0,25.00,0,1,0,126.00,0.00,"2026-06-08 15:34:49"
52200,0,18,"3. Core Loyal (>1 Year)",Mobile Phone,1,13,Credit Card,female,2,3,Mobile Phone,3,Married,5,1,19.00,0,1,2,145.00,0.00,"2026-06-08 15:34:49"
52201,0,10,"2. Mid-Loyal (7-12 Months)",Mobile Phone,1,7,Debit Card,female,2,4,Laptop & Accessory,1,Married,2,0,13.00,0,3,11,165.00,0.00,"2026-06-08 15:34:49"
52202,0,0,"0. New User (<1 Month)",Mobile Phone,1,5,Debit Card,male,0,4,Mobile Phone,3,Single,2,0,12.00,0,1,2,130.00,0.00,"2026-06-08 15:34:49"
52203,1,7,"2. Mid-Loyal (7-12 Months)",Mobile Phone,1,16,Debit Card,male,0,3,Mobile Phone,3,Single,2,1,11.00,1,1,2,129.00,1.00,"2026-06-08 15:34:49"
52204,0,26,"3. Core Loyal (>1 Year)",Mobile Phone,1,13,Credit Card,female,2,3,Others,3,Married,4,0,18.00,0,4,7,286.00,0.00,"2026-06-08 15:34:49"
52205,0,0,"0. New User (<1 Month)",Mobile Phone,1,21,Debit Card,female,3,5,Mobile Phone,1,Married,1,1,18.00,1,1,3,122.00,1.00,"2026-06-08 15:34:49"
52206,1,0,"0. New User (<1 Month)",Computer,1,9,Debit Card,male,0,4,Mobile Phone,1,Married,1,1,11.00,0,1,0,129.00,0.00,"2026-06-08 15:34:49"
52207,0,19,"3. Core Loyal (>1 Year)",Mobile Phone,3,8,E wallet,female,3,3,Grocery,5,Married,9,0,23.00,0,15,9,270.00,0.00,"2026-06-08 15:34:49"
52208,0,0,"0. New User (<1 Month)",Computer,1,23,Debit Card,male,3,5,Mobile Phone,3,Single,3,0,13.00,1,1,0,123.00,1.00,"2026-06-08 15:34:49"
52209,0,6,"1. Junior User (1-6 Months)",Mobile Phone,2,8,UPI,male,3,3,Mobile Phone,3,Married,2,0,13.00,1,1,4,136.00,1.00,"2026-06-08 15:34:49"
52210,1,0,"0. New User (<1 Month)",Computer,1,11,Debit Card,male,3,4,Mobile Phone,5,Married,7,0,17.00,0,1,0,121.00,0.00,"2026-06-08 15:34:49"
52211,0,3,"1. Junior User (1-6 Months)",Mobile Phone,3,35,Debit Card,male,3,3,Laptop & Accessory,5,Married,9,0,19.00,1,1,3,141.00,1.00,"2026-06-08 15:34:49"
52212,0,13,"3. Core Loyal (>1 Year)",Computer,3,8,Credit Card,male,3,3,Laptop & Accessory,4,Married,6,0,12.00,1,1,0,143.00,1.00,"2026-06-08 15:34:49"
52213,0,23,"3. Core Loyal (>1 Year)",Computer,1,8,Credit Card,female,1,3,Grocery,5,Married,3,0,22.00,0,2,2,279.00,0.00,"2026-06-08 15:34:49"
52214,0,1,"1. Junior User (1-6 Months)",Mobile Phone,1,25,Credit Card,male,3,4,Mobile Phone,5,Married,2,0,12.00,1,3,3,132.00,0.33,"2026-06-08 15:34:49"
52215,0,19,"3. Core Loyal (>1 Year)",Mobile Phone,1,21,Debit Card,male,2,3,Others,4,Married,6,0,11.00,0,1,3,291.00,0.00,"2026-06-08 15:34:49"
52216,0,8,"2. Mid-Loyal (7-12 Months)",Mobile Phone,3,23,Debit Card,male,3,3,Laptop & Accessory,5,Married,4,1,15.00,0,1,7,190.00,0.00,"2026-06-08 15:34:49"
52217,1,0,"0. New User (<1 Month)",Mobile Phone,1,23,Debit Card,female,3,3,Mobile Phone,4,Married,2,0,13.00,1,1,0,122.00,1.00,"2026-06-08 15:34:49"
52218,0,6,"1. Junior User (1-6 Months)",Computer,3,31,Credit Card,female,2,3,Laptop & Accessory,3,Married,2,0,12.00,0,1,1,145.00,0.00,"2026-06-08 15:34:49"
52219,0,9,"2. Mid-Loyal (7-12 Months)",Mobile Phone,1,12,Debit Card,male,0,5,Mobile Phone,3,Married,2,0,14.00,1,1,7,127.00,1.00,"2026-06-08 15:34:49"
52220,0,3,"1. Junior User (1-6 Months)",Mobile Phone,1,13,Debit Card,male,2,3,Laptop & Accessory,3,Married,2,0,13.00,4,8,9,135.00,0.50,"2026-06-08 15:34:49"
52221,0,17,"3. Core Loyal (>1 Year)",Mobile Phone,1,35,UPI,male,2,3,Laptop & Accessory,1,Single,2,0,25.00,6,13,17,145.00,0.46,"2026-06-08 15:34:49"
52222,0,0,"0. New User (<1 Month)",Mobile Phone,3,27,E wallet,male,0,1,Mobile Phone,1,Single,2,0,17.00,2,2,2,127.00,1.00,"2026-06-08 15:34:49"
52223,0,19,"3. Core Loyal (>1 Year)",Mobile Phone,1,8,Cash on Delivery,male,2,3,Laptop & Accessory,1,Married,3,0,11.00,0,1,4,174.00,0.00,"2026-06-08 15:34:49"
52224,0,15,"3. Core Loyal (>1 Year)",Computer,2,8,Credit Card,male,3,1,Laptop & Accessory,5,Married,8,0,16.00,1,1,3,163.00,1.00,"2026-06-08 15:34:49"
52225,0,30,"3. Core Loyal (>1 Year)",Mobile Phone,3,13,E wallet,male,2,1,Laptop & Accessory,1,Married,1,1,18.00,0,1,9,152.00,0.00,"2026-06-08 15:34:49"
52226,0,5,"1. Junior User (1-6 Months)",Computer,1,19,UPI,female,3,4,Mobile Phone,4,Married,2,0,20.00,2,2,2,134.00,1.00,"2026-06-08 15:34:49"
52227,0,5,"1. Junior User (1-6 Months)",Computer,1,8,Debit Card,female,2,3,Laptop & Accessory,3,Single,5,1,14.00,1,1,7,150.00,1.00,"2026-06-08 15:34:49"
52228,0,9,"2. Mid-Loyal (7-12 Months)",Mobile Phone,1,7,Cash on Delivery,female,3,5,Fashion,5,Married,3,1,21.00,7,7,7,203.00,1.00,"2026-06-08 15:34:49"
52229,0,6,"1. Junior User (1-6 Months)",Mobile Phone,1,15,Credit Card,male,0,3,Mobile Phone,1,Married,1,0,13.00,0,4,10,128.00,0.00,"2026-06-08 15:34:49"
52230,0,13,"3. Core Loyal (>1 Year)",Mobile Phone,3,16,Cash on Delivery,female,2,4,Laptop & Accessory,4,Married,8,0,12.00,1,1,3,169.00,1.00,"2026-06-08 15:34:49"
52231,0,0,"0. New User (<1 Month)",Mobile Phone,3,16,Debit Card,male,2,3,Laptop & Accessory,1,Single,1,0,14.00,1,1,1,150.00,1.00,"2026-06-08 15:34:49"
52232,0,3,"1. Junior User (1-6 Months)",Mobile Phone,1,7,Credit Card,male,3,3,Mobile Phone,4,Married,1,1,21.00,3,5,7,136.00,0.60,"2026-06-08 15:34:49"
52233,0,15,"3. Core Loyal (>1 Year)",Computer,1,32,Credit Card,female,2,3,Fashion,5,Married,4,1,17.00,0,0,0,232.00,0.00,"2026-06-08 15:34:49"
52234,0,8,"2. Mid-Loyal (7-12 Months)",Computer,3,14,E wallet,female,3,4,Fashion,1,Married,5,1,11.00,3,4,12,204.00,0.75,"2026-06-08 15:34:49"
52235,0,0,"0. New User (<1 Month)",Mobile Phone,1,20,Debit Card,male,2,3,Mobile Phone,5,Married,2,1,14.00,5,6,8,122.00,0.83,"2026-06-08 15:34:49"
52236,0,27,"3. Core Loyal (>1 Year)",Computer,1,7,Debit Card,female,2,3,Fashion,3,Married,8,0,17.00,0,1,4,205.00,0.00,"2026-06-08 15:34:49"
52237,0,0,"0. New User (<1 Month)",Mobile Phone,1,8,Debit Card,female,3,1,Mobile Phone,1,Married,2,0,13.00,1,7,7,120.00,0.14,"2026-06-08 15:34:49"
52238,1,0,"0. New User (<1 Month)",Computer,1,16,Credit Card,female,3,4,Mobile Phone,4,Single,2,1,25.00,0,1,0,119.00,0.00,"2026-06-08 15:34:49"
52239,0,2,"1. Junior User (1-6 Months)",Mobile Phone,1,7,Debit Card,female,3,3,Mobile Phone,1,Married,2,0,15.00,1,1,2,138.00,1.00,"2026-06-08 15:34:49"
52240,0,27,"3. Core Loyal (>1 Year)",Mobile Phone,1,9,Debit Card,male,2,3,Grocery,1,Married,4,0,14.00,0,1,9,278.00,0.00,"2026-06-08 15:34:49"
52241,0,4,"1. Junior User (1-6 Months)",Mobile Phone,1,17,Credit Card,male,3,3,Laptop & Accessory,5,Married,2,1,12.00,1,1,1,168.00,1.00,"2026-06-08 15:34:49"
52242,0,4,"1. Junior User (1-6 Months)",Mobile Phone,1,30,Credit Card,female,3,4,Laptop & Accessory,5,Single,2,0,19.00,1,1,8,168.00,1.00,"2026-06-08 15:34:49"
52243,0,30,"3. Core Loyal (>1 Year)",Mobile Phone,3,9,Debit Card,female,2,4,Laptop & Accessory,1,Single,6,0,17.00,0,1,5,152.00,0.00,"2026-06-08 15:34:49"
52244,0,16,"3. Core Loyal (>1 Year)",Mobile Phone,1,9,Debit Card,male,3,5,Others,1,Married,4,0,0.0,1,1,7,297.00,1.00,"2026-06-08 15:34:49"
52245,0,22,"3. Core Loyal (>1 Year)",Mobile Phone,1,10,Credit Card,male,2,4,Others,3,Married,3,0,13.00,0,1,0,287.00,0.00,"2026-06-08 15:34:49"
52246,0,9,"2. Mid-Loyal (7-12 Months)",Computer,1,9,Cash on Delivery,male,2,3,Mobile Phone,4,Married,2,0,12.00,0,1,7,137.00,0.00,"2026-06-08 15:34:49"
52247,0,21,"3. Core Loyal (>1 Year)",Mobile Phone,1,-1,Cash on Delivery,male,3,1,Mobile Phone,4,Single,6,0,11.00,0,1,0,126.00,0.00,"2026-06-08 15:34:49"
52248,0,0,"0. New User (<1 Month)",Mobile Phone,1,-1,Debit Card,male,3,3,Mobile Phone,3,Married,2,0,11.00,1,1,3,125.00,1.00,"2026-06-08 15:34:49"
52249,0,2,"1. Junior User (1-6 Months)",Mobile Phone,1,13,Debit Card,male,2,3,Laptop & Accessory,1,Married,2,1,11.00,1,1,0,166.00,1.00,"2026-06-08 15:34:49"
52250,0,21,"3. Core Loyal (>1 Year)",Mobile Phone,1,7,Debit Card,male,3,4,Others,1,Single,7,0,12.00,0,1,0,283.00,0.00,"2026-06-08 15:34:49"
52251,0,2,"1. Junior User (1-6 Months)",Mobile Phone,1,7,Debit Card,female,2,4,Grocery,1,Married,4,0,14.00,0,1,7,261.00,0.00,"2026-06-08 15:34:49"
52252,0,7,"2. Mid-Loyal (7-12 Months)",Mobile Phone,1,-1,Cash on Delivery,female,2,1,Mobile Phone,3,Married,1,0,17.00,1,1,0,126.00,1.00,"2026-06-08 15:34:49"
52253,0,17,"3. Core Loyal (>1 Year)",Mobile Phone,3,11,E wallet,male,2,3,Others,4,Married,8,0,11.00,0,3,10,282.00,0.00,"2026-06-08 15:34:49"
52254,0,6,"1. Junior User (1-6 Months)",Mobile Phone,3,16,E wallet,male,2,1,Fashion,3,Married,1,1,14.00,0,1,8,184.00,0.00,"2026-06-08 15:34:49"
52255,0,0,"0. New User (<1 Month)",Mobile Phone,1,31,Debit Card,female,0,1,Mobile Phone,1,Single,2,1,12.00,0,1,1,130.00,0.00,"2026-06-08 15:34:49"
52256,0,0,"0. New User (<1 Month)",Mobile Phone,1,7,Debit Card,male,2,3,Mobile Phone,3,Married,2,0,22.00,1,1,1,112.00,1.00,"2026-06-08 15:34:49"
52257,1,0,"0. New User (<1 Month)",Computer,3,30,Debit Card,male,3,5,Mobile Phone,1,Single,2,1,14.00,1,1,0,111.00,1.00,"2026-06-08 15:34:49"
52258,0,0,"0. New User (<1 Month)",Mobile Phone,1,10,Debit Card,male,0,3,Mobile Phone,1,Single,2,1,20.00,2,2,2,129.00,1.00,"2026-06-08 15:34:49"
52259,1,8,"2. Mid-Loyal (7-12 Months)",Mobile Phone,3,8,E wallet,female,3,5,Others,4,Single,3,1,16.00,0,1,11,288.00,0.00,"2026-06-08 15:34:49"
52260,0,28,"3. Core Loyal (>1 Year)",Computer,1,14,Credit Card,male,2,4,Grocery,4,Married,2,1,15.00,2,0,0,236.00,0.00,"2026-06-08 15:34:49"
52261,1,0,"0. New User (<1 Month)",Computer,1,-1,Debit Card,female,2,4,Mobile Phone,3,Single,2,0,20.00,1,2,2,126.00,0.50,"2026-06-08 15:34:49"
52262,0,19,"3. Core Loyal (>1 Year)",Mobile Phone,3,10,E wallet,female,2,4,Others,4,Married,3,0,14.00,0,1,8,288.00,0.00,"2026-06-08 15:34:49"
52263,0,7,"2. Mid-Loyal (7-12 Months)",Mobile Phone,3,8,E wallet,female,2,3,Laptop & Accessory,5,Single,1,1,12.00,1,1,2,145.00,1.00,"2026-06-08 15:34:49"
52264,0,24,"3. Core Loyal (>1 Year)",Computer,3,15,Debit Card,male,2,3,Others,4,Married,5,1,0.0,6,11,10,298.00,0.55,"2026-06-08 15:34:49"
52265,0,30,"3. Core Loyal (>1 Year)",Mobile Phone,1,24,Credit Card,male,3,3,Fashion,1,Single,7,0,12.00,3,5,4,205.00,0.60,"2026-06-08 15:34:49"
52266,0,7,"2. Mid-Loyal (7-12 Months)",Computer,1,25,Credit Card,female,2,3,Laptop & Accessory,4,Married,5,0,13.00,0,5,10,144.00,0.00,"2026-06-08 15:34:49"
52267,0,0,"0. New User (<1 Month)",Computer,1,7,Credit Card,male,2,3,Mobile Phone,3,Single,1,1,11.00,1,1,2,122.00,1.00,"2026-06-08 15:34:49"
52268,0,17,"3. Core Loyal (>1 Year)",Mobile Phone,1,10,Debit Card,male,3,1,Others,5,Married,2,0,14.00,2,14,13,292.00,0.14,"2026-06-08 15:34:49"
52269,0,7,"2. Mid-Loyal (7-12 Months)",Computer,2,17,Debit Card,male,2,4,Laptop & Accessory,4,Married,5,0,11.00,0,1,8,145.00,0.00,"2026-06-08 15:34:49"
52270,0,8,"2. Mid-Loyal (7-12 Months)",Mobile Phone,1,12,Debit Card,male,3,3,Mobile Phone,3,Married,1,1,14.00,1,2,2,135.00,0.50,"2026-06-08 15:34:49"
52271,0,15,"3. Core Loyal (>1 Year)",Mobile Phone,1,-1,Credit Card,female,3,1,Laptop & Accessory,4,Married,7,1,16.00,0,1,0,124.00,0.00,"2026-06-08 15:34:49"
52272,0,16,"3. Core Loyal (>1 Year)",Mobile Phone,3,10,E wallet,female,2,4,Fashion,1,Single,4,0,14.00,10,15,17,202.00,0.67,"2026-06-08 15:34:49"
52273,0,9,"2. Mid-Loyal (7-12 Months)",Mobile Phone,1,8,Debit Card,female,2,3,Laptop & Accessory,4,Single,10,1,11.00,4,5,12,154.00,0.80,"2026-06-08 15:34:49"
52274,1,7,"2. Mid-Loyal (7-12 Months)",Mobile Phone,1,21,Credit Card,female,3,3,Fashion,1,Married,2,0,11.00,0,1,5,180.00,0.00,"2026-06-08 15:34:49"
52275,0,1,"1. Junior User (1-6 Months)",Computer,1,8,Debit Card,male,2,4,Mobile Phone,1,Married,2,1,12.00,0,2,2,139.00,0.00,"2026-06-08 15:34:49"
52276,0,24,"3. Core Loyal (>1 Year)",Computer,1,12,Credit Card,female,0,4,Mobile Phone,3,Single,1,0,14.00,3,7,7,128.00,0.43,"2026-06-08 15:34:49"
52277,0,3,"1. Junior User (1-6 Months)",Computer,1,15,Credit Card,female,3,3,Laptop & Accessory,3,Single,8,1,18.00,0,1,7,147.00,0.00,"2026-06-08 15:34:49"
52278,1,0,"0. New User (<1 Month)",Mobile Phone,1,13,Cash on Delivery,female,2,3,Mobile Phone,3,Married,4,1,13.00,4,7,7,133.00,0.57,"2026-06-08 15:34:49"
52279,0,0,"0. New User (<1 Month)",Mobile Phone,1,7,Cash on Delivery,male,2,3,Mobile Phone,5,Single,3,0,11.00,1,1,2,121.00,1.00,"2026-06-08 15:34:49"
52280,0,0,"0. New User (<1 Month)",Mobile Phone,1,7,Credit Card,female,2,3,Mobile Phone,4,Single,2,0,18.00,1,2,1,121.00,0.50,"2026-06-08 15:34:49"
52281,0,5,"1. Junior User (1-6 Months)",Mobile Phone,3,14,Credit Card,male,2,1,Laptop & Accessory,1,Married,2,0,15.00,0,1,8,162.00,0.00,"2026-06-08 15:34:49"
52282,0,18,"3. Core Loyal (>1 Year)",Computer,1,31,Credit Card,female,2,3,Others,4,Single,4,0,22.00,0,1,0,281.00,0.00,"2026-06-08 15:34:49"
52283,0,12,"2. Mid-Loyal (7-12 Months)",Mobile Phone,1,19,Credit Card,female,3,4,Grocery,4,Married,7,1,13.00,0,15,2,271.00,0.00,"2026-06-08 15:34:49"
52284,0,30,"3. Core Loyal (>1 Year)",Mobile Phone,1,-1,Debit Card,male,2,3,Mobile Phone,3,Married,2,0,12.00,1,2,2,124.00,0.50,"2026-06-08 15:34:49"
52285,1,0,"0. New User (<1 Month)",Mobile Phone,1,13,Debit Card,male,3,3,Laptop & Accessory,3,Married,2,0,18.00,0,1,1,149.00,0.00,"2026-06-08 15:34:49"
52286,1,2,"1. Junior User (1-6 Months)",Mobile Phone,1,29,Credit Card,male,3,3,Mobile Phone,5,Single,1,0,13.00,0,1,3,139.00,0.00,"2026-06-08 15:34:49"
52287,0,3,"1. Junior User (1-6 Months)",Mobile Phone,1,12,Cash on Delivery,female,2,4,Laptop & Accessory,1,Married,1,0,12.00,5,6,7,146.00,0.83,"2026-06-08 15:34:49"
52288,0,9,"2. Mid-Loyal (7-12 Months)",Mobile Phone,1,16,Cash on Delivery,female,3,3,Fashion,3,Married,4,0,12.00,1,1,7,171.00,1.00,"2026-06-08 15:34:49"
52289,0,19,"3. Core Loyal (>1 Year)",Mobile Phone,2,7,Debit Card,female,2,3,Mobile Phone,5,Single,7,0,12.00,2,5,7,134.00,0.40,"2026-06-08 15:34:49"
52290,0,1,"1. Junior User (1-6 Months)",Computer,1,7,Debit Card,female,2,5,Laptop & Accessory,1,Married,1,0,11.00,7,7,5,167.00,1.00,"2026-06-08 15:34:49"
52291,0,23,"3. Core Loyal (>1 Year)",Mobile Phone,1,34,Debit Card,female,2,3,Grocery,5,Married,5,1,11.00,0,1,2,269.00,0.00,"2026-06-08 15:34:49"
52292,1,3,"1. Junior User (1-6 Months)",Mobile Phone,3,31,E wallet,male,2,4,Fashion,4,Single,3,1,12.00,1,1,0,191.00,1.00,"2026-06-08 15:34:49"
52293,1,15,"3. Core Loyal (>1 Year)",Mobile Phone,3,11,Debit Card,male,3,3,Fashion,4,Single,10,1,19.00,7,7,7,184.00,1.00,"2026-06-08 15:34:49"
52294,0,3,"1. Junior User (1-6 Months)",Mobile Phone,1,23,Credit Card,female,3,3,Fashion,5,Married,2,1,23.00,1,1,-1,219.00,1.00,"2026-06-08 15:34:49"
52295,0,12,"2. Mid-Loyal (7-12 Months)",Mobile Phone,1,24,Debit Card,male,2,3,Laptop & Accessory,3,Single,1,0,11.00,1,1,7,145.00,1.00,"2026-06-08 15:34:49"
52296,0,4,"1. Junior User (1-6 Months)",Computer,3,8,Debit Card,female,2,3,Fashion,3,Married,2,1,19.00,8,9,6,199.00,0.89,"2026-06-08 15:34:49"
52297,0,14,"3. Core Loyal (>1 Year)",Computer,3,16,Credit Card,male,2,5,Laptop & Accessory,4,Single,2,0,13.00,3,11,9,162.00,0.27,"2026-06-08 15:34:49"
52298,1,0,"0. New User (<1 Month)",Computer,3,7,Debit Card,female,2,3,Mobile Phone,4,Single,2,1,11.00,2,2,2,123.00,1.00,"2026-06-08 15:34:49"
52299,1,7,"2. Mid-Loyal (7-12 Months)",Mobile Phone,1,-1,Debit Card,male,2,3,Mobile Phone,5,Married,5,0,12.00,1,1,2,124.00,1.00,"2026-06-08 15:34:49"
52300,0,15,"3. Core Loyal (>1 Year)",Computer,1,8,Debit Card,male,2,3,Grocery,3,Married,1,1,13.00,0,2,10,279.00,0.00,"2026-06-08 15:34:49"
52301,0,28,"3. Core Loyal (>1 Year)",Mobile Phone,1,8,Credit Card,female,2,5,Others,3,Married,5,0,14.00,0,9,11,292.00,0.00,"2026-06-08 15:34:49"
52302,0,29,"3. Core Loyal (>1 Year)",Mobile Phone,2,14,Debit Card,male,3,3,Others,4,Single,7,0,0.0,2,7,7,297.00,0.29,"2026-06-08 15:34:49"
52303,0,13,"3. Core Loyal (>1 Year)",Computer,1,22,Debit Card,male,3,3,Mobile Phone,3,Married,10,0,16.00,1,1,0,135.00,1.00,"2026-06-08 15:34:49"
52304,0,7,"2. Mid-Loyal (7-12 Months)",Mobile Phone,1,15,Debit Card,male,2,3,Fashion,1,Married,1,0,11.00,0,1,6,185.00,0.00,"2026-06-08 15:34:49"
52305,0,13,"3. Core Loyal (>1 Year)",Mobile Phone,1,8,Debit Card,male,3,3,Laptop & Accessory,1,Single,2,0,13.00,3,8,8,147.00,0.38,"2026-06-08 15:34:49"
52306,0,14,"3. Core Loyal (>1 Year)",Computer,3,7,E wallet,female,3,3,Laptop & Accessory,5,Married,1,0,17.00,0,1,7,141.00,0.00,"2026-06-08 15:34:49"
52307,0,8,"2. Mid-Loyal (7-12 Months)",Computer,1,10,Debit Card,male,2,3,Laptop & Accessory,3,Single,2,1,11.00,1,1,1,142.00,1.00,"2026-06-08 15:34:49"
52308,0,24,"3. Core Loyal (>1 Year)",Mobile Phone,2,11,Debit Card,male,2,3,Grocery,4,Married,2,1,11.00,0,0,10,240.00,0.00,"2026-06-08 15:34:49"
52309,0,11,"2. Mid-Loyal (7-12 Months)",Mobile Phone,3,8,Debit Card,female,2,3,Laptop & Accessory,5,Married,4,0,15.00,0,1,7,169.00,0.00,"2026-06-08 15:34:49"
52310,0,7,"2. Mid-Loyal (7-12 Months)",Mobile Phone,3,21,Credit Card,female,3,3,Laptop & Accessory,5,Single,2,0,12.00,4,9,6,161.00,0.44,"2026-06-08 15:34:49"
52311,0,0,"0. New User (<1 Month)",Mobile Phone,1,25,Credit Card,male,3,3,Mobile Phone,1,Married,4,0,11.00,0,1,2,137.00,0.00,"2026-06-08 15:34:49"
52312,1,20,"3. Core Loyal (>1 Year)",Mobile Phone,1,13,Credit Card,female,2,4,Fashion,5,Married,8,1,14.00,1,5,9,200.00,0.20,"2026-06-08 15:34:49"
52313,0,13,"3. Core Loyal (>1 Year)",Mobile Phone,1,-1,Debit Card,male,2,3,Mobile Phone,4,Married,4,0,22.00,1,1,3,124.00,1.00,"2026-06-08 15:34:49"
52314,0,9,"2. Mid-Loyal (7-12 Months)",Computer,3,13,E wallet,female,2,1,Laptop & Accessory,5,Married,3,0,16.00,5,6,13,146.00,0.83,"2026-06-08 15:34:49"
52315,0,21,"3. Core Loyal (>1 Year)",Mobile Phone,1,10,Debit Card,male,2,3,Fashion,1,Single,2,0,11.00,1,1,8,179.00,1.00,"2026-06-08 15:34:49"
52316,0,0,"0. New User (<1 Month)",Mobile Phone,3,-1,Credit Card,female,3,1,Mobile Phone,1,Married,9,0,14.00,0,1,0,125.00,0.00,"2026-06-08 15:34:49"
52317,0,24,"3. Core Loyal (>1 Year)",Mobile Phone,1,17,Cash on Delivery,female,2,4,Grocery,4,Single,4,0,16.00,0,1,3,231.00,0.00,"2026-06-08 15:34:49"
52318,0,0,"0. New User (<1 Month)",Computer,1,7,Debit Card,female,3,3,Mobile Phone,1,Single,2,0,15.00,1,1,0,116.00,1.00,"2026-06-08 15:34:49"
52319,0,8,"2. Mid-Loyal (7-12 Months)",Mobile Phone,1,7,Credit Card,female,2,4,Laptop & Accessory,1,Married,1,0,12.00,0,1,0,154.00,0.00,"2026-06-08 15:34:49"
52320,0,0,"0. New User (<1 Month)",Computer,3,8,Debit Card,male,2,5,Laptop & Accessory,1,Single,4,0,20.00,0,1,0,151.00,0.00,"2026-06-08 15:34:49"
52321,1,18,"3. Core Loyal (>1 Year)",Mobile Phone,3,19,E wallet,male,2,1,Grocery,3,Single,7,1,17.00,1,0,8,237.00,0.00,"2026-06-08 15:34:49"
52322,0,29,"3. Core Loyal (>1 Year)",Mobile Phone,1,29,Debit Card,male,3,3,Grocery,4,Married,5,1,12.00,13,0,9,234.00,0.00,"2026-06-08 15:34:49"
52323,0,0,"0. New User (<1 Month)",Computer,1,32,Cash on Delivery,female,3,4,Mobile Phone,3,Married,2,0,20.00,1,1,0,120.00,1.00,"2026-06-08 15:34:49"
52324,0,13,"3. Core Loyal (>1 Year)",Mobile Phone,1,8,Credit Card,female,2,1,Laptop & Accessory,3,Married,6,0,20.00,6,11,8,164.00,0.55,"2026-06-08 15:34:49"
52325,0,7,"2. Mid-Loyal (7-12 Months)",Mobile Phone,1,35,Credit Card,male,2,3,Laptop & Accessory,3,Married,5,0,13.00,5,7,7,154.00,0.71,"2026-06-08 15:34:49"
52326,1,0,"0. New User (<1 Month)",Computer,3,8,Debit Card,female,0,4,Mobile Phone,1,Single,8,0,14.00,0,1,0,128.00,0.00,"2026-06-08 15:34:49"
52327,1,0,"0. New User (<1 Month)",Computer,3,24,E wallet,female,3,3,Laptop & Accessory,3,Married,1,1,18.00,0,3,2,146.00,0.00,"2026-06-08 15:34:49"
52328,0,11,"2. Mid-Loyal (7-12 Months)",Computer,1,-1,Debit Card,male,2,1,Mobile Phone,3,Married,2,0,11.00,0,1,3,126.00,0.00,"2026-06-08 15:34:49"
52329,0,7,"2. Mid-Loyal (7-12 Months)",Mobile Phone,1,8,Cash on Delivery,female,3,3,Laptop & Accessory,1,Single,2,0,11.00,4,4,11,167.00,1.00,"2026-06-08 15:34:49"
52330,0,1,"1. Junior User (1-6 Months)",Mobile Phone,3,32,Debit Card,male,2,4,Laptop & Accessory,5,Married,2,0,11.00,1,1,4,147.00,1.00,"2026-06-08 15:34:49"
52331,1,0,"0. New User (<1 Month)",Mobile Phone,1,28,Credit Card,male,3,3,Laptop & Accessory,3,Married,2,1,15.00,5,6,7,162.00,0.83,"2026-06-08 15:34:49"
52332,0,12,"2. Mid-Loyal (7-12 Months)",Mobile Phone,3,27,Debit Card,male,2,4,Laptop & Accessory,1,Married,4,1,12.00,0,1,4,161.00,0.00,"2026-06-08 15:34:49"
52333,0,24,"3. Core Loyal (>1 Year)",Computer,3,8,E wallet,male,2,3,Fashion,4,Married,3,0,11.00,3,3,2,206.00,1.00,"2026-06-08 15:34:49"
52334,0,14,"3. Core Loyal (>1 Year)",Computer,1,28,Debit Card,female,3,3,Laptop & Accessory,1,Married,4,1,14.00,2,3,3,155.00,0.67,"2026-06-08 15:34:49"
52335,0,10,"2. Mid-Loyal (7-12 Months)",Mobile Phone,1,10,Debit Card,male,0,3,Mobile Phone,3,Married,8,1,15.00,1,1,3,130.00,1.00,"2026-06-08 15:34:49"
52336,0,6,"1. Junior User (1-6 Months)",Computer,3,11,Debit Card,male,3,3,Laptop & Accessory,1,Married,7,0,13.00,1,1,2,200.00,1.00,"2026-06-08 15:34:49"
52337,0,5,"1. Junior User (1-6 Months)",Mobile Phone,3,8,E wallet,male,2,3,Laptop & Accessory,4,Married,1,1,13.00,1,1,2,141.00,1.00,"2026-06-08 15:34:49"
52338,0,12,"2. Mid-Loyal (7-12 Months)",Computer,1,31,Debit Card,male,3,3,Fashion,3,Married,4,0,21.00,0,1,-1,209.00,0.00,"2026-06-08 15:34:49"
52339,0,0,"0. New User (<1 Month)",Mobile Phone,3,24,Debit Card,male,3,1,Laptop & Accessory,3,Married,3,0,11.00,1,1,2,162.00,1.00,"2026-06-08 15:34:49"
52340,0,25,"3. Core Loyal (>1 Year)",Computer,1,34,Credit Card,female,2,1,Grocery,3,Married,3,1,11.00,1,0,2,232.00,0.00,"2026-06-08 15:34:49"
52341,0,16,"3. Core Loyal (>1 Year)",Mobile Phone,1,12,Credit Card,female,3,4,Laptop & Accessory,3,Single,2,1,14.00,0,1,8,141.00,0.00,"2026-06-08 15:34:49"
52342,0,0,"0. New User (<1 Month)",Mobile Phone,3,16,E wallet,female,3,4,Laptop & Accessory,1,Married,2,1,11.00,1,4,4,158.00,0.25,"2026-06-08 15:34:49"
52343,1,0,"0. New User (<1 Month)",Mobile Phone,1,-1,Debit Card,female,2,3,Mobile Phone,3,Single,2,1,13.00,4,7,7,124.00,0.57,"2026-06-08 15:34:49"
52344,0,0,"0. New User (<1 Month)",Mobile Phone,1,8,Credit Card,male,2,4,Mobile Phone,1,Single,1,0,12.00,1,1,1,139.00,1.00,"2026-06-08 15:34:49"
52345,0,15,"3. Core Loyal (>1 Year)",Mobile Phone,2,16,UPI,female,2,3,Grocery,5,Married,1,0,14.00,0,1,9,268.00,0.00,"2026-06-08 15:34:49"
52346,0,25,"3. Core Loyal (>1 Year)",Mobile Phone,1,14,UPI,female,0,3,Mobile Phone,5,Married,10,0,13.00,1,1,4,130.00,1.00,"2026-06-08 15:34:49"
52347,0,10,"2. Mid-Loyal (7-12 Months)",Mobile Phone,1,17,Credit Card,female,3,3,Mobile Phone,3,Single,5,0,18.00,1,1,2,136.00,1.00,"2026-06-08 15:34:49"
52348,0,8,"2. Mid-Loyal (7-12 Months)",Computer,1,24,Debit Card,male,2,3,Fashion,1,Single,3,0,11.00,2,2,2,194.00,1.00,"2026-06-08 15:34:49"
52349,0,0,"0. New User (<1 Month)",Mobile Phone,1,7,Cash on Delivery,male,2,3,Mobile Phone,1,Married,5,0,11.00,0,1,2,132.00,0.00,"2026-06-08 15:34:49"
52350,0,0,"0. New User (<1 Month)",Mobile Phone,1,13,UPI,male,3,1,Mobile Phone,5,Single,1,0,12.00,0,1,7,136.00,0.00,"2026-06-08 15:34:49"
52351,0,2,"1. Junior User (1-6 Months)",Mobile Phone,2,23,UPI,male,2,4,Fashion,5,Single,2,0,13.00,0,1,9,180.00,0.00,"2026-06-08 15:34:49"
52352,1,12,"2. Mid-Loyal (7-12 Months)",Computer,1,34,Debit Card,male,3,4,Laptop & Accessory,5,Single,4,0,20.00,0,1,3,143.00,0.00,"2026-06-08 15:34:49"
52353,1,0,"0. New User (<1 Month)",Computer,1,20,UPI,female,2,3,Fashion,1,Single,1,1,12.00,4,7,7,176.00,0.57,"2026-06-08 15:34:49"
52354,0,27,"3. Core Loyal (>1 Year)",Mobile Phone,1,7,Credit Card,female,2,3,Grocery,1,Single,7,0,19.00,0,12,7,273.00,0.00,"2026-06-08 15:34:49"
52355,0,30,"3. Core Loyal (>1 Year)",Mobile Phone,1,7,Credit Card,female,3,3,Others,5,Married,4,1,0.0,1,1,5,297.00,1.00,"2026-06-08 15:34:49"
52356,0,28,"3. Core Loyal (>1 Year)",Mobile Phone,1,7,Credit Card,male,2,1,Grocery,1,Married,3,0,13.00,0,0,0,247.00,0.00,"2026-06-08 15:34:49"
52357,0,9,"2. Mid-Loyal (7-12 Months)",Mobile Phone,3,9,E wallet,female,3,3,Laptop & Accessory,4,Single,4,1,16.00,0,1,1,193.00,0.00,"2026-06-08 15:34:49"
52358,1,0,"0. New User (<1 Month)",Computer,3,7,Debit Card,female,2,5,Mobile Phone,3,Single,2,0,12.00,0,1,0,114.00,0.00,"2026-06-08 15:34:49"
52359,0,3,"1. Junior User (1-6 Months)",Mobile Phone,3,13,E wallet,female,3,3,Laptop & Accessory,5,Married,8,0,14.00,1,1,2,148.00,1.00,"2026-06-08 15:34:49"
52360,0,4,"1. Junior User (1-6 Months)",Mobile Phone,1,14,Debit Card,female,3,3,Grocery,4,Single,4,0,11.00,0,1,0,264.00,0.00,"2026-06-08 15:34:49"
52361,0,7,"2. Mid-Loyal (7-12 Months)",Computer,1,7,UPI,male,0,3,Mobile Phone,5,Married,6,0,14.00,1,1,3,130.00,1.00,"2026-06-08 15:34:49"
52362,1,0,"0. New User (<1 Month)",Mobile Phone,1,14,Debit Card,female,2,4,Mobile Phone,4,Single,2,0,12.00,0,1,0,113.00,0.00,"2026-06-08 15:34:49"
52363,0,0,"0. New User (<1 Month)",Mobile Phone,1,17,Debit Card,male,3,3,Mobile Phone,5,Married,1,0,14.00,1,1,4,121.00,1.00,"2026-06-08 15:34:49"
52364,0,9,"2. Mid-Loyal (7-12 Months)",Mobile Phone,1,10,Debit Card,male,2,4,Laptop & Accessory,1,Single,2,0,16.00,0,1,8,158.00,0.00,"2026-06-08 15:34:49"
52365,0,9,"2. Mid-Loyal (7-12 Months)",Mobile Phone,3,22,E wallet,female,3,4,Laptop & Accessory,5,Married,5,0,13.00,1,1,2,156.00,1.00,"2026-06-08 15:34:49"
52366,0,20,"3. Core Loyal (>1 Year)",Mobile Phone,1,7,Cash on Delivery,male,3,3,Mobile Phone,1,Married,8,0,12.00,1,1,2,134.00,1.00,"2026-06-08 15:34:49"
52367,1,0,"0. New User (<1 Month)",Mobile Phone,3,15,Debit Card,male,3,4,Mobile Phone,5,Married,4,0,12.00,2,2,2,144.00,1.00,"2026-06-08 15:34:49"
52368,0,10,"2. Mid-Loyal (7-12 Months)",Computer,1,11,Cash on Delivery,male,2,1,Mobile Phone,3,Single,1,0,14.00,0,1,3,135.00,0.00,"2026-06-08 15:34:49"
52369,0,0,"0. New User (<1 Month)",Mobile Phone,1,7,Debit Card,female,2,3,Mobile Phone,5,Married,3,0,22.00,0,1,0,121.00,0.00,"2026-06-08 15:34:49"
52370,0,20,"3. Core Loyal (>1 Year)",Mobile Phone,1,8,Credit Card,female,2,3,Grocery,3,Married,4,0,19.00,0,5,6,272.00,0.00,"2026-06-08 15:34:49"
52371,0,0,"0. New User (<1 Month)",Mobile Phone,3,10,Credit Card,female,2,3,Laptop & Accessory,3,Married,2,1,12.00,1,1,3,142.00,1.00,"2026-06-08 15:34:49"
52372,0,5,"1. Junior User (1-6 Months)",Mobile Phone,3,13,E wallet,male,3,3,Laptop & Accessory,1,Married,5,0,12.00,0,1,3,192.00,0.00,"2026-06-08 15:34:49"
52373,0,7,"2. Mid-Loyal (7-12 Months)",Mobile Phone,1,7,Debit Card,female,2,4,Mobile Phone,4,Married,6,0,17.00,1,1,2,133.00,1.00,"2026-06-08 15:34:49"
52374,0,0,"0. New User (<1 Month)",Mobile Phone,1,11,Credit Card,male,2,1,Mobile Phone,3,Married,3,1,12.00,0,1,3,121.00,0.00,"2026-06-08 15:34:49"
52375,0,13,"3. Core Loyal (>1 Year)",Computer,1,15,UPI,male,2,3,Laptop & Accessory,3,Married,4,0,11.00,0,1,7,140.00,0.00,"2026-06-08 15:34:49"
52376,0,4,"1. Junior User (1-6 Months)",Mobile Phone,3,14,Debit Card,male,2,3,Fashion,1,Married,2,0,18.00,2,9,9,208.00,0.22,"2026-06-08 15:34:49"
52377,1,9,"2. Mid-Loyal (7-12 Months)",Mobile Phone,3,15,E wallet,male,2,3,Fashion,1,Married,5,0,11.00,4,4,3,201.00,1.00,"2026-06-08 15:34:49"
52378,1,2,"1. Junior User (1-6 Months)",Computer,1,8,Debit Card,female,2,4,Mobile Phone,5,Single,3,1,23.00,0,1,0,136.00,0.00,"2026-06-08 15:34:49"
52379,1,0,"0. New User (<1 Month)",Computer,1,7,Debit Card,female,3,1,Fashion,4,Single,2,0,11.00,1,4,7,174.00,0.25,"2026-06-08 15:34:49"
52380,0,18,"3. Core Loyal (>1 Year)",Mobile Phone,1,26,Credit Card,male,3,5,Fashion,5,Married,3,1,18.00,1,1,7,209.00,1.00,"2026-06-08 15:34:49"
52381,0,0,"0. New User (<1 Month)",Mobile Phone,2,14,Credit Card,female,3,1,Mobile Phone,4,Single,10,0,18.00,1,1,2,121.00,1.00,"2026-06-08 15:34:49"
52382,1,0,"0. New User (<1 Month)",Computer,1,8,Debit Card,male,3,3,Mobile Phone,1,Married,7,1,13.00,0,2,2,137.00,0.00,"2026-06-08 15:34:49"
52383,0,18,"3. Core Loyal (>1 Year)",Mobile Phone,1,35,Cash on Delivery,male,2,3,Fashion,1,Married,5,1,18.00,1,1,2,194.00,1.00,"2026-06-08 15:34:49"
52384,0,21,"3. Core Loyal (>1 Year)",Mobile Phone,3,13,E wallet,male,3,3,Laptop & Accessory,5,Married,5,0,11.00,0,2,2,155.00,0.00,"2026-06-08 15:34:49"
52385,1,0,"0. New User (<1 Month)",Mobile Phone,2,15,Cash on Delivery,female,0,3,Mobile Phone,3,Married,2,0,15.00,2,2,2,127.00,1.00,"2026-06-08 15:34:49"
52386,0,13,"3. Core Loyal (>1 Year)",Computer,1,14,Credit Card,male,2,4,Fashion,4,Married,3,0,11.00,4,0,8,238.00,0.00,"2026-06-08 15:34:49"
52387,0,1,"1. Junior User (1-6 Months)",Mobile Phone,3,11,Credit Card,male,2,3,Laptop & Accessory,5,Single,1,0,18.00,0,1,3,185.00,0.00,"2026-06-08 15:34:49"
52388,0,17,"3. Core Loyal (>1 Year)",Computer,1,11,Debit Card,male,2,4,Mobile Phone,3,Single,4,0,14.00,0,1,3,132.00,0.00,"2026-06-08 15:34:49"
52389,0,26,"3. Core Loyal (>1 Year)",Mobile Phone,1,8,Credit Card,male,2,1,Grocery,4,Single,5,0,12.00,0,8,8,266.00,0.00,"2026-06-08 15:34:49"
52390,0,22,"3. Core Loyal (>1 Year)",Mobile Phone,1,11,Cash on Delivery,male,3,3,Laptop & Accessory,3,Married,3,0,14.00,0,1,2,167.00,0.00,"2026-06-08 15:34:49"
52391,0,13,"3. Core Loyal (>1 Year)",Mobile Phone,1,-1,Credit Card,male,3,3,Mobile Phone,3,Married,3,0,14.00,1,1,2,123.00,1.00,"2026-06-08 15:34:49"
52392,0,17,"3. Core Loyal (>1 Year)",Mobile Phone,1,26,Debit Card,male,2,3,Mobile Phone,4,Single,2,0,13.00,1,1,3,134.00,1.00,"2026-06-08 15:34:49"
52393,0,6,"1. Junior User (1-6 Months)",Computer,3,13,Credit Card,male,2,3,Laptop & Accessory,5,Married,1,0,14.00,1,1,3,144.00,1.00,"2026-06-08 15:34:49"
52394,0,7,"2. Mid-Loyal (7-12 Months)",Mobile Phone,3,9,UPI,male,2,5,Laptop & Accessory,5,Single,4,0,18.00,2,3,12,148.00,0.67,"2026-06-08 15:34:49"
52395,0,3,"1. Junior User (1-6 Months)",Mobile Phone,3,22,Debit Card,male,3,3,Laptop & Accessory,3,Married,9,0,15.00,1,2,2,153.00,0.50,"2026-06-08 15:34:49"
52396,0,15,"3. Core Loyal (>1 Year)",Computer,1,15,Credit Card,female,3,3,Mobile Phone,1,Single,2,0,13.00,0,5,8,137.00,0.00,"2026-06-08 15:34:49"
52397,0,17,"3. Core Loyal (>1 Year)",Computer,3,7,E wallet,female,3,3,Laptop & Accessory,3,Married,8,0,12.00,0,1,0,148.00,0.00,"2026-06-08 15:34:49"
52398,0,0,"0. New User (<1 Month)",Computer,1,13,Cash on Delivery,male,3,3,Mobile Phone,3,Married,2,0,13.00,0,1,0,113.00,0.00,"2026-06-08 15:34:49"
52399,0,30,"3. Core Loyal (>1 Year)",Mobile Phone,1,7,Debit Card,male,3,1,Laptop & Accessory,3,Married,1,0,24.00,1,2,8,149.00,0.50,"2026-06-08 15:34:49"
52400,0,22,"3. Core Loyal (>1 Year)",Mobile Phone,1,13,Debit Card,male,2,3,Fashion,4,Married,4,0,14.00,0,1,7,205.00,0.00,"2026-06-08 15:34:49"
52401,0,7,"2. Mid-Loyal (7-12 Months)",Computer,1,21,Credit Card,male,3,3,Grocery,5,Married,8,0,14.00,0,6,9,270.00,0.00,"2026-06-08 15:34:49"
52402,1,0,"0. New User (<1 Month)",Computer,3,7,Cash on Delivery,male,0,3,Mobile Phone,3,Married,4,0,15.00,1,1,2,129.00,1.00,"2026-06-08 15:34:49"
52403,1,0,"0. New User (<1 Month)",Computer,3,19,Cash on Delivery,female,2,3,Laptop & Accessory,4,Single,6,0,11.00,1,1,0,158.00,1.00,"2026-06-08 15:34:49"
52404,1,0,"0. New User (<1 Month)",Mobile Phone,3,30,Credit Card,female,2,4,Laptop & Accessory,4,Single,1,1,23.00,4,10,10,146.00,0.40,"2026-06-08 15:34:49"
52405,0,8,"2. Mid-Loyal (7-12 Months)",Mobile Phone,3,-1,Debit Card,male,3,3,Mobile Phone,3,Married,2,0,13.00,0,1,0,124.00,0.00,"2026-06-08 15:34:49"
52406,1,0,"0. New User (<1 Month)",Computer,1,15,Credit Card,male,2,3,Mobile Phone,5,Single,3,1,11.00,0,1,0,132.00,0.00,"2026-06-08 15:34:49"
52407,0,0,"0. New User (<1 Month)",Computer,3,19,Debit Card,female,3,3,Mobile Phone,4,Married,2,0,13.00,0,1,0,120.00,0.00,"2026-06-08 15:34:49"
52408,0,17,"3. Core Loyal (>1 Year)",Computer,1,8,Credit Card,male,2,3,Fashion,3,Single,6,1,18.00,2,2,2,202.00,1.00,"2026-06-08 15:34:49"
52409,0,2,"1. Junior User (1-6 Months)",Mobile Phone,3,25,Debit Card,male,3,4,Laptop & Accessory,3,Married,2,0,14.00,1,1,4,186.00,1.00,"2026-06-08 15:34:49"
52410,0,0,"0. New User (<1 Month)",Mobile Phone,2,7,Debit Card,male,2,3,Mobile Phone,3,Married,1,0,21.00,0,1,3,121.00,0.00,"2026-06-08 15:34:49"
52411,0,28,"3. Core Loyal (>1 Year)",Mobile Phone,1,10,Debit Card,male,1,3,Laptop & Accessory,3,Married,1,1,16.00,1,1,2,140.00,1.00,"2026-06-08 15:34:49"
52412,0,6,"1. Junior User (1-6 Months)",Mobile Phone,1,10,Credit Card,female,2,4,Mobile Phone,4,Married,9,0,11.00,1,1,2,138.00,1.00,"2026-06-08 15:34:49"
52413,0,20,"3. Core Loyal (>1 Year)",Mobile Phone,3,20,Credit Card,female,3,3,Laptop & Accessory,3,Married,4,1,17.00,1,1,2,146.00,1.00,"2026-06-08 15:34:49"
52414,1,0,"0. New User (<1 Month)",Computer,1,-1,Credit Card,male,2,4,Mobile Phone,5,Single,8,0,11.00,1,1,0,126.00,1.00,"2026-06-08 15:34:49"
52415,0,0,"0. New User (<1 Month)",Mobile Phone,1,7,Debit Card,male,3,4,Mobile Phone,3,Married,2,0,14.00,0,1,0,116.00,0.00,"2026-06-08 15:34:49"
52416,0,1,"1. Junior User (1-6 Months)",Computer,3,13,Debit Card,male,2,3,Laptop & Accessory,5,Single,1,0,14.00,1,1,3,149.00,1.00,"2026-06-08 15:34:49"
52417,0,22,"3. Core Loyal (>1 Year)",Mobile Phone,1,9,Credit Card,female,2,4,Laptop & Accessory,5,Married,5,0,25.00,0,1,2,148.00,0.00,"2026-06-08 15:34:49"
52418,0,2,"1. Junior User (1-6 Months)",Computer,1,8,Debit Card,female,3,3,Mobile Phone,4,Married,1,0,13.00,1,1,2,132.00,1.00,"2026-06-08 15:34:49"
52419,0,1,"1. Junior User (1-6 Months)",Mobile Phone,1,35,Debit Card,male,3,5,Laptop & Accessory,4,Married,2,0,14.00,0,1,7,165.00,0.00,"2026-06-08 15:34:49"
52420,0,6,"1. Junior User (1-6 Months)",Mobile Phone,1,14,Debit Card,male,3,3,Laptop & Accessory,3,Single,3,1,17.00,1,1,0,164.00,1.00,"2026-06-08 15:34:49"
52421,0,5,"1. Junior User (1-6 Months)",Mobile Phone,1,16,Credit Card,male,3,3,Fashion,1,Single,3,0,25.00,0,1,-1,212.00,0.00,"2026-06-08 15:34:49"
52422,0,27,"3. Core Loyal (>1 Year)",Computer,1,17,Credit Card,female,2,3,Grocery,1,Married,4,0,20.00,0,0,12,260.00,0.00,"2026-06-08 15:34:49"
52423,1,0,"0. New User (<1 Month)",Mobile Phone,1,-1,Cash on Delivery,male,3,4,Mobile Phone,5,Single,7,0,13.00,1,1,7,124.00,1.00,"2026-06-08 15:34:49"
52424,0,17,"3. Core Loyal (>1 Year)",Mobile Phone,1,34,Debit Card,male,2,3,Grocery,5,Married,4,0,13.00,0,14,17,263.00,0.00,"2026-06-08 15:34:49"
52425,0,12,"2. Mid-Loyal (7-12 Months)",Mobile Phone,1,12,Debit Card,female,2,3,Fashion,4,Single,5,0,18.00,2,2,2,184.00,1.00,"2026-06-08 15:34:49"
52426,0,19,"3. Core Loyal (>1 Year)",Mobile Phone,3,9,Debit Card,female,2,3,Grocery,4,Married,9,0,12.00,0,5,1,266.00,0.00,"2026-06-08 15:34:49"
52427,0,8,"2. Mid-Loyal (7-12 Months)",Mobile Phone,1,22,Debit Card,female,3,4,Fashion,4,Single,2,0,19.00,3,3,3,186.00,1.00,"2026-06-08 15:34:49"
52428,0,0,"0. New User (<1 Month)",Mobile Phone,1,26,Debit Card,male,3,3,Laptop & Accessory,3,Single,1,0,14.00,1,1,2,123.00,1.00,"2026-06-08 15:34:49"
52429,1,0,"0. New User (<1 Month)",Mobile Phone,1,15,Debit Card,male,2,3,Mobile Phone,5,Single,4,0,14.00,1,1,0,120.00,1.00,"2026-06-08 15:34:49"
52430,0,7,"2. Mid-Loyal (7-12 Months)",Mobile Phone,3,7,Cash on Delivery,male,3,4,Fashion,3,Married,2,1,14.00,7,8,6,171.00,0.88,"2026-06-08 15:34:49"
52431,1,0,"0. New User (<1 Month)",Computer,1,9,Debit Card,female,2,3,Mobile Phone,3,Single,2,0,12.00,2,7,7,141.00,0.29,"2026-06-08 15:34:49"
52432,0,23,"3. Core Loyal (>1 Year)",Computer,1,28,Credit Card,male,2,5,Grocery,1,Single,2,1,13.00,1,0,9,244.00,0.00,"2026-06-08 15:34:49"
52433,0,0,"0. New User (<1 Month)",Mobile Phone,3,13,Cash on Delivery,male,2,3,Mobile Phone,3,Married,1,1,25.00,3,5,7,123.00,0.60,"2026-06-08 15:34:49"
52434,0,15,"3. Core Loyal (>1 Year)",Mobile Phone,1,8,Credit Card,male,3,4,Mobile Phone,4,Married,5,0,14.00,0,1,0,148.00,0.00,"2026-06-08 15:34:49"
52435,0,10,"2. Mid-Loyal (7-12 Months)",Mobile Phone,1,19,Credit Card,male,2,3,Laptop & Accessory,1,Married,2,0,17.00,2,3,7,143.00,0.67,"2026-06-08 15:34:49"
52436,0,2,"1. Junior User (1-6 Months)",Mobile Phone,1,14,UPI,female,2,5,Laptop & Accessory,5,Married,4,0,13.00,1,1,7,197.00,1.00,"2026-06-08 15:34:49"
52437,0,6,"1. Junior User (1-6 Months)",Mobile Phone,1,31,Debit Card,male,2,4,Laptop & Accessory,4,Single,2,0,13.00,1,1,2,143.00,1.00,"2026-06-08 15:34:49"
52438,0,0,"0. New User (<1 Month)",Mobile Phone,1,34,Cash on Delivery,male,3,3,Mobile Phone,1,Married,5,0,20.00,1,1,3,121.00,1.00,"2026-06-08 15:34:49"
52439,0,15,"3. Core Loyal (>1 Year)",Computer,1,8,Debit Card,male,2,3,Fashion,1,Married,3,1,14.00,4,13,9,201.00,0.31,"2026-06-08 15:34:49"
52440,0,13,"3. Core Loyal (>1 Year)",Mobile Phone,3,15,Credit Card,male,2,3,Laptop & Accessory,5,Married,1,0,12.00,7,7,1,155.00,1.00,"2026-06-08 15:34:49"
52441,0,6,"1. Junior User (1-6 Months)",Mobile Phone,1,34,Debit Card,male,3,3,Laptop & Accessory,3,Married,2,1,12.00,4,5,7,152.00,0.80,"2026-06-08 15:34:49"
52442,0,13,"3. Core Loyal (>1 Year)",Mobile Phone,2,12,Credit Card,male,2,3,Grocery,1,Single,2,1,21.00,0,7,7,264.00,0.00,"2026-06-08 15:34:49"
52443,0,0,"0. New User (<1 Month)",Mobile Phone,1,27,Cash on Delivery,male,2,4,Mobile Phone,5,Married,1,0,14.00,0,1,0,123.00,0.00,"2026-06-08 15:34:49"
52444,0,13,"3. Core Loyal (>1 Year)",Computer,1,14,Debit Card,male,3,3,Laptop & Accessory,1,Married,4,1,18.00,1,2,2,141.00,0.50,"2026-06-08 15:34:49"
52445,0,18,"3. Core Loyal (>1 Year)",Mobile Phone,1,7,Cash on Delivery,male,3,3,Fashion,4,Married,2,0,12.00,3,7,7,174.00,0.43,"2026-06-08 15:34:49"
52446,0,8,"2. Mid-Loyal (7-12 Months)",Mobile Phone,3,-1,Debit Card,female,3,4,Mobile Phone,3,Married,1,0,23.00,2,4,2,124.00,0.50,"2026-06-08 15:34:49"
52447,0,5,"1. Junior User (1-6 Months)",Mobile Phone,1,11,Debit Card,female,3,4,Laptop & Accessory,4,Married,4,0,12.00,1,2,5,159.00,0.50,"2026-06-08 15:34:49"
52448,0,9,"2. Mid-Loyal (7-12 Months)",Mobile Phone,3,-1,Debit Card,male,3,3,Mobile Phone,1,Single,4,1,21.00,1,1,2,126.00,1.00,"2026-06-08 15:34:49"
52449,0,21,"3. Core Loyal (>1 Year)",Mobile Phone,3,22,Debit Card,female,3,3,Laptop & Accessory,3,Married,9,0,14.00,7,7,7,164.00,1.00,"2026-06-08 15:34:49"
52450,0,2,"1. Junior User (1-6 Months)",Mobile Phone,1,-1,Debit Card,male,3,1,Mobile Phone,3,Married,7,0,18.00,0,1,0,125.00,0.00,"2026-06-08 15:34:49"
52451,0,6,"1. Junior User (1-6 Months)",Mobile Phone,3,14,Debit Card,male,2,3,Laptop & Accessory,5,Married,3,0,13.00,2,2,2,164.00,1.00,"2026-06-08 15:34:49"
52452,1,0,"0. New User (<1 Month)",Mobile Phone,3,7,Debit Card,male,3,4,Laptop & Accessory,5,Married,2,0,11.00,1,6,7,197.00,0.17,"2026-06-08 15:34:49"
52453,0,11,"2. Mid-Loyal (7-12 Months)",Computer,2,16,UPI,male,3,3,Laptop & Accessory,3,Married,4,0,11.00,0,1,2,161.00,0.00,"2026-06-08 15:34:49"
52454,0,8,"2. Mid-Loyal (7-12 Months)",Mobile Phone,1,-1,Credit Card,male,3,4,Mobile Phone,5,Single,2,0,19.00,1,1,2,125.00,1.00,"2026-06-08 15:34:49"
52455,0,7,"2. Mid-Loyal (7-12 Months)",Mobile Phone,3,35,Cash on Delivery,male,2,3,Fashion,4,Married,4,0,12.00,1,1,3,193.00,1.00,"2026-06-08 15:34:49"
52456,1,0,"0. New User (<1 Month)",Mobile Phone,1,8,Debit Card,female,3,3,Mobile Phone,5,Married,2,1,12.00,1,1,0,121.00,1.00,"2026-06-08 15:34:49"
52457,1,16,"3. Core Loyal (>1 Year)",Mobile Phone,1,8,Cash on Delivery,female,3,4,Fashion,1,Married,1,0,16.00,0,1,9,202.00,0.00,"2026-06-08 15:34:49"
52458,1,1,"1. Junior User (1-6 Months)",Mobile Phone,1,8,Credit Card,male,2,3,Laptop & Accessory,4,Married,5,0,11.00,1,1,4,149.00,1.00,"2026-06-08 15:34:49"
52459,0,5,"1. Junior User (1-6 Months)",Computer,1,7,Cash on Delivery,male,3,3,Laptop & Accessory,5,Married,5,0,14.00,0,1,2,141.00,0.00,"2026-06-08 15:34:49"
52460,0,21,"3. Core Loyal (>1 Year)",Mobile Phone,1,-1,UPI,female,3,3,Mobile Phone,5,Married,9,0,12.00,6,7,6,124.00,0.86,"2026-06-08 15:34:49"
52461,0,7,"2. Mid-Loyal (7-12 Months)",Mobile Phone,1,13,Credit Card,male,0,3,Mobile Phone,1,Single,2,0,13.00,0,1,0,130.00,0.00,"2026-06-08 15:34:49"
52462,0,28,"3. Core Loyal (>1 Year)",Mobile Phone,3,32,E wallet,male,2,4,Others,1,Married,2,0,0.0,0,2,13,296.00,0.00,"2026-06-08 15:34:49"
52463,0,7,"2. Mid-Loyal (7-12 Months)",Mobile Phone,1,7,Debit Card,male,2,3,Laptop & Accessory,1,Married,10,0,17.00,0,2,1,155.00,0.00,"2026-06-08 15:34:49"
52464,0,0,"0. New User (<1 Month)",Mobile Phone,1,9,Debit Card,female,2,3,Mobile Phone,1,Married,2,0,21.00,1,1,0,121.00,1.00,"2026-06-08 15:34:49"
52465,0,11,"2. Mid-Loyal (7-12 Months)",Mobile Phone,3,20,Debit Card,male,3,3,Laptop & Accessory,4,Married,1,0,11.00,3,7,7,199.00,0.43,"2026-06-08 15:34:49"
52466,0,11,"2. Mid-Loyal (7-12 Months)",Mobile Phone,3,22,Debit Card,female,2,3,Laptop & Accessory,4,Single,3,0,12.00,1,1,2,142.00,1.00,"2026-06-08 15:34:49"
52467,0,9,"2. Mid-Loyal (7-12 Months)",Mobile Phone,3,7,Debit Card,female,3,3,Laptop & Accessory,3,Single,7,0,13.00,1,1,0,168.00,1.00,"2026-06-08 15:34:49"
52468,0,2,"1. Junior User (1-6 Months)",Mobile Phone,1,9,Credit Card,male,2,3,Mobile Phone,5,Single,2,1,18.00,0,1,5,147.00,0.00,"2026-06-08 15:34:49"
52469,0,8,"2. Mid-Loyal (7-12 Months)",Mobile Phone,1,16,Credit Card,female,2,3,Laptop & Accessory,3,Single,4,1,16.00,0,1,4,161.00,0.00,"2026-06-08 15:34:49"
52470,0,12,"2. Mid-Loyal (7-12 Months)",Mobile Phone,3,12,Credit Card,male,2,1,Fashion,3,Married,3,0,11.00,3,7,6,182.00,0.43,"2026-06-08 15:34:49"
52471,0,2,"1. Junior User (1-6 Months)",Computer,1,8,Debit Card,male,2,3,Laptop & Accessory,1,Married,2,0,19.00,1,1,3,189.00,1.00,"2026-06-08 15:34:49"
52472,0,23,"3. Core Loyal (>1 Year)",Mobile Phone,3,15,E wallet,male,2,3,Others,3,Married,5,1,0.0,0,1,0,293.00,0.00,"2026-06-08 15:34:49"
52473,0,0,"0. New User (<1 Month)",Mobile Phone,1,16,Cash on Delivery,male,2,1,Mobile Phone,3,Married,3,0,16.00,0,2,2,121.00,0.00,"2026-06-08 15:34:49"
52474,0,9,"2. Mid-Loyal (7-12 Months)",Computer,1,12,Debit Card,male,3,1,Laptop & Accessory,5,Married,4,1,13.00,0,1,2,156.00,0.00,"2026-06-08 15:34:49"
52475,0,15,"3. Core Loyal (>1 Year)",Mobile Phone,1,15,UPI,male,3,4,Others,1,Single,9,0,0.0,1,1,1,296.00,1.00,"2026-06-08 15:34:49"
52476,0,8,"2. Mid-Loyal (7-12 Months)",Mobile Phone,1,34,Debit Card,male,2,1,Laptop & Accessory,3,Married,2,0,17.00,6,6,8,134.00,1.00,"2026-06-08 15:34:49"
52477,0,7,"2. Mid-Loyal (7-12 Months)",Computer,1,16,Cash on Delivery,male,3,4,Laptop & Accessory,3,Married,2,0,14.00,1,7,7,151.00,0.14,"2026-06-08 15:34:49"
52478,0,13,"3. Core Loyal (>1 Year)",Mobile Phone,3,20,Debit Card,female,2,3,Laptop & Accessory,5,Married,2,0,15.00,0,1,2,146.00,0.00,"2026-06-08 15:34:49"
52479,0,16,"3. Core Loyal (>1 Year)",Mobile Phone,1,33,Cash on Delivery,male,2,1,Mobile Phone,4,Married,6,0,12.00,1,1,2,149.00,1.00,"2026-06-08 15:34:49"
52480,0,8,"2. Mid-Loyal (7-12 Months)",Mobile Phone,1,13,Debit Card,male,0,4,Mobile Phone,1,Married,2,0,18.00,1,1,1,127.00,1.00,"2026-06-08 15:34:49"
52481,0,19,"3. Core Loyal (>1 Year)",Mobile Phone,3,7,Debit Card,male,2,1,Grocery,5,Single,2,0,15.00,0,1,12,276.00,0.00,"2026-06-08 15:34:49"
52482,1,0,"0. New User (<1 Month)",Mobile Phone,1,-1,Credit Card,male,2,3,Mobile Phone,4,Married,2,1,17.00,0,1,0,124.00,0.00,"2026-06-08 15:34:49"
52483,0,0,"0. New User (<1 Month)",Computer,1,32,UPI,female,0,4,Mobile Phone,3,Married,2,1,14.00,1,1,3,128.00,1.00,"2026-06-08 15:34:49"
52484,0,23,"3. Core Loyal (>1 Year)",Computer,1,26,Credit Card,male,2,3,Grocery,3,Married,3,1,15.00,0,12,-1,212.00,0.00,"2026-06-08 15:34:49"
52485,0,5,"1. Junior User (1-6 Months)",Mobile Phone,1,11,UPI,female,2,1,Mobile Phone,1,Married,4,0,17.00,1,1,2,133.00,1.00,"2026-06-08 15:34:49"
52486,0,17,"3. Core Loyal (>1 Year)",Mobile Phone,1,13,Credit Card,female,2,3,Others,1,Married,1,1,14.00,0,1,10,290.00,0.00,"2026-06-08 15:34:49"
52487,0,0,"0. New User (<1 Month)",Mobile Phone,1,13,Credit Card,male,2,4,Mobile Phone,4,Married,2,0,12.00,1,1,1,121.00,1.00,"2026-06-08 15:34:49"
52488,0,18,"3. Core Loyal (>1 Year)",Mobile Phone,1,11,Credit Card,female,2,5,Laptop & Accessory,5,Single,2,1,14.00,0,1,4,158.00,0.00,"2026-06-08 15:34:49"
52489,0,18,"3. Core Loyal (>1 Year)",Computer,3,32,E wallet,male,2,4,Laptop & Accessory,5,Married,2,0,15.00,3,4,5,144.00,0.75,"2026-06-08 15:34:49"
52490,0,4,"1. Junior User (1-6 Months)",Computer,3,8,UPI,male,2,3,Laptop & Accessory,5,Single,8,0,13.00,1,1,3,153.00,1.00,"2026-06-08 15:34:49"
52491,0,9,"2. Mid-Loyal (7-12 Months)",Mobile Phone,1,18,Debit Card,female,3,3,Laptop & Accessory,3,Married,10,1,12.00,0,1,1,147.00,0.00,"2026-06-08 15:34:49"
52492,0,7,"2. Mid-Loyal (7-12 Months)",Computer,1,16,Debit Card,male,2,1,Laptop & Accessory,1,Married,2,0,13.00,3,7,2,147.00,0.43,"2026-06-08 15:34:49"
52493,0,22,"3. Core Loyal (>1 Year)",Mobile Phone,1,31,Debit Card,female,2,3,Mobile Phone,5,Married,2,0,14.00,1,1,4,132.00,1.00,"2026-06-08 15:34:49"
52494,0,12,"2. Mid-Loyal (7-12 Months)",Mobile Phone,1,16,Credit Card,male,3,3,Laptop & Accessory,5,Married,3,0,13.00,3,7,7,154.00,0.43,"2026-06-08 15:34:49"
52495,0,0,"0. New User (<1 Month)",Mobile Phone,1,25,UPI,male,3,4,Mobile Phone,5,Married,2,0,11.00,0,1,7,141.00,0.00,"2026-06-08 15:34:49"
52496,0,8,"2. Mid-Loyal (7-12 Months)",Mobile Phone,1,24,Debit Card,male,2,1,Laptop & Accessory,5,Married,2,0,11.00,1,1,10,152.00,1.00,"2026-06-08 15:34:49"
52497,0,1,"1. Junior User (1-6 Months)",Mobile Phone,1,33,Credit Card,female,2,5,Laptop & Accessory,5,Married,1,0,21.00,1,1,0,149.00,1.00,"2026-06-08 15:34:49"
52498,0,0,"0. New User (<1 Month)",Mobile Phone,1,11,Credit Card,male,0,3,Mobile Phone,1,Single,2,0,18.00,0,2,2,131.00,0.00,"2026-06-08 15:34:49"
52499,1,0,"0. New User (<1 Month)",Computer,3,9,Credit Card,female,3,3,Mobile Phone,1,Single,2,1,12.00,1,1,0,116.00,1.00,"2026-06-08 15:34:49"
52500,0,20,"3. Core Loyal (>1 Year)",Mobile Phone,2,32,Debit Card,female,3,3,Others,3,Married,4,0,0.0,1,1,0,297.00,1.00,"2026-06-08 15:34:49"
52501,0,12,"2. Mid-Loyal (7-12 Months)",Mobile Phone,1,9,Credit Card,male,0,4,Laptop & Accessory,3,Married,1,0,15.00,0,1,7,131.00,0.00,"2026-06-08 15:34:49"
52502,0,13,"3. Core Loyal (>1 Year)",Mobile Phone,1,21,Debit Card,female,3,4,Fashion,3,Married,2,0,13.00,6,14,12,204.00,0.43,"2026-06-08 15:34:49"
52503,0,8,"2. Mid-Loyal (7-12 Months)",Computer,1,14,Debit Card,female,2,3,Laptop & Accessory,3,Married,2,0,12.00,0,2,9,141.00,0.00,"2026-06-08 15:34:49"
52504,0,10,"2. Mid-Loyal (7-12 Months)",Mobile Phone,1,25,Debit Card,male,2,3,Laptop & Accessory,3,Married,4,0,17.00,0,1,2,158.00,0.00,"2026-06-08 15:34:49"
52505,0,12,"2. Mid-Loyal (7-12 Months)",Computer,1,10,Credit Card,female,2,3,Laptop & Accessory,3,Single,1,0,13.00,3,3,8,150.00,1.00,"2026-06-08 15:34:49"
52506,0,18,"3. Core Loyal (>1 Year)",Mobile Phone,1,8,UPI,female,2,4,Laptop & Accessory,1,Married,2,0,19.00,3,3,9,158.00,1.00,"2026-06-08 15:34:49"
52507,0,11,"2. Mid-Loyal (7-12 Months)",Mobile Phone,1,8,Credit Card,female,2,4,Fashion,3,Married,4,1,19.00,0,1,2,178.00,0.00,"2026-06-08 15:34:49"
52508,1,0,"0. New User (<1 Month)",Mobile Phone,3,16,Credit Card,male,2,4,Fashion,5,Married,10,0,17.00,0,6,0,203.00,0.00,"2026-06-08 15:34:49"
52509,0,10,"2. Mid-Loyal (7-12 Months)",Mobile Phone,1,16,Credit Card,female,3,3,Mobile Phone,4,Married,2,0,11.00,4,7,7,139.00,0.57,"2026-06-08 15:34:49"
52510,0,13,"3. Core Loyal (>1 Year)",Mobile Phone,1,22,Debit Card,female,2,3,Fashion,1,Single,7,1,15.00,3,3,3,179.00,1.00,"2026-06-08 15:34:49"
52511,0,17,"3. Core Loyal (>1 Year)",Computer,2,7,UPI,male,2,3,Laptop & Accessory,1,Married,5,1,11.00,1,1,2,157.00,1.00,"2026-06-08 15:34:49"
52512,0,21,"3. Core Loyal (>1 Year)",Computer,1,10,Credit Card,male,2,4,Grocery,1,Married,3,0,25.00,0,0,2,252.00,0.00,"2026-06-08 15:34:49"
52513,1,0,"0. New User (<1 Month)",Mobile Phone,3,21,Credit Card,male,2,5,Laptop & Accessory,1,Married,7,1,14.00,0,2,2,154.00,0.00,"2026-06-08 15:34:49"
52514,0,0,"0. New User (<1 Month)",Computer,1,8,Cash on Delivery,female,2,3,Mobile Phone,1,Single,2,1,13.00,0,1,3,138.00,0.00,"2026-06-08 15:34:49"
52515,0,0,"0. New User (<1 Month)",Mobile Phone,1,14,Credit Card,female,2,1,Mobile Phone,3,Married,8,0,17.00,0,1,2,135.00,0.00,"2026-06-08 15:34:49"
52516,0,0,"0. New User (<1 Month)",Computer,1,-1,Credit Card,male,2,3,Mobile Phone,1,Single,3,0,13.00,0,1,2,126.00,0.00,"2026-06-08 15:34:49"
52517,1,0,"0. New User (<1 Month)",Mobile Phone,1,13,Debit Card,male,3,3,Mobile Phone,5,Single,4,1,14.00,0,1,3,122.00,0.00,"2026-06-08 15:34:49"
52518,0,2,"1. Junior User (1-6 Months)",Mobile Phone,3,16,Credit Card,male,2,4,Laptop & Accessory,3,Single,10,0,11.00,1,1,4,159.00,1.00,"2026-06-08 15:34:49"
52519,0,9,"2. Mid-Loyal (7-12 Months)",Mobile Phone,1,11,Debit Card,female,2,3,Fashion,5,Married,5,0,12.00,1,1,2,180.00,1.00,"2026-06-08 15:34:49"
52520,0,0,"0. New User (<1 Month)",Computer,1,8,Debit Card,male,3,1,Laptop & Accessory,3,Married,2,0,17.00,1,1,7,152.00,1.00,"2026-06-08 15:34:49"
52521,0,12,"2. Mid-Loyal (7-12 Months)",Mobile Phone,1,18,Credit Card,male,3,3,Laptop & Accessory,4,Married,5,0,21.00,1,1,0,153.00,1.00,"2026-06-08 15:34:49"
52522,0,22,"3. Core Loyal (>1 Year)",Mobile Phone,1,28,UPI,female,3,3,Grocery,4,Married,4,0,16.00,0,1,2,264.00,0.00,"2026-06-08 15:34:49"
52523,0,23,"3. Core Loyal (>1 Year)",Mobile Phone,1,23,Debit Card,female,2,4,Fashion,5,Married,6,0,15.00,0,0,11,233.00,0.00,"2026-06-08 15:34:49"
52524,0,0,"0. New User (<1 Month)",Mobile Phone,3,8,Credit Card,female,0,3,Mobile Phone,3,Single,2,0,19.00,0,2,2,128.00,0.00,"2026-06-08 15:34:49"
52525,0,7,"2. Mid-Loyal (7-12 Months)",Mobile Phone,1,9,Debit Card,female,3,3,Laptop & Accessory,4,Married,2,0,12.00,1,7,9,154.00,0.14,"2026-06-08 15:34:49"
52526,0,0,"0. New User (<1 Month)",Mobile Phone,1,13,Debit Card,male,3,3,Mobile Phone,4,Single,3,0,11.00,0,1,3,120.00,0.00,"2026-06-08 15:34:49"
52527,0,22,"3. Core Loyal (>1 Year)",Mobile Phone,1,12,Debit Card,female,2,4,Grocery,3,Married,3,1,19.00,2,0,12,240.00,0.00,"2026-06-08 15:34:49"
52528,0,9,"2. Mid-Loyal (7-12 Months)",Computer,1,7,Credit Card,female,2,4,Laptop & Accessory,3,Married,1,0,15.00,0,1,2,144.00,0.00,"2026-06-08 15:34:49"
52529,0,9,"2. Mid-Loyal (7-12 Months)",Mobile Phone,1,9,Debit Card,male,3,1,Laptop & Accessory,5,Married,7,0,20.00,0,1,4,168.00,0.00,"2026-06-08 15:34:49"
52530,0,27,"3. Core Loyal (>1 Year)",Mobile Phone,1,28,Credit Card,female,3,3,Grocery,3,Married,4,0,25.00,0,4,7,274.00,0.00,"2026-06-08 15:34:49"
52531,0,16,"3. Core Loyal (>1 Year)",Mobile Phone,1,21,Debit Card,male,3,4,Grocery,3,Married,2,0,24.00,0,6,11,276.00,0.00,"2026-06-08 15:34:49"
52532,1,0,"0. New User (<1 Month)",Computer,3,18,UPI,male,2,3,Laptop & Accessory,1,Single,4,1,24.00,5,6,7,146.00,0.83,"2026-06-08 15:34:49"
52533,0,11,"2. Mid-Loyal (7-12 Months)",Computer,1,7,Debit Card,male,2,3,Laptop & Accessory,1,Married,8,0,15.00,1,2,9,147.00,0.50,"2026-06-08 15:34:49"
52534,0,2,"1. Junior User (1-6 Months)",Mobile Phone,3,11,Credit Card,male,2,4,Laptop & Accessory,4,Married,2,1,13.00,0,1,9,142.00,0.00,"2026-06-08 15:34:49"
52535,0,6,"1. Junior User (1-6 Months)",Mobile Phone,3,8,Credit Card,male,3,3,Laptop & Accessory,1,Married,2,0,14.00,1,1,4,155.00,1.00,"2026-06-08 15:34:49"
52536,0,5,"1. Junior User (1-6 Months)",Mobile Phone,1,8,Credit Card,male,2,3,Laptop & Accessory,4,Married,1,0,13.00,1,1,6,155.00,1.00,"2026-06-08 15:34:49"
52537,0,4,"1. Junior User (1-6 Months)",Mobile Phone,3,11,Debit Card,female,3,3,Laptop & Accessory,1,Married,2,0,11.00,0,1,2,155.00,0.00,"2026-06-08 15:34:49"
52538,0,22,"3. Core Loyal (>1 Year)",Mobile Phone,1,-1,Credit Card,female,3,3,Mobile Phone,5,Married,5,1,16.00,0,2,2,126.00,0.00,"2026-06-08 15:34:49"
52539,0,11,"2. Mid-Loyal (7-12 Months)",Computer,1,-1,Credit Card,female,2,4,Mobile Phone,4,Single,2,0,22.00,0,3,3,124.00,0.00,"2026-06-08 15:34:49"
52540,0,20,"3. Core Loyal (>1 Year)",Mobile Phone,3,8,Debit Card,female,2,1,Grocery,4,Married,7,0,14.00,1,0,2,260.00,0.00,"2026-06-08 15:34:49"
52541,0,22,"3. Core Loyal (>1 Year)",Mobile Phone,1,7,Debit Card,male,2,3,Grocery,3,Single,5,0,14.00,1,0,0,254.00,0.00,"2026-06-08 15:34:49"
52542,0,14,"3. Core Loyal (>1 Year)",Mobile Phone,3,29,Debit Card,male,3,3,Fashion,3,Single,4,1,16.00,0,1,2,171.00,0.00,"2026-06-08 15:34:49"
52543,0,0,"0. New User (<1 Month)",Mobile Phone,3,15,Debit Card,male,0,3,Mobile Phone,5,Single,2,0,11.00,0,1,2,127.00,0.00,"2026-06-08 15:34:49"
52544,0,6,"1. Junior User (1-6 Months)",Computer,3,22,Debit Card,female,2,3,Laptop & Accessory,1,Married,2,1,25.00,0,1,2,154.00,0.00,"2026-06-08 15:34:49"
52545,0,9,"2. Mid-Loyal (7-12 Months)",Mobile Phone,1,32,Debit Card,male,3,3,Laptop & Accessory,3,Married,7,0,14.00,1,1,2,153.00,1.00,"2026-06-08 15:34:49"
52546,0,17,"3. Core Loyal (>1 Year)",Mobile Phone,2,7,Debit Card,female,2,3,Mobile Phone,1,Married,5,1,18.00,2,2,2,132.00,1.00,"2026-06-08 15:34:49"
52547,1,0,"0. New User (<1 Month)",Mobile Phone,1,14,Credit Card,male,3,4,Mobile Phone,3,Single,2,1,11.00,1,1,2,140.00,1.00,"2026-06-08 15:34:49"
52548,0,11,"2. Mid-Loyal (7-12 Months)",Mobile Phone,1,10,Credit Card,female,2,3,Mobile Phone,3,Married,8,0,19.00,0,1,0,133.00,0.00,"2026-06-08 15:34:49"
52549,0,26,"3. Core Loyal (>1 Year)",Mobile Phone,1,30,Credit Card,male,2,1,Fashion,1,Married,4,0,15.00,0,1,2,170.00,0.00,"2026-06-08 15:34:49"
52550,1,11,"2. Mid-Loyal (7-12 Months)",Computer,3,-1,Credit Card,female,3,3,Mobile Phone,3,Married,3,1,11.00,1,7,7,127.00,0.14,"2026-06-08 15:34:49"
52551,1,0,"0. New User (<1 Month)",Mobile Phone,1,8,Debit Card,male,3,3,Mobile Phone,4,Single,2,0,12.00,0,1,0,114.00,0.00,"2026-06-08 15:34:49"
52552,0,0,"0. New User (<1 Month)",Computer,1,-1,Credit Card,male,3,3,Mobile Phone,1,Single,2,0,20.00,0,5,7,126.00,0.00,"2026-06-08 15:34:49"
52553,0,28,"3. Core Loyal (>1 Year)",Mobile Phone,1,28,Cash on Delivery,male,3,4,Mobile Phone,4,Married,6,0,12.00,1,1,2,135.00,1.00,"2026-06-08 15:34:49"
52554,0,7,"2. Mid-Loyal (7-12 Months)",Mobile Phone,1,11,Credit Card,male,2,4,Laptop & Accessory,1,Married,2,0,14.00,0,4,13,140.00,0.00,"2026-06-08 15:34:49"
52555,0,30,"3. Core Loyal (>1 Year)",Mobile Phone,1,7,Credit Card,male,3,5,Fashion,1,Married,4,0,20.00,1,1,0,209.00,1.00,"2026-06-08 15:34:49"
52556,0,0,"0. New User (<1 Month)",Mobile Phone,1,27,Credit Card,male,3,1,Mobile Phone,4,Married,2,0,18.00,0,2,13,120.00,0.00,"2026-06-08 15:34:49"
52557,0,10,"2. Mid-Loyal (7-12 Months)",Computer,3,7,Credit Card,male,2,5,Laptop & Accessory,1,Married,2,0,14.00,1,1,3,195.00,1.00,"2026-06-08 15:34:49"
52558,0,7,"2. Mid-Loyal (7-12 Months)",Mobile Phone,1,25,Debit Card,female,0,4,Mobile Phone,1,Married,2,0,12.00,1,8,7,129.00,0.13,"2026-06-08 15:34:49"
52559,1,0,"0. New User (<1 Month)",Mobile Phone,3,13,Debit Card,male,3,3,Mobile Phone,1,Married,2,1,21.00,1,1,2,123.00,1.00,"2026-06-08 15:34:49"
52560,0,17,"3. Core Loyal (>1 Year)",Mobile Phone,1,8,Debit Card,female,3,1,Fashion,1,Married,2,1,19.00,1,6,7,179.00,0.17,"2026-06-08 15:34:49"
52561,0,8,"2. Mid-Loyal (7-12 Months)",Computer,1,8,Credit Card,male,3,4,Mobile Phone,1,Single,1,1,14.00,1,1,4,149.00,1.00,"2026-06-08 15:34:49"
52562,0,16,"3. Core Loyal (>1 Year)",Mobile Phone,3,8,Credit Card,male,3,3,Laptop & Accessory,1,Married,2,1,17.00,3,8,8,178.00,0.38,"2026-06-08 15:34:49"
52563,0,0,"0. New User (<1 Month)",Mobile Phone,1,15,Credit Card,male,3,1,Mobile Phone,3,Married,2,0,16.00,0,1,4,144.00,0.00,"2026-06-08 15:34:49"
52564,0,14,"3. Core Loyal (>1 Year)",Mobile Phone,3,12,E wallet,male,2,3,Fashion,3,Single,2,0,12.00,3,8,7,192.00,0.38,"2026-06-08 15:34:49"
52565,0,2,"1. Junior User (1-6 Months)",Mobile Phone,1,15,Credit Card,female,0,3,Mobile Phone,3,Married,10,0,17.00,0,1,2,130.00,0.00,"2026-06-08 15:34:49"
52566,0,9,"2. Mid-Loyal (7-12 Months)",Mobile Phone,3,8,Debit Card,female,2,3,Laptop & Accessory,1,Single,4,0,15.00,6,6,7,145.00,1.00,"2026-06-08 15:34:49"
52567,0,18,"3. Core Loyal (>1 Year)",Computer,1,7,Debit Card,male,3,4,Fashion,3,Married,4,0,23.00,4,14,4,207.00,0.29,"2026-06-08 15:34:49"
52568,1,0,"0. New User (<1 Month)",Mobile Phone,2,28,UPI,male,2,5,Mobile Phone,3,Married,2,0,11.00,0,1,0,116.00,0.00,"2026-06-08 15:34:49"
52569,1,10,"2. Mid-Loyal (7-12 Months)",Computer,3,15,Debit Card,male,2,5,Grocery,3,Married,8,0,11.00,6,14,-1,229.00,0.43,"2026-06-08 15:34:49"
52570,0,0,"0. New User (<1 Month)",Mobile Phone,1,23,Credit Card,male,3,5,Mobile Phone,3,Married,2,0,15.00,1,1,2,123.00,1.00,"2026-06-08 15:34:49"
52571,0,18,"3. Core Loyal (>1 Year)",Mobile Phone,1,34,Cash on Delivery,female,2,4,Grocery,4,Single,2,0,11.00,0,8,6,267.00,0.00,"2026-06-08 15:34:49"
52572,0,5,"1. Junior User (1-6 Months)",Computer,1,16,Debit Card,male,2,3,Mobile Phone,3,Married,7,0,13.00,0,1,3,134.00,0.00,"2026-06-08 15:34:49"
52573,0,4,"1. Junior User (1-6 Months)",Mobile Phone,1,8,Debit Card,male,3,3,Mobile Phone,3,Married,2,0,14.00,1,1,3,135.00,1.00,"2026-06-08 15:34:49"
52574,0,14,"3. Core Loyal (>1 Year)",Computer,2,10,UPI,male,2,5,Laptop & Accessory,4,Married,7,0,19.00,0,1,2,164.00,0.00,"2026-06-08 15:34:49"
52575,0,13,"3. Core Loyal (>1 Year)",Mobile Phone,1,14,Debit Card,female,3,3,Laptop & Accessory,5,Married,3,1,16.00,1,1,0,165.00,1.00,"2026-06-08 15:34:49"
52576,0,0,"0. New User (<1 Month)",Mobile Phone,1,35,Credit Card,male,3,3,Mobile Phone,5,Married,2,0,13.00,1,1,2,139.00,1.00,"2026-06-08 15:34:49"
52577,0,19,"3. Core Loyal (>1 Year)",Mobile Phone,1,19,Debit Card,male,2,3,Laptop & Accessory,4,Single,7,0,14.00,1,1,9,156.00,1.00,"2026-06-08 15:34:49"
52578,0,8,"2. Mid-Loyal (7-12 Months)",Mobile Phone,1,33,Debit Card,male,2,3,Laptop & Accessory,3,Married,3,0,16.00,1,1,7,169.00,1.00,"2026-06-08 15:34:49"
52579,0,3,"1. Junior User (1-6 Months)",Mobile Phone,1,22,Debit Card,male,0,3,Mobile Phone,1,Married,2,0,12.00,0,1,8,129.00,0.00,"2026-06-08 15:34:49"
52580,0,20,"3. Core Loyal (>1 Year)",Computer,3,8,E wallet,male,2,3,Laptop & Accessory,4,Married,8,0,11.00,0,1,0,150.00,0.00,"2026-06-08 15:34:49"
52581,0,19,"3. Core Loyal (>1 Year)",Mobile Phone,3,8,Debit Card,male,3,3,Fashion,1,Married,5,1,12.00,0,1,3,204.00,0.00,"2026-06-08 15:34:49"
52582,1,0,"0. New User (<1 Month)",Mobile Phone,3,19,E wallet,male,3,4,Laptop & Accessory,5,Married,6,1,13.00,1,2,2,161.00,0.50,"2026-06-08 15:34:49"
52583,1,0,"0. New User (<1 Month)",Mobile Phone,3,7,Debit Card,male,2,5,Laptop & Accessory,4,Single,7,0,15.00,0,1,0,167.00,0.00,"2026-06-08 15:34:49"
52584,0,0,"0. New User (<1 Month)",Mobile Phone,1,10,Credit Card,female,2,3,Mobile Phone,4,Single,2,0,13.00,0,1,2,133.00,0.00,"2026-06-08 15:34:49"
52585,0,4,"1. Junior User (1-6 Months)",Computer,1,30,Cash on Delivery,female,1,3,Laptop & Accessory,1,Single,3,0,20.00,0,1,4,152.00,0.00,"2026-06-08 15:34:49"
52586,0,12,"2. Mid-Loyal (7-12 Months)",Computer,1,7,Debit Card,male,3,3,Laptop & Accessory,1,Married,2,1,15.00,0,5,8,165.00,0.00,"2026-06-08 15:34:49"
52587,0,5,"1. Junior User (1-6 Months)",Mobile Phone,3,25,Debit Card,male,3,5,Fashion,3,Married,4,0,13.00,0,1,2,196.00,0.00,"2026-06-08 15:34:49"
52588,0,13,"3. Core Loyal (>1 Year)",Mobile Phone,3,13,Credit Card,male,2,3,Others,4,Single,2,0,0.0,12,12,8,298.00,1.00,"2026-06-08 15:34:49"
52589,0,18,"3. Core Loyal (>1 Year)",Mobile Phone,2,10,Debit Card,female,2,5,Fashion,3,Married,5,0,21.00,1,1,3,198.00,1.00,"2026-06-08 15:34:49"
52590,0,3,"1. Junior User (1-6 Months)",Computer,1,8,Cash on Delivery,female,3,4,Mobile Phone,5,Single,1,0,16.00,0,1,7,150.00,0.00,"2026-06-08 15:34:49"
52591,0,0,"0. New User (<1 Month)",Computer,2,16,Credit Card,male,2,3,Mobile Phone,1,Married,1,0,14.00,0,2,1,121.00,0.00,"2026-06-08 15:34:49"
52592,1,0,"0. New User (<1 Month)",Computer,2,14,UPI,female,3,4,Mobile Phone,1,Married,7,0,11.00,1,1,2,122.00,1.00,"2026-06-08 15:34:49"
52593,0,4,"1. Junior User (1-6 Months)",Mobile Phone,3,11,Cash on Delivery,male,2,3,Laptop & Accessory,3,Married,2,0,19.00,1,1,2,183.00,1.00,"2026-06-08 15:34:49"
52594,0,0,"0. New User (<1 Month)",Mobile Phone,1,14,Credit Card,female,3,3,Mobile Phone,1,Single,2,0,11.00,0,1,4,134.00,0.00,"2026-06-08 15:34:49"
52595,1,0,"0. New User (<1 Month)",Mobile Phone,3,15,E wallet,female,0,5,Mobile Phone,4,Single,2,0,13.00,2,2,2,128.00,1.00,"2026-06-08 15:34:49"
52596,0,2,"1. Junior User (1-6 Months)",Computer,1,7,Debit Card,male,3,1,Laptop & Accessory,3,Single,9,1,12.00,1,1,2,163.00,1.00,"2026-06-08 15:34:49"
52597,0,3,"1. Junior User (1-6 Months)",Mobile Phone,3,21,E wallet,male,3,4,Fashion,5,Married,3,0,11.00,1,1,7,171.00,1.00,"2026-06-08 15:34:49"
52598,0,7,"2. Mid-Loyal (7-12 Months)",Mobile Phone,1,8,Credit Card,male,0,1,Mobile Phone,1,Married,1,1,14.00,1,1,2,129.00,1.00,"2026-06-08 15:34:49"
52599,0,6,"1. Junior User (1-6 Months)",Computer,3,8,E wallet,female,3,3,Laptop & Accessory,4,Single,9,0,15.00,1,1,7,151.00,1.00,"2026-06-08 15:34:49"
52600,0,22,"3. Core Loyal (>1 Year)",Mobile Phone,3,17,E wallet,female,3,3,Laptop & Accessory,1,Single,4,0,12.00,0,1,4,145.00,0.00,"2026-06-08 15:34:49"
52601,1,0,"0. New User (<1 Month)",Mobile Phone,3,22,Debit Card,female,3,3,Fashion,5,Single,3,1,20.00,1,1,0,186.00,1.00,"2026-06-08 15:34:49"
52602,0,11,"2. Mid-Loyal (7-12 Months)",Computer,1,-1,Credit Card,female,3,4,Mobile Phone,4,Married,5,0,14.00,0,1,5,125.00,0.00,"2026-06-08 15:34:49"
52603,1,0,"0. New User (<1 Month)",Mobile Phone,3,22,E wallet,male,3,3,Fashion,3,Married,3,0,13.00,0,1,0,182.00,0.00,"2026-06-08 15:34:49"
52604,0,0,"0. New User (<1 Month)",Mobile Phone,1,10,Cash on Delivery,female,3,4,Mobile Phone,5,Married,2,0,13.00,0,1,0,121.00,0.00,"2026-06-08 15:34:49"
52605,0,3,"1. Junior User (1-6 Months)",Mobile Phone,1,22,Debit Card,male,2,1,Laptop & Accessory,3,Married,4,0,16.00,1,1,7,153.00,1.00,"2026-06-08 15:34:49"
52606,0,5,"1. Junior User (1-6 Months)",Computer,1,11,Cash on Delivery,male,0,3,Mobile Phone,4,Single,3,0,14.00,1,1,7,127.00,1.00,"2026-06-08 15:34:49"
52607,0,11,"2. Mid-Loyal (7-12 Months)",Mobile Phone,1,24,Credit Card,male,2,5,Laptop & Accessory,1,Married,4,1,16.00,0,1,0,158.00,0.00,"2026-06-08 15:34:49"
52608,1,6,"1. Junior User (1-6 Months)",Computer,1,-1,Cash on Delivery,male,2,4,Mobile Phone,3,Married,10,1,16.00,1,1,0,124.00,1.00,"2026-06-08 15:34:49"
52609,0,15,"3. Core Loyal (>1 Year)",Mobile Phone,1,18,Credit Card,male,0,3,Mobile Phone,4,Married,9,0,22.00,1,1,4,128.00,1.00,"2026-06-08 15:34:49"
52610,0,28,"3. Core Loyal (>1 Year)",Mobile Phone,1,8,Credit Card,male,2,4,Others,5,Married,9,0,12.00,0,1,0,290.00,0.00,"2026-06-08 15:34:49"
52611,0,6,"1. Junior User (1-6 Months)",Computer,1,10,Cash on Delivery,male,0,3,Laptop & Accessory,4,Married,6,0,15.00,0,1,7,131.00,0.00,"2026-06-08 15:34:49"
52612,0,0,"0. New User (<1 Month)",Mobile Phone,1,15,Debit Card,male,3,3,Mobile Phone,5,Married,2,0,20.00,0,1,4,123.00,0.00,"2026-06-08 15:34:49"
52613,0,7,"2. Mid-Loyal (7-12 Months)",Computer,3,16,Debit Card,male,2,3,Laptop & Accessory,3,Married,2,1,14.00,1,1,7,140.00,1.00,"2026-06-08 15:34:49"
52614,0,26,"3. Core Loyal (>1 Year)",Computer,1,7,Credit Card,female,2,4,Grocery,3,Married,5,1,20.00,1,1,-1,230.00,1.00,"2026-06-08 15:34:49"
52615,0,16,"3. Core Loyal (>1 Year)",Mobile Phone,2,8,Debit Card,male,3,3,Mobile Phone,1,Single,1,0,13.00,1,1,8,135.00,1.00,"2026-06-08 15:34:49"
52616,0,7,"2. Mid-Loyal (7-12 Months)",Mobile Phone,3,9,Debit Card,female,2,5,Laptop & Accessory,1,Single,6,0,12.00,2,2,2,160.00,1.00,"2026-06-08 15:34:49"
52617,1,0,"0. New User (<1 Month)",Mobile Phone,3,13,E wallet,male,0,3,Mobile Phone,4,Single,2,0,13.00,0,1,0,127.00,0.00,"2026-06-08 15:34:49"
52618,0,11,"2. Mid-Loyal (7-12 Months)",Mobile Phone,1,12,UPI,female,2,4,Mobile Phone,3,Married,2,0,11.00,1,1,4,137.00,1.00,"2026-06-08 15:34:49"
52619,1,0,"0. New User (<1 Month)",Mobile Phone,1,-1,Credit Card,female,3,3,Mobile Phone,5,Married,2,1,17.00,0,1,0,124.00,0.00,"2026-06-08 15:34:49"
52620,0,4,"1. Junior User (1-6 Months)",Mobile Phone,3,35,E wallet,female,3,4,Laptop & Accessory,1,Married,2,0,14.00,0,5,7,155.00,0.00,"2026-06-08 15:34:49"
52621,0,24,"3. Core Loyal (>1 Year)",Mobile Phone,1,9,Cash on Delivery,female,2,3,Fashion,3,Married,3,0,11.00,2,2,-1,231.00,1.00,"2026-06-08 15:34:49"
52622,0,10,"2. Mid-Loyal (7-12 Months)",Mobile Phone,3,15,E wallet,male,2,4,Laptop & Accessory,4,Married,2,0,14.00,1,1,3,142.00,1.00,"2026-06-08 15:34:49"
52623,0,19,"3. Core Loyal (>1 Year)",Mobile Phone,1,8,Credit Card,male,2,3,Others,1,Married,8,1,0.0,2,2,2,293.00,1.00,"2026-06-08 15:34:49"
52624,0,9,"2. Mid-Loyal (7-12 Months)",Mobile Phone,1,16,Debit Card,male,2,3,Fashion,5,Married,8,1,13.00,2,5,7,183.00,0.40,"2026-06-08 15:34:49"
52625,1,7,"2. Mid-Loyal (7-12 Months)",Computer,1,-1,Credit Card,male,3,3,Mobile Phone,4,Married,2,1,12.00,2,2,3,123.00,1.00,"2026-06-08 15:34:49"
52626,0,10,"2. Mid-Loyal (7-12 Months)",Mobile Phone,2,14,UPI,male,2,3,Laptop & Accessory,4,Married,3,0,13.00,3,4,7,141.00,0.75,"2026-06-08 15:34:49"
52627,1,0,"0. New User (<1 Month)",Mobile Phone,3,33,Debit Card,male,2,3,Laptop & Accessory,1,Single,2,1,18.00,3,7,7,158.00,0.43,"2026-06-08 15:34:49"
52628,0,6,"1. Junior User (1-6 Months)",Mobile Phone,1,14,Debit Card,male,0,1,Mobile Phone,5,Married,7,0,19.00,3,7,6,131.00,0.43,"2026-06-08 15:34:49"
52629,0,0,"0. New User (<1 Month)",Mobile Phone,1,7,Debit Card,male,2,3,Mobile Phone,1,Married,2,0,11.00,0,1,3,120.00,0.00,"2026-06-08 15:34:49"
52630,0,12,"2. Mid-Loyal (7-12 Months)",Mobile Phone,1,16,Credit Card,male,3,3,Fashion,3,Single,8,0,21.00,2,0,2,235.00,0.00,"2026-06-08 15:34:49"
52631,0,19,"3. Core Loyal (>1 Year)",Computer,3,32,Debit Card,male,3,4,Laptop & Accessory,4,Single,9,0,15.00,1,2,2,180.00,0.50,"2026-06-08 15:34:49"
52632,0,13,"3. Core Loyal (>1 Year)",Mobile Phone,1,8,Debit Card,female,3,3,Mobile Phone,5,Married,5,0,17.00,1,1,2,134.00,1.00,"2026-06-08 15:34:49"
52633,0,15,"3. Core Loyal (>1 Year)",Mobile Phone,1,19,Credit Card,male,3,1,Laptop & Accessory,5,Married,6,0,18.00,1,1,0,155.00,1.00,"2026-06-08 15:34:49"
52634,0,8,"2. Mid-Loyal (7-12 Months)",Computer,1,8,Credit Card,male,2,3,Laptop & Accessory,1,Married,3,0,14.00,1,1,7,158.00,1.00,"2026-06-08 15:34:49"
52635,0,11,"2. Mid-Loyal (7-12 Months)",Computer,2,-1,UPI,male,3,3,Mobile Phone,4,Married,6,0,13.00,2,3,8,126.00,0.67,"2026-06-08 15:34:49"
52636,1,0,"0. New User (<1 Month)",Computer,1,15,Debit Card,male,3,3,Laptop & Accessory,5,Married,5,0,17.00,0,1,7,153.00,0.00,"2026-06-08 15:34:49"
52637,1,0,"0. New User (<1 Month)",Mobile Phone,1,16,Credit Card,male,2,3,Laptop & Accessory,5,Single,2,0,15.00,0,1,8,142.00,0.00,"2026-06-08 15:34:49"
52638,0,12,"2. Mid-Loyal (7-12 Months)",Computer,3,26,Debit Card,male,2,3,Laptop & Accessory,1,Married,3,0,18.00,1,2,2,141.00,0.50,"2026-06-08 15:34:49"
52639,0,16,"3. Core Loyal (>1 Year)",Computer,1,-1,Debit Card,male,2,3,Mobile Phone,3,Single,5,0,13.00,1,1,2,124.00,1.00,"2026-06-08 15:34:49"
52640,0,14,"3. Core Loyal (>1 Year)",Mobile Phone,1,11,Debit Card,male,2,1,Laptop & Accessory,4,Single,4,0,12.00,0,1,2,169.00,0.00,"2026-06-08 15:34:49"
52641,0,14,"3. Core Loyal (>1 Year)",Mobile Phone,3,10,E wallet,female,2,3,Fashion,3,Married,1,1,13.00,5,13,5,204.00,0.38,"2026-06-08 15:34:49"
52642,0,3,"1. Junior User (1-6 Months)",Mobile Phone,1,16,Credit Card,female,3,3,Fashion,3,Single,10,0,14.00,0,1,2,197.00,0.00,"2026-06-08 15:34:49"
52643,1,0,"0. New User (<1 Month)",Mobile Phone,2,26,Credit Card,female,3,3,Mobile Phone,4,Married,1,1,11.00,0,1,4,121.00,0.00,"2026-06-08 15:34:49"
52644,1,9,"2. Mid-Loyal (7-12 Months)",Mobile Phone,1,27,Credit Card,female,3,3,Laptop & Accessory,4,Married,5,0,22.00,3,3,7,189.00,1.00,"2026-06-08 15:34:49"
52645,0,13,"3. Core Loyal (>1 Year)",Mobile Phone,1,7,Debit Card,female,2,3,Laptop & Accessory,1,Married,5,0,17.00,0,1,3,165.00,0.00,"2026-06-08 15:34:49"
52646,0,7,"2. Mid-Loyal (7-12 Months)",Mobile Phone,3,14,Cash on Delivery,male,3,1,Laptop & Accessory,3,Married,2,0,21.00,2,4,8,168.00,0.50,"2026-06-08 15:34:49"
52647,0,30,"3. Core Loyal (>1 Year)",Computer,3,8,Credit Card,male,2,3,Grocery,4,Married,5,0,22.00,0,14,14,263.00,0.00,"2026-06-08 15:34:49"
52648,0,8,"2. Mid-Loyal (7-12 Months)",Mobile Phone,1,29,Credit Card,male,0,5,Mobile Phone,3,Married,1,0,16.00,0,1,3,127.00,0.00,"2026-06-08 15:34:49"
52649,0,20,"3. Core Loyal (>1 Year)",Mobile Phone,1,10,Debit Card,female,3,4,Fashion,4,Married,9,1,12.00,5,14,10,203.00,0.36,"2026-06-08 15:34:49"
52650,0,13,"3. Core Loyal (>1 Year)",Mobile Phone,1,18,Debit Card,female,2,3,Laptop & Accessory,5,Married,3,0,12.00,1,7,7,144.00,0.14,"2026-06-08 15:34:49"
52651,0,27,"3. Core Loyal (>1 Year)",Mobile Phone,1,13,Credit Card,female,3,3,Laptop & Accessory,1,Married,5,0,15.00,1,1,7,169.00,1.00,"2026-06-08 15:34:49"
52652,0,4,"1. Junior User (1-6 Months)",Computer,3,13,E wallet,female,3,3,Fashion,5,Married,3,0,14.00,2,2,2,196.00,1.00,"2026-06-08 15:34:49"
52653,0,1,"1. Junior User (1-6 Months)",Mobile Phone,1,7,Credit Card,female,3,3,Mobile Phone,5,Married,2,0,25.00,1,1,2,136.00,1.00,"2026-06-08 15:34:49"
52654,0,11,"2. Mid-Loyal (7-12 Months)",Mobile Phone,3,8,E wallet,female,3,5,Laptop & Accessory,1,Married,3,1,20.00,0,1,3,154.00,0.00,"2026-06-08 15:34:49"
52655,0,0,"0. New User (<1 Month)",Mobile Phone,3,16,Credit Card,male,2,3,Laptop & Accessory,1,Single,2,0,13.00,1,1,2,147.00,1.00,"2026-06-08 15:34:49"
52656,0,30,"3. Core Loyal (>1 Year)",Computer,1,21,Debit Card,male,2,3,Grocery,3,Married,3,1,14.00,2,0,2,258.00,0.00,"2026-06-08 15:34:49"
52657,0,0,"0. New User (<1 Month)",Computer,1,20,Credit Card,female,2,3,Mobile Phone,3,Single,2,0,16.00,1,1,0,115.00,1.00,"2026-06-08 15:34:49"
52658,1,0,"0. New User (<1 Month)",Mobile Phone,2,24,UPI,male,0,1,Mobile Phone,5,Married,1,0,17.00,1,1,0,130.00,1.00,"2026-06-08 15:34:49"
52659,1,0,"0. New User (<1 Month)",Mobile Phone,2,-1,UPI,male,2,4,Mobile Phone,5,Married,5,1,15.00,2,2,0,123.00,1.00,"2026-06-08 15:34:49"
52660,0,18,"3. Core Loyal (>1 Year)",Computer,3,8,Debit Card,female,3,3,Laptop & Accessory,3,Married,5,0,22.00,3,5,7,152.00,0.60,"2026-06-08 15:34:49"
52661,0,9,"2. Mid-Loyal (7-12 Months)",Mobile Phone,1,8,UPI,female,3,3,Laptop & Accessory,4,Married,5,1,22.00,1,1,0,170.00,1.00,"2026-06-08 15:34:49"
52662,0,16,"3. Core Loyal (>1 Year)",Computer,3,8,Debit Card,male,3,3,Laptop & Accessory,1,Married,2,0,20.00,7,7,7,157.00,1.00,"2026-06-08 15:34:49"
52663,0,0,"0. New User (<1 Month)",Computer,1,-1,Debit Card,female,2,3,Mobile Phone,1,Single,1,1,14.00,1,1,2,124.00,1.00,"2026-06-08 15:34:49"
52664,0,2,"1. Junior User (1-6 Months)",Computer,1,26,Credit Card,male,2,3,Mobile Phone,1,Married,2,0,13.00,1,3,10,138.00,0.33,"2026-06-08 15:34:49"
52665,0,5,"1. Junior User (1-6 Months)",Computer,3,16,E wallet,male,3,3,Laptop & Accessory,1,Single,9,0,13.00,0,1,0,146.00,0.00,"2026-06-08 15:34:49"
52666,0,15,"3. Core Loyal (>1 Year)",Computer,1,16,Cash on Delivery,male,0,3,Mobile Phone,3,Married,4,0,22.00,3,3,3,129.00,1.00,"2026-06-08 15:34:49"
52667,0,0,"0. New User (<1 Month)",Mobile Phone,1,15,Debit Card,female,3,3,Mobile Phone,3,Single,5,0,12.00,0,2,0,121.00,0.00,"2026-06-08 15:34:49"
52668,0,19,"3. Core Loyal (>1 Year)",Mobile Phone,1,8,Debit Card,male,2,3,Fashion,1,Married,4,0,14.00,0,4,7,186.00,0.00,"2026-06-08 15:34:49"
52669,0,1,"1. Junior User (1-6 Months)",Computer,2,7,Debit Card,male,0,3,Mobile Phone,1,Married,2,0,15.00,1,2,2,127.00,0.50,"2026-06-08 15:34:49"
52670,0,2,"1. Junior User (1-6 Months)",Mobile Phone,1,35,Debit Card,male,3,5,Laptop & Accessory,3,Married,9,0,17.00,0,1,6,164.00,0.00,"2026-06-08 15:34:49"
52671,0,15,"3. Core Loyal (>1 Year)",Mobile Phone,1,14,Debit Card,male,2,3,Mobile Phone,3,Single,5,0,13.00,1,1,0,140.00,1.00,"2026-06-08 15:34:49"
52672,1,0,"0. New User (<1 Month)",Mobile Phone,3,8,E wallet,male,2,4,Laptop & Accessory,4,Single,8,1,12.00,1,2,2,199.00,0.50,"2026-06-08 15:34:49"
52673,0,19,"3. Core Loyal (>1 Year)",Mobile Phone,3,9,Cash on Delivery,female,2,1,Grocery,5,Married,3,0,12.00,2,0,8,232.00,0.00,"2026-06-08 15:34:49"
52674,0,0,"0. New User (<1 Month)",Mobile Phone,3,29,Credit Card,female,2,4,Laptop & Accessory,3,Married,2,0,21.00,3,5,8,135.00,0.60,"2026-06-08 15:34:49"
52675,0,2,"1. Junior User (1-6 Months)",Mobile Phone,2,12,Credit Card,male,0,4,Mobile Phone,4,Married,2,0,11.00,1,1,0,128.00,1.00,"2026-06-08 15:34:49"
52676,0,16,"3. Core Loyal (>1 Year)",Mobile Phone,1,12,Credit Card,female,2,4,Others,3,Married,8,0,0.0,6,6,14,294.00,1.00,"2026-06-08 15:34:49"
52677,0,21,"3. Core Loyal (>1 Year)",Mobile Phone,1,16,Debit Card,male,3,4,Others,4,Married,5,0,0.0,3,12,9,297.00,0.25,"2026-06-08 15:34:49"
52678,1,0,"0. New User (<1 Month)",Computer,1,-1,Debit Card,male,3,4,Mobile Phone,1,Single,2,1,24.00,1,1,0,124.00,1.00,"2026-06-08 15:34:49"
52679,1,9,"2. Mid-Loyal (7-12 Months)",Mobile Phone,3,16,Debit Card,female,3,3,Fashion,4,Married,6,0,21.00,1,1,7,173.00,1.00,"2026-06-08 15:34:49"
52680,0,0,"0. New User (<1 Month)",Computer,1,21,Debit Card,female,3,4,Mobile Phone,5,Married,1,0,19.00,0,7,3,148.00,0.00,"2026-06-08 15:34:49"
52681,0,12,"2. Mid-Loyal (7-12 Months)",Mobile Phone,1,25,UPI,male,2,3,Laptop & Accessory,1,Married,9,0,14.00,0,2,2,139.00,0.00,"2026-06-08 15:34:49"
52682,0,28,"3. Core Loyal (>1 Year)",Mobile Phone,1,8,Cash on Delivery,male,0,4,Mobile Phone,1,Married,9,0,20.00,1,1,4,127.00,1.00,"2026-06-08 15:34:49"
52683,0,1,"1. Junior User (1-6 Months)",Mobile Phone,3,9,Credit Card,female,0,3,Mobile Phone,4,Married,2,0,19.00,1,1,0,129.00,1.00,"2026-06-08 15:34:49"
52684,1,0,"0. New User (<1 Month)",Mobile Phone,3,15,Credit Card,male,2,3,Mobile Phone,1,Single,2,0,13.00,0,1,0,111.00,0.00,"2026-06-08 15:34:49"
52685,1,0,"0. New User (<1 Month)",Mobile Phone,1,-1,Debit Card,male,3,3,Mobile Phone,4,Single,2,1,23.00,1,1,0,125.00,1.00,"2026-06-08 15:34:49"
52686,0,9,"2. Mid-Loyal (7-12 Months)",Mobile Phone,3,16,Cash on Delivery,female,3,4,Laptop & Accessory,3,Married,2,1,13.00,0,1,7,157.00,0.00,"2026-06-08 15:34:49"
52687,0,4,"1. Junior User (1-6 Months)",Mobile Phone,1,26,Debit Card,male,2,3,Laptop & Accessory,3,Married,2,0,11.00,0,1,2,142.00,0.00,"2026-06-08 15:34:49"
52688,0,7,"2. Mid-Loyal (7-12 Months)",Mobile Phone,3,10,Debit Card,male,3,3,Fashion,1,Married,3,1,13.00,0,1,0,197.00,0.00,"2026-06-08 15:34:49"
52689,0,0,"0. New User (<1 Month)",Mobile Phone,1,13,Debit Card,male,2,3,Mobile Phone,5,Single,4,0,14.00,0,1,2,121.00,0.00,"2026-06-08 15:34:49"
52690,0,10,"2. Mid-Loyal (7-12 Months)",Mobile Phone,1,13,Credit Card,male,3,3,Laptop & Accessory,5,Married,6,1,22.00,0,1,4,143.00,0.00,"2026-06-08 15:34:49"
52691,0,8,"2. Mid-Loyal (7-12 Months)",Mobile Phone,1,22,UPI,female,2,4,Laptop & Accessory,4,Married,1,1,11.00,0,1,2,148.00,0.00,"2026-06-08 15:34:49"
52692,0,18,"3. Core Loyal (>1 Year)",Mobile Phone,1,31,Debit Card,female,3,4,Laptop & Accessory,1,Married,1,0,13.00,0,3,8,159.00,0.00,"2026-06-08 15:34:49"
52693,0,9,"2. Mid-Loyal (7-12 Months)",Computer,2,8,UPI,male,3,4,Laptop & Accessory,1,Single,2,0,21.00,1,1,8,139.00,1.00,"2026-06-08 15:34:49"
52694,0,13,"3. Core Loyal (>1 Year)",Mobile Phone,1,7,Debit Card,male,3,3,Grocery,5,Married,3,0,11.00,0,11,16,268.00,0.00,"2026-06-08 15:34:49"
52695,0,0,"0. New User (<1 Month)",Mobile Phone,1,7,Debit Card,female,0,4,Mobile Phone,3,Married,2,1,13.00,0,1,0,129.00,0.00,"2026-06-08 15:34:49"
52696,0,0,"0. New User (<1 Month)",Mobile Phone,3,8,Credit Card,female,2,1,Laptop & Accessory,3,Single,1,0,14.00,0,1,7,165.00,0.00,"2026-06-08 15:34:49"
52697,0,21,"3. Core Loyal (>1 Year)",Computer,1,28,Credit Card,female,2,3,Grocery,1,Married,4,0,11.00,0,4,7,272.00,0.00,"2026-06-08 15:34:49"
52698,0,17,"3. Core Loyal (>1 Year)",Mobile Phone,1,7,Debit Card,male,3,1,Laptop & Accessory,5,Married,3,0,15.00,1,2,2,150.00,0.50,"2026-06-08 15:34:49"
52699,1,0,"0. New User (<1 Month)",Computer,1,22,Cash on Delivery,male,2,5,Mobile Phone,5,Married,2,1,23.00,0,3,0,123.00,0.00,"2026-06-08 15:34:49"
52700,1,19,"3. Core Loyal (>1 Year)",Mobile Phone,1,-1,Debit Card,male,3,3,Mobile Phone,1,Single,2,0,16.00,0,1,0,126.00,0.00,"2026-06-08 15:34:49"
52701,0,9,"2. Mid-Loyal (7-12 Months)",Mobile Phone,3,23,E wallet,male,2,4,Laptop & Accessory,4,Married,3,0,16.00,1,1,3,155.00,1.00,"2026-06-08 15:34:49"
52702,0,14,"3. Core Loyal (>1 Year)",Mobile Phone,3,14,E wallet,female,2,3,Laptop & Accessory,4,Married,6,0,21.00,0,1,4,144.00,0.00,"2026-06-08 15:34:49"
52703,0,15,"3. Core Loyal (>1 Year)",Mobile Phone,1,12,Credit Card,male,2,3,Fashion,5,Married,10,0,13.00,5,0,7,233.00,0.00,"2026-06-08 15:34:49"
52704,0,4,"1. Junior User (1-6 Months)",Mobile Phone,3,16,Credit Card,female,2,3,Laptop & Accessory,1,Married,3,1,11.00,1,1,4,166.00,1.00,"2026-06-08 15:34:49"
52705,0,7,"2. Mid-Loyal (7-12 Months)",Mobile Phone,3,9,Credit Card,female,3,4,Laptop & Accessory,1,Married,4,1,12.00,0,1,1,181.00,0.00,"2026-06-08 15:34:49"
52706,0,4,"1. Junior User (1-6 Months)",Mobile Phone,1,10,Credit Card,female,3,1,Mobile Phone,3,Married,9,0,12.00,1,2,2,140.00,0.50,"2026-06-08 15:34:49"
52707,0,0,"0. New User (<1 Month)",Computer,1,-1,UPI,male,3,1,Mobile Phone,1,Married,1,0,18.00,2,7,7,125.00,0.29,"2026-06-08 15:34:49"
52708,0,18,"3. Core Loyal (>1 Year)",Computer,1,7,Credit Card,male,2,3,Laptop & Accessory,3,Single,5,0,12.00,0,1,3,154.00,0.00,"2026-06-08 15:34:49"
52709,0,6,"1. Junior User (1-6 Months)",Mobile Phone,3,16,E wallet,male,2,3,Laptop & Accessory,3,Single,2,0,14.00,0,1,9,155.00,0.00,"2026-06-08 15:34:49"
52710,0,1,"1. Junior User (1-6 Months)",Computer,3,7,Debit Card,male,2,4,Laptop & Accessory,1,Married,2,1,12.00,1,1,7,168.00,1.00,"2026-06-08 15:34:49"
52711,1,0,"0. New User (<1 Month)",Computer,3,30,Cash on Delivery,male,2,1,Mobile Phone,5,Single,2,0,17.00,0,1,0,111.00,0.00,"2026-06-08 15:34:49"
52712,0,12,"2. Mid-Loyal (7-12 Months)",Computer,3,27,Debit Card,female,2,5,Laptop & Accessory,3,Married,7,0,19.00,0,1,2,157.00,0.00,"2026-06-08 15:34:49"
52713,0,0,"0. New User (<1 Month)",Mobile Phone,1,8,Cash on Delivery,male,2,3,Mobile Phone,4,Married,2,0,11.00,0,1,2,122.00,0.00,"2026-06-08 15:34:49"
52714,0,7,"2. Mid-Loyal (7-12 Months)",Computer,1,28,UPI,male,2,4,Laptop & Accessory,1,Married,2,1,15.00,3,6,11,157.00,0.50,"2026-06-08 15:34:49"
52715,1,0,"0. New User (<1 Month)",Mobile Phone,3,19,E wallet,female,2,3,Laptop & Accessory,3,Single,4,1,11.00,0,2,2,199.00,0.00,"2026-06-08 15:34:49"
52716,0,20,"3. Core Loyal (>1 Year)",Computer,1,20,Cash on Delivery,male,3,3,Laptop & Accessory,4,Married,9,0,18.00,0,1,7,155.00,0.00,"2026-06-08 15:34:49"
52717,0,29,"3. Core Loyal (>1 Year)",Mobile Phone,3,17,E wallet,female,2,4,Laptop & Accessory,5,Married,5,0,16.00,0,1,0,154.00,0.00,"2026-06-08 15:34:49"
52718,0,12,"2. Mid-Loyal (7-12 Months)",Mobile Phone,1,15,Credit Card,male,2,3,Laptop & Accessory,5,Married,2,0,25.00,0,7,9,152.00,0.00,"2026-06-08 15:34:49"
52719,0,0,"0. New User (<1 Month)",Computer,1,14,Credit Card,female,2,4,Laptop & Accessory,4,Married,2,1,16.00,1,1,7,121.00,1.00,"2026-06-08 15:34:49"
52720,0,60,"3. Core Loyal (>1 Year)",Mobile Phone,3,27,Debit Card,female,3,3,Grocery,1,Married,5,1,13.00,0,1,0,279.00,0.00,"2026-06-08 15:34:49"
52721,1,0,"0. New User (<1 Month)",Computer,1,-1,Debit Card,female,2,1,Mobile Phone,3,Single,4,1,14.00,0,1,3,124.00,0.00,"2026-06-08 15:34:49"
52722,0,11,"2. Mid-Loyal (7-12 Months)",Mobile Phone,1,15,Debit Card,male,3,3,Mobile Phone,1,Married,3,0,19.00,0,1,3,148.00,0.00,"2026-06-08 15:34:49"
52723,0,22,"3. Core Loyal (>1 Year)",Computer,1,8,Debit Card,male,2,3,Others,1,Married,4,0,15.00,0,4,3,292.00,0.00,"2026-06-08 15:34:49"
52724,0,15,"3. Core Loyal (>1 Year)",Mobile Phone,3,18,E wallet,male,3,3,Laptop & Accessory,1,Married,4,1,12.00,1,1,0,151.00,1.00,"2026-06-08 15:34:49"
52725,1,0,"0. New User (<1 Month)",Computer,2,28,UPI,female,0,4,Mobile Phone,4,Married,2,0,12.00,1,1,0,129.00,1.00,"2026-06-08 15:34:49"
52726,0,8,"2. Mid-Loyal (7-12 Months)",Mobile Phone,3,24,Credit Card,male,3,3,Laptop & Accessory,5,Married,1,0,16.00,1,1,4,156.00,1.00,"2026-06-08 15:34:49"
52727,0,0,"0. New User (<1 Month)",Computer,1,22,Credit Card,male,2,3,Mobile Phone,3,Single,2,0,14.00,0,1,4,121.00,0.00,"2026-06-08 15:34:49"
52728,0,4,"1. Junior User (1-6 Months)",Computer,1,9,Credit Card,male,0,3,Mobile Phone,5,Married,2,1,13.00,2,2,3,131.00,1.00,"2026-06-08 15:34:49"
52729,0,9,"2. Mid-Loyal (7-12 Months)",Computer,1,15,Debit Card,male,0,1,Mobile Phone,4,Married,2,0,22.00,1,1,2,128.00,1.00,"2026-06-08 15:34:49"
52730,0,7,"2. Mid-Loyal (7-12 Months)",Mobile Phone,3,7,E wallet,male,2,3,Fashion,1,Single,2,0,21.00,2,2,1,199.00,1.00,"2026-06-08 15:34:49"
52731,0,7,"2. Mid-Loyal (7-12 Months)",Mobile Phone,3,19,Credit Card,male,2,3,Fashion,3,Married,2,0,18.00,0,1,1,186.00,0.00,"2026-06-08 15:34:49"
52732,0,0,"0. New User (<1 Month)",Mobile Phone,1,7,Credit Card,male,0,3,Mobile Phone,5,Single,1,0,13.00,7,7,6,129.00,1.00,"2026-06-08 15:34:49"
52733,0,2,"1. Junior User (1-6 Months)",Mobile Phone,1,7,Debit Card,male,2,3,Laptop & Accessory,5,Married,1,0,12.00,0,1,2,154.00,0.00,"2026-06-08 15:34:49"
52734,0,5,"1. Junior User (1-6 Months)",Computer,1,21,Credit Card,female,2,3,Laptop & Accessory,1,Married,6,0,18.00,0,1,2,167.00,0.00,"2026-06-08 15:34:49"
52735,0,4,"1. Junior User (1-6 Months)",Computer,1,7,Debit Card,male,2,5,Laptop & Accessory,5,Married,2,0,21.00,6,8,7,150.00,0.75,"2026-06-08 15:34:49"
52736,1,0,"0. New User (<1 Month)",Mobile Phone,1,-1,Cash on Delivery,male,2,4,Mobile Phone,1,Married,6,0,12.00,1,1,3,124.00,1.00,"2026-06-08 15:34:49"
52737,0,11,"2. Mid-Loyal (7-12 Months)",Mobile Phone,3,7,Debit Card,male,0,4,Mobile Phone,5,Single,5,0,14.00,1,1,0,129.00,1.00,"2026-06-08 15:34:49"
52738,0,8,"2. Mid-Loyal (7-12 Months)",Mobile Phone,3,13,Debit Card,female,2,3,Laptop & Accessory,1,Married,2,1,11.00,1,1,9,152.00,1.00,"2026-06-08 15:34:49"
52739,0,0,"0. New User (<1 Month)",Mobile Phone,3,15,E wallet,male,2,3,Laptop & Accessory,1,Single,2,0,14.00,1,1,7,141.00,1.00,"2026-06-08 15:34:49"
52740,0,5,"1. Junior User (1-6 Months)",Mobile Phone,1,11,Debit Card,male,2,4,Laptop & Accessory,1,Single,9,0,24.00,1,1,0,197.00,1.00,"2026-06-08 15:34:49"
52741,1,0,"0. New User (<1 Month)",Computer,3,32,E wallet,male,3,3,Laptop & Accessory,1,Married,2,1,11.00,0,1,8,156.00,0.00,"2026-06-08 15:34:49"
52742,1,16,"3. Core Loyal (>1 Year)",Mobile Phone,3,30,Debit Card,male,3,3,Fashion,5,Single,7,1,13.00,0,2,2,204.00,0.00,"2026-06-08 15:34:49"
52743,0,27,"3. Core Loyal (>1 Year)",Mobile Phone,1,15,Debit Card,female,0,3,Laptop & Accessory,3,Married,4,0,11.00,1,2,3,129.00,0.50,"2026-06-08 15:34:49"
52744,0,6,"1. Junior User (1-6 Months)",Computer,1,13,Debit Card,male,2,3,Laptop & Accessory,3,Married,2,0,20.00,0,2,8,160.00,0.00,"2026-06-08 15:34:49"
52745,0,16,"3. Core Loyal (>1 Year)",Mobile Phone,1,17,Debit Card,male,1,3,Fashion,3,Married,2,0,17.00,1,1,9,175.00,1.00,"2026-06-08 15:34:49"
52746,0,11,"2. Mid-Loyal (7-12 Months)",Computer,2,7,UPI,male,0,3,Mobile Phone,4,Married,1,1,11.00,0,1,2,130.00,0.00,"2026-06-08 15:34:49"
52747,0,28,"3. Core Loyal (>1 Year)",Mobile Phone,2,32,UPI,male,3,1,Others,4,Married,5,1,0.0,1,1,4,296.00,1.00,"2026-06-08 15:34:49"
52748,0,4,"1. Junior User (1-6 Months)",Mobile Phone,1,8,Credit Card,female,2,5,Mobile Phone,1,Married,2,1,11.00,0,1,0,111.00,0.00,"2026-06-08 15:34:49"
52749,0,12,"2. Mid-Loyal (7-12 Months)",Mobile Phone,3,21,E wallet,male,3,3,Grocery,5,Single,1,0,12.00,4,0,10,233.00,0.00,"2026-06-08 15:34:49"
52750,0,15,"3. Core Loyal (>1 Year)",Computer,1,29,Debit Card,male,2,4,Laptop & Accessory,3,Single,2,0,12.00,3,3,7,143.00,1.00,"2026-06-08 15:34:49"
52751,0,4,"1. Junior User (1-6 Months)",Computer,1,16,Credit Card,female,2,3,Fashion,3,Married,5,0,20.00,3,4,-1,210.00,0.75,"2026-06-08 15:34:49"
52752,0,27,"3. Core Loyal (>1 Year)",Mobile Phone,1,16,Credit Card,female,3,3,Laptop & Accessory,5,Single,7,1,19.00,0,1,4,144.00,0.00,"2026-06-08 15:34:49"
52753,0,0,"0. New User (<1 Month)",Mobile Phone,1,7,Debit Card,male,2,4,Laptop & Accessory,3,Single,2,0,12.00,1,1,2,146.00,1.00,"2026-06-08 15:34:49"
52754,0,0,"0. New User (<1 Month)",Mobile Phone,1,-1,UPI,male,3,3,Mobile Phone,1,Single,2,0,13.00,1,1,4,126.00,1.00,"2026-06-08 15:34:49"
52755,0,13,"3. Core Loyal (>1 Year)",Computer,1,17,Cash on Delivery,female,3,3,Laptop & Accessory,3,Married,2,0,11.00,7,9,4,163.00,0.78,"2026-06-08 15:34:49"
52756,0,13,"3. Core Loyal (>1 Year)",Mobile Phone,3,8,E wallet,female,3,3,Laptop & Accessory,4,Married,4,0,14.00,1,5,10,157.00,0.20,"2026-06-08 15:34:49"
52757,0,0,"0. New User (<1 Month)",Mobile Phone,2,8,UPI,female,2,3,Mobile Phone,4,Married,5,0,14.00,0,1,2,122.00,0.00,"2026-06-08 15:34:49"
52758,0,3,"1. Junior User (1-6 Months)",Mobile Phone,1,7,Credit Card,male,3,3,Mobile Phone,4,Married,2,0,13.00,1,1,7,137.00,1.00,"2026-06-08 15:34:49"
52759,0,0,"0. New User (<1 Month)",Mobile Phone,1,8,UPI,male,2,3,Mobile Phone,3,Married,7,1,19.00,0,1,2,140.00,0.00,"2026-06-08 15:34:49"
52760,0,20,"3. Core Loyal (>1 Year)",Mobile Phone,1,31,Credit Card,male,2,3,Fashion,3,Single,3,0,23.00,9,12,11,186.00,0.75,"2026-06-08 15:34:49"
52761,0,0,"0. New User (<1 Month)",Computer,1,7,Credit Card,male,2,4,Mobile Phone,3,Married,2,0,12.00,0,1,0,120.00,0.00,"2026-06-08 15:34:49"
52762,0,11,"2. Mid-Loyal (7-12 Months)",Mobile Phone,3,7,Debit Card,male,2,3,Laptop & Accessory,4,Married,1,0,15.00,1,5,8,144.00,0.20,"2026-06-08 15:34:49"
52763,0,4,"1. Junior User (1-6 Months)",Mobile Phone,3,8,Debit Card,male,0,3,Mobile Phone,3,Married,1,0,19.00,0,1,2,131.00,0.00,"2026-06-08 15:34:49"
52764,0,11,"2. Mid-Loyal (7-12 Months)",Computer,1,12,Debit Card,male,3,4,Laptop & Accessory,3,Married,3,0,11.00,2,7,7,153.00,0.29,"2026-06-08 15:34:49"
52765,0,15,"3. Core Loyal (>1 Year)",Mobile Phone,1,24,Debit Card,male,2,3,Laptop & Accessory,5,Married,7,1,17.00,1,1,2,154.00,1.00,"2026-06-08 15:34:49"
52766,0,14,"3. Core Loyal (>1 Year)",Mobile Phone,1,7,Debit Card,male,0,3,Mobile Phone,1,Married,4,0,22.00,0,1,0,128.00,0.00,"2026-06-08 15:34:49"
52767,0,20,"3. Core Loyal (>1 Year)",Computer,1,7,Credit Card,female,3,3,Fashion,4,Married,1,0,18.00,0,5,-1,220.00,0.00,"2026-06-08 15:34:49"
52768,0,8,"2. Mid-Loyal (7-12 Months)",Mobile Phone,1,17,Credit Card,male,2,3,Mobile Phone,3,Married,8,1,11.00,2,2,2,127.00,1.00,"2026-06-08 15:34:49"
52769,0,0,"0. New User (<1 Month)",Mobile Phone,1,7,Debit Card,male,3,3,Mobile Phone,3,Single,1,0,12.00,1,1,2,134.00,1.00,"2026-06-08 15:34:49"
52770,0,8,"2. Mid-Loyal (7-12 Months)",Mobile Phone,1,15,Credit Card,male,2,3,Laptop & Accessory,3,Single,2,0,19.00,0,1,8,151.00,0.00,"2026-06-08 15:34:49"
52771,0,6,"1. Junior User (1-6 Months)",Mobile Phone,1,21,Credit Card,female,3,3,Laptop & Accessory,1,Married,1,1,13.00,6,8,1,149.00,0.75,"2026-06-08 15:34:49"
52772,0,5,"1. Junior User (1-6 Months)",Mobile Phone,1,35,Debit Card,female,0,4,Mobile Phone,4,Single,2,0,13.00,0,4,1,128.00,0.00,"2026-06-08 15:34:49"
52773,0,13,"3. Core Loyal (>1 Year)",Mobile Phone,1,-1,Debit Card,male,2,3,Mobile Phone,1,Married,9,0,19.00,1,1,0,124.00,1.00,"2026-06-08 15:34:49"
52774,0,0,"0. New User (<1 Month)",Mobile Phone,3,7,Credit Card,male,3,4,Mobile Phone,4,Married,1,0,14.00,2,2,2,123.00,1.00,"2026-06-08 15:34:49"
52775,0,12,"2. Mid-Loyal (7-12 Months)",Mobile Phone,1,30,Debit Card,male,2,3,Laptop & Accessory,1,Single,8,0,13.00,0,1,7,141.00,0.00,"2026-06-08 15:34:49"
52776,0,11,"2. Mid-Loyal (7-12 Months)",Mobile Phone,1,16,Credit Card,female,3,5,Fashion,3,Married,4,0,12.00,0,0,11,232.00,0.00,"2026-06-08 15:34:49"
52777,0,5,"1. Junior User (1-6 Months)",Mobile Phone,3,7,E wallet,female,2,3,Fashion,1,Married,2,0,19.00,0,5,7,204.00,0.00,"2026-06-08 15:34:49"
52778,0,10,"2. Mid-Loyal (7-12 Months)",Mobile Phone,1,16,Debit Card,female,2,1,Fashion,1,Married,2,1,25.00,5,0,8,237.00,0.00,"2026-06-08 15:34:49"
52779,0,0,"0. New User (<1 Month)",Mobile Phone,3,14,UPI,female,2,3,Laptop & Accessory,3,Married,1,1,22.00,0,1,4,149.00,0.00,"2026-06-08 15:34:49"
52780,0,25,"3. Core Loyal (>1 Year)",Computer,3,35,Debit Card,male,2,3,Mobile Phone,1,Married,3,0,15.00,1,1,0,135.00,1.00,"2026-06-08 15:34:49"
52781,0,17,"3. Core Loyal (>1 Year)",Mobile Phone,1,-1,Credit Card,male,2,3,Mobile Phone,1,Single,7,1,12.00,1,1,2,124.00,1.00,"2026-06-08 15:34:49"
52782,0,0,"0. New User (<1 Month)",Mobile Phone,3,-1,Credit Card,male,2,3,Mobile Phone,5,Single,2,1,11.00,1,1,2,124.00,1.00,"2026-06-08 15:34:49"
52783,0,12,"2. Mid-Loyal (7-12 Months)",Computer,1,15,Debit Card,male,2,3,Others,1,Single,3,0,0.0,1,1,3,294.00,1.00,"2026-06-08 15:34:49"
52784,1,0,"0. New User (<1 Month)",Computer,3,15,E wallet,male,2,3,Mobile Phone,5,Married,2,0,19.00,1,1,0,118.00,1.00,"2026-06-08 15:34:49"
52785,0,9,"2. Mid-Loyal (7-12 Months)",Mobile Phone,3,9,Credit Card,female,3,4,Fashion,1,Married,1,0,19.00,0,3,4,176.00,0.00,"2026-06-08 15:34:49"
52786,0,9,"2. Mid-Loyal (7-12 Months)",Computer,1,10,Debit Card,female,3,3,Laptop & Accessory,4,Married,8,0,13.00,0,1,2,151.00,0.00,"2026-06-08 15:34:49"
52787,0,29,"3. Core Loyal (>1 Year)",Computer,1,7,Debit Card,male,2,3,Laptop & Accessory,3,Married,2,0,21.00,0,1,9,163.00,0.00,"2026-06-08 15:34:49"
52788,1,0,"0. New User (<1 Month)",Mobile Phone,1,7,Credit Card,male,2,3,Mobile Phone,1,Married,10,1,14.00,2,2,2,148.00,1.00,"2026-06-08 15:34:49"
52789,0,15,"3. Core Loyal (>1 Year)",Mobile Phone,1,8,Debit Card,male,2,3,Others,3,Married,6,0,11.00,0,4,14,289.00,0.00,"2026-06-08 15:34:49"
52790,1,19,"3. Core Loyal (>1 Year)",Mobile Phone,1,-1,Cash on Delivery,male,3,3,Mobile Phone,3,Married,9,0,11.00,6,9,8,123.00,0.67,"2026-06-08 15:34:49"
52791,0,14,"3. Core Loyal (>1 Year)",Mobile Phone,1,34,Debit Card,female,2,4,Grocery,4,Married,1,0,23.00,1,0,10,236.00,0.00,"2026-06-08 15:34:49"
52792,0,7,"2. Mid-Loyal (7-12 Months)",Mobile Phone,3,34,E wallet,female,3,4,Laptop & Accessory,3,Married,2,0,21.00,1,1,7,167.00,1.00,"2026-06-08 15:34:49"
52793,0,9,"2. Mid-Loyal (7-12 Months)",Computer,3,21,E wallet,male,2,5,Laptop & Accessory,1,Married,2,0,24.00,5,11,11,154.00,0.45,"2026-06-08 15:34:49"
52794,0,14,"3. Core Loyal (>1 Year)",Mobile Phone,3,9,Debit Card,male,2,4,Laptop & Accessory,4,Married,3,0,11.00,1,1,4,189.00,1.00,"2026-06-08 15:34:49"
52795,0,5,"1. Junior User (1-6 Months)",Mobile Phone,1,-1,Cash on Delivery,male,3,3,Mobile Phone,5,Single,2,0,14.00,0,1,2,124.00,0.00,"2026-06-08 15:34:49"
52796,0,8,"2. Mid-Loyal (7-12 Months)",Mobile Phone,2,32,Debit Card,female,2,3,Fashion,1,Single,2,1,16.00,1,1,7,188.00,1.00,"2026-06-08 15:34:49"
52797,0,11,"2. Mid-Loyal (7-12 Months)",Mobile Phone,3,16,Debit Card,female,3,3,Laptop & Accessory,1,Married,2,0,11.00,0,1,9,153.00,0.00,"2026-06-08 15:34:49"
52798,1,13,"3. Core Loyal (>1 Year)",Computer,3,7,Debit Card,male,3,3,Laptop & Accessory,3,Married,8,0,12.00,1,1,1,167.00,1.00,"2026-06-08 15:34:49"
52799,0,9,"2. Mid-Loyal (7-12 Months)",Mobile Phone,3,17,E wallet,female,3,4,Laptop & Accessory,1,Married,5,0,13.00,1,1,0,167.00,1.00,"2026-06-08 15:34:49"
52800,0,18,"3. Core Loyal (>1 Year)",Mobile Phone,3,26,Debit Card,female,2,3,Laptop & Accessory,3,Single,9,0,15.00,0,1,1,149.00,0.00,"2026-06-08 15:34:49"
52801,0,13,"3. Core Loyal (>1 Year)",Mobile Phone,1,8,Debit Card,male,0,4,Mobile Phone,3,Single,3,0,14.00,0,2,2,128.00,0.00,"2026-06-08 15:34:49"
52802,0,8,"2. Mid-Loyal (7-12 Months)",Computer,1,24,Debit Card,male,3,3,Laptop & Accessory,3,Married,2,1,14.00,0,1,2,157.00,0.00,"2026-06-08 15:34:49"
52803,0,0,"0. New User (<1 Month)",Mobile Phone,1,8,Credit Card,female,3,3,Mobile Phone,3,Married,3,0,14.00,0,1,2,120.00,0.00,"2026-06-08 15:34:49"
52804,0,8,"2. Mid-Loyal (7-12 Months)",Mobile Phone,1,7,Debit Card,female,0,5,Mobile Phone,1,Married,2,0,12.00,1,1,1,130.00,1.00,"2026-06-08 15:34:49"
52805,0,2,"1. Junior User (1-6 Months)",Mobile Phone,1,19,UPI,male,2,4,Laptop & Accessory,4,Married,5,1,13.00,0,1,3,140.00,0.00,"2026-06-08 15:34:49"
52806,0,2,"1. Junior User (1-6 Months)",Mobile Phone,1,34,Credit Card,female,3,4,Mobile Phone,5,Single,2,0,14.00,0,1,4,138.00,0.00,"2026-06-08 15:34:49"
52807,1,13,"3. Core Loyal (>1 Year)",Mobile Phone,3,34,E wallet,male,2,4,Fashion,5,Married,5,1,13.00,2,2,0,209.00,1.00,"2026-06-08 15:34:49"
52808,0,12,"2. Mid-Loyal (7-12 Months)",Mobile Phone,3,30,E wallet,female,2,4,Grocery,1,Married,1,0,11.00,3,9,-1,220.00,0.33,"2026-06-08 15:34:49"
52809,0,4,"1. Junior User (1-6 Months)",Computer,1,11,Credit Card,male,3,3,Laptop & Accessory,5,Single,1,0,19.00,1,1,7,199.00,1.00,"2026-06-08 15:34:49"
52810,0,0,"0. New User (<1 Month)",Mobile Phone,3,11,UPI,female,0,4,Mobile Phone,3,Single,1,0,18.00,1,1,0,130.00,1.00,"2026-06-08 15:34:49"
52811,0,9,"2. Mid-Loyal (7-12 Months)",Computer,1,-1,Credit Card,male,2,1,Laptop & Accessory,1,Married,5,0,17.00,0,1,3,126.00,0.00,"2026-06-08 15:34:49"
52812,0,12,"2. Mid-Loyal (7-12 Months)",Mobile Phone,1,12,Credit Card,male,2,4,Fashion,5,Married,5,0,15.00,0,1,7,200.00,0.00,"2026-06-08 15:34:49"
52813,0,0,"0. New User (<1 Month)",Mobile Phone,1,10,Debit Card,male,2,1,Laptop & Accessory,4,Married,2,1,20.00,0,1,3,161.00,0.00,"2026-06-08 15:34:49"
52814,0,22,"3. Core Loyal (>1 Year)",Computer,3,8,Credit Card,male,3,4,Laptop & Accessory,4,Married,3,0,14.00,1,1,8,154.00,1.00,"2026-06-08 15:34:49"
52815,0,7,"2. Mid-Loyal (7-12 Months)",Mobile Phone,1,14,Credit Card,male,2,1,Laptop & Accessory,3,Married,3,0,12.00,1,1,2,144.00,1.00,"2026-06-08 15:34:49"
52816,1,5,"1. Junior User (1-6 Months)",Mobile Phone,3,7,Debit Card,female,4,4,Laptop & Accessory,2,Single,10,1,12.00,2,2,6,185.00,1.00,"2026-06-08 15:34:49"
52817,1,1,"1. Junior User (1-6 Months)",Mobile Phone,1,9,UPI,male,4,5,Mobile Phone,3,Single,8,1,16.00,1,2,1,146.00,0.50,"2026-06-08 15:34:49"
52818,1,1,"1. Junior User (1-6 Months)",Mobile Phone,1,31,Debit Card,male,3,5,Mobile Phone,3,Single,7,1,15.00,1,2,4,145.00,0.50,"2026-06-08 15:34:49"
52819,1,1,"1. Junior User (1-6 Months)",Mobile Phone,3,16,Debit Card,male,3,5,Laptop & Accessory,5,Single,9,0,24.00,1,2,4,159.00,0.50,"2026-06-08 15:34:49"
52820,1,1,"1. Junior User (1-6 Months)",Mobile Phone,1,13,Credit Card,male,3,4,Mobile Phone,5,Single,4,0,12.00,2,2,4,155.00,1.00,"2026-06-08 15:34:49"
52821,1,1,"1. Junior User (1-6 Months)",Computer,1,23,Debit Card,female,4,6,Mobile Phone,5,Single,3,1,23.00,5,7,8,164.00,0.71,"2026-06-08 15:34:49"
52822,1,3,"1. Junior User (1-6 Months)",Mobile Phone,3,12,Cash on Delivery,male,3,4,Laptop & Accessory,2,Divorced,5,0,15.00,1,2,1,146.00,0.50,"2026-06-08 15:34:49"
52823,1,1,"1. Junior User (1-6 Months)",Mobile Phone,1,7,Credit Card,male,4,4,Mobile Phone,2,Divorced,4,1,17.00,3,3,1,148.00,1.00,"2026-06-08 15:34:49"
52824,1,14,"3. Core Loyal (>1 Year)",Mobile Phone,3,10,E wallet,male,3,5,Mobile Phone,3,Divorced,3,1,15.00,1,2,3,152.00,0.50,"2026-06-08 15:34:49"
52825,1,1,"1. Junior User (1-6 Months)",Mobile Phone,1,32,Debit Card,male,3,6,Mobile Phone,3,Single,3,0,13.00,2,2,2,148.00,1.00,"2026-06-08 15:34:49"
52826,1,5,"1. Junior User (1-6 Months)",Mobile Phone,1,19,Cash on Delivery,female,3,4,Others,3,Divorced,3,0,0.0,10,16,9,320.00,0.63,"2026-06-08 15:34:49"
52827,1,12,"2. Mid-Loyal (7-12 Months)",Mobile Phone,1,7,Debit Card,male,4,5,Fashion,3,Single,11,1,14.00,1,2,1,179.00,0.50,"2026-06-08 15:34:49"
52828,1,1,"1. Junior User (1-6 Months)",Mobile Phone,1,12,Cash on Delivery,male,3,4,Mobile Phone,3,Single,3,1,14.00,3,3,3,159.00,1.00,"2026-06-08 15:34:49"
52829,1,1,"1. Junior User (1-6 Months)",Mobile Phone,1,16,Credit Card,male,4,5,Mobile Phone,3,Divorced,2,1,18.00,1,2,1,159.00,0.50,"2026-06-08 15:34:49"
52830,1,10,"2. Mid-Loyal (7-12 Months)",Mobile Phone,3,16,Credit Card,male,4,5,Fashion,2,Single,3,0,17.00,1,5,-1,221.00,0.20,"2026-06-08 15:34:49"
52831,1,1,"1. Junior User (1-6 Months)",Mobile Phone,2,13,UPI,male,4,4,Mobile Phone,5,Married,6,1,23.00,2,2,3,146.00,1.00,"2026-06-08 15:34:49"
52832,1,1,"1. Junior User (1-6 Months)",Computer,1,13,Debit Card,female,4,5,Mobile Phone,2,Single,3,1,19.00,2,2,1,154.00,1.00,"2026-06-08 15:34:49"
52833,1,1,"1. Junior User (1-6 Months)",Mobile Phone,3,12,E wallet,male,3,5,Laptop & Accessory,3,Single,3,1,12.00,2,2,4,182.00,1.00,"2026-06-08 15:34:49"
52834,1,1,"1. Junior User (1-6 Months)",Computer,1,14,Debit Card,male,4,6,Laptop & Accessory,3,Single,3,1,25.00,2,2,7,186.00,1.00,"2026-06-08 15:34:49"
52835,1,20,"3. Core Loyal (>1 Year)",Mobile Phone,1,21,Debit Card,female,4,4,Mobile Phone,4,Divorced,11,1,19.00,2,5,4,175.00,0.40,"2026-06-08 15:34:49"
52836,1,1,"1. Junior User (1-6 Months)",Mobile Phone,3,13,Debit Card,male,4,6,Laptop & Accessory,3,Divorced,6,1,19.00,7,8,8,187.00,0.88,"2026-06-08 15:34:49"
52837,1,21,"3. Core Loyal (>1 Year)",Mobile Phone,1,30,Credit Card,female,4,4,Fashion,2,Divorced,3,0,13.00,12,16,-1,228.00,0.75,"2026-06-08 15:34:49"
52838,1,1,"1. Junior User (1-6 Months)",Mobile Phone,3,29,E wallet,male,3,4,Mobile Phone,3,Single,3,1,20.00,1,2,1,142.00,0.50,"2026-06-08 15:34:49"
52839,1,1,"1. Junior User (1-6 Months)",Mobile Phone,3,27,Debit Card,female,4,6,Laptop & Accessory,3,Divorced,5,1,12.00,2,3,3,171.00,0.67,"2026-06-08 15:34:49"
52840,1,15,"3. Core Loyal (>1 Year)",Computer,1,15,Debit Card,male,3,6,Fashion,2,Single,4,0,16.00,1,2,4,232.00,0.50,"2026-06-08 15:34:49"
52841,1,1,"1. Junior User (1-6 Months)",Mobile Phone,1,16,Credit Card,female,3,4,Mobile Phone,5,Single,9,0,23.00,2,2,5,167.00,1.00,"2026-06-08 15:34:49"
52842,0,9,"2. Mid-Loyal (7-12 Months)",Mobile Phone,3,7,E wallet,male,4,4,Fashion,4,Divorced,3,0,14.00,2,2,7,198.00,1.00,"2026-06-08 15:34:49"
52843,0,27,"3. Core Loyal (>1 Year)",Mobile Phone,3,13,E wallet,male,3,4,Laptop & Accessory,3,Divorced,4,1,21.00,1,5,6,148.00,0.20,"2026-06-08 15:34:49"
52844,0,19,"3. Core Loyal (>1 Year)",Mobile Phone,1,16,Debit Card,male,3,4,Laptop & Accessory,4,Married,10,0,19.00,2,2,16,148.00,1.00,"2026-06-08 15:34:49"
52845,0,6,"1. Junior User (1-6 Months)",Computer,3,15,E wallet,female,3,4,Fashion,2,Single,3,0,15.00,3,4,-1,215.00,0.75,"2026-06-08 15:34:49"
52846,0,3,"1. Junior User (1-6 Months)",Computer,1,7,Cash on Delivery,male,3,4,Laptop & Accessory,3,Divorced,3,0,14.00,1,2,10,168.00,0.50,"2026-06-08 15:34:49"
52847,0,1,"1. Junior User (1-6 Months)",Mobile Phone,1,14,Credit Card,male,3,5,Laptop & Accessory,3,Divorced,4,0,18.00,2,2,1,186.00,1.00,"2026-06-08 15:34:49"
52848,0,31,"3. Core Loyal (>1 Year)",Mobile Phone,1,16,Credit Card,female,4,5,Mobile Phone,4,Divorced,6,1,21.00,2,2,1,158.00,1.00,"2026-06-08 15:34:49"
52849,0,14,"3. Core Loyal (>1 Year)",Mobile Phone,3,11,E wallet,male,4,5,Fashion,2,Divorced,9,0,12.00,3,0,12,234.00,0.00,"2026-06-08 15:34:49"
52850,0,8,"2. Mid-Loyal (7-12 Months)",Computer,3,9,E wallet,female,4,4,Mobile Phone,3,Divorced,8,0,19.00,2,2,3,147.00,1.00,"2026-06-08 15:34:49"
52851,0,1,"1. Junior User (1-6 Months)",Mobile Phone,1,26,Credit Card,male,4,4,Mobile Phone,2,Divorced,3,0,25.00,1,3,3,148.00,0.33,"2026-06-08 15:34:49"
52852,0,1,"1. Junior User (1-6 Months)",Computer,1,16,Credit Card,male,3,4,Mobile Phone,4,Married,8,0,19.00,1,3,3,145.00,0.33,"2026-06-08 15:34:49"
52853,0,2,"1. Junior User (1-6 Months)",Mobile Phone,1,28,Credit Card,male,3,4,Mobile Phone,2,Divorced,3,0,12.00,1,2,3,152.00,0.50,"2026-06-08 15:34:49"
52854,0,31,"3. Core Loyal (>1 Year)",Mobile Phone,1,31,Debit Card,male,3,3,Fashion,2,Married,5,1,17.00,2,2,-1,219.00,1.00,"2026-06-08 15:34:49"
52855,0,1,"1. Junior User (1-6 Months)",Computer,1,10,Credit Card,male,4,5,Mobile Phone,3,Married,3,1,16.00,1,2,2,151.00,0.50,"2026-06-08 15:34:49"
52856,0,24,"3. Core Loyal (>1 Year)",Mobile Phone,1,18,Debit Card,female,3,4,Others,4,Single,5,0,16.00,3,5,5,324.00,0.60,"2026-06-08 15:34:49"
52857,0,15,"3. Core Loyal (>1 Year)",Mobile Phone,1,21,Debit Card,male,3,4,Mobile Phone,3,Married,6,0,13.00,2,2,9,150.00,1.00,"2026-06-08 15:34:49"
52858,0,4,"1. Junior User (1-6 Months)",Mobile Phone,3,12,Debit Card,female,3,4,Fashion,2,Divorced,4,0,13.00,3,8,-1,219.00,0.38,"2026-06-08 15:34:49"
52859,0,12,"2. Mid-Loyal (7-12 Months)",Mobile Phone,3,7,Debit Card,female,3,5,Laptop & Accessory,2,Single,6,0,23.00,2,2,-1,212.00,1.00,"2026-06-08 15:34:49"
52860,0,6,"1. Junior User (1-6 Months)",Mobile Phone,1,13,Debit Card,male,3,4,Mobile Phone,3,Single,5,0,21.00,1,2,5,155.00,0.50,"2026-06-08 15:34:49"
52861,0,1,"1. Junior User (1-6 Months)",Mobile Phone,1,24,Cash on Delivery,male,3,4,Mobile Phone,4,Divorced,2,1,17.00,2,2,2,156.00,1.00,"2026-06-08 15:34:49"
52862,1,1,"1. Junior User (1-6 Months)",Computer,3,7,Cash on Delivery,female,4,6,Mobile Phone,5,Single,2,0,22.00,2,2,1,148.00,1.00,"2026-06-08 15:34:49"
52863,0,10,"2. Mid-Loyal (7-12 Months)",Computer,1,10,Credit Card,male,2,4,Mobile Phone,4,Single,6,0,13.00,5,8,3,146.00,0.63,"2026-06-08 15:34:49"
52864,0,4,"1. Junior User (1-6 Months)",Computer,1,16,Credit Card,male,4,4,Laptop & Accessory,5,Married,3,0,12.00,1,7,11,156.00,0.14,"2026-06-08 15:34:49"
52865,0,19,"3. Core Loyal (>1 Year)",Mobile Phone,3,11,Debit Card,female,2,4,Laptop & Accessory,5,Married,6,1,12.00,1,2,4,175.00,0.50,"2026-06-08 15:34:49"
52866,0,30,"3. Core Loyal (>1 Year)",Mobile Phone,1,15,Debit Card,female,4,4,Mobile Phone,5,Married,6,1,19.00,2,3,3,168.00,0.67,"2026-06-08 15:34:49"
52867,0,7,"2. Mid-Loyal (7-12 Months)",Mobile Phone,1,9,Debit Card,male,3,4,Mobile Phone,2,Single,2,0,15.00,1,2,3,150.00,0.50,"2026-06-08 15:34:49"
52868,1,1,"1. Junior User (1-6 Months)",Mobile Phone,1,9,Debit Card,male,3,5,Mobile Phone,2,Single,3,0,23.00,1,2,1,136.00,0.50,"2026-06-08 15:34:49"
52869,0,20,"3. Core Loyal (>1 Year)",Mobile Phone,3,7,E wallet,female,4,4,Fashion,5,Married,3,0,26.00,5,16,-1,230.00,0.31,"2026-06-08 15:34:49"
52870,0,12,"2. Mid-Loyal (7-12 Months)",Mobile Phone,1,16,Debit Card,female,4,4,Mobile Phone,2,Single,3,0,13.00,2,3,2,148.00,0.67,"2026-06-08 15:34:49"
52871,0,5,"1. Junior User (1-6 Months)",Mobile Phone,1,19,Credit Card,female,4,4,Mobile Phone,2,Divorced,10,1,24.00,2,2,3,164.00,1.00,"2026-06-08 15:34:49"
52872,0,8,"2. Mid-Loyal (7-12 Months)",Mobile Phone,1,34,Credit Card,female,4,4,Mobile Phone,4,Single,4,0,16.00,2,2,3,148.00,1.00,"2026-06-08 15:34:49"
52873,1,5,"1. Junior User (1-6 Months)",Mobile Phone,3,27,E wallet,female,4,4,Mobile Phone,4,Single,3,1,23.00,1,2,3,156.00,0.50,"2026-06-08 15:34:49"
52874,0,24,"3. Core Loyal (>1 Year)",Mobile Phone,1,7,Credit Card,male,3,5,Mobile Phone,3,Divorced,4,0,16.00,1,2,3,162.00,0.50,"2026-06-08 15:34:49"
52875,0,27,"3. Core Loyal (>1 Year)",Mobile Phone,1,20,Credit Card,female,3,3,Laptop & Accessory,5,Married,3,0,12.00,2,2,4,170.00,1.00,"2026-06-08 15:34:49"
52876,0,7,"2. Mid-Loyal (7-12 Months)",Mobile Phone,1,21,Credit Card,female,4,4,Mobile Phone,4,Divorced,3,0,14.00,1,2,7,153.00,0.50,"2026-06-08 15:34:49"
52877,0,14,"3. Core Loyal (>1 Year)",Mobile Phone,1,11,Credit Card,female,3,4,Others,3,Divorced,3,0,0.0,1,10,10,315.00,0.10,"2026-06-08 15:34:49"
52878,0,29,"3. Core Loyal (>1 Year)",Mobile Phone,1,21,Credit Card,male,4,3,Others,4,Single,10,0,0.0,1,3,16,312.00,0.33,"2026-06-08 15:34:49"
52879,0,8,"2. Mid-Loyal (7-12 Months)",Computer,1,9,Debit Card,male,3,5,Laptop & Accessory,3,Divorced,3,0,18.00,1,2,-1,220.00,0.50,"2026-06-08 15:34:49"
52880,0,25,"3. Core Loyal (>1 Year)",Mobile Phone,1,10,Credit Card,female,4,4,Grocery,4,Single,5,0,19.00,0,2,1,262.00,0.00,"2026-06-08 15:34:49"
52881,0,26,"3. Core Loyal (>1 Year)",Mobile Phone,1,7,Debit Card,male,4,5,Others,3,Divorced,2,0,15.00,2,12,10,325.00,0.17,"2026-06-08 15:34:49"
52882,0,1,"1. Junior User (1-6 Months)",Mobile Phone,1,16,Credit Card,female,3,4,Mobile Phone,4,Single,3,0,17.00,2,2,4,148.00,1.00,"2026-06-08 15:34:49"
52883,1,1,"1. Junior User (1-6 Months)",Mobile Phone,1,30,Debit Card,male,3,5,Laptop & Accessory,3,Divorced,5,1,14.00,2,2,2,184.00,1.00,"2026-06-08 15:34:49"
52884,0,17,"3. Core Loyal (>1 Year)",Computer,1,14,Credit Card,male,3,3,Mobile Phone,2,Married,6,0,15.00,1,3,3,146.00,0.33,"2026-06-08 15:34:49"
52885,0,19,"3. Core Loyal (>1 Year)",Computer,1,9,Credit Card,male,4,5,Grocery,2,Divorced,11,0,0.0,10,12,9,293.00,0.83,"2026-06-08 15:34:49"
52886,0,11,"2. Mid-Loyal (7-12 Months)",Mobile Phone,1,28,Debit Card,male,4,3,Mobile Phone,5,Divorced,3,1,13.00,1,2,8,161.00,0.50,"2026-06-08 15:34:49"
52887,0,9,"2. Mid-Loyal (7-12 Months)",Computer,1,9,Credit Card,female,3,4,Laptop & Accessory,4,Single,7,0,12.00,2,2,3,169.00,1.00,"2026-06-08 15:34:49"
52888,0,16,"3. Core Loyal (>1 Year)",Computer,1,28,Credit Card,female,3,4,Laptop & Accessory,3,Married,4,0,17.00,1,2,3,178.00,0.50,"2026-06-08 15:34:49"
52889,0,12,"2. Mid-Loyal (7-12 Months)",Mobile Phone,1,9,Debit Card,male,3,4,Laptop & Accessory,3,Divorced,11,0,15.00,1,2,1,191.00,0.50,"2026-06-08 15:34:49"
52890,0,12,"2. Mid-Loyal (7-12 Months)",Mobile Phone,1,36,Cash on Delivery,male,3,4,Laptop & Accessory,2,Divorced,5,0,19.00,1,2,8,188.00,0.50,"2026-06-08 15:34:49"
52891,0,1,"1. Junior User (1-6 Months)",Computer,1,7,Cash on Delivery,male,3,5,Laptop & Accessory,5,Divorced,7,0,20.00,1,3,1,168.00,0.33,"2026-06-08 15:34:49"
52892,0,23,"3. Core Loyal (>1 Year)",Computer,1,25,Debit Card,male,4,4,Laptop & Accessory,2,Married,3,1,16.00,1,2,8,193.00,0.50,"2026-06-08 15:34:49"
52893,0,8,"2. Mid-Loyal (7-12 Months)",Computer,1,17,Credit Card,male,3,4,Mobile Phone,3,Married,3,1,18.00,3,3,1,163.00,1.00,"2026-06-08 15:34:49"
52894,0,14,"3. Core Loyal (>1 Year)",Mobile Phone,1,26,Credit Card,male,3,4,Laptop & Accessory,2,Divorced,10,1,16.00,2,4,8,152.00,0.50,"2026-06-08 15:34:49"
52895,1,2,"1. Junior User (1-6 Months)",Mobile Phone,1,36,Credit Card,male,4,4,Laptop & Accessory,5,Divorced,9,1,20.00,1,2,1,192.00,0.50,"2026-06-08 15:34:49"
52896,1,1,"1. Junior User (1-6 Months)",Mobile Phone,3,34,E wallet,female,3,4,Fashion,2,Divorced,3,0,23.00,2,2,10,201.00,1.00,"2026-06-08 15:34:49"
52897,0,1,"1. Junior User (1-6 Months)",Mobile Phone,1,12,Debit Card,male,3,3,Mobile Phone,4,Married,3,1,17.00,1,3,3,148.00,0.33,"2026-06-08 15:34:49"
52898,0,10,"2. Mid-Loyal (7-12 Months)",Computer,1,25,Credit Card,female,4,4,Mobile Phone,2,Single,3,0,14.00,2,2,8,147.00,1.00,"2026-06-08 15:34:49"
52899,0,14,"3. Core Loyal (>1 Year)",Computer,1,16,Debit Card,male,4,5,Laptop & Accessory,2,Divorced,11,0,15.00,2,2,3,174.00,1.00,"2026-06-08 15:34:49"
52900,0,20,"3. Core Loyal (>1 Year)",Mobile Phone,1,7,Credit Card,male,4,4,Fashion,5,Married,9,0,17.00,1,2,-1,219.00,0.50,"2026-06-08 15:34:49"
52901,1,1,"1. Junior User (1-6 Months)",Mobile Phone,3,11,Credit Card,male,3,6,Fashion,2,Divorced,3,0,12.00,8,10,-1,229.00,0.80,"2026-06-08 15:34:49"
52902,0,4,"1. Junior User (1-6 Months)",Computer,1,7,Debit Card,male,3,5,Fashion,3,Single,3,0,23.00,3,6,-1,210.00,0.50,"2026-06-08 15:34:49"
52903,0,1,"1. Junior User (1-6 Months)",Computer,3,27,Debit Card,female,3,4,Laptop & Accessory,3,Single,3,0,15.00,2,2,-1,225.00,1.00,"2026-06-08 15:34:49"
52904,0,25,"3. Core Loyal (>1 Year)",Mobile Phone,1,15,Debit Card,male,3,5,Fashion,4,Divorced,7,0,17.00,2,0,8,250.00,0.00,"2026-06-08 15:34:49"
52905,1,1,"1. Junior User (1-6 Months)",Mobile Phone,1,10,Cash on Delivery,female,3,4,Mobile Phone,5,Single,7,1,12.00,2,2,5,152.00,1.00,"2026-06-08 15:34:49"
52906,0,15,"3. Core Loyal (>1 Year)",Mobile Phone,3,13,Debit Card,female,4,4,Fashion,2,Single,5,1,19.00,1,2,1,261.00,0.50,"2026-06-08 15:34:49"
52907,1,1,"1. Junior User (1-6 Months)",Computer,3,33,E wallet,female,3,5,Laptop & Accessory,5,Single,7,0,16.00,1,2,2,192.00,0.50,"2026-06-08 15:34:49"
52908,1,1,"1. Junior User (1-6 Months)",Mobile Phone,1,7,Cash on Delivery,male,3,4,Mobile Phone,3,Single,2,0,15.00,1,2,6,146.00,0.50,"2026-06-08 15:34:49"
52909,0,19,"3. Core Loyal (>1 Year)",Computer,3,13,Credit Card,female,3,5,Fashion,2,Single,8,0,13.00,13,13,-1,214.00,1.00,"2026-06-08 15:34:49"
52910,0,28,"3. Core Loyal (>1 Year)",Mobile Phone,3,10,E wallet,female,3,4,Laptop & Accessory,5,Divorced,4,0,15.00,2,2,6,184.00,1.00,"2026-06-08 15:34:49"
52911,0,10,"2. Mid-Loyal (7-12 Months)",Mobile Phone,1,12,Debit Card,male,4,4,Laptop & Accessory,4,Single,10,0,17.00,1,4,8,184.00,0.25,"2026-06-08 15:34:49"
52912,0,7,"2. Mid-Loyal (7-12 Months)",Mobile Phone,1,11,Credit Card,female,3,5,Mobile Phone,4,Divorced,8,0,22.00,1,2,2,151.00,0.50,"2026-06-08 15:34:49"
52913,0,11,"2. Mid-Loyal (7-12 Months)",Computer,1,18,UPI,male,3,4,Fashion,2,Married,3,1,15.00,1,0,8,247.00,0.00,"2026-06-08 15:34:49"
52914,0,12,"2. Mid-Loyal (7-12 Months)",Mobile Phone,3,10,Debit Card,male,4,4,Fashion,3,Married,2,0,13.00,2,6,-1,231.00,0.33,"2026-06-08 15:34:49"
52915,0,5,"1. Junior User (1-6 Months)",Computer,1,7,Credit Card,male,3,6,Laptop & Accessory,3,Divorced,2,0,13.00,2,2,5,168.00,1.00,"2026-06-08 15:34:49"
52916,0,31,"3. Core Loyal (>1 Year)",Mobile Phone,1,10,Debit Card,male,4,5,Mobile Phone,2,Divorced,5,0,18.00,1,2,1,147.00,0.50,"2026-06-08 15:34:49"
52917,0,11,"2. Mid-Loyal (7-12 Months)",Computer,3,11,E wallet,male,3,4,Mobile Phone,2,Married,6,0,18.00,2,6,9,25.00,0.33,"2026-06-08 15:34:49"
52918,0,3,"1. Junior User (1-6 Months)",Computer,3,7,Credit Card,female,3,4,Fashion,2,Divorced,3,0,15.00,5,5,2,204.00,1.00,"2026-06-08 15:34:49"
52919,0,9,"2. Mid-Loyal (7-12 Months)",Computer,3,7,E wallet,female,4,4,Fashion,3,Single,3,0,15.00,2,2,-1,213.00,1.00,"2026-06-08 15:34:49"
52920,1,1,"1. Junior User (1-6 Months)",Mobile Phone,1,25,Credit Card,male,3,5,Mobile Phone,2,Single,3,1,14.00,1,2,2,149.00,0.50,"2026-06-08 15:34:49"
52921,0,26,"3. Core Loyal (>1 Year)",Mobile Phone,1,9,Debit Card,female,3,5,Mobile Phone,2,Single,9,0,16.00,1,3,3,157.00,0.33,"2026-06-08 15:34:49"
52922,0,16,"3. Core Loyal (>1 Year)",Mobile Phone,1,11,Cash on Delivery,male,3,4,Others,2,Divorced,3,0,0.0,1,12,16,317.00,0.08,"2026-06-08 15:34:49"
52923,0,31,"3. Core Loyal (>1 Year)",Mobile Phone,2,13,Credit Card,male,3,4,Mobile Phone,3,Divorced,10,0,18.00,3,3,3,148.00,1.00,"2026-06-08 15:34:49"
52924,0,24,"3. Core Loyal (>1 Year)",Mobile Phone,3,7,Credit Card,female,4,4,Others,2,Married,5,0,0.0,2,2,7,320.00,1.00,"2026-06-08 15:34:49"
52925,1,1,"1. Junior User (1-6 Months)",Mobile Phone,1,21,Credit Card,male,3,4,Mobile Phone,2,Divorced,7,1,14.00,1,2,5,149.00,0.50,"2026-06-08 15:34:49"
52926,0,17,"3. Core Loyal (>1 Year)",Mobile Phone,3,23,E wallet,female,4,4,Grocery,2,Divorced,7,1,23.00,0,2,10,286.00,0.00,"2026-06-08 15:34:49"
52927,1,1,"1. Junior User (1-6 Months)",Mobile Phone,1,9,Debit Card,female,3,4,Mobile Phone,5,Divorced,9,0,21.00,2,2,8,152.00,1.00,"2026-06-08 15:34:49"
52928,0,26,"3. Core Loyal (>1 Year)",Computer,3,9,Debit Card,male,4,5,Others,3,Single,3,1,0.0,8,16,13,316.00,0.50,"2026-06-08 15:34:49"
52929,0,6,"1. Junior User (1-6 Months)",Mobile Phone,3,11,Debit Card,female,3,4,Mobile Phone,4,Divorced,4,0,12.00,2,2,3,164.00,1.00,"2026-06-08 15:34:49"
52930,1,1,"1. Junior User (1-6 Months)",Mobile Phone,1,7,Debit Card,male,4,5,Mobile Phone,3,Single,2,1,15.00,2,2,3,162.00,1.00,"2026-06-08 15:34:49"
52931,0,13,"3. Core Loyal (>1 Year)",Mobile Phone,1,7,Credit Card,female,4,4,Mobile Phone,3,Married,9,0,15.00,1,2,3,147.00,0.50,"2026-06-08 15:34:49"
52932,0,6,"1. Junior User (1-6 Months)",Computer,3,33,E wallet,male,4,4,Laptop & Accessory,2,Divorced,2,0,19.00,2,3,3,170.00,0.67,"2026-06-08 15:34:49"
52933,0,15,"3. Core Loyal (>1 Year)",Mobile Phone,1,26,Debit Card,male,3,4,Laptop & Accessory,5,Married,4,0,17.00,2,2,1,156.00,1.00,"2026-06-08 15:34:49"
52934,0,14,"3. Core Loyal (>1 Year)",Mobile Phone,1,31,Cash on Delivery,male,4,4,Laptop & Accessory,2,Married,3,0,18.00,3,5,8,158.00,0.60,"2026-06-08 15:34:49"
52935,0,19,"3. Core Loyal (>1 Year)",Mobile Phone,1,7,UPI,male,4,3,Others,2,Divorced,2,0,0.0,2,2,8,317.00,1.00,"2026-06-08 15:34:49"
52936,0,5,"1. Junior User (1-6 Months)",Computer,1,10,Credit Card,male,4,4,Fashion,3,Married,11,0,13.00,0,3,3,262.00,0.00,"2026-06-08 15:34:49"
52937,0,7,"2. Mid-Loyal (7-12 Months)",Mobile Phone,1,12,Debit Card,female,4,5,Mobile Phone,2,Divorced,3,0,14.00,1,2,3,154.00,0.50,"2026-06-08 15:34:49"
52938,0,8,"2. Mid-Loyal (7-12 Months)",Mobile Phone,1,9,Debit Card,male,3,5,Laptop & Accessory,5,Divorced,8,0,14.00,1,6,10,185.00,0.17,"2026-06-08 15:34:49"
52939,0,11,"2. Mid-Loyal (7-12 Months)",Mobile Phone,1,7,Credit Card,female,3,5,Mobile Phone,5,Divorced,4,0,15.00,2,2,3,164.00,1.00,"2026-06-08 15:34:49"
52940,0,19,"3. Core Loyal (>1 Year)",Computer,1,14,Debit Card,male,4,3,Laptop & Accessory,3,Divorced,6,0,18.00,1,2,3,189.00,0.50,"2026-06-08 15:34:49"
52941,1,1,"1. Junior User (1-6 Months)",Computer,1,17,Credit Card,male,4,4,Fashion,3,Married,8,0,12.00,2,2,-1,225.00,1.00,"2026-06-08 15:34:49"
52942,0,13,"3. Core Loyal (>1 Year)",Computer,1,9,Cash on Delivery,female,4,4,Fashion,3,Single,2,0,26.00,11,0,9,234.00,0.00,"2026-06-08 15:34:49"
52943,0,3,"1. Junior User (1-6 Months)",Mobile Phone,1,22,Debit Card,male,3,4,Mobile Phone,2,Single,3,0,20.00,1,2,6,148.00,0.50,"2026-06-08 15:34:49"
52944,0,16,"3. Core Loyal (>1 Year)",Mobile Phone,1,24,Debit Card,female,3,3,Laptop & Accessory,5,Single,5,1,14.00,1,2,3,190.00,0.50,"2026-06-08 15:34:49"
52945,0,3,"1. Junior User (1-6 Months)",Mobile Phone,3,27,E wallet,male,3,4,Laptop & Accessory,2,Married,4,0,15.00,2,2,3,194.00,1.00,"2026-06-08 15:34:49"
52946,0,1,"1. Junior User (1-6 Months)",Mobile Phone,1,7,Debit Card,female,4,4,Laptop & Accessory,3,Divorced,2,0,13.00,2,2,3,174.00,1.00,"2026-06-08 15:34:49"
52947,0,16,"3. Core Loyal (>1 Year)",Mobile Phone,1,9,Credit Card,female,3,5,Mobile Phone,5,Married,2,1,12.00,5,8,9,151.00,0.63,"2026-06-08 15:34:49"
52948,0,14,"3. Core Loyal (>1 Year)",Mobile Phone,1,9,Credit Card,male,3,4,Others,3,Married,2,0,0.0,1,4,10,319.00,0.25,"2026-06-08 15:34:49"
52949,0,25,"3. Core Loyal (>1 Year)",Mobile Phone,1,7,Debit Card,male,4,4,Mobile Phone,2,Divorced,3,0,12.00,2,2,1,152.00,1.00,"2026-06-08 15:34:49"
52950,1,1,"1. Junior User (1-6 Months)",Computer,1,36,Credit Card,male,4,5,Mobile Phone,4,Single,2,0,12.00,2,2,5,160.00,1.00,"2026-06-08 15:34:49"
52951,0,6,"1. Junior User (1-6 Months)",Computer,1,14,Debit Card,male,4,3,Mobile Phone,4,Divorced,3,0,21.00,1,2,4,153.00,0.50,"2026-06-08 15:34:49"
52952,0,12,"2. Mid-Loyal (7-12 Months)",Computer,3,9,Debit Card,male,3,5,Laptop & Accessory,2,Divorced,5,0,19.00,7,8,6,177.00,0.88,"2026-06-08 15:34:49"
52953,0,6,"1. Junior User (1-6 Months)",Mobile Phone,1,9,Cash on Delivery,male,3,5,Laptop & Accessory,5,Single,6,0,14.00,1,2,5,147.00,0.50,"2026-06-08 15:34:49"
52954,0,20,"3. Core Loyal (>1 Year)",Mobile Phone,3,9,Cash on Delivery,female,4,6,Grocery,4,Divorced,5,1,0.0,7,8,8,294.00,0.88,"2026-06-08 15:34:49"
52955,1,1,"1. Junior User (1-6 Months)",Mobile Phone,1,9,Debit Card,male,4,4,Mobile Phone,3,Single,4,0,12.00,2,2,1,160.00,1.00,"2026-06-08 15:34:49"
52956,0,3,"1. Junior User (1-6 Months)",Mobile Phone,3,9,Credit Card,male,4,5,Laptop & Accessory,4,Divorced,4,0,20.00,1,2,1,191.00,0.50,"2026-06-08 15:34:49"
52957,0,5,"1. Junior User (1-6 Months)",Mobile Phone,1,30,Credit Card,male,4,5,Laptop & Accessory,2,Divorced,2,0,22.00,2,8,9,181.00,0.25,"2026-06-08 15:34:49"
52958,0,1,"1. Junior User (1-6 Months)",Computer,1,12,Debit Card,male,3,3,Laptop & Accessory,5,Married,3,0,13.00,2,2,6,165.00,1.00,"2026-06-08 15:34:49"
52959,0,19,"3. Core Loyal (>1 Year)",Mobile Phone,1,27,Credit Card,male,4,4,Grocery,2,Divorced,2,1,15.00,1,0,11,260.00,0.00,"2026-06-08 15:34:49"
52960,0,10,"2. Mid-Loyal (7-12 Months)",Mobile Phone,1,13,Debit Card,male,3,4,Mobile Phone,2,Divorced,2,0,12.00,5,11,12,157.00,0.45,"2026-06-08 15:34:49"
52961,0,29,"3. Core Loyal (>1 Year)",Mobile Phone,1,7,Credit Card,male,3,4,Others,5,Single,2,1,0.0,5,5,14,315.00,1.00,"2026-06-08 15:34:49"
52962,1,11,"2. Mid-Loyal (7-12 Months)",Computer,1,36,Debit Card,male,3,4,Fashion,4,Divorced,3,1,13.00,6,0,10,243.00,0.00,"2026-06-08 15:34:49"
52963,0,2,"1. Junior User (1-6 Months)",Mobile Phone,1,16,Credit Card,male,4,4,Mobile Phone,2,Divorced,3,0,24.00,2,2,5,146.00,1.00,"2026-06-08 15:34:49"
52964,0,11,"2. Mid-Loyal (7-12 Months)",Mobile Phone,3,13,Credit Card,male,4,4,Laptop & Accessory,2,Divorced,6,0,15.00,1,2,2,190.00,0.50,"2026-06-08 15:34:49"
52965,0,1,"1. Junior User (1-6 Months)",Mobile Phone,1,10,Credit Card,male,4,5,Mobile Phone,3,Single,3,0,18.00,2,2,1,157.00,1.00,"2026-06-08 15:34:49"
52966,0,11,"2. Mid-Loyal (7-12 Months)",Computer,1,7,Credit Card,female,1,4,Fashion,2,Married,4,1,19.00,0,2,3,261.00,0.00,"2026-06-08 15:34:49"
52967,0,3,"1. Junior User (1-6 Months)",Mobile Phone,1,29,Debit Card,female,4,3,Fashion,4,Married,9,0,19.00,6,0,3,245.00,0.00,"2026-06-08 15:34:49"
52968,0,12,"2. Mid-Loyal (7-12 Months)",Mobile Phone,3,14,Credit Card,female,3,3,Laptop & Accessory,5,Married,3,1,25.00,1,8,8,181.00,0.13,"2026-06-08 15:34:49"
52969,0,1,"1. Junior User (1-6 Months)",Computer,1,7,Debit Card,female,3,4,Laptop & Accessory,4,Married,3,0,21.00,1,2,5,189.00,0.50,"2026-06-08 15:34:49"
52970,0,24,"3. Core Loyal (>1 Year)",Mobile Phone,1,11,Debit Card,male,4,4,Others,4,Married,5,0,0.0,2,2,7,316.00,1.00,"2026-06-08 15:34:49"
52971,0,27,"3. Core Loyal (>1 Year)",Mobile Phone,1,10,Credit Card,male,3,4,Grocery,3,Divorced,5,1,0.0,1,2,4,301.00,0.50,"2026-06-08 15:34:49"
52972,0,16,"3. Core Loyal (>1 Year)",Mobile Phone,3,7,Debit Card,male,3,4,Laptop & Accessory,3,Divorced,3,0,26.00,5,12,7,174.00,0.42,"2026-06-08 15:34:49"
52973,0,3,"1. Junior User (1-6 Months)",Computer,3,9,Debit Card,male,3,4,Laptop & Accessory,2,Single,3,0,19.00,1,2,10,171.00,0.50,"2026-06-08 15:34:49"
52974,0,29,"3. Core Loyal (>1 Year)",Mobile Phone,1,27,Cash on Delivery,male,3,4,Laptop & Accessory,2,Divorced,5,1,20.00,2,2,9,179.00,1.00,"2026-06-08 15:34:49"
52975,0,1,"1. Junior User (1-6 Months)",Computer,1,18,Credit Card,male,3,4,Laptop & Accessory,5,Divorced,3,1,14.00,3,4,4,172.00,0.75,"2026-06-08 15:34:49"
52976,0,11,"2. Mid-Loyal (7-12 Months)",Mobile Phone,1,7,Debit Card,female,3,4,Mobile Phone,2,Single,3,0,13.00,2,6,8,146.00,0.33,"2026-06-08 15:34:49"
52977,1,8,"2. Mid-Loyal (7-12 Months)",Computer,1,31,Debit Card,male,3,4,Mobile Phone,3,Married,5,1,23.00,1,2,1,157.00,0.50,"2026-06-08 15:34:49"
52978,0,12,"2. Mid-Loyal (7-12 Months)",Mobile Phone,1,30,Debit Card,male,3,4,Laptop & Accessory,2,Married,11,0,15.00,1,2,3,182.00,0.50,"2026-06-08 15:34:49"
52979,1,1,"1. Junior User (1-6 Months)",Mobile Phone,1,23,Credit Card,male,3,4,Mobile Phone,4,Married,4,1,14.00,2,2,3,149.00,1.00,"2026-06-08 15:34:49"
52980,0,2,"1. Junior User (1-6 Months)",Mobile Phone,1,15,Debit Card,female,4,4,Mobile Phone,2,Single,3,0,22.00,1,2,3,158.00,0.50,"2026-06-08 15:34:49"
52981,0,23,"3. Core Loyal (>1 Year)",Computer,1,17,Debit Card,female,3,4,Others,5,Single,11,1,0.0,1,2,3,312.00,0.50,"2026-06-08 15:34:49"
52982,0,10,"2. Mid-Loyal (7-12 Months)",Mobile Phone,1,10,Cash on Delivery,male,2,4,Laptop & Accessory,4,Single,6,0,13.00,7,8,8,170.00,0.88,"2026-06-08 15:34:49"
52983,0,5,"1. Junior User (1-6 Months)",Computer,3,12,E wallet,female,3,4,Mobile Phone,4,Married,3,0,12.00,1,3,3,153.00,0.33,"2026-06-08 15:34:49"
52984,1,1,"1. Junior User (1-6 Months)",Mobile Phone,3,11,E wallet,male,3,5,Laptop & Accessory,2,Single,3,1,13.00,8,8,5,183.00,1.00,"2026-06-08 15:34:49"
52985,0,11,"2. Mid-Loyal (7-12 Months)",Computer,1,16,Credit Card,male,3,4,Mobile Phone,2,Divorced,3,1,13.00,1,2,3,148.00,0.50,"2026-06-08 15:34:49"
52986,0,16,"3. Core Loyal (>1 Year)",Computer,3,33,E wallet,female,4,4,Grocery,4,Divorced,7,0,15.00,3,0,9,260.00,0.00,"2026-06-08 15:34:49"
52987,1,1,"1. Junior User (1-6 Months)",Mobile Phone,1,10,Debit Card,male,3,4,Mobile Phone,3,Single,3,0,14.00,1,2,1,139.00,0.50,"2026-06-08 15:34:49"
52988,0,9,"2. Mid-Loyal (7-12 Months)",Mobile Phone,3,23,E wallet,male,4,4,Fashion,4,Divorced,2,0,16.00,4,7,10,205.00,0.57,"2026-06-08 15:34:49"
52989,0,10,"2. Mid-Loyal (7-12 Months)",Computer,1,25,Debit Card,male,3,3,Mobile Phone,2,Divorced,6,0,19.00,1,2,1,162.00,0.50,"2026-06-08 15:34:49"
52990,0,25,"3. Core Loyal (>1 Year)",Mobile Phone,1,9,Credit Card,male,3,6,Laptop & Accessory,4,Married,7,0,19.00,1,2,3,180.00,0.50,"2026-06-08 15:34:49"
52991,0,15,"3. Core Loyal (>1 Year)",Mobile Phone,3,9,Debit Card,male,3,4,Grocery,4,Single,3,0,20.00,0,2,5,285.00,0.00,"2026-06-08 15:34:49"
52992,0,1,"1. Junior User (1-6 Months)",Mobile Phone,3,17,Credit Card,female,4,5,Mobile Phone,3,Single,3,0,13.00,2,2,1,137.00,1.00,"2026-06-08 15:34:49"
52993,0,2,"1. Junior User (1-6 Months)",Mobile Phone,1,23,Credit Card,male,4,3,Laptop & Accessory,5,Single,2,0,20.00,1,2,8,182.00,0.50,"2026-06-08 15:34:49"
52994,0,5,"1. Junior User (1-6 Months)",Mobile Phone,3,14,Cash on Delivery,male,4,3,Laptop & Accessory,2,Divorced,6,0,12.00,4,8,8,194.00,0.50,"2026-06-08 15:34:49"
52995,0,13,"3. Core Loyal (>1 Year)",Mobile Phone,1,7,Credit Card,male,3,3,Fashion,2,Married,2,0,18.00,4,4,-1,221.00,1.00,"2026-06-08 15:34:49"
52996,0,10,"2. Mid-Loyal (7-12 Months)",Computer,1,31,Debit Card,female,3,4,Laptop & Accessory,4,Divorced,9,0,16.00,1,2,9,182.00,0.50,"2026-06-08 15:34:49"
52997,0,6,"1. Junior User (1-6 Months)",Mobile Phone,3,14,Debit Card,male,4,5,Laptop & Accessory,3,Divorced,3,0,15.00,2,5,9,180.00,0.40,"2026-06-08 15:34:49"
52998,0,12,"2. Mid-Loyal (7-12 Months)",Mobile Phone,1,32,Debit Card,female,3,5,Fashion,4,Divorced,5,0,18.00,2,0,2,246.00,0.00,"2026-06-08 15:34:49"
52999,0,31,"3. Core Loyal (>1 Year)",Computer,1,7,Debit Card,male,3,6,Laptop & Accessory,3,Married,4,1,14.00,2,2,3,182.00,1.00,"2026-06-08 15:34:49"
53000,0,5,"1. Junior User (1-6 Months)",Mobile Phone,1,12,Cash on Delivery,male,3,4,Mobile Phone,2,Divorced,2,1,13.00,1,2,4,173.00,0.50,"2026-06-08 15:34:49"
53001,0,5,"1. Junior User (1-6 Months)",Mobile Phone,2,9,UPI,male,4,5,Laptop & Accessory,5,Divorced,5,0,13.00,1,2,1,189.00,0.50,"2026-06-08 15:34:49"
53002,0,19,"3. Core Loyal (>1 Year)",Computer,1,14,Debit Card,male,4,4,Fashion,5,Married,3,0,19.00,6,10,12,177.00,0.60,"2026-06-08 15:34:49"
53003,0,5,"1. Junior User (1-6 Months)",Mobile Phone,1,9,Debit Card,male,3,4,Mobile Phone,2,Married,2,1,19.00,2,3,3,152.00,0.67,"2026-06-08 15:34:49"
53004,0,7,"2. Mid-Loyal (7-12 Months)",Computer,1,12,Debit Card,female,4,4,Fashion,4,Divorced,8,0,12.00,3,0,9,244.00,0.00,"2026-06-08 15:34:49"
53005,0,13,"3. Core Loyal (>1 Year)",Mobile Phone,1,17,Credit Card,male,3,4,Grocery,5,Divorced,3,1,0.0,12,12,11,296.00,1.00,"2026-06-08 15:34:49"
53006,0,17,"3. Core Loyal (>1 Year)",Computer,1,17,Debit Card,female,3,4,Mobile Phone,2,Single,2,0,20.00,1,2,8,150.00,0.50,"2026-06-08 15:34:49"
53007,0,23,"3. Core Loyal (>1 Year)",Mobile Phone,1,7,Cash on Delivery,female,3,5,Grocery,3,Single,9,1,13.00,0,2,8,265.00,0.00,"2026-06-08 15:34:49"
53008,1,16,"3. Core Loyal (>1 Year)",Mobile Phone,1,15,Credit Card,male,3,5,Laptop & Accessory,4,Divorced,4,0,16.00,8,8,8,174.00,1.00,"2026-06-08 15:34:49"
53009,0,1,"1. Junior User (1-6 Months)",Mobile Phone,1,12,Debit Card,female,3,4,Mobile Phone,4,Single,3,1,13.00,1,2,3,150.00,0.50,"2026-06-08 15:34:49"
53010,0,6,"1. Junior User (1-6 Months)",Mobile Phone,3,15,Cash on Delivery,female,4,5,Laptop & Accessory,4,Divorced,3,1,12.00,7,12,10,177.00,0.58,"2026-06-08 15:34:49"
53011,0,1,"1. Junior User (1-6 Months)",Mobile Phone,3,9,Debit Card,male,4,4,Laptop & Accessory,3,Single,3,1,12.00,2,2,5,170.00,1.00,"2026-06-08 15:34:49"
53012,0,5,"1. Junior User (1-6 Months)",Mobile Phone,3,14,E wallet,male,4,4,Laptop & Accessory,2,Married,6,0,13.00,1,2,8,200.00,0.50,"2026-06-08 15:34:49"
53013,0,6,"1. Junior User (1-6 Months)",Mobile Phone,1,9,Credit Card,female,4,3,Laptop & Accessory,2,Single,9,0,17.00,2,2,8,176.00,1.00,"2026-06-08 15:34:49"
53014,1,1,"1. Junior User (1-6 Months)",Mobile Phone,1,9,Credit Card,male,3,6,Mobile Phone,2,Divorced,7,1,14.00,3,3,3,160.00,1.00,"2026-06-08 15:34:49"
53015,0,4,"1. Junior User (1-6 Months)",Mobile Phone,1,35,Credit Card,female,4,4,Laptop & Accessory,2,Divorced,3,0,14.00,1,2,10,183.00,0.50,"2026-06-08 15:34:49"
53016,0,5,"1. Junior User (1-6 Months)",Computer,1,14,Debit Card,female,3,5,Fashion,3,Divorced,3,0,25.00,4,9,-1,214.00,0.44,"2026-06-08 15:34:49"
53017,0,13,"3. Core Loyal (>1 Year)",Computer,1,6,Credit Card,male,3,5,Others,2,Divorced,3,0,0.0,10,14,4,318.00,0.71,"2026-06-08 15:34:49"
53018,1,3,"1. Junior User (1-6 Months)",Mobile Phone,3,10,Credit Card,female,3,4,Laptop & Accessory,3,Divorced,6,1,19.00,2,2,1,177.00,1.00,"2026-06-08 15:34:49"
53019,0,7,"2. Mid-Loyal (7-12 Months)",Computer,3,17,E wallet,male,3,5,Laptop & Accessory,2,Single,5,0,15.00,2,2,2,172.00,1.00,"2026-06-08 15:34:49"
53020,0,21,"3. Core Loyal (>1 Year)",Mobile Phone,1,12,Debit Card,male,3,4,Others,3,Divorced,6,0,0.0,1,2,2,308.00,0.50,"2026-06-08 15:34:49"
53021,0,17,"3. Core Loyal (>1 Year)",Computer,1,17,Debit Card,female,3,5,Laptop & Accessory,3,Married,3,0,12.00,1,2,1,178.00,0.50,"2026-06-08 15:34:49"
53022,0,1,"1. Junior User (1-6 Months)",Computer,3,7,E wallet,male,4,4,Laptop & Accessory,4,Divorced,2,1,14.00,1,2,5,188.00,0.50,"2026-06-08 15:34:49"
53023,0,28,"3. Core Loyal (>1 Year)",Computer,1,27,Debit Card,female,3,4,Laptop & Accessory,3,Single,5,0,13.00,2,2,4,174.00,1.00,"2026-06-08 15:34:49"
53024,0,17,"3. Core Loyal (>1 Year)",Mobile Phone,1,14,Debit Card,female,3,4,Fashion,5,Divorced,10,0,17.00,2,2,-1,225.00,1.00,"2026-06-08 15:34:49"
53025,0,19,"3. Core Loyal (>1 Year)",Mobile Phone,1,15,UPI,male,4,4,Laptop & Accessory,2,Divorced,11,0,15.00,8,10,9,162.00,0.80,"2026-06-08 15:34:49"
53026,0,14,"3. Core Loyal (>1 Year)",Mobile Phone,3,7,Credit Card,male,3,6,Laptop & Accessory,2,Divorced,4,1,23.00,2,2,3,200.00,1.00,"2026-06-08 15:34:49"
53027,1,1,"1. Junior User (1-6 Months)",Mobile Phone,1,15,UPI,male,4,6,Mobile Phone,5,Divorced,3,1,12.00,2,2,8,146.00,1.00,"2026-06-08 15:34:49"
53028,0,3,"1. Junior User (1-6 Months)",Mobile Phone,1,16,UPI,male,2,5,Mobile Phone,2,Single,2,0,18.00,3,3,3,165.00,1.00,"2026-06-08 15:34:49"
53029,0,4,"1. Junior User (1-6 Months)",Mobile Phone,3,12,E wallet,female,2,5,Laptop & Accessory,3,Married,3,0,14.00,1,2,3,186.00,0.50,"2026-06-08 15:34:49"
53030,0,1,"1. Junior User (1-6 Months)",Mobile Phone,3,15,E wallet,female,3,4,Laptop & Accessory,4,Divorced,3,0,19.00,1,2,8,187.00,0.50,"2026-06-08 15:34:49"
53031,0,11,"2. Mid-Loyal (7-12 Months)",Mobile Phone,1,12,Credit Card,male,4,4,Laptop & Accessory,2,Married,9,0,17.00,1,2,5,188.00,0.50,"2026-06-08 15:34:49"
53032,0,12,"2. Mid-Loyal (7-12 Months)",Mobile Phone,1,22,Debit Card,male,4,5,Fashion,2,Married,2,1,15.00,2,0,10,240.00,0.00,"2026-06-08 15:34:49"
53033,0,5,"1. Junior User (1-6 Months)",Mobile Phone,1,14,Credit Card,female,3,4,Fashion,2,Single,3,1,15.00,3,5,11,196.00,0.60,"2026-06-08 15:34:49"
53034,0,3,"1. Junior User (1-6 Months)",Mobile Phone,3,17,E wallet,female,3,5,Laptop & Accessory,4,Married,3,1,15.00,1,2,8,208.00,0.50,"2026-06-08 15:34:49"
53035,0,9,"2. Mid-Loyal (7-12 Months)",Mobile Phone,1,12,Cash on Delivery,male,4,4,Fashion,4,Single,2,0,14.00,1,2,14,206.00,0.50,"2026-06-08 15:34:49"
53036,0,1,"1. Junior User (1-6 Months)",Mobile Phone,1,33,Debit Card,male,3,4,Mobile Phone,2,Married,3,0,13.00,2,2,3,154.00,1.00,"2026-06-08 15:34:49"
53037,0,15,"3. Core Loyal (>1 Year)",Mobile Phone,1,13,Credit Card,male,4,5,Laptop & Accessory,4,Single,8,1,16.00,2,2,3,185.00,1.00,"2026-06-08 15:34:49"
53038,0,21,"3. Core Loyal (>1 Year)",Computer,3,11,Credit Card,male,3,4,Laptop & Accessory,3,Single,5,0,20.00,1,2,1,155.00,0.50,"2026-06-08 15:34:49"
53039,0,16,"3. Core Loyal (>1 Year)",Mobile Phone,1,30,Debit Card,female,3,4,Grocery,2,Single,4,0,15.00,0,2,1,285.00,0.00,"2026-06-08 15:34:49"
53040,0,3,"1. Junior User (1-6 Months)",Computer,3,9,Debit Card,male,4,4,Laptop & Accessory,3,Divorced,3,0,15.00,2,2,3,171.00,1.00,"2026-06-08 15:34:49"
53041,0,16,"3. Core Loyal (>1 Year)",Mobile Phone,2,9,Cash on Delivery,male,3,4,Mobile Phone,3,Married,2,1,12.00,2,2,1,152.00,1.00,"2026-06-08 15:34:49"
53042,0,6,"1. Junior User (1-6 Months)",Mobile Phone,1,9,Credit Card,female,4,4,Mobile Phone,4,Divorced,3,0,14.00,1,2,8,149.00,0.50,"2026-06-08 15:34:49"
53043,0,22,"3. Core Loyal (>1 Year)",Mobile Phone,3,36,Credit Card,female,4,4,Fashion,3,Divorced,5,0,22.00,1,0,1,250.00,0.00,"2026-06-08 15:34:49"
53044,0,11,"2. Mid-Loyal (7-12 Months)",Mobile Phone,1,13,Credit Card,male,3,3,Laptop & Accessory,5,Married,6,1,14.00,3,7,8,185.00,0.43,"2026-06-08 15:34:49"
53045,0,4,"1. Junior User (1-6 Months)",Computer,3,32,Cash on Delivery,female,3,4,Laptop & Accessory,3,Divorced,9,1,13.00,2,3,3,172.00,0.67,"2026-06-08 15:34:49"
53046,0,1,"1. Junior User (1-6 Months)",Mobile Phone,3,7,Debit Card,male,3,4,Laptop & Accessory,3,Divorced,3,0,18.00,3,8,8,178.00,0.38,"2026-06-08 15:34:49"
53047,0,16,"3. Core Loyal (>1 Year)",Mobile Phone,1,9,UPI,male,4,5,Laptop & Accessory,2,Single,5,0,24.00,1,2,1,193.00,0.50,"2026-06-08 15:34:49"
53048,1,1,"1. Junior User (1-6 Months)",Computer,3,7,Cash on Delivery,female,3,5,Mobile Phone,4,Single,3,1,12.00,2,2,3,147.00,1.00,"2026-06-08 15:34:49"
53049,0,10,"2. Mid-Loyal (7-12 Months)",Computer,3,7,Credit Card,female,3,4,Laptop & Accessory,2,Single,6,0,16.00,2,2,1,192.00,1.00,"2026-06-08 15:34:49"
53050,0,10,"2. Mid-Loyal (7-12 Months)",Computer,3,10,Credit Card,male,3,5,Fashion,2,Divorced,6,0,12.00,1,2,-1,222.00,0.50,"2026-06-08 15:34:49"
53051,0,31,"3. Core Loyal (>1 Year)",Mobile Phone,1,7,Credit Card,male,3,4,Laptop & Accessory,3,Divorced,4,0,12.00,2,2,3,193.00,1.00,"2026-06-08 15:34:49"
53052,0,14,"3. Core Loyal (>1 Year)",Mobile Phone,1,17,Debit Card,female,3,3,Mobile Phone,3,Divorced,5,1,14.00,1,2,8,147.00,0.50,"2026-06-08 15:34:49"
53053,0,1,"1. Junior User (1-6 Months)",Computer,3,16,Credit Card,male,3,4,Mobile Phone,2,Single,3,0,25.00,1,3,3,151.00,0.33,"2026-06-08 15:34:49"
53054,1,1,"1. Junior User (1-6 Months)",Mobile Phone,3,12,E wallet,female,3,4,Mobile Phone,3,Single,3,1,14.00,2,2,1,154.00,1.00,"2026-06-08 15:34:49"
53055,0,11,"2. Mid-Loyal (7-12 Months)",Mobile Phone,1,17,Credit Card,female,4,4,Mobile Phone,5,Divorced,8,0,21.00,2,2,4,160.00,1.00,"2026-06-08 15:34:49"
53056,0,20,"3. Core Loyal (>1 Year)",Computer,1,14,Credit Card,female,2,4,Laptop & Accessory,3,Divorced,4,0,15.00,1,2,1,178.00,0.50,"2026-06-08 15:34:49"
53057,1,5,"1. Junior User (1-6 Months)",Computer,3,11,E wallet,male,3,4,Laptop & Accessory,4,Single,3,0,19.00,8,8,-1,219.00,1.00,"2026-06-08 15:34:49"
53058,0,24,"3. Core Loyal (>1 Year)",Mobile Phone,1,17,Cash on Delivery,male,4,5,Fashion,2,Single,8,0,16.00,1,2,-1,230.00,0.50,"2026-06-08 15:34:49"
53059,1,4,"1. Junior User (1-6 Months)",Mobile Phone,3,29,E wallet,male,4,5,Laptop & Accessory,3,Divorced,4,1,13.00,2,2,1,189.00,1.00,"2026-06-08 15:34:49"
53060,0,5,"1. Junior User (1-6 Months)",Mobile Phone,1,16,Debit Card,male,3,5,Mobile Phone,4,Single,2,1,17.00,2,3,3,152.00,0.67,"2026-06-08 15:34:49"
53061,1,1,"1. Junior User (1-6 Months)",Mobile Phone,3,19,Debit Card,female,3,3,Mobile Phone,4,Single,3,0,16.00,1,2,1,152.00,0.50,"2026-06-08 15:34:49"
53062,0,3,"1. Junior User (1-6 Months)",Mobile Phone,1,30,Debit Card,male,3,4,Mobile Phone,2,Single,11,0,17.00,2,2,3,147.00,1.00,"2026-06-08 15:34:49"
53063,0,9,"2. Mid-Loyal (7-12 Months)",Mobile Phone,1,16,Debit Card,male,4,5,Laptop & Accessory,4,Single,11,0,20.00,2,2,1,190.00,1.00,"2026-06-08 15:34:49"
53064,0,1,"1. Junior User (1-6 Months)",Mobile Phone,1,7,Credit Card,male,3,4,Mobile Phone,4,Married,3,0,12.00,1,2,5,163.00,0.50,"2026-06-08 15:34:49"
53065,0,2,"1. Junior User (1-6 Months)",Mobile Phone,3,16,Debit Card,male,4,4,Laptop & Accessory,2,Single,3,0,17.00,2,2,8,178.00,1.00,"2026-06-08 15:34:49"
53066,0,23,"3. Core Loyal (>1 Year)",Mobile Phone,1,14,UPI,male,3,5,Fashion,3,Single,10,0,25.00,2,2,1,170.00,1.00,"2026-06-08 15:34:49"
53067,0,25,"3. Core Loyal (>1 Year)",Mobile Phone,3,21,Debit Card,female,3,4,Laptop & Accessory,2,Divorced,6,0,12.00,1,2,8,174.00,0.50,"2026-06-08 15:34:49"
53068,0,10,"2. Mid-Loyal (7-12 Months)",Mobile Phone,1,9,Debit Card,female,4,4,Mobile Phone,3,Divorced,6,0,14.00,2,3,3,150.00,0.67,"2026-06-08 15:34:49"
53069,1,1,"1. Junior User (1-6 Months)",Computer,3,26,E wallet,male,4,3,Laptop & Accessory,2,Single,10,1,14.00,2,2,5,178.00,1.00,"2026-06-08 15:34:49"
53070,0,29,"3. Core Loyal (>1 Year)",Mobile Phone,1,9,Debit Card,female,4,4,Grocery,2,Single,4,1,14.00,0,2,3,292.00,0.00,"2026-06-08 15:34:49"
53071,0,1,"1. Junior User (1-6 Months)",Mobile Phone,3,17,E wallet,female,4,4,Laptop & Accessory,3,Married,3,1,13.00,1,2,4,168.00,0.50,"2026-06-08 15:34:49"
53072,0,4,"1. Junior User (1-6 Months)",Mobile Phone,3,9,Cash on Delivery,male,4,4,Mobile Phone,4,Divorced,3,0,19.00,2,2,1,150.00,1.00,"2026-06-08 15:34:49"
53073,1,1,"1. Junior User (1-6 Months)",Computer,1,10,Cash on Delivery,male,4,4,Mobile Phone,5,Single,2,0,23.00,1,2,5,156.00,0.50,"2026-06-08 15:34:49"
53074,0,1,"1. Junior User (1-6 Months)",Mobile Phone,1,18,Credit Card,female,3,4,Mobile Phone,4,Divorced,3,0,14.00,2,2,3,147.00,1.00,"2026-06-08 15:34:49"
53075,0,10,"2. Mid-Loyal (7-12 Months)",Mobile Phone,3,9,Credit Card,male,4,5,Fashion,3,Divorced,3,0,14.00,10,10,1,201.00,1.00,"2026-06-08 15:34:49"
53076,1,1,"1. Junior User (1-6 Months)",Computer,1,11,Cash on Delivery,male,3,4,Mobile Phone,2,Single,20,1,24.00,2,2,1,148.00,1.00,"2026-06-08 15:34:49"
53077,0,11,"2. Mid-Loyal (7-12 Months)",Mobile Phone,1,21,Debit Card,female,4,4,Mobile Phone,5,Married,3,0,13.00,4,13,18,155.00,0.31,"2026-06-08 15:34:49"
53078,0,14,"3. Core Loyal (>1 Year)",Mobile Phone,3,9,E wallet,female,3,4,Laptop & Accessory,4,Married,9,0,13.00,1,2,4,182.00,0.50,"2026-06-08 15:34:49"
53079,0,16,"3. Core Loyal (>1 Year)",Mobile Phone,1,7,Debit Card,female,4,4,Mobile Phone,5,Married,5,0,17.00,2,2,3,151.00,1.00,"2026-06-08 15:34:49"
53080,0,11,"2. Mid-Loyal (7-12 Months)",Mobile Phone,1,17,Debit Card,male,3,4,Laptop & Accessory,4,Single,4,1,13.00,1,2,2,167.00,0.50,"2026-06-08 15:34:49"
53081,0,17,"3. Core Loyal (>1 Year)",Mobile Phone,1,19,Debit Card,male,3,5,Grocery,4,Married,3,0,12.00,0,4,10,268.00,0.00,"2026-06-08 15:34:49"
53082,0,14,"3. Core Loyal (>1 Year)",Mobile Phone,1,9,Credit Card,female,4,5,Laptop & Accessory,3,Divorced,8,0,23.00,2,2,1,159.00,1.00,"2026-06-08 15:34:49"
53083,0,28,"3. Core Loyal (>1 Year)",Mobile Phone,1,12,Credit Card,male,3,4,Others,5,Divorced,6,0,0.0,2,2,3,319.00,1.00,"2026-06-08 15:34:49"
53084,0,8,"2. Mid-Loyal (7-12 Months)",Computer,3,11,E wallet,female,4,4,Laptop & Accessory,3,Divorced,11,0,16.00,2,2,3,190.00,1.00,"2026-06-08 15:34:49"
53085,0,5,"1. Junior User (1-6 Months)",Mobile Phone,1,14,Credit Card,female,3,4,Laptop & Accessory,5,Divorced,3,0,13.00,4,4,13,168.00,1.00,"2026-06-08 15:34:49"
53086,0,17,"3. Core Loyal (>1 Year)",Computer,1,28,Credit Card,male,4,4,Mobile Phone,2,Divorced,9,0,21.00,1,2,3,148.00,0.50,"2026-06-08 15:34:49"
53087,0,17,"3. Core Loyal (>1 Year)",Mobile Phone,1,15,UPI,female,4,4,Laptop & Accessory,3,Married,6,1,15.00,1,2,3,170.00,0.50,"2026-06-08 15:34:49"
53088,0,1,"1. Junior User (1-6 Months)",Mobile Phone,3,11,Debit Card,female,3,5,Laptop & Accessory,2,Single,3,1,12.00,1,2,4,170.00,0.50,"2026-06-08 15:34:49"
53089,0,11,"2. Mid-Loyal (7-12 Months)",Computer,1,32,Credit Card,female,4,4,Laptop & Accessory,3,Divorced,5,1,16.00,4,11,8,169.00,0.36,"2026-06-08 15:34:49"
53090,0,5,"1. Junior User (1-6 Months)",Mobile Phone,1,7,Debit Card,male,4,5,Mobile Phone,5,Divorced,3,0,13.00,1,4,3,147.00,0.25,"2026-06-08 15:34:49"
53091,0,13,"3. Core Loyal (>1 Year)",Computer,1,7,Debit Card,male,3,4,Others,3,Married,3,1,0.0,1,2,7,317.00,0.50,"2026-06-08 15:34:49"
53092,0,30,"3. Core Loyal (>1 Year)",Computer,3,13,Debit Card,female,3,3,Grocery,5,Divorced,11,0,12.00,3,0,8,257.00,0.00,"2026-06-08 15:34:49"
53093,0,4,"1. Junior User (1-6 Months)",Mobile Phone,3,19,Cash on Delivery,female,3,4,Laptop & Accessory,3,Single,2,0,12.00,4,5,5,191.00,0.80,"2026-06-08 15:34:49"
53094,0,15,"3. Core Loyal (>1 Year)",Mobile Phone,3,7,E wallet,male,3,3,Fashion,5,Divorced,3,0,17.00,2,2,8,209.00,1.00,"2026-06-08 15:34:49"
53095,0,2,"1. Junior User (1-6 Months)",Mobile Phone,1,24,Credit Card,male,4,4,Laptop & Accessory,5,Married,3,0,13.00,1,2,9,171.00,0.50,"2026-06-08 15:34:49"
53096,1,1,"1. Junior User (1-6 Months)",Mobile Phone,1,10,Credit Card,male,4,4,Mobile Phone,5,Divorced,7,0,14.00,2,2,3,165.00,1.00,"2026-06-08 15:34:49"
53097,0,26,"3. Core Loyal (>1 Year)",Mobile Phone,1,10,Credit Card,male,3,5,Fashion,3,Divorced,4,1,15.00,1,2,5,205.00,0.50,"2026-06-08 15:34:49"
53098,0,19,"3. Core Loyal (>1 Year)",Mobile Phone,1,17,Debit Card,male,4,4,Mobile Phone,2,Divorced,5,0,22.00,2,2,3,152.00,1.00,"2026-06-08 15:34:49"
53099,0,26,"3. Core Loyal (>1 Year)",Mobile Phone,1,11,Debit Card,female,2,4,Grocery,2,Divorced,4,0,14.00,0,2,5,291.00,0.00,"2026-06-08 15:34:49"
53100,0,16,"3. Core Loyal (>1 Year)",Computer,1,36,Debit Card,female,4,4,Laptop & Accessory,3,Married,4,0,12.00,2,2,3,171.00,1.00,"2026-06-08 15:34:49"
53101,0,4,"1. Junior User (1-6 Months)",Mobile Phone,1,9,Debit Card,female,3,6,Laptop & Accessory,2,Single,4,0,21.00,1,2,3,186.00,0.50,"2026-06-08 15:34:49"
53102,0,31,"3. Core Loyal (>1 Year)",Mobile Phone,1,14,Debit Card,female,3,4,Others,5,Divorced,7,0,0.0,1,12,11,321.00,0.08,"2026-06-08 15:34:49"
53103,0,20,"3. Core Loyal (>1 Year)",Mobile Phone,1,25,Credit Card,female,3,4,Laptop & Accessory,3,Married,4,0,15.00,1,2,9,173.00,0.50,"2026-06-08 15:34:49"
53104,0,16,"3. Core Loyal (>1 Year)",Computer,1,35,Cash on Delivery,female,3,5,Laptop & Accessory,2,Divorced,2,0,12.00,1,2,5,170.00,0.50,"2026-06-08 15:34:49"
53105,1,1,"1. Junior User (1-6 Months)",Mobile Phone,3,7,Cash on Delivery,female,4,4,Mobile Phone,4,Single,3,1,17.00,2,2,5,157.00,1.00,"2026-06-08 15:34:49"
53106,1,1,"1. Junior User (1-6 Months)",Computer,3,13,E wallet,female,3,6,Mobile Phone,3,Married,2,0,17.00,2,2,1,149.00,1.00,"2026-06-08 15:34:49"
53107,0,12,"2. Mid-Loyal (7-12 Months)",Computer,1,9,Debit Card,male,3,4,Mobile Phone,2,Divorced,3,1,24.00,2,2,1,142.00,1.00,"2026-06-08 15:34:49"
53108,0,14,"3. Core Loyal (>1 Year)",Mobile Phone,3,9,Debit Card,female,4,4,Others,3,Divorced,2,0,0.0,1,2,13,305.00,0.50,"2026-06-08 15:34:49"
53109,0,1,"1. Junior User (1-6 Months)",Mobile Phone,1,30,Debit Card,female,3,4,Mobile Phone,2,Married,3,0,23.00,2,2,3,154.00,1.00,"2026-06-08 15:34:49"
53110,0,4,"1. Junior User (1-6 Months)",Computer,1,10,Debit Card,male,3,4,Mobile Phone,2,Divorced,6,0,16.00,1,2,5,146.00,0.50,"2026-06-08 15:34:49"
53111,0,3,"1. Junior User (1-6 Months)",Mobile Phone,1,10,Credit Card,male,4,5,Fashion,3,Divorced,3,0,19.00,2,0,8,244.00,0.00,"2026-06-08 15:34:49"
53112,1,1,"1. Junior User (1-6 Months)",Mobile Phone,1,32,Cash on Delivery,female,4,5,Mobile Phone,4,Divorced,7,0,17.00,1,2,2,150.00,0.50,"2026-06-08 15:34:49"
53113,1,1,"1. Junior User (1-6 Months)",Mobile Phone,2,9,Cash on Delivery,male,3,5,Mobile Phone,2,Single,3,0,13.00,2,2,1,151.00,1.00,"2026-06-08 15:34:49"
53114,0,4,"1. Junior User (1-6 Months)",Computer,3,29,UPI,female,4,4,Fashion,5,Divorced,2,0,12.00,3,8,9,209.00,0.38,"2026-06-08 15:34:49"
53115,0,31,"3. Core Loyal (>1 Year)",Mobile Phone,3,36,E wallet,male,3,5,Grocery,2,Married,5,0,13.00,0,2,1,266.00,0.00,"2026-06-08 15:34:49"
53116,0,24,"3. Core Loyal (>1 Year)",Mobile Phone,1,36,Debit Card,male,3,5,Grocery,3,Divorced,2,0,0.0,12,16,8,295.00,0.75,"2026-06-08 15:34:49"
53117,0,4,"1. Junior User (1-6 Months)",Computer,1,9,Credit Card,female,3,4,Mobile Phone,2,Single,2,0,15.00,6,7,8,151.00,0.86,"2026-06-08 15:34:49"
53118,0,31,"3. Core Loyal (>1 Year)",Computer,3,35,E wallet,female,4,5,Fashion,5,Divorced,6,0,20.00,14,14,-1,228.00,1.00,"2026-06-08 15:34:49"
53119,0,21,"3. Core Loyal (>1 Year)",Mobile Phone,1,9,Credit Card,female,4,4,Laptop & Accessory,2,Married,7,0,14.00,1,2,5,176.00,0.50,"2026-06-08 15:34:49"
53120,0,20,"3. Core Loyal (>1 Year)",Mobile Phone,1,9,Debit Card,male,3,4,Grocery,3,Divorced,8,0,0.0,1,2,2,304.00,0.50,"2026-06-08 15:34:49"
53121,0,9,"2. Mid-Loyal (7-12 Months)",Mobile Phone,1,29,Debit Card,male,3,6,Mobile Phone,3,Single,2,0,16.00,3,5,4,167.00,0.60,"2026-06-08 15:34:49"
53122,0,28,"3. Core Loyal (>1 Year)",Mobile Phone,1,15,Debit Card,female,3,4,Laptop & Accessory,3,Single,9,0,12.00,2,2,1,163.00,1.00,"2026-06-08 15:34:49"
53123,0,8,"2. Mid-Loyal (7-12 Months)",Mobile Phone,1,9,Debit Card,male,4,5,Mobile Phone,3,Married,5,0,13.00,6,6,8,153.00,1.00,"2026-06-08 15:34:49"
53124,0,20,"3. Core Loyal (>1 Year)",Mobile Phone,3,17,E wallet,female,4,5,Fashion,2,Divorced,4,1,20.00,2,2,-1,216.00,1.00,"2026-06-08 15:34:49"
53125,0,5,"1. Junior User (1-6 Months)",Mobile Phone,1,16,Debit Card,male,3,4,Fashion,4,Married,3,0,26.00,2,2,9,231.00,1.00,"2026-06-08 15:34:49"
53126,1,1,"1. Junior User (1-6 Months)",Mobile Phone,1,22,Credit Card,male,3,4,Fashion,3,Divorced,9,1,13.00,0,8,8,261.00,0.00,"2026-06-08 15:34:49"
53127,1,1,"1. Junior User (1-6 Months)",Mobile Phone,1,17,Credit Card,male,3,6,Mobile Phone,2,Married,9,0,14.00,1,2,4,159.00,0.50,"2026-06-08 15:34:49"
53128,0,4,"1. Junior User (1-6 Months)",Mobile Phone,3,14,E wallet,male,3,4,Mobile Phone,4,Single,2,0,15.00,2,2,3,155.00,1.00,"2026-06-08 15:34:49"
53129,0,9,"2. Mid-Loyal (7-12 Months)",Mobile Phone,1,23,Debit Card,male,4,4,Fashion,3,Divorced,6,1,13.00,1,2,1,201.00,0.50,"2026-06-08 15:34:49"
53130,1,1,"1. Junior User (1-6 Months)",Computer,1,27,Debit Card,male,4,4,Fashion,3,Divorced,5,0,13.00,2,2,-1,223.00,1.00,"2026-06-08 15:34:49"
53131,1,1,"1. Junior User (1-6 Months)",Computer,2,30,UPI,female,3,4,Fashion,5,Married,11,1,16.00,2,2,-1,225.00,1.00,"2026-06-08 15:34:49"
53132,0,16,"3. Core Loyal (>1 Year)",Computer,1,12,UPI,male,4,4,Mobile Phone,3,Divorced,6,0,18.00,3,3,1,146.00,1.00,"2026-06-08 15:34:49"
53133,0,10,"2. Mid-Loyal (7-12 Months)",Computer,3,17,Credit Card,male,3,4,Fashion,2,Single,3,0,15.00,2,10,-1,225.00,0.20,"2026-06-08 15:34:49"
53134,1,1,"1. Junior User (1-6 Months)",Computer,1,11,Cash on Delivery,male,3,5,Mobile Phone,3,Single,7,0,17.00,2,2,3,164.00,1.00,"2026-06-08 15:34:49"
53135,0,22,"3. Core Loyal (>1 Year)",Mobile Phone,3,9,E wallet,female,3,4,Laptop & Accessory,2,Divorced,4,0,15.00,5,7,8,166.00,0.71,"2026-06-08 15:34:49"
53136,0,29,"3. Core Loyal (>1 Year)",Mobile Phone,3,25,Debit Card,female,3,4,Grocery,4,Single,5,0,0.0,1,8,8,293.00,0.13,"2026-06-08 15:34:49"
53137,0,15,"3. Core Loyal (>1 Year)",Computer,3,17,Debit Card,male,3,4,Laptop & Accessory,2,Single,9,0,15.00,1,2,11,187.00,0.50,"2026-06-08 15:34:49"
53138,0,9,"2. Mid-Loyal (7-12 Months)",Mobile Phone,3,7,E wallet,male,3,4,Laptop & Accessory,3,Divorced,11,0,12.00,4,7,10,172.00,0.57,"2026-06-08 15:34:49"
53139,0,14,"3. Core Loyal (>1 Year)",Mobile Phone,1,13,Debit Card,female,4,4,Grocery,3,Single,9,0,16.00,5,0,14,257.00,0.00,"2026-06-08 15:34:49"
53140,0,13,"3. Core Loyal (>1 Year)",Computer,1,15,Debit Card,female,3,4,Mobile Phone,3,Divorced,3,0,12.00,1,2,8,163.00,0.50,"2026-06-08 15:34:49"
53141,0,5,"1. Junior User (1-6 Months)",Mobile Phone,3,9,Debit Card,male,4,4,Laptop & Accessory,2,Single,6,1,14.00,2,2,6,191.00,1.00,"2026-06-08 15:34:49"
53142,0,16,"3. Core Loyal (>1 Year)",Mobile Phone,1,31,Credit Card,male,3,4,Fashion,5,Divorced,3,1,22.00,5,6,9,199.00,0.83,"2026-06-08 15:34:49"
53143,0,19,"3. Core Loyal (>1 Year)",Mobile Phone,3,9,UPI,male,4,4,Laptop & Accessory,4,Divorced,2,0,20.00,4,4,8,173.00,1.00,"2026-06-08 15:34:49"
53144,1,1,"1. Junior User (1-6 Months)",Computer,2,24,Debit Card,female,3,4,Mobile Phone,3,Married,2,1,12.00,1,2,1,152.00,0.50,"2026-06-08 15:34:49"
53145,0,3,"1. Junior User (1-6 Months)",Mobile Phone,1,26,Cash on Delivery,male,3,4,Laptop & Accessory,2,Married,6,0,13.00,1,2,3,168.00,0.50,"2026-06-08 15:34:49"
53146,0,7,"2. Mid-Loyal (7-12 Months)",Mobile Phone,1,7,Credit Card,female,4,3,Grocery,3,Married,6,0,20.00,0,2,6,287.00,0.00,"2026-06-08 15:34:49"
53147,0,1,"1. Junior User (1-6 Months)",Mobile Phone,3,14,Debit Card,male,3,5,Fashion,2,Married,11,0,22.00,2,0,2,241.00,0.00,"2026-06-08 15:34:49"
53148,1,1,"1. Junior User (1-6 Months)",Computer,3,12,E wallet,male,4,4,Mobile Phone,4,Single,3,1,15.00,2,2,1,144.00,1.00,"2026-06-08 15:34:49"
53149,0,14,"3. Core Loyal (>1 Year)",Computer,3,35,UPI,male,3,6,Fashion,5,Married,5,0,16.00,2,0,2,234.00,0.00,"2026-06-08 15:34:49"
53150,0,15,"3. Core Loyal (>1 Year)",Computer,1,9,UPI,female,4,5,Laptop & Accessory,3,Single,4,1,18.00,1,2,8,193.00,0.50,"2026-06-08 15:34:49"
53151,0,1,"1. Junior User (1-6 Months)",Mobile Phone,3,36,Credit Card,male,3,4,Laptop & Accessory,3,Married,7,0,13.00,2,2,1,168.00,1.00,"2026-06-08 15:34:49"
53152,0,9,"2. Mid-Loyal (7-12 Months)",Mobile Phone,3,7,Credit Card,female,4,4,Laptop & Accessory,3,Single,3,0,17.00,1,2,4,174.00,0.50,"2026-06-08 15:34:49"
53153,0,8,"2. Mid-Loyal (7-12 Months)",Mobile Phone,3,28,Debit Card,male,4,3,Laptop & Accessory,2,Single,3,0,13.00,6,6,8,178.00,1.00,"2026-06-08 15:34:49"
53154,1,1,"1. Junior User (1-6 Months)",Mobile Phone,1,31,Cash on Delivery,male,4,6,Mobile Phone,2,Single,3,1,19.00,2,2,1,148.00,1.00,"2026-06-08 15:34:49"
53155,0,11,"2. Mid-Loyal (7-12 Months)",Mobile Phone,1,7,Cash on Delivery,female,3,4,Fashion,2,Single,6,0,18.00,2,2,3,200.00,1.00,"2026-06-08 15:34:49"
53156,0,20,"3. Core Loyal (>1 Year)",Computer,1,25,Credit Card,female,3,4,Fashion,3,Divorced,7,0,12.00,2,2,-1,230.00,1.00,"2026-06-08 15:34:49"
53157,0,15,"3. Core Loyal (>1 Year)",Mobile Phone,3,9,Debit Card,female,4,4,Grocery,5,Divorced,9,0,17.00,0,12,9,291.00,0.00,"2026-06-08 15:34:49"
53158,0,11,"2. Mid-Loyal (7-12 Months)",Computer,3,16,Credit Card,male,4,4,Fashion,4,Married,3,0,14.00,7,8,-1,213.00,0.88,"2026-06-08 15:34:49"
53159,0,26,"3. Core Loyal (>1 Year)",Mobile Phone,1,13,Cash on Delivery,male,4,4,Laptop & Accessory,5,Married,5,1,13.00,3,7,10,181.00,0.43,"2026-06-08 15:34:49"
53160,1,1,"1. Junior User (1-6 Months)",Computer,3,18,UPI,male,3,3,Laptop & Accessory,3,Divorced,10,0,13.00,2,2,3,172.00,1.00,"2026-06-08 15:34:49"
53161,0,1,"1. Junior User (1-6 Months)",Computer,3,31,Credit Card,male,3,4,Mobile Phone,2,Divorced,2,0,14.00,1,3,2,149.00,0.33,"2026-06-08 15:34:49"
53162,0,12,"2. Mid-Loyal (7-12 Months)",Mobile Phone,1,17,Credit Card,female,4,4,Laptop & Accessory,3,Divorced,5,0,20.00,2,2,-1,223.00,1.00,"2026-06-08 15:34:49"
53163,0,11,"2. Mid-Loyal (7-12 Months)",Mobile Phone,1,7,Debit Card,female,4,4,Laptop & Accessory,4,Divorced,8,0,13.00,4,5,4,189.00,0.80,"2026-06-08 15:34:49"
53164,0,23,"3. Core Loyal (>1 Year)",Mobile Phone,1,25,Debit Card,male,3,5,Others,3,Married,3,1,0.0,1,2,10,320.00,0.50,"2026-06-08 15:34:49"
53165,0,1,"1. Junior User (1-6 Months)",Mobile Phone,1,30,Credit Card,male,3,3,Mobile Phone,2,Divorced,3,1,12.00,1,2,5,152.00,0.50,"2026-06-08 15:34:49"
53166,0,1,"1. Junior User (1-6 Months)",Mobile Phone,3,35,E wallet,male,4,4,Laptop & Accessory,4,Divorced,3,0,21.00,2,2,5,188.00,1.00,"2026-06-08 15:34:49"
53167,0,1,"1. Junior User (1-6 Months)",Mobile Phone,1,24,UPI,male,4,5,Mobile Phone,4,Divorced,3,0,22.00,2,2,1,146.00,1.00,"2026-06-08 15:34:49"
53168,0,24,"3. Core Loyal (>1 Year)",Computer,2,10,Credit Card,male,3,4,Others,4,Divorced,3,0,0.0,7,11,8,307.00,0.64,"2026-06-08 15:34:49"
53169,0,1,"1. Junior User (1-6 Months)",Mobile Phone,3,20,Credit Card,male,3,4,Mobile Phone,3,Divorced,3,0,12.00,2,2,7,146.00,1.00,"2026-06-08 15:34:49"
53170,1,1,"1. Junior User (1-6 Months)",Computer,1,14,Debit Card,female,3,4,Mobile Phone,3,Divorced,3,1,17.00,1,2,3,154.00,0.50,"2026-06-08 15:34:49"
53171,1,1,"1. Junior User (1-6 Months)",Computer,3,19,Debit Card,male,4,5,Mobile Phone,5,Divorced,3,0,19.00,2,2,1,145.00,1.00,"2026-06-08 15:34:49"
53172,0,8,"2. Mid-Loyal (7-12 Months)",Mobile Phone,1,7,Debit Card,male,3,5,Mobile Phone,2,Divorced,3,1,14.00,1,2,4,161.00,0.50,"2026-06-08 15:34:49"
53173,1,1,"1. Junior User (1-6 Months)",Mobile Phone,3,20,Credit Card,male,3,4,Laptop & Accessory,5,Married,4,0,18.00,1,2,3,167.00,0.50,"2026-06-08 15:34:49"
53174,0,9,"2. Mid-Loyal (7-12 Months)",Mobile Phone,1,32,UPI,male,3,5,Laptop & Accessory,2,Single,6,0,15.00,1,2,3,162.00,0.50,"2026-06-08 15:34:49"
53175,0,5,"1. Junior User (1-6 Months)",Mobile Phone,3,13,Credit Card,male,4,3,Laptop & Accessory,2,Married,6,0,23.00,4,6,8,180.00,0.67,"2026-06-08 15:34:49"
53176,0,1,"1. Junior User (1-6 Months)",Mobile Phone,1,13,Credit Card,female,4,5,Mobile Phone,3,Married,2,0,13.00,2,2,4,147.00,1.00,"2026-06-08 15:34:49"
53177,0,11,"2. Mid-Loyal (7-12 Months)",Mobile Phone,3,9,E wallet,male,4,4,Laptop & Accessory,3,Divorced,6,1,12.00,1,2,-1,221.00,0.50,"2026-06-08 15:34:49"
53178,0,1,"1. Junior User (1-6 Months)",Mobile Phone,1,7,Debit Card,female,3,5,Mobile Phone,4,Single,3,0,14.00,2,2,1,153.00,1.00,"2026-06-08 15:34:49"
53179,0,16,"3. Core Loyal (>1 Year)",Mobile Phone,1,9,Debit Card,female,3,4,Laptop & Accessory,2,Divorced,3,0,14.00,3,3,3,166.00,1.00,"2026-06-08 15:34:49"
53180,0,17,"3. Core Loyal (>1 Year)",Mobile Phone,1,13,UPI,male,3,5,Grocery,2,Married,6,1,15.00,0,2,1,291.00,0.00,"2026-06-08 15:34:49"
53181,0,12,"2. Mid-Loyal (7-12 Months)",Mobile Phone,1,7,Debit Card,female,3,4,Mobile Phone,5,Single,5,0,18.00,2,2,1,151.00,1.00,"2026-06-08 15:34:49"
53182,0,17,"3. Core Loyal (>1 Year)",Computer,1,16,Credit Card,male,4,4,Laptop & Accessory,3,Married,5,1,14.00,3,5,8,182.00,0.60,"2026-06-08 15:34:49"
53183,0,22,"3. Core Loyal (>1 Year)",Mobile Phone,1,7,Debit Card,female,3,5,Grocery,5,Divorced,9,0,12.00,0,2,3,279.00,0.00,"2026-06-08 15:34:49"
53184,0,18,"3. Core Loyal (>1 Year)",Mobile Phone,2,7,Debit Card,female,3,5,Laptop & Accessory,3,Single,6,0,12.00,2,2,3,185.00,1.00,"2026-06-08 15:34:49"
53185,0,8,"2. Mid-Loyal (7-12 Months)",Mobile Phone,3,21,Cash on Delivery,female,3,4,Mobile Phone,3,Married,3,1,19.00,2,2,7,151.00,1.00,"2026-06-08 15:34:49"
53186,1,1,"1. Junior User (1-6 Months)",Mobile Phone,3,9,E wallet,male,3,4,Mobile Phone,5,Married,2,0,12.00,1,2,3,155.00,0.50,"2026-06-08 15:34:49"
53187,0,1,"1. Junior User (1-6 Months)",Mobile Phone,3,29,Cash on Delivery,male,3,4,Mobile Phone,3,Single,3,0,12.00,2,2,3,159.00,1.00,"2026-06-08 15:34:49"
53188,0,18,"3. Core Loyal (>1 Year)",Mobile Phone,1,10,UPI,male,3,4,Others,2,Divorced,6,1,0.0,2,2,2,320.00,1.00,"2026-06-08 15:34:49"
53189,0,1,"1. Junior User (1-6 Months)",Mobile Phone,1,13,Credit Card,male,4,4,Mobile Phone,3,Divorced,2,0,21.00,3,3,3,153.00,1.00,"2026-06-08 15:34:49"
53190,0,7,"2. Mid-Loyal (7-12 Months)",Mobile Phone,3,15,E wallet,male,3,4,Laptop & Accessory,3,Married,2,0,13.00,2,2,3,196.00,1.00,"2026-06-08 15:34:49"
53191,0,6,"1. Junior User (1-6 Months)",Mobile Phone,1,16,Debit Card,female,4,4,Laptop & Accessory,2,Divorced,3,1,13.00,2,2,6,188.00,1.00,"2026-06-08 15:34:49"
53192,0,4,"1. Junior User (1-6 Months)",Computer,1,10,Credit Card,female,4,4,Mobile Phone,3,Married,3,0,21.00,2,2,1,146.00,1.00,"2026-06-08 15:34:49"
53193,0,27,"3. Core Loyal (>1 Year)",Mobile Phone,3,7,Credit Card,female,3,4,Laptop & Accessory,5,Single,9,0,21.00,7,9,11,209.00,0.78,"2026-06-08 15:34:49"
53194,0,8,"2. Mid-Loyal (7-12 Months)",Mobile Phone,1,7,Debit Card,male,3,4,Mobile Phone,2,Divorced,3,0,13.00,7,9,9,152.00,0.78,"2026-06-08 15:34:49"
53195,1,9,"2. Mid-Loyal (7-12 Months)",Computer,3,33,Debit Card,female,4,4,Laptop & Accessory,5,Divorced,4,0,15.00,1,2,1,168.00,0.50,"2026-06-08 15:34:49"
53196,0,1,"1. Junior User (1-6 Months)",Mobile Phone,1,13,Debit Card,female,4,4,Mobile Phone,2,Divorced,3,1,14.00,1,2,3,152.00,0.50,"2026-06-08 15:34:49"
53197,0,11,"2. Mid-Loyal (7-12 Months)",Mobile Phone,1,10,UPI,male,3,4,Fashion,3,Divorced,3,0,16.00,7,8,-1,219.00,0.88,"2026-06-08 15:34:49"
53198,0,3,"1. Junior User (1-6 Months)",Mobile Phone,3,10,Credit Card,female,4,4,Laptop & Accessory,3,Divorced,3,0,15.00,1,2,3,181.00,0.50,"2026-06-08 15:34:49"
53199,0,9,"2. Mid-Loyal (7-12 Months)",Mobile Phone,1,13,Debit Card,male,3,6,Laptop & Accessory,2,Single,3,0,14.00,12,12,9,191.00,1.00,"2026-06-08 15:34:49"
53200,0,7,"2. Mid-Loyal (7-12 Months)",Computer,1,13,Debit Card,male,2,4,Laptop & Accessory,2,Married,5,0,24.00,5,5,8,202.00,1.00,"2026-06-08 15:34:49"
53201,0,28,"3. Core Loyal (>1 Year)",Mobile Phone,2,26,Credit Card,male,3,4,Fashion,4,Divorced,4,0,16.00,4,0,2,232.00,0.00,"2026-06-08 15:34:49"
53202,0,10,"2. Mid-Loyal (7-12 Months)",Mobile Phone,1,16,Credit Card,male,3,5,Laptop & Accessory,4,Married,4,1,12.00,2,2,-1,213.00,1.00,"2026-06-08 15:34:49"
53203,0,1,"1. Junior User (1-6 Months)",Mobile Phone,1,10,Credit Card,male,3,5,Mobile Phone,2,Single,2,0,14.00,1,2,2,145.00,0.50,"2026-06-08 15:34:49"
53204,1,1,"1. Junior User (1-6 Months)",Mobile Phone,1,17,Credit Card,male,3,4,Mobile Phone,3,Single,3,1,12.00,1,2,2,135.00,0.50,"2026-06-08 15:34:49"
53205,1,1,"1. Junior User (1-6 Months)",Computer,1,10,Debit Card,male,4,4,Mobile Phone,5,Single,3,1,12.00,10,10,8,158.00,1.00,"2026-06-08 15:34:49"
53206,0,9,"2. Mid-Loyal (7-12 Months)",Computer,1,10,Debit Card,male,3,5,Mobile Phone,3,Divorced,3,0,19.00,2,2,1,138.00,1.00,"2026-06-08 15:34:49"
53207,0,1,"1. Junior User (1-6 Months)",Mobile Phone,1,11,Credit Card,male,3,3,Mobile Phone,5,Divorced,4,0,17.00,1,2,3,153.00,0.50,"2026-06-08 15:34:49"
53208,0,1,"1. Junior User (1-6 Months)",Mobile Phone,3,15,Debit Card,male,3,3,Laptop & Accessory,4,Divorced,2,0,23.00,1,2,3,174.00,0.50,"2026-06-08 15:34:49"
53209,0,12,"2. Mid-Loyal (7-12 Months)",Mobile Phone,3,14,E wallet,female,3,5,Laptop & Accessory,2,Single,2,0,21.00,2,2,6,165.00,1.00,"2026-06-08 15:34:49"
53210,0,3,"1. Junior User (1-6 Months)",Computer,1,7,Debit Card,male,4,6,Mobile Phone,2,Married,3,0,19.00,3,3,9,152.00,1.00,"2026-06-08 15:34:49"
53211,0,22,"3. Core Loyal (>1 Year)",Mobile Phone,3,9,E wallet,male,3,3,Laptop & Accessory,4,Divorced,5,0,13.00,3,3,3,206.00,1.00,"2026-06-08 15:34:49"
53212,0,1,"1. Junior User (1-6 Months)",Computer,3,10,Credit Card,female,4,3,Laptop & Accessory,2,Married,3,1,21.00,2,2,5,171.00,1.00,"2026-06-08 15:34:49"
53213,0,11,"2. Mid-Loyal (7-12 Months)",Mobile Phone,1,17,Debit Card,male,4,3,Mobile Phone,2,Single,5,0,18.00,2,2,1,172.00,1.00,"2026-06-08 15:34:49"
53214,0,24,"3. Core Loyal (>1 Year)",Mobile Phone,1,35,Credit Card,male,4,3,Mobile Phone,3,Divorced,3,1,12.00,4,4,9,157.00,1.00,"2026-06-08 15:34:49"
53215,0,8,"2. Mid-Loyal (7-12 Months)",Mobile Phone,1,16,Credit Card,female,3,5,Fashion,4,Single,3,0,15.00,5,8,-1,211.00,0.63,"2026-06-08 15:34:49"
53216,1,1,"1. Junior User (1-6 Months)",Mobile Phone,3,10,Debit Card,female,4,4,Laptop & Accessory,3,Single,11,0,15.00,2,3,1,171.00,0.67,"2026-06-08 15:34:49"
53217,0,13,"3. Core Loyal (>1 Year)",Mobile Phone,1,9,Cash on Delivery,female,4,5,Laptop & Accessory,3,Single,3,0,12.00,3,12,11,171.00,0.25,"2026-06-08 15:34:49"
53218,0,6,"1. Junior User (1-6 Months)",Mobile Phone,3,17,E wallet,male,3,4,Laptop & Accessory,2,Single,3,0,13.00,1,2,9,179.00,0.50,"2026-06-08 15:34:49"
53219,1,14,"3. Core Loyal (>1 Year)",Computer,3,15,Cash on Delivery,male,3,4,Laptop & Accessory,3,Divorced,5,1,15.00,2,2,4,193.00,1.00,"2026-06-08 15:34:49"
53220,0,12,"2. Mid-Loyal (7-12 Months)",Mobile Phone,1,7,Debit Card,female,3,3,Laptop & Accessory,2,Single,2,0,14.00,2,2,9,201.00,1.00,"2026-06-08 15:34:49"
53221,0,1,"1. Junior User (1-6 Months)",Mobile Phone,1,7,Debit Card,female,4,4,Fashion,5,Divorced,3,0,12.00,2,2,8,199.00,1.00,"2026-06-08 15:34:49"
53222,0,6,"1. Junior User (1-6 Months)",Mobile Phone,1,10,Debit Card,female,3,4,Fashion,2,Single,5,0,16.00,4,0,8,237.00,0.00,"2026-06-08 15:34:49"
53223,0,21,"3. Core Loyal (>1 Year)",Mobile Phone,3,21,E wallet,male,3,4,Laptop & Accessory,5,Single,4,0,13.00,1,2,8,175.00,0.50,"2026-06-08 15:34:49"
53224,0,14,"3. Core Loyal (>1 Year)",Computer,3,12,Debit Card,male,3,5,Fashion,5,Divorced,7,1,22.00,1,2,-1,230.00,0.50,"2026-06-08 15:34:49"
53225,0,27,"3. Core Loyal (>1 Year)",Mobile Phone,1,14,Debit Card,male,3,3,Grocery,3,Divorced,5,0,20.00,0,2,4,273.00,0.00,"2026-06-08 15:34:49"
53226,0,15,"3. Core Loyal (>1 Year)",Mobile Phone,2,17,UPI,male,4,5,Others,2,Married,5,0,0.0,13,13,7,316.00,1.00,"2026-06-08 15:34:49"
53227,0,31,"3. Core Loyal (>1 Year)",Mobile Phone,3,23,E wallet,male,3,4,Laptop & Accessory,5,Single,10,0,15.00,2,3,3,179.00,0.67,"2026-06-08 15:34:49"
53228,0,1,"1. Junior User (1-6 Months)",Computer,1,17,Debit Card,male,3,4,Fashion,5,Married,3,0,22.00,2,2,-1,213.00,1.00,"2026-06-08 15:34:49"
53229,0,15,"3. Core Loyal (>1 Year)",Mobile Phone,2,7,UPI,male,3,5,Others,3,Divorced,3,0,0.0,3,3,11,317.00,1.00,"2026-06-08 15:34:49"
53230,0,24,"3. Core Loyal (>1 Year)",Mobile Phone,3,15,E wallet,male,3,4,Mobile Phone,4,Divorced,9,0,16.00,2,3,3,164.00,0.67,"2026-06-08 15:34:49"
53231,1,1,"1. Junior User (1-6 Months)",Mobile Phone,1,7,Debit Card,female,4,6,Mobile Phone,4,Single,9,1,14.00,2,4,8,147.00,0.50,"2026-06-08 15:34:49"
53232,0,10,"2. Mid-Loyal (7-12 Months)",Computer,1,15,Debit Card,female,4,3,Fashion,5,Divorced,11,0,15.00,1,0,6,242.00,0.00,"2026-06-08 15:34:49"
53233,0,12,"2. Mid-Loyal (7-12 Months)",Mobile Phone,1,7,Debit Card,female,3,4,Fashion,3,Single,6,1,15.00,1,2,1,204.00,0.50,"2026-06-08 15:34:49"
53234,0,18,"3. Core Loyal (>1 Year)",Computer,1,31,Credit Card,male,3,6,Mobile Phone,3,Single,4,0,15.00,1,2,5,162.00,0.50,"2026-06-08 15:34:49"
53235,0,21,"3. Core Loyal (>1 Year)",Computer,3,10,Credit Card,female,3,4,Grocery,3,Married,11,1,13.00,0,12,14,263.00,0.00,"2026-06-08 15:34:49"
53236,0,4,"1. Junior User (1-6 Months)",Mobile Phone,3,34,E wallet,male,3,4,Laptop & Accessory,2,Married,9,0,24.00,5,8,8,178.00,0.63,"2026-06-08 15:34:49"
53237,0,3,"1. Junior User (1-6 Months)",Mobile Phone,3,17,Debit Card,male,3,4,Mobile Phone,3,Single,3,0,12.00,1,2,1,151.00,0.50,"2026-06-08 15:34:49"
53238,1,6,"1. Junior User (1-6 Months)",Computer,1,26,Credit Card,male,3,3,Mobile Phone,3,Married,8,1,13.00,3,3,3,153.00,1.00,"2026-06-08 15:34:49"
53239,0,17,"3. Core Loyal (>1 Year)",Computer,3,22,Debit Card,male,3,5,Laptop & Accessory,2,Divorced,5,0,19.00,1,3,3,193.00,0.33,"2026-06-08 15:34:49"
53240,0,8,"2. Mid-Loyal (7-12 Months)",Mobile Phone,1,15,Credit Card,female,4,4,Laptop & Accessory,3,Single,5,0,12.00,2,5,4,186.00,0.40,"2026-06-08 15:34:49"
53241,0,1,"1. Junior User (1-6 Months)",Mobile Phone,1,16,Credit Card,male,3,4,Mobile Phone,5,Divorced,3,0,15.00,1,2,3,150.00,0.50,"2026-06-08 15:34:49"
53242,0,13,"3. Core Loyal (>1 Year)",Mobile Phone,2,10,UPI,female,3,3,Laptop & Accessory,4,Divorced,11,0,16.00,4,4,7,189.00,1.00,"2026-06-08 15:34:49"
53243,0,30,"3. Core Loyal (>1 Year)",Mobile Phone,1,16,Credit Card,male,3,4,Grocery,2,Divorced,9,0,12.00,1,0,2,236.00,0.00,"2026-06-08 15:34:49"
53244,0,14,"3. Core Loyal (>1 Year)",Mobile Phone,1,9,Credit Card,female,3,5,Mobile Phone,2,Single,2,1,21.00,3,3,4,148.00,1.00,"2026-06-08 15:34:49"
53245,0,1,"1. Junior User (1-6 Months)",Mobile Phone,1,14,Credit Card,female,3,5,Laptop & Accessory,5,Single,10,0,20.00,2,2,8,193.00,1.00,"2026-06-08 15:34:49"
53246,0,3,"1. Junior User (1-6 Months)",Mobile Phone,3,17,E wallet,male,3,4,Mobile Phone,4,Married,3,0,15.00,1,3,3,148.00,0.33,"2026-06-08 15:34:49"
53247,0,27,"3. Core Loyal (>1 Year)",Mobile Phone,1,13,Debit Card,male,3,4,Laptop & Accessory,2,Single,4,0,18.00,2,3,3,150.00,0.67,"2026-06-08 15:34:49"
53248,0,9,"2. Mid-Loyal (7-12 Months)",Computer,1,9,Debit Card,female,4,4,Laptop & Accessory,5,Married,4,0,12.00,1,2,1,176.00,0.50,"2026-06-08 15:34:49"
53249,0,6,"1. Junior User (1-6 Months)",Computer,1,31,Debit Card,male,4,4,Laptop & Accessory,2,Divorced,3,0,16.00,3,5,8,178.00,0.60,"2026-06-08 15:34:49"
53250,0,12,"2. Mid-Loyal (7-12 Months)",Mobile Phone,1,9,Credit Card,male,4,4,Mobile Phone,3,Divorced,8,1,14.00,1,2,2,156.00,0.50,"2026-06-08 15:34:49"
53251,0,8,"2. Mid-Loyal (7-12 Months)",Mobile Phone,1,15,Debit Card,female,3,4,Laptop & Accessory,5,Married,5,0,15.00,2,2,1,176.00,1.00,"2026-06-08 15:34:49"
53252,0,26,"3. Core Loyal (>1 Year)",Mobile Phone,3,10,E wallet,male,3,5,Grocery,5,Divorced,3,0,0.0,2,2,17,294.00,1.00,"2026-06-08 15:34:49"
53253,1,1,"1. Junior User (1-6 Months)",Mobile Phone,1,7,UPI,male,4,4,Mobile Phone,2,Single,3,1,14.00,6,8,9,152.00,0.75,"2026-06-08 15:34:49"
53254,0,1,"1. Junior User (1-6 Months)",Mobile Phone,3,33,Credit Card,female,3,4,Laptop & Accessory,2,Single,3,0,24.00,1,2,5,187.00,0.50,"2026-06-08 15:34:49"
53255,0,19,"3. Core Loyal (>1 Year)",Mobile Phone,3,9,Cash on Delivery,male,3,6,Laptop & Accessory,3,Single,2,0,14.00,1,4,2,191.00,0.25,"2026-06-08 15:34:49"
53256,0,1,"1. Junior User (1-6 Months)",Mobile Phone,1,17,Credit Card,male,4,3,Mobile Phone,3,Single,3,0,19.00,2,2,3,160.00,1.00,"2026-06-08 15:34:49"
53257,1,11,"2. Mid-Loyal (7-12 Months)",Computer,3,34,Debit Card,female,4,2,Laptop & Accessory,3,Single,6,1,13.00,2,2,4,189.00,1.00,"2026-06-08 15:34:49"
53258,0,8,"2. Mid-Loyal (7-12 Months)",Mobile Phone,3,9,UPI,male,3,4,Laptop & Accessory,2,Single,3,0,23.00,1,2,5,188.00,0.50,"2026-06-08 15:34:49"
53259,1,19,"3. Core Loyal (>1 Year)",Mobile Phone,1,9,Credit Card,male,4,4,Others,5,Divorced,7,1,14.00,2,2,5,324.00,1.00,"2026-06-08 15:34:49"
53260,0,10,"2. Mid-Loyal (7-12 Months)",Computer,3,15,Debit Card,male,4,5,Fashion,5,Single,3,0,16.00,1,2,10,201.00,0.50,"2026-06-08 15:34:49"
53261,0,26,"3. Core Loyal (>1 Year)",Computer,1,26,Credit Card,male,3,4,Mobile Phone,2,Divorced,2,0,19.00,2,2,3,168.00,1.00,"2026-06-08 15:34:49"
53262,0,1,"1. Junior User (1-6 Months)",Computer,1,7,Debit Card,female,4,6,Mobile Phone,2,Married,5,0,15.00,3,3,1,169.00,1.00,"2026-06-08 15:34:49"
53263,0,3,"1. Junior User (1-6 Months)",Mobile Phone,1,34,Credit Card,female,4,4,Laptop & Accessory,3,Divorced,6,0,13.00,2,2,2,168.00,1.00,"2026-06-08 15:34:49"
53264,1,1,"1. Junior User (1-6 Months)",Mobile Phone,3,15,Cash on Delivery,male,3,5,Laptop & Accessory,5,Single,8,0,18.00,2,2,3,178.00,1.00,"2026-06-08 15:34:49"
53265,0,8,"2. Mid-Loyal (7-12 Months)",Mobile Phone,1,7,Debit Card,female,4,2,Mobile Phone,2,Single,4,0,17.00,1,2,4,158.00,0.50,"2026-06-08 15:34:49"
53266,0,28,"3. Core Loyal (>1 Year)",Mobile Phone,1,26,Credit Card,female,4,4,Laptop & Accessory,5,Married,11,1,12.00,1,2,5,180.00,0.50,"2026-06-08 15:34:49"
53267,0,3,"1. Junior User (1-6 Months)",Computer,3,6,E wallet,male,3,4,Laptop & Accessory,2,Divorced,2,0,20.00,1,2,2,168.00,0.50,"2026-06-08 15:34:49"
53268,0,11,"2. Mid-Loyal (7-12 Months)",Mobile Phone,1,17,Debit Card,female,3,4,Mobile Phone,5,Married,2,1,14.00,4,5,4,153.00,0.80,"2026-06-08 15:34:49"
53269,0,12,"2. Mid-Loyal (7-12 Months)",Computer,1,9,Debit Card,female,4,2,Laptop & Accessory,5,Single,8,1,13.00,5,5,13,185.00,1.00,"2026-06-08 15:34:49"
53270,0,8,"2. Mid-Loyal (7-12 Months)",Mobile Phone,1,9,Credit Card,female,3,5,Mobile Phone,5,Single,3,0,12.00,2,2,4,169.00,1.00,"2026-06-08 15:34:49"
53271,0,9,"2. Mid-Loyal (7-12 Months)",Mobile Phone,3,15,Debit Card,female,4,4,Mobile Phone,2,Divorced,3,0,17.00,1,2,3,151.00,0.50,"2026-06-08 15:34:49"
53272,0,4,"1. Junior User (1-6 Months)",Mobile Phone,1,7,Debit Card,male,3,6,Mobile Phone,3,Divorced,5,0,22.00,2,2,3,163.00,1.00,"2026-06-08 15:34:49"
53273,0,14,"3. Core Loyal (>1 Year)",Computer,1,9,Credit Card,female,3,2,Laptop & Accessory,4,Divorced,3,0,25.00,1,4,8,167.00,0.25,"2026-06-08 15:34:49"
53274,0,8,"2. Mid-Loyal (7-12 Months)",Mobile Phone,3,15,Debit Card,female,4,4,Laptop & Accessory,5,Divorced,7,0,18.00,2,2,3,190.00,1.00,"2026-06-08 15:34:49"
53275,0,16,"3. Core Loyal (>1 Year)",Computer,1,15,Debit Card,male,4,4,Others,2,Married,3,0,0.0,1,15,10,309.00,0.07,"2026-06-08 15:34:49"
53276,1,1,"1. Junior User (1-6 Months)",Mobile Phone,1,13,Debit Card,male,4,2,Mobile Phone,5,Divorced,3,1,22.00,2,2,1,141.00,1.00,"2026-06-08 15:34:49"
53277,0,1,"1. Junior User (1-6 Months)",Computer,1,16,Debit Card,male,3,5,Mobile Phone,4,Married,3,0,12.00,2,2,1,152.00,1.00,"2026-06-08 15:34:49"
53278,0,26,"3. Core Loyal (>1 Year)",Mobile Phone,1,18,Debit Card,female,3,4,Laptop & Accessory,3,Divorced,10,0,21.00,2,2,5,156.00,1.00,"2026-06-08 15:34:49"
53279,0,24,"3. Core Loyal (>1 Year)",Mobile Phone,1,9,Credit Card,male,4,4,Grocery,3,Divorced,7,0,0.0,1,2,4,301.00,0.50,"2026-06-08 15:34:49"
53280,1,1,"1. Junior User (1-6 Months)",Mobile Phone,1,7,Debit Card,female,3,5,Mobile Phone,5,Divorced,3,1,12.00,1,2,1,148.00,0.50,"2026-06-08 15:34:49"
53281,0,7,"2. Mid-Loyal (7-12 Months)",Mobile Phone,1,14,Credit Card,male,3,4,Fashion,3,Divorced,2,0,12.00,1,0,8,242.00,0.00,"2026-06-08 15:34:49"
53282,1,1,"1. Junior User (1-6 Months)",Mobile Phone,3,23,E wallet,female,4,4,Laptop & Accessory,5,Single,7,0,16.00,2,2,3,178.00,1.00,"2026-06-08 15:34:49"
53283,0,21,"3. Core Loyal (>1 Year)",Mobile Phone,1,9,UPI,female,3,4,Grocery,2,Divorced,3,1,0.0,4,4,1,293.00,1.00,"2026-06-08 15:34:49"
53284,0,10,"2. Mid-Loyal (7-12 Months)",Mobile Phone,1,7,UPI,female,3,4,Laptop & Accessory,4,Divorced,2,0,16.00,1,2,6,177.00,0.50,"2026-06-08 15:34:49"
53285,0,3,"1. Junior User (1-6 Months)",Mobile Phone,1,30,Debit Card,male,3,2,Mobile Phone,3,Divorced,3,0,25.00,2,2,8,152.00,1.00,"2026-06-08 15:34:49"
53286,1,21,"3. Core Loyal (>1 Year)",Mobile Phone,1,9,Debit Card,male,3,4,Others,4,Single,9,1,0.0,6,14,9,317.00,0.43,"2026-06-08 15:34:49"
53287,0,9,"2. Mid-Loyal (7-12 Months)",Mobile Phone,1,7,Debit Card,female,3,2,Mobile Phone,3,Single,5,0,14.00,1,3,3,150.00,0.33,"2026-06-08 15:34:49"
53288,0,16,"3. Core Loyal (>1 Year)",Mobile Phone,1,7,Debit Card,female,3,5,Laptop & Accessory,2,Divorced,11,1,14.00,1,2,3,186.00,0.50,"2026-06-08 15:34:49"
53289,1,1,"1. Junior User (1-6 Months)",Mobile Phone,1,9,Credit Card,male,3,4,Mobile Phone,3,Single,8,0,18.00,1,3,2,169.00,0.33,"2026-06-08 15:34:49"
53290,0,10,"2. Mid-Loyal (7-12 Months)",Mobile Phone,2,20,UPI,male,3,4,Mobile Phone,4,Divorced,5,0,14.00,2,2,5,146.00,1.00,"2026-06-08 15:34:49"
53291,0,6,"1. Junior User (1-6 Months)",Mobile Phone,1,11,Debit Card,female,4,5,Laptop & Accessory,3,Divorced,3,0,13.00,2,7,9,187.00,0.29,"2026-06-08 15:34:49"
53292,0,14,"3. Core Loyal (>1 Year)",Computer,1,23,Credit Card,male,3,5,Laptop & Accessory,3,Single,8,0,15.00,2,2,1,176.00,1.00,"2026-06-08 15:34:49"
53293,0,4,"1. Junior User (1-6 Months)",Mobile Phone,1,9,Credit Card,female,3,5,Laptop & Accessory,2,Single,7,1,25.00,2,2,1,194.00,1.00,"2026-06-08 15:34:49"
53294,0,19,"3. Core Loyal (>1 Year)",Mobile Phone,1,9,Debit Card,female,4,5,Mobile Phone,3,Single,3,0,15.00,2,2,1,148.00,1.00,"2026-06-08 15:34:49"
53295,0,16,"3. Core Loyal (>1 Year)",Mobile Phone,1,36,Debit Card,male,4,4,Laptop & Accessory,4,Divorced,3,0,14.00,3,8,9,169.00,0.38,"2026-06-08 15:34:49"
53296,0,12,"2. Mid-Loyal (7-12 Months)",Computer,1,19,Debit Card,male,3,5,Laptop & Accessory,5,Married,4,0,16.00,2,2,3,188.00,1.00,"2026-06-08 15:34:49"
53297,0,8,"2. Mid-Loyal (7-12 Months)",Computer,1,23,Debit Card,female,4,5,Mobile Phone,2,Single,3,0,17.00,2,2,4,151.00,1.00,"2026-06-08 15:34:49"
53298,1,13,"3. Core Loyal (>1 Year)",Mobile Phone,3,18,E wallet,female,3,4,Fashion,2,Divorced,3,0,19.00,1,8,8,202.00,0.13,"2026-06-08 15:34:49"
53299,1,19,"3. Core Loyal (>1 Year)",Mobile Phone,3,9,Credit Card,male,3,4,Laptop & Accessory,2,Single,6,0,17.00,1,8,4,177.00,0.13,"2026-06-08 15:34:49"
53300,0,17,"3. Core Loyal (>1 Year)",Mobile Phone,1,21,Debit Card,male,4,4,Grocery,5,Divorced,8,0,0.0,2,2,1,297.00,1.00,"2026-06-08 15:34:49"
53301,0,1,"1. Junior User (1-6 Months)",Mobile Phone,1,12,Cash on Delivery,male,3,5,Fashion,2,Married,3,1,17.00,1,0,9,253.00,0.00,"2026-06-08 15:34:49"
53302,0,9,"2. Mid-Loyal (7-12 Months)",Mobile Phone,1,14,UPI,male,3,4,Fashion,3,Single,5,0,22.00,1,2,-1,227.00,0.50,"2026-06-08 15:34:49"
53303,0,2,"1. Junior User (1-6 Months)",Mobile Phone,3,9,E wallet,female,3,4,Laptop & Accessory,4,Divorced,3,1,21.00,8,8,6,173.00,1.00,"2026-06-08 15:34:49"
53304,0,8,"2. Mid-Loyal (7-12 Months)",Mobile Phone,2,10,UPI,male,3,4,Mobile Phone,2,Divorced,2,0,20.00,2,2,3,162.00,1.00,"2026-06-08 15:34:49"
53305,1,1,"1. Junior User (1-6 Months)",Computer,1,12,Credit Card,female,3,5,Mobile Phone,3,Divorced,3,1,15.00,1,2,8,149.00,0.50,"2026-06-08 15:34:49"
53306,0,1,"1. Junior User (1-6 Months)",Computer,1,10,Credit Card,male,3,4,Mobile Phone,2,Divorced,3,0,12.00,2,2,1,142.00,1.00,"2026-06-08 15:34:49"
53307,0,25,"3. Core Loyal (>1 Year)",Mobile Phone,3,33,E wallet,female,4,4,Grocery,3,Divorced,4,0,15.00,0,5,18,288.00,0.00,"2026-06-08 15:34:49"
53308,0,18,"3. Core Loyal (>1 Year)",Mobile Phone,1,11,Credit Card,male,3,4,Laptop & Accessory,4,Single,11,0,13.00,2,3,4,184.00,0.67,"2026-06-08 15:34:49"
53309,0,1,"1. Junior User (1-6 Months)",Mobile Phone,1,9,Credit Card,male,4,2,Mobile Phone,5,Single,9,0,14.00,2,2,2,159.00,1.00,"2026-06-08 15:34:49"
53310,0,7,"2. Mid-Loyal (7-12 Months)",Mobile Phone,3,7,Credit Card,male,3,2,Laptop & Accessory,5,Married,3,0,23.00,1,2,9,165.00,0.50,"2026-06-08 15:34:49"
53311,0,9,"2. Mid-Loyal (7-12 Months)",Mobile Phone,1,34,Credit Card,female,3,5,Mobile Phone,5,Single,3,0,12.00,2,2,2,151.00,1.00,"2026-06-08 15:34:49"
53312,0,10,"2. Mid-Loyal (7-12 Months)",Mobile Phone,3,7,Debit Card,male,3,4,Laptop & Accessory,2,Divorced,3,1,15.00,3,5,12,187.00,0.60,"2026-06-08 15:34:49"
53313,0,6,"1. Junior User (1-6 Months)",Mobile Phone,3,20,Debit Card,male,4,4,Laptop & Accessory,2,Married,4,0,12.00,1,2,4,169.00,0.50,"2026-06-08 15:34:49"
53314,0,4,"1. Junior User (1-6 Months)",Computer,1,12,Debit Card,male,4,5,Mobile Phone,2,Married,11,0,13.00,1,2,4,163.00,0.50,"2026-06-08 15:34:49"
53315,0,27,"3. Core Loyal (>1 Year)",Mobile Phone,3,14,E wallet,female,4,5,Fashion,2,Divorced,9,1,19.00,1,0,5,234.00,0.00,"2026-06-08 15:34:49"
53316,0,19,"3. Core Loyal (>1 Year)",Mobile Phone,3,16,E wallet,male,4,4,Fashion,5,Married,6,1,13.00,2,0,3,233.00,0.00,"2026-06-08 15:34:49"
53317,0,6,"1. Junior User (1-6 Months)",Mobile Phone,1,15,Credit Card,female,4,2,Laptop & Accessory,3,Divorced,7,0,13.00,2,2,4,177.00,1.00,"2026-06-08 15:34:49"
53318,0,26,"3. Core Loyal (>1 Year)",Computer,1,32,Credit Card,female,3,5,Grocery,2,Divorced,5,0,23.00,0,2,1,263.00,0.00,"2026-06-08 15:34:49"
53319,0,11,"2. Mid-Loyal (7-12 Months)",Mobile Phone,3,23,E wallet,male,4,5,Laptop & Accessory,3,Married,6,0,20.00,2,2,1,188.00,1.00,"2026-06-08 15:34:49"
53320,0,2,"1. Junior User (1-6 Months)",Mobile Phone,2,15,Credit Card,male,4,5,Mobile Phone,2,Married,3,0,14.00,1,2,5,174.00,0.50,"2026-06-08 15:34:49"
53321,0,1,"1. Junior User (1-6 Months)",Mobile Phone,1,7,Debit Card,male,3,5,Laptop & Accessory,2,Divorced,8,0,23.00,3,3,3,173.00,1.00,"2026-06-08 15:34:49"
53322,0,18,"3. Core Loyal (>1 Year)",Mobile Phone,1,15,Debit Card,male,4,2,Mobile Phone,2,Divorced,4,1,25.00,2,2,3,153.00,1.00,"2026-06-08 15:34:49"
53323,0,16,"3. Core Loyal (>1 Year)",Computer,1,9,Credit Card,male,3,4,Mobile Phone,2,Single,7,1,15.00,1,3,3,150.00,0.33,"2026-06-08 15:34:49"
53324,0,10,"2. Mid-Loyal (7-12 Months)",Mobile Phone,2,15,Debit Card,male,4,5,Mobile Phone,5,Divorced,2,0,22.00,2,2,4,148.00,1.00,"2026-06-08 15:34:49"
53325,0,1,"1. Junior User (1-6 Months)",Mobile Phone,3,10,UPI,male,4,4,Laptop & Accessory,5,Divorced,3,1,19.00,2,2,4,167.00,1.00,"2026-06-08 15:34:49"
53326,0,9,"2. Mid-Loyal (7-12 Months)",Mobile Phone,1,16,Debit Card,female,4,5,Fashion,3,Divorced,3,1,21.00,3,0,16,232.00,0.00,"2026-06-08 15:34:49"
53327,1,1,"1. Junior User (1-6 Months)",Computer,1,32,Debit Card,female,4,4,Mobile Phone,4,Married,3,1,20.00,1,8,9,145.00,0.13,"2026-06-08 15:34:49"
53328,0,6,"1. Junior User (1-6 Months)",Computer,1,7,Debit Card,male,4,4,Mobile Phone,2,Married,2,0,13.00,1,2,3,148.00,0.50,"2026-06-08 15:34:49"
53329,0,1,"1. Junior User (1-6 Months)",Mobile Phone,3,11,E wallet,male,3,5,Laptop & Accessory,5,Divorced,3,0,13.00,2,2,4,168.00,1.00,"2026-06-08 15:34:49"
53330,0,23,"3. Core Loyal (>1 Year)",Mobile Phone,1,7,Cash on Delivery,female,3,4,Mobile Phone,5,Divorced,4,0,17.00,2,2,3,161.00,1.00,"2026-06-08 15:34:49"
53331,0,1,"1. Junior User (1-6 Months)",Computer,1,11,Debit Card,male,3,5,Mobile Phone,2,Divorced,2,0,18.00,1,4,5,157.00,0.25,"2026-06-08 15:34:49"
53332,0,6,"1. Junior User (1-6 Months)",Computer,3,12,Debit Card,male,3,4,Laptop & Accessory,4,Divorced,3,0,15.00,3,6,4,190.00,0.50,"2026-06-08 15:34:49"
53333,0,12,"2. Mid-Loyal (7-12 Months)",Mobile Phone,3,16,E wallet,male,4,5,Mobile Phone,4,Divorced,2,0,20.00,1,2,3,154.00,0.50,"2026-06-08 15:34:49"
53334,0,16,"3. Core Loyal (>1 Year)",Mobile Phone,1,10,Debit Card,female,4,2,Laptop & Accessory,2,Divorced,4,1,14.00,1,2,4,177.00,0.50,"2026-06-08 15:34:49"
53335,0,5,"1. Junior User (1-6 Months)",Mobile Phone,1,18,Debit Card,male,3,4,Mobile Phone,2,Divorced,5,1,20.00,2,2,3,149.00,1.00,"2026-06-08 15:34:49"
53336,1,1,"1. Junior User (1-6 Months)",Mobile Phone,3,7,Credit Card,female,3,5,Mobile Phone,3,Married,8,1,20.00,1,2,3,153.00,0.50,"2026-06-08 15:34:49"
53337,0,27,"3. Core Loyal (>1 Year)",Mobile Phone,3,15,E wallet,male,4,4,Grocery,2,Divorced,7,0,15.00,1,0,3,243.00,0.00,"2026-06-08 15:34:49"
53338,0,9,"2. Mid-Loyal (7-12 Months)",Mobile Phone,1,32,Cash on Delivery,male,4,5,Fashion,4,Divorced,5,0,17.00,4,0,9,234.00,0.00,"2026-06-08 15:34:49"
53339,0,11,"2. Mid-Loyal (7-12 Months)",Computer,3,28,Credit Card,female,3,4,Mobile Phone,2,Divorced,7,0,16.00,2,2,1,155.00,1.00,"2026-06-08 15:34:49"
53340,0,27,"3. Core Loyal (>1 Year)",Mobile Phone,1,30,Debit Card,female,4,4,Grocery,2,Single,8,0,19.00,0,4,9,268.00,0.00,"2026-06-08 15:34:49"
53341,0,17,"3. Core Loyal (>1 Year)",Computer,1,7,Debit Card,female,3,4,Laptop & Accessory,2,Divorced,6,0,14.00,2,3,3,181.00,0.67,"2026-06-08 15:34:49"
53342,0,21,"3. Core Loyal (>1 Year)",Mobile Phone,3,9,E wallet,female,3,4,Laptop & Accessory,2,Divorced,2,1,23.00,6,8,8,170.00,0.75,"2026-06-08 15:34:49"
53343,0,11,"2. Mid-Loyal (7-12 Months)",Computer,3,26,Credit Card,male,3,4,Fashion,4,Single,3,1,14.00,1,2,10,201.00,0.50,"2026-06-08 15:34:49"
53344,0,24,"3. Core Loyal (>1 Year)",Computer,1,9,Debit Card,male,4,4,Grocery,5,Married,3,0,0.0,14,15,8,304.00,0.93,"2026-06-08 15:34:49"
53345,0,13,"3. Core Loyal (>1 Year)",Mobile Phone,2,9,Debit Card,female,3,5,Laptop & Accessory,2,Divorced,10,0,12.00,1,2,5,177.00,0.50,"2026-06-08 15:34:49"
53346,0,7,"2. Mid-Loyal (7-12 Months)",Mobile Phone,2,10,UPI,male,3,4,Mobile Phone,4,Married,5,1,12.00,1,2,4,148.00,0.50,"2026-06-08 15:34:49"
53347,1,1,"1. Junior User (1-6 Months)",Mobile Phone,1,32,Debit Card,male,3,4,Mobile Phone,2,Single,3,1,25.00,2,2,2,153.00,1.00,"2026-06-08 15:34:49"
53348,0,3,"1. Junior User (1-6 Months)",Mobile Phone,1,14,Credit Card,female,4,5,Mobile Phone,2,Married,8,0,15.00,2,2,4,150.00,1.00,"2026-06-08 15:34:49"
53349,0,18,"3. Core Loyal (>1 Year)",Mobile Phone,1,16,Debit Card,male,4,4,Mobile Phone,5,Divorced,3,1,14.00,3,8,2,151.00,0.38,"2026-06-08 15:34:49"
53350,0,2,"1. Junior User (1-6 Months)",Mobile Phone,3,12,Credit Card,male,4,4,Laptop & Accessory,2,Single,3,0,15.00,2,2,3,174.00,1.00,"2026-06-08 15:34:49"
53351,1,21,"3. Core Loyal (>1 Year)",Computer,1,9,Debit Card,male,3,5,Mobile Phone,2,Married,11,1,15.00,1,2,1,149.00,0.50,"2026-06-08 15:34:49"
53352,0,17,"3. Core Loyal (>1 Year)",Mobile Phone,1,15,Debit Card,female,3,4,Laptop & Accessory,4,Married,6,0,22.00,2,2,1,173.00,1.00,"2026-06-08 15:34:49"
53353,1,1,"1. Junior User (1-6 Months)",Mobile Phone,3,9,Credit Card,female,3,5,Mobile Phone,3,Single,3,0,14.00,1,2,3,145.00,0.50,"2026-06-08 15:34:49"
53354,1,1,"1. Junior User (1-6 Months)",Mobile Phone,1,25,UPI,female,4,4,Mobile Phone,2,Single,3,0,20.00,2,2,1,152.00,1.00,"2026-06-08 15:34:49"
53355,0,10,"2. Mid-Loyal (7-12 Months)",Mobile Phone,1,21,Debit Card,male,4,4,Laptop & Accessory,2,Divorced,2,1,18.00,5,5,12,191.00,1.00,"2026-06-08 15:34:49"
53356,0,21,"3. Core Loyal (>1 Year)",Mobile Phone,3,9,Debit Card,female,4,5,Mobile Phone,2,Single,3,1,19.00,2,2,3,158.00,1.00,"2026-06-08 15:34:49"
53357,1,1,"1. Junior User (1-6 Months)",Mobile Phone,1,10,Debit Card,female,3,4,Laptop & Accessory,3,Divorced,2,1,20.00,2,2,3,167.00,1.00,"2026-06-08 15:34:49"
53358,1,5,"1. Junior User (1-6 Months)",Mobile Phone,1,9,Debit Card,female,3,6,Mobile Phone,2,Married,6,1,14.00,1,2,1,153.00,0.50,"2026-06-08 15:34:49"
53359,0,2,"1. Junior User (1-6 Months)",Mobile Phone,1,16,Credit Card,female,4,4,Mobile Phone,3,Married,7,0,19.00,3,3,3,149.00,1.00,"2026-06-08 15:34:49"
53360,1,3,"1. Junior User (1-6 Months)",Mobile Phone,1,13,Credit Card,male,4,4,Mobile Phone,5,Divorced,9,1,22.00,2,3,3,149.00,0.67,"2026-06-08 15:34:49"
53361,0,1,"1. Junior User (1-6 Months)",Mobile Phone,1,11,Debit Card,female,4,4,Mobile Phone,3,Single,3,0,20.00,2,2,1,148.00,1.00,"2026-06-08 15:34:49"
53362,0,8,"2. Mid-Loyal (7-12 Months)",Mobile Phone,1,17,Debit Card,male,3,4,Mobile Phone,4,Married,3,0,15.00,2,2,1,145.00,1.00,"2026-06-08 15:34:49"
53363,0,16,"3. Core Loyal (>1 Year)",Mobile Phone,3,21,Credit Card,female,4,5,Laptop & Accessory,3,Single,9,0,18.00,1,2,4,187.00,0.50,"2026-06-08 15:34:49"
53364,0,7,"2. Mid-Loyal (7-12 Months)",Mobile Phone,1,7,UPI,male,4,5,Mobile Phone,5,Single,5,1,12.00,1,2,3,153.00,0.50,"2026-06-08 15:34:49"
53365,0,31,"3. Core Loyal (>1 Year)",Mobile Phone,1,12,Cash on Delivery,female,3,5,Fashion,4,Married,4,1,14.00,2,2,-1,231.00,1.00,"2026-06-08 15:34:49"
53366,0,5,"1. Junior User (1-6 Months)",Mobile Phone,3,14,Debit Card,male,3,5,Mobile Phone,3,Divorced,5,0,16.00,4,6,3,148.00,0.67,"2026-06-08 15:34:49"
53367,0,9,"2. Mid-Loyal (7-12 Months)",Mobile Phone,1,28,Debit Card,female,3,4,Laptop & Accessory,2,Divorced,3,1,26.00,1,2,8,165.00,0.50,"2026-06-08 15:34:49"
53368,0,23,"3. Core Loyal (>1 Year)",Mobile Phone,1,15,UPI,female,3,4,Fashion,4,Divorced,6,0,12.00,1,2,8,199.00,0.50,"2026-06-08 15:34:49"
53369,0,22,"3. Core Loyal (>1 Year)",Mobile Phone,1,27,Credit Card,male,3,4,Mobile Phone,3,Divorced,6,0,18.00,1,2,1,148.00,0.50,"2026-06-08 15:34:49"
53370,0,5,"1. Junior User (1-6 Months)",Computer,3,27,E wallet,female,3,4,Laptop & Accessory,3,Divorced,3,0,14.00,2,2,1,194.00,1.00,"2026-06-08 15:34:49"
53371,0,10,"2. Mid-Loyal (7-12 Months)",Mobile Phone,1,14,UPI,male,4,4,Mobile Phone,2,Single,4,0,19.00,1,2,2,172.00,0.50,"2026-06-08 15:34:49"
53372,0,12,"2. Mid-Loyal (7-12 Months)",Mobile Phone,1,7,Cash on Delivery,female,4,4,Fashion,5,Divorced,3,0,14.00,4,6,12,261.00,0.67,"2026-06-08 15:34:49"
53373,0,6,"1. Junior User (1-6 Months)",Computer,1,7,Debit Card,female,4,5,Mobile Phone,4,Divorced,8,0,21.00,2,2,3,148.00,1.00,"2026-06-08 15:34:49"
53374,1,1,"1. Junior User (1-6 Months)",Mobile Phone,3,26,E wallet,male,3,5,Mobile Phone,4,Divorced,3,1,19.00,1,2,1,149.00,0.50,"2026-06-08 15:34:49"
53375,0,14,"3. Core Loyal (>1 Year)",Mobile Phone,3,17,E wallet,male,4,5,Fashion,4,Married,4,0,13.00,2,2,-1,222.00,1.00,"2026-06-08 15:34:49"
53376,0,1,"1. Junior User (1-6 Months)",Computer,3,7,Credit Card,male,3,5,Laptop & Accessory,5,Single,3,0,13.00,2,2,8,168.00,1.00,"2026-06-08 15:34:49"
53377,0,15,"3. Core Loyal (>1 Year)",Mobile Phone,1,13,Credit Card,male,3,4,Mobile Phone,5,Single,4,1,14.00,2,3,18,172.00,0.67,"2026-06-08 15:34:49"
53378,0,10,"2. Mid-Loyal (7-12 Months)",Mobile Phone,1,9,Credit Card,male,4,4,Mobile Phone,3,Single,6,0,22.00,3,4,10,150.00,0.75,"2026-06-08 15:34:49"
53379,1,1,"1. Junior User (1-6 Months)",Mobile Phone,3,28,UPI,male,3,5,Mobile Phone,4,Single,3,1,14.00,1,2,1,146.00,0.50,"2026-06-08 15:34:49"
53380,1,1,"1. Junior User (1-6 Months)",Mobile Phone,1,11,Cash on Delivery,male,3,4,Mobile Phone,5,Single,3,0,20.00,2,2,1,155.00,1.00,"2026-06-08 15:34:49"
53381,0,5,"1. Junior User (1-6 Months)",Mobile Phone,1,19,Credit Card,female,3,4,Laptop & Accessory,2,Divorced,2,1,12.00,1,9,6,184.00,0.11,"2026-06-08 15:34:49"
53382,0,14,"3. Core Loyal (>1 Year)",Computer,1,16,Credit Card,male,3,4,Mobile Phone,4,Married,10,1,15.00,1,2,1,161.00,0.50,"2026-06-08 15:34:49"
53383,0,6,"1. Junior User (1-6 Months)",Mobile Phone,1,10,Credit Card,female,4,4,Laptop & Accessory,5,Divorced,3,0,13.00,7,7,4,192.00,1.00,"2026-06-08 15:34:49"
53384,1,1,"1. Junior User (1-6 Months)",Mobile Phone,3,10,Debit Card,male,3,5,Fashion,2,Divorced,3,1,12.00,4,4,-1,228.00,1.00,"2026-06-08 15:34:49"
53385,0,7,"2. Mid-Loyal (7-12 Months)",Mobile Phone,1,7,Debit Card,female,3,5,Laptop & Accessory,2,Single,2,0,15.00,1,2,5,194.00,0.50,"2026-06-08 15:34:49"
53386,1,1,"1. Junior User (1-6 Months)",Mobile Phone,3,7,Debit Card,male,3,5,Fashion,3,Divorced,7,0,12.00,2,12,-1,231.00,0.17,"2026-06-08 15:34:49"
53387,0,19,"3. Core Loyal (>1 Year)",Computer,1,11,Debit Card,male,3,4,Laptop & Accessory,4,Divorced,3,0,13.00,2,2,9,169.00,1.00,"2026-06-08 15:34:49"
53388,0,3,"1. Junior User (1-6 Months)",Computer,3,27,Cash on Delivery,female,3,4,Mobile Phone,2,Divorced,3,0,16.00,1,2,3,147.00,0.50,"2026-06-08 15:34:49"
53389,0,9,"2. Mid-Loyal (7-12 Months)",Mobile Phone,3,25,Credit Card,female,3,4,Laptop & Accessory,3,Divorced,3,0,17.00,2,2,1,171.00,1.00,"2026-06-08 15:34:49"
53390,0,26,"3. Core Loyal (>1 Year)",Mobile Phone,1,7,Debit Card,male,4,4,Grocery,2,Divorced,4,0,0.0,8,8,9,296.00,1.00,"2026-06-08 15:34:49"
53391,1,21,"3. Core Loyal (>1 Year)",Mobile Phone,1,9,Cash on Delivery,male,3,4,Mobile Phone,3,Single,6,0,25.00,2,2,1,150.00,1.00,"2026-06-08 15:34:49"
53392,0,27,"3. Core Loyal (>1 Year)",Mobile Phone,3,9,Credit Card,male,3,4,Grocery,3,Married,8,0,14.00,0,16,3,274.00,0.00,"2026-06-08 15:34:49"
53393,0,4,"1. Junior User (1-6 Months)",Mobile Phone,3,15,UPI,male,4,4,Fashion,3,Married,7,0,12.00,5,8,8,198.00,0.63,"2026-06-08 15:34:49"
53394,0,12,"2. Mid-Loyal (7-12 Months)",Computer,3,17,Cash on Delivery,female,3,4,Laptop & Accessory,2,Single,3,1,14.00,1,2,4,182.00,0.50,"2026-06-08 15:34:49"
53395,0,9,"2. Mid-Loyal (7-12 Months)",Mobile Phone,3,10,Debit Card,male,4,4,Fashion,2,Married,8,0,14.00,1,2,9,203.00,0.50,"2026-06-08 15:34:49"
53396,0,13,"3. Core Loyal (>1 Year)",Mobile Phone,3,9,Debit Card,male,3,2,Fashion,3,Single,2,0,19.00,2,2,8,204.00,1.00,"2026-06-08 15:34:49"
53397,1,4,"1. Junior User (1-6 Months)",Computer,3,31,Debit Card,female,4,2,Grocery,4,Single,6,1,17.00,2,0,1,257.00,0.00,"2026-06-08 15:34:49"
53398,0,21,"3. Core Loyal (>1 Year)",Computer,1,23,Credit Card,male,4,2,Laptop & Accessory,3,Married,3,1,20.00,1,3,8,176.00,0.33,"2026-06-08 15:34:49"
53399,0,10,"2. Mid-Loyal (7-12 Months)",Computer,3,15,Cash on Delivery,male,3,4,Laptop & Accessory,2,Married,6,0,14.00,2,2,8,176.00,1.00,"2026-06-08 15:34:49"
53400,1,1,"1. Junior User (1-6 Months)",Computer,1,16,Credit Card,male,3,5,Mobile Phone,5,Single,2,1,23.00,2,2,3,148.00,1.00,"2026-06-08 15:34:49"
53401,0,7,"2. Mid-Loyal (7-12 Months)",Computer,3,24,Debit Card,male,3,4,Grocery,3,Single,3,0,0.0,6,7,1,299.00,0.86,"2026-06-08 15:34:49"
53402,1,1,"1. Junior User (1-6 Months)",Mobile Phone,1,17,Debit Card,female,4,5,Mobile Phone,5,Single,8,1,21.00,2,2,1,149.00,1.00,"2026-06-08 15:34:49"
53403,0,7,"2. Mid-Loyal (7-12 Months)",Mobile Phone,1,20,Debit Card,female,3,4,Mobile Phone,2,Single,5,0,19.00,2,2,3,160.00,1.00,"2026-06-08 15:34:49"
53404,0,19,"3. Core Loyal (>1 Year)",Mobile Phone,1,7,Credit Card,female,4,4,Mobile Phone,2,Married,5,0,15.00,1,2,3,148.00,0.50,"2026-06-08 15:34:49"
53405,0,24,"3. Core Loyal (>1 Year)",Mobile Phone,1,7,Credit Card,male,4,4,Grocery,2,Married,11,0,0.0,1,2,4,299.00,0.50,"2026-06-08 15:34:49"
53406,0,7,"2. Mid-Loyal (7-12 Months)",Computer,1,7,UPI,female,3,2,Laptop & Accessory,4,Divorced,3,1,14.00,1,2,3,180.00,0.50,"2026-06-08 15:34:49"
53407,0,15,"3. Core Loyal (>1 Year)",Computer,1,16,Credit Card,male,4,4,Others,3,Married,4,0,0.0,2,2,12,319.00,1.00,"2026-06-08 15:34:49"
53408,0,1,"1. Junior User (1-6 Months)",Mobile Phone,1,23,Cash on Delivery,female,3,4,Mobile Phone,4,Divorced,11,0,15.00,3,3,3,153.00,1.00,"2026-06-08 15:34:49"
53409,0,19,"3. Core Loyal (>1 Year)",Computer,1,30,Debit Card,male,3,4,Laptop & Accessory,5,Divorced,3,1,16.00,2,2,9,161.00,1.00,"2026-06-08 15:34:49"
53410,0,21,"3. Core Loyal (>1 Year)",Mobile Phone,3,11,Debit Card,female,3,4,Laptop & Accessory,2,Single,3,1,18.00,2,2,8,167.00,1.00,"2026-06-08 15:34:49"
53411,1,1,"1. Junior User (1-6 Months)",Mobile Phone,1,29,Debit Card,female,3,4,Mobile Phone,3,Divorced,6,1,12.00,1,2,2,146.00,0.50,"2026-06-08 15:34:49"
53412,0,24,"3. Core Loyal (>1 Year)",Mobile Phone,1,31,Debit Card,male,4,4,Grocery,3,Divorced,5,1,19.00,0,2,6,265.00,0.00,"2026-06-08 15:34:49"
53413,0,12,"2. Mid-Loyal (7-12 Months)",Computer,1,17,Credit Card,male,4,4,Mobile Phone,3,Divorced,2,0,18.00,1,2,3,152.00,0.50,"2026-06-08 15:34:49"
53414,0,20,"3. Core Loyal (>1 Year)",Mobile Phone,1,14,Credit Card,male,4,4,Fashion,3,Married,8,0,14.00,1,0,8,233.00,0.00,"2026-06-08 15:34:49"
53415,0,1,"1. Junior User (1-6 Months)",Mobile Phone,1,24,Credit Card,female,3,5,Laptop & Accessory,3,Married,3,0,16.00,3,4,3,169.00,0.75,"2026-06-08 15:34:49"
53416,1,1,"1. Junior User (1-6 Months)",Mobile Phone,1,21,UPI,male,3,5,Mobile Phone,4,Married,3,1,25.00,2,2,3,162.00,1.00,"2026-06-08 15:34:49"
53417,0,5,"1. Junior User (1-6 Months)",Computer,1,7,Debit Card,female,4,4,Laptop & Accessory,5,Divorced,3,0,13.00,2,2,4,166.00,1.00,"2026-06-08 15:34:49"
53418,0,1,"1. Junior User (1-6 Months)",Computer,1,12,Debit Card,male,4,4,Mobile Phone,2,Single,3,0,16.00,2,2,1,136.00,1.00,"2026-06-08 15:34:49"
53419,0,28,"3. Core Loyal (>1 Year)",Mobile Phone,1,24,Cash on Delivery,female,3,4,Fashion,3,Divorced,10,0,12.00,2,0,9,232.00,0.00,"2026-06-08 15:34:49"
53420,0,9,"2. Mid-Loyal (7-12 Months)",Mobile Phone,1,32,Credit Card,female,3,4,Fashion,3,Married,3,1,12.00,3,11,-1,229.00,0.27,"2026-06-08 15:34:49"
53421,0,4,"1. Junior User (1-6 Months)",Mobile Phone,1,15,Debit Card,female,4,2,Fashion,5,Divorced,2,1,13.00,1,0,8,239.00,0.00,"2026-06-08 15:34:49"
53422,1,1,"1. Junior User (1-6 Months)",Mobile Phone,1,18,Credit Card,female,4,5,Mobile Phone,5,Single,3,1,16.00,1,2,1,151.00,0.50,"2026-06-08 15:34:49"
53423,1,1,"1. Junior User (1-6 Months)",Computer,1,12,Credit Card,female,3,4,Mobile Phone,4,Single,2,0,18.00,1,2,3,149.00,0.50,"2026-06-08 15:34:49"
53424,0,1,"1. Junior User (1-6 Months)",Mobile Phone,1,9,Credit Card,male,3,2,Laptop & Accessory,2,Divorced,3,0,13.00,2,2,4,180.00,1.00,"2026-06-08 15:34:49"
53425,0,1,"1. Junior User (1-6 Months)",Mobile Phone,1,15,Debit Card,male,4,6,Mobile Phone,5,Divorced,3,0,16.00,2,2,2,150.00,1.00,"2026-06-08 15:34:49"
53426,0,22,"3. Core Loyal (>1 Year)",Mobile Phone,1,13,Debit Card,male,4,5,Laptop & Accessory,3,Single,4,0,14.00,1,3,3,167.00,0.33,"2026-06-08 15:34:49"
53427,0,22,"3. Core Loyal (>1 Year)",Mobile Phone,1,11,Debit Card,male,4,5,Fashion,3,Single,9,0,15.00,2,0,9,235.00,0.00,"2026-06-08 15:34:49"
53428,0,15,"3. Core Loyal (>1 Year)",Mobile Phone,1,14,Credit Card,female,3,4,Laptop & Accessory,3,Single,8,0,15.00,2,3,2,175.00,0.67,"2026-06-08 15:34:49"
53429,0,13,"3. Core Loyal (>1 Year)",Mobile Phone,1,7,Debit Card,female,4,5,Grocery,2,Divorced,3,0,17.00,1,0,9,252.00,0.00,"2026-06-08 15:34:49"
53430,0,1,"1. Junior User (1-6 Months)",Mobile Phone,1,9,Debit Card,female,3,4,Laptop & Accessory,2,Divorced,2,0,19.00,1,3,3,167.00,0.33,"2026-06-08 15:34:49"
53431,0,9,"2. Mid-Loyal (7-12 Months)",Mobile Phone,1,17,UPI,male,3,4,Mobile Phone,2,Married,3,0,21.00,2,2,3,164.00,1.00,"2026-06-08 15:34:49"
53432,0,16,"3. Core Loyal (>1 Year)",Mobile Phone,3,12,E wallet,male,3,4,Others,3,Divorced,8,0,0.0,1,2,1,308.00,0.50,"2026-06-08 15:34:49"
53433,0,24,"3. Core Loyal (>1 Year)",Mobile Phone,1,16,Debit Card,male,4,4,Mobile Phone,2,Divorced,6,0,19.00,2,2,1,149.00,1.00,"2026-06-08 15:34:49"
53434,0,31,"3. Core Loyal (>1 Year)",Mobile Phone,1,9,Debit Card,female,4,5,Grocery,2,Single,5,1,14.00,0,5,4,262.00,0.00,"2026-06-08 15:34:49"
53435,1,1,"1. Junior User (1-6 Months)",Mobile Phone,1,18,Credit Card,female,4,6,Laptop & Accessory,4,Divorced,7,0,16.00,2,2,1,173.00,1.00,"2026-06-08 15:34:49"
53436,0,29,"3. Core Loyal (>1 Year)",Computer,1,25,Credit Card,male,4,4,Laptop & Accessory,4,Divorced,5,1,15.00,7,7,8,189.00,1.00,"2026-06-08 15:34:49"
53437,0,15,"3. Core Loyal (>1 Year)",Computer,1,14,Debit Card,female,3,6,Others,3,Married,3,0,23.00,2,6,11,325.00,0.33,"2026-06-08 15:34:49"
53438,0,12,"2. Mid-Loyal (7-12 Months)",Mobile Phone,3,10,Debit Card,male,3,4,Laptop & Accessory,2,Single,10,1,13.00,2,2,1,194.00,1.00,"2026-06-08 15:34:49"
53439,1,1,"1. Junior User (1-6 Months)",Computer,3,36,Credit Card,male,4,6,Laptop & Accessory,5,Single,10,0,19.00,1,3,3,175.00,0.33,"2026-06-08 15:34:49"
53440,1,16,"3. Core Loyal (>1 Year)",Mobile Phone,3,9,E wallet,female,3,6,Others,2,Divorced,3,0,16.00,6,7,10,323.00,0.86,"2026-06-08 15:34:49"
53441,0,18,"3. Core Loyal (>1 Year)",Mobile Phone,3,35,Credit Card,female,3,2,Grocery,2,Divorced,5,1,19.00,2,0,12,258.00,0.00,"2026-06-08 15:34:49"
53442,0,24,"3. Core Loyal (>1 Year)",Computer,3,7,Debit Card,female,4,4,Laptop & Accessory,3,Divorced,2,0,13.00,2,2,14,188.00,1.00,"2026-06-08 15:34:49"
53443,1,1,"1. Junior User (1-6 Months)",Mobile Phone,1,23,Debit Card,female,3,2,Mobile Phone,5,Single,3,0,17.00,16,16,15,152.00,1.00,"2026-06-08 15:34:49"
53444,0,13,"3. Core Loyal (>1 Year)",Computer,1,29,Credit Card,female,3,4,Fashion,5,Single,3,1,14.00,2,0,9,234.00,0.00,"2026-06-08 15:34:49"
53445,0,7,"2. Mid-Loyal (7-12 Months)",Computer,3,15,Debit Card,female,3,5,Mobile Phone,2,Single,2,0,20.00,3,3,3,148.00,1.00,"2026-06-08 15:34:49"
53446,0,19,"3. Core Loyal (>1 Year)",Mobile Phone,3,18,Debit Card,female,3,4,Grocery,2,Divorced,5,0,0.0,2,2,2,302.00,1.00,"2026-06-08 15:34:49"
53447,0,6,"1. Junior User (1-6 Months)",Computer,1,36,Credit Card,female,4,4,Mobile Phone,3,Single,11,0,13.00,6,8,8,165.00,0.75,"2026-06-08 15:34:49"
53448,0,8,"2. Mid-Loyal (7-12 Months)",Mobile Phone,3,7,E wallet,male,4,2,Laptop & Accessory,2,Married,2,0,12.00,2,2,-1,222.00,1.00,"2026-06-08 15:34:49"
53449,0,31,"3. Core Loyal (>1 Year)",Mobile Phone,3,7,Cash on Delivery,male,4,4,Fashion,2,Divorced,5,1,15.00,1,0,5,244.00,0.00,"2026-06-08 15:34:49"
53450,0,19,"3. Core Loyal (>1 Year)",Mobile Phone,2,31,Credit Card,male,3,4,Mobile Phone,4,Single,3,0,17.00,1,2,5,147.00,0.50,"2026-06-08 15:34:49"
53451,0,27,"3. Core Loyal (>1 Year)",Computer,3,9,E wallet,female,3,5,Fashion,4,Divorced,4,0,13.00,1,7,13,200.00,0.14,"2026-06-08 15:34:49"
53452,1,1,"1. Junior User (1-6 Months)",Mobile Phone,1,22,UPI,male,3,4,Laptop & Accessory,3,Married,9,0,15.00,1,2,1,173.00,0.50,"2026-06-08 15:34:49"
53453,1,1,"1. Junior User (1-6 Months)",Computer,1,9,Debit Card,male,3,4,Mobile Phone,5,Divorced,8,1,15.00,2,2,3,145.00,1.00,"2026-06-08 15:34:49"
53454,0,8,"2. Mid-Loyal (7-12 Months)",Mobile Phone,3,17,Debit Card,female,3,4,Mobile Phone,3,Divorced,3,1,20.00,1,2,1,147.00,0.50,"2026-06-08 15:34:49"
53455,0,2,"1. Junior User (1-6 Months)",Mobile Phone,3,17,Credit Card,male,4,4,Mobile Phone,4,Divorced,3,0,23.00,2,2,1,136.00,1.00,"2026-06-08 15:34:49"
53456,0,12,"2. Mid-Loyal (7-12 Months)",Computer,1,10,UPI,male,3,4,Mobile Phone,3,Divorced,5,0,17.00,3,3,3,153.00,1.00,"2026-06-08 15:34:49"
53457,0,24,"3. Core Loyal (>1 Year)",Mobile Phone,1,9,Credit Card,male,4,4,Others,3,Divorced,4,1,0.0,8,8,8,317.00,1.00,"2026-06-08 15:34:49"
53458,0,11,"2. Mid-Loyal (7-12 Months)",Mobile Phone,1,10,UPI,female,3,4,Laptop & Accessory,4,Single,5,0,16.00,2,2,2,166.00,1.00,"2026-06-08 15:34:49"
53459,0,14,"3. Core Loyal (>1 Year)",Mobile Phone,3,33,E wallet,male,4,4,Laptop & Accessory,5,Divorced,3,0,15.00,6,8,6,209.00,0.75,"2026-06-08 15:34:49"
53460,0,1,"1. Junior User (1-6 Months)",Computer,1,7,Credit Card,female,4,5,Mobile Phone,3,Married,3,0,14.00,2,2,4,145.00,1.00,"2026-06-08 15:34:49"
53461,0,20,"3. Core Loyal (>1 Year)",Mobile Phone,1,7,Credit Card,male,3,4,Others,2,Married,11,0,0.0,2,3,3,321.00,0.67,"2026-06-08 15:34:49"
53462,0,28,"3. Core Loyal (>1 Year)",Mobile Phone,3,9,Debit Card,female,3,5,Fashion,3,Divorced,8,0,12.00,7,0,1,232.00,0.00,"2026-06-08 15:34:49"
53463,0,30,"3. Core Loyal (>1 Year)",Computer,1,16,Credit Card,female,4,4,Mobile Phone,3,Divorced,4,0,20.00,1,2,4,154.00,0.50,"2026-06-08 15:34:49"
53464,0,10,"2. Mid-Loyal (7-12 Months)",Mobile Phone,1,19,Credit Card,female,3,5,Fashion,2,Single,2,0,12.00,6,8,-1,214.00,0.75,"2026-06-08 15:34:49"
53465,0,29,"3. Core Loyal (>1 Year)",Computer,1,9,Credit Card,male,3,5,Grocery,5,Single,9,0,0.0,4,7,3,293.00,0.57,"2026-06-08 15:34:49"
53466,0,17,"3. Core Loyal (>1 Year)",Mobile Phone,3,32,Credit Card,male,4,5,Fashion,2,Married,7,0,14.00,2,0,1,259.00,0.00,"2026-06-08 15:34:49"
53467,1,1,"1. Junior User (1-6 Months)",Computer,3,16,E wallet,female,3,4,Mobile Phone,2,Single,3,1,15.00,1,2,3,148.00,0.50,"2026-06-08 15:34:49"
53468,1,1,"1. Junior User (1-6 Months)",Mobile Phone,1,17,Debit Card,female,3,5,Mobile Phone,5,Single,3,0,14.00,2,2,1,139.00,1.00,"2026-06-08 15:34:49"
53469,0,20,"3. Core Loyal (>1 Year)",Mobile Phone,1,15,Debit Card,female,4,5,Laptop & Accessory,5,Married,10,1,24.00,2,2,8,171.00,1.00,"2026-06-08 15:34:49"
53470,1,15,"3. Core Loyal (>1 Year)",Mobile Phone,1,11,Debit Card,male,3,4,Mobile Phone,3,Divorced,11,1,13.00,2,3,8,150.00,0.67,"2026-06-08 15:34:49"
53471,1,1,"1. Junior User (1-6 Months)",Computer,1,31,Cash on Delivery,male,4,5,Fashion,5,Single,3,0,13.00,1,2,-1,212.00,0.50,"2026-06-08 15:34:49"
53472,0,1,"1. Junior User (1-6 Months)",Mobile Phone,1,7,Credit Card,male,3,5,Mobile Phone,5,Divorced,3,0,17.00,1,2,4,165.00,0.50,"2026-06-08 15:34:49"
53473,0,4,"1. Junior User (1-6 Months)",Mobile Phone,1,27,UPI,male,3,4,Laptop & Accessory,5,Divorced,2,0,16.00,2,2,-1,225.00,1.00,"2026-06-08 15:34:49"
53474,0,15,"3. Core Loyal (>1 Year)",Mobile Phone,1,14,Cash on Delivery,female,3,2,Mobile Phone,3,Divorced,3,0,14.00,2,2,9,159.00,1.00,"2026-06-08 15:34:49"
53475,0,12,"2. Mid-Loyal (7-12 Months)",Mobile Phone,1,24,Debit Card,female,4,5,Fashion,3,Divorced,2,0,19.00,1,2,-1,213.00,0.50,"2026-06-08 15:34:49"
53476,0,14,"3. Core Loyal (>1 Year)",Mobile Phone,1,27,Cash on Delivery,male,4,4,Fashion,2,Divorced,6,0,21.00,5,12,-1,228.00,0.42,"2026-06-08 15:34:49"
53477,0,1,"1. Junior User (1-6 Months)",Computer,1,15,Debit Card,male,3,6,Mobile Phone,3,Divorced,3,0,20.00,2,2,3,171.00,1.00,"2026-06-08 15:34:49"
53478,0,29,"3. Core Loyal (>1 Year)",Computer,1,9,Debit Card,male,4,4,Fashion,4,Divorced,5,0,19.00,2,0,3,235.00,0.00,"2026-06-08 15:34:49"
53479,0,2,"1. Junior User (1-6 Months)",Mobile Phone,1,17,UPI,female,3,4,Laptop & Accessory,3,Single,5,0,14.00,2,2,8,162.00,1.00,"2026-06-08 15:34:49"
53480,1,8,"2. Mid-Loyal (7-12 Months)",Mobile Phone,2,7,Credit Card,male,4,5,Fashion,5,Divorced,11,0,15.00,3,4,-1,230.00,0.75,"2026-06-08 15:34:49"
53481,0,7,"2. Mid-Loyal (7-12 Months)",Mobile Phone,1,12,Debit Card,male,3,5,Fashion,2,Married,6,0,16.00,1,2,3,196.00,0.50,"2026-06-08 15:34:49"
53482,1,1,"1. Junior User (1-6 Months)",Mobile Phone,3,11,Cash on Delivery,male,3,4,Fashion,5,Single,2,1,23.00,4,5,-1,221.00,0.80,"2026-06-08 15:34:49"
53483,1,1,"1. Junior User (1-6 Months)",Computer,1,36,Credit Card,female,3,5,Laptop & Accessory,3,Single,3,0,23.00,4,4,9,170.00,1.00,"2026-06-08 15:34:49"
53484,0,2,"1. Junior User (1-6 Months)",Mobile Phone,1,22,Debit Card,male,3,4,Mobile Phone,3,Married,3,0,17.00,3,3,3,147.00,1.00,"2026-06-08 15:34:49"
53485,0,8,"2. Mid-Loyal (7-12 Months)",Computer,1,10,Debit Card,male,3,4,Laptop & Accessory,2,Single,2,0,18.00,2,2,5,203.00,1.00,"2026-06-08 15:34:49"
53486,0,11,"2. Mid-Loyal (7-12 Months)",Mobile Phone,3,17,Debit Card,female,3,5,Laptop & Accessory,2,Married,4,1,15.00,1,2,1,192.00,0.50,"2026-06-08 15:34:49"
53487,1,1,"1. Junior User (1-6 Months)",Mobile Phone,1,11,Cash on Delivery,male,3,4,Mobile Phone,2,Divorced,3,1,16.00,6,6,7,162.00,1.00,"2026-06-08 15:34:49"
53488,1,1,"1. Junior User (1-6 Months)",Mobile Phone,1,28,Credit Card,male,3,4,Mobile Phone,3,Married,3,0,21.00,2,2,1,149.00,1.00,"2026-06-08 15:34:49"
53489,1,1,"1. Junior User (1-6 Months)",Mobile Phone,1,32,Credit Card,male,3,5,Mobile Phone,4,Single,6,1,21.00,1,3,3,148.00,0.33,"2026-06-08 15:34:49"
53490,0,16,"3. Core Loyal (>1 Year)",Mobile Phone,1,9,Credit Card,male,3,4,Grocery,5,Divorced,2,0,0.0,6,14,8,302.00,0.43,"2026-06-08 15:34:49"
53491,1,1,"1. Junior User (1-6 Months)",Computer,1,5,Credit Card,male,3,5,Mobile Phone,4,Married,3,0,16.00,1,2,1,151.00,0.50,"2026-06-08 15:34:49"
53492,1,14,"3. Core Loyal (>1 Year)",Computer,3,7,UPI,male,3,4,Laptop & Accessory,3,Single,5,1,15.00,1,2,1,172.00,0.50,"2026-06-08 15:34:49"
53493,0,7,"2. Mid-Loyal (7-12 Months)",Computer,3,14,Debit Card,female,2,4,Laptop & Accessory,4,Divorced,2,0,18.00,2,2,3,168.00,1.00,"2026-06-08 15:34:49"
53494,0,8,"2. Mid-Loyal (7-12 Months)",Computer,1,10,Debit Card,male,3,5,Mobile Phone,2,Divorced,5,0,18.00,2,2,1,155.00,1.00,"2026-06-08 15:34:49"
53495,0,22,"3. Core Loyal (>1 Year)",Computer,1,7,Credit Card,male,3,2,Grocery,2,Single,4,0,0.0,1,3,2,294.00,0.33,"2026-06-08 15:34:49"
53496,0,19,"3. Core Loyal (>1 Year)",Computer,3,16,Debit Card,female,4,5,Laptop & Accessory,3,Divorced,3,0,14.00,1,5,13,181.00,0.20,"2026-06-08 15:34:49"
53497,0,26,"3. Core Loyal (>1 Year)",Mobile Phone,1,14,Debit Card,male,3,4,Fashion,4,Single,9,0,20.00,4,5,-1,229.00,0.80,"2026-06-08 15:34:49"
53498,0,12,"2. Mid-Loyal (7-12 Months)",Mobile Phone,3,17,E wallet,male,4,5,Fashion,3,Married,2,1,15.00,3,3,-1,212.00,1.00,"2026-06-08 15:34:49"
53499,0,3,"1. Junior User (1-6 Months)",Mobile Phone,1,35,Debit Card,female,4,4,Mobile Phone,2,Married,6,0,23.00,1,2,8,150.00,0.50,"2026-06-08 15:34:49"
53500,0,2,"1. Junior User (1-6 Months)",Mobile Phone,1,10,Credit Card,female,4,4,Fashion,4,Married,2,0,18.00,1,2,8,202.00,0.50,"2026-06-08 15:34:49"
53501,0,20,"3. Core Loyal (>1 Year)",Mobile Phone,3,10,E wallet,male,3,4,Grocery,3,Divorced,5,0,0.0,2,5,10,300.00,0.40,"2026-06-08 15:34:49"
53502,0,12,"2. Mid-Loyal (7-12 Months)",Mobile Phone,3,9,E wallet,male,3,4,Fashion,4,Single,9,0,17.00,2,2,1,199.00,1.00,"2026-06-08 15:34:49"
53503,0,17,"3. Core Loyal (>1 Year)",Computer,1,34,Debit Card,female,3,4,Fashion,5,Divorced,10,0,12.00,1,0,2,233.00,0.00,"2026-06-08 15:34:49"
53504,1,3,"1. Junior User (1-6 Months)",Computer,1,9,Debit Card,male,3,4,Grocery,2,Married,9,0,12.00,8,0,6,247.00,0.00,"2026-06-08 15:34:49"
53505,0,14,"3. Core Loyal (>1 Year)",Mobile Phone,1,21,Credit Card,male,3,5,Others,3,Single,3,0,0.0,5,5,10,321.00,1.00,"2026-06-08 15:34:49"
53506,0,1,"1. Junior User (1-6 Months)",Mobile Phone,1,7,Cash on Delivery,female,4,5,Mobile Phone,4,Single,3,1,12.00,1,3,3,146.00,0.33,"2026-06-08 15:34:49"
53507,0,13,"3. Core Loyal (>1 Year)",Computer,1,16,Debit Card,male,4,4,Laptop & Accessory,4,Single,22,0,16.00,2,2,4,193.00,1.00,"2026-06-08 15:34:49"
53508,0,10,"2. Mid-Loyal (7-12 Months)",Computer,1,25,Debit Card,male,4,4,Laptop & Accessory,2,Single,4,0,21.00,2,2,10,203.00,1.00,"2026-06-08 15:34:49"
53509,0,5,"1. Junior User (1-6 Months)",Computer,3,27,Debit Card,male,4,2,Mobile Phone,2,Divorced,2,0,13.00,2,3,3,153.00,0.67,"2026-06-08 15:34:49"
53510,0,2,"1. Junior User (1-6 Months)",Mobile Phone,1,9,Debit Card,male,4,5,Mobile Phone,4,Divorced,2,0,18.00,1,2,5,157.00,0.50,"2026-06-08 15:34:49"
53511,0,9,"2. Mid-Loyal (7-12 Months)",Computer,3,18,E wallet,male,3,4,Laptop & Accessory,2,Married,3,0,12.00,1,2,3,175.00,0.50,"2026-06-08 15:34:49"
53512,0,23,"3. Core Loyal (>1 Year)",Mobile Phone,3,15,Cash on Delivery,male,3,5,Grocery,4,Divorced,8,0,18.00,2,0,4,256.00,0.00,"2026-06-08 15:34:49"
53513,0,8,"2. Mid-Loyal (7-12 Months)",Computer,1,9,Debit Card,male,4,4,Laptop & Accessory,3,Single,4,0,12.00,2,2,3,165.00,1.00,"2026-06-08 15:34:49"
53514,0,3,"1. Junior User (1-6 Months)",Computer,1,17,Debit Card,female,4,4,Mobile Phone,4,Married,2,0,15.00,2,2,2,158.00,1.00,"2026-06-08 15:34:49"
53515,0,16,"3. Core Loyal (>1 Year)",Mobile Phone,1,36,Credit Card,male,3,6,Laptop & Accessory,2,Single,6,0,20.00,2,2,1,168.00,1.00,"2026-06-08 15:34:49"
53516,0,3,"1. Junior User (1-6 Months)",Mobile Phone,1,15,Credit Card,male,4,5,Laptop & Accessory,2,Divorced,3,1,14.00,1,2,3,176.00,0.50,"2026-06-08 15:34:49"
53517,0,12,"2. Mid-Loyal (7-12 Months)",Mobile Phone,2,7,UPI,male,3,2,Mobile Phone,3,Divorced,3,0,14.00,2,6,1,153.00,0.33,"2026-06-08 15:34:49"
53518,0,5,"1. Junior User (1-6 Months)",Computer,1,13,Debit Card,male,3,5,Mobile Phone,3,Married,3,1,15.00,2,2,3,152.00,1.00,"2026-06-08 15:34:49"
53519,1,1,"1. Junior User (1-6 Months)",Computer,1,15,Credit Card,male,4,4,Mobile Phone,3,Single,3,0,13.00,1,2,1,144.00,0.50,"2026-06-08 15:34:49"
53520,1,1,"1. Junior User (1-6 Months)",Mobile Phone,3,16,E wallet,female,4,4,Laptop & Accessory,5,Single,2,1,18.00,1,2,4,207.00,0.50,"2026-06-08 15:34:49"
53521,0,15,"3. Core Loyal (>1 Year)",Mobile Phone,1,19,Debit Card,male,3,4,Mobile Phone,2,Divorced,5,1,12.00,2,2,1,173.00,1.00,"2026-06-08 15:34:49"
53522,1,1,"1. Junior User (1-6 Months)",Computer,1,22,Credit Card,male,4,4,Mobile Phone,3,Divorced,3,0,13.00,3,3,3,151.00,1.00,"2026-06-08 15:34:49"
53523,0,11,"2. Mid-Loyal (7-12 Months)",Mobile Phone,1,32,Credit Card,female,3,5,Laptop & Accessory,2,Married,9,0,14.00,1,2,4,182.00,0.50,"2026-06-08 15:34:49"
53524,0,1,"1. Junior User (1-6 Months)",Mobile Phone,1,13,Debit Card,male,3,5,Mobile Phone,3,Divorced,3,0,14.00,3,3,3,150.00,1.00,"2026-06-08 15:34:49"
53525,0,8,"2. Mid-Loyal (7-12 Months)",Mobile Phone,3,16,Debit Card,female,4,4,Laptop & Accessory,3,Divorced,3,0,21.00,2,2,4,182.00,1.00,"2026-06-08 15:34:49"
53526,0,9,"2. Mid-Loyal (7-12 Months)",Mobile Phone,2,15,Cash on Delivery,male,4,4,Mobile Phone,3,Single,3,0,18.00,1,2,5,168.00,0.50,"2026-06-08 15:34:49"
53527,1,1,"1. Junior User (1-6 Months)",Mobile Phone,3,30,Debit Card,female,3,5,Fashion,5,Divorced,3,0,14.00,1,4,11,198.00,0.25,"2026-06-08 15:34:49"
53528,0,14,"3. Core Loyal (>1 Year)",Computer,1,16,Credit Card,female,3,4,Fashion,3,Single,11,0,18.00,1,0,14,260.00,0.00,"2026-06-08 15:34:49"
53529,1,6,"1. Junior User (1-6 Months)",Computer,3,19,Debit Card,male,3,4,Grocery,5,Single,2,1,13.00,0,14,15,263.00,0.00,"2026-06-08 15:34:49"
53530,0,16,"3. Core Loyal (>1 Year)",Mobile Phone,3,11,E wallet,male,3,4,Laptop & Accessory,5,Single,9,0,14.00,2,2,6,177.00,1.00,"2026-06-08 15:34:49"
53531,0,9,"2. Mid-Loyal (7-12 Months)",Mobile Phone,1,7,Credit Card,male,3,5,Mobile Phone,3,Divorced,8,0,13.00,2,2,8,148.00,1.00,"2026-06-08 15:34:49"
53532,0,1,"1. Junior User (1-6 Months)",Mobile Phone,1,31,Credit Card,male,3,4,Mobile Phone,4,Single,10,0,23.00,2,2,3,161.00,1.00,"2026-06-08 15:34:49"
53533,1,1,"1. Junior User (1-6 Months)",Mobile Phone,1,19,Debit Card,female,4,4,Mobile Phone,2,Divorced,3,1,12.00,2,2,1,150.00,1.00,"2026-06-08 15:34:49"
53534,0,1,"1. Junior User (1-6 Months)",Mobile Phone,1,10,Credit Card,male,3,2,Mobile Phone,2,Divorced,3,0,23.00,2,2,8,169.00,1.00,"2026-06-08 15:34:49"
53535,0,4,"1. Junior User (1-6 Months)",Mobile Phone,3,17,E wallet,male,4,5,Laptop & Accessory,3,Divorced,3,0,19.00,2,2,5,191.00,1.00,"2026-06-08 15:34:49"
53536,0,14,"3. Core Loyal (>1 Year)",Computer,1,33,Credit Card,female,4,5,Laptop & Accessory,2,Divorced,5,1,14.00,2,2,1,169.00,1.00,"2026-06-08 15:34:49"
53537,0,9,"2. Mid-Loyal (7-12 Months)",Mobile Phone,1,9,Debit Card,male,3,5,Fashion,4,Married,4,0,19.00,7,7,-1,228.00,1.00,"2026-06-08 15:34:49"
53538,0,8,"2. Mid-Loyal (7-12 Months)",Computer,1,7,Credit Card,male,4,5,Laptop & Accessory,5,Single,2,0,21.00,2,5,10,178.00,0.40,"2026-06-08 15:34:49"
53539,0,9,"2. Mid-Loyal (7-12 Months)",Computer,1,11,UPI,male,3,5,Mobile Phone,2,Divorced,3,0,14.00,3,3,3,149.00,1.00,"2026-06-08 15:34:49"
53540,1,7,"2. Mid-Loyal (7-12 Months)",Mobile Phone,3,16,E wallet,female,3,6,Laptop & Accessory,3,Single,10,0,14.00,2,2,4,178.00,1.00,"2026-06-08 15:34:49"
53541,0,6,"1. Junior User (1-6 Months)",Computer,3,9,Debit Card,female,4,4,Mobile Phone,5,Married,3,0,13.00,1,2,1,153.00,0.50,"2026-06-08 15:34:49"
53542,0,30,"3. Core Loyal (>1 Year)",Mobile Phone,1,11,Cash on Delivery,female,4,4,Others,5,Married,6,0,14.00,1,5,3,324.00,0.20,"2026-06-08 15:34:49"
53543,0,3,"1. Junior User (1-6 Months)",Mobile Phone,1,13,Credit Card,female,3,4,Mobile Phone,2,Divorced,3,0,14.00,1,2,9,156.00,0.50,"2026-06-08 15:34:49"
53544,0,1,"1. Junior User (1-6 Months)",Mobile Phone,1,16,Debit Card,male,3,4,Mobile Phone,5,Single,3,0,26.00,1,2,1,151.00,0.50,"2026-06-08 15:34:49"
53545,0,19,"3. Core Loyal (>1 Year)",Mobile Phone,1,14,Credit Card,female,3,4,Mobile Phone,3,Divorced,6,1,20.00,2,2,3,170.00,1.00,"2026-06-08 15:34:49"
53546,0,11,"2. Mid-Loyal (7-12 Months)",Mobile Phone,1,7,Debit Card,female,3,5,Laptop & Accessory,2,Divorced,3,0,14.00,4,4,12,190.00,1.00,"2026-06-08 15:34:49"
53547,0,1,"1. Junior User (1-6 Months)",Mobile Phone,1,10,Debit Card,male,3,5,Mobile Phone,3,Single,3,0,13.00,1,2,3,155.00,0.50,"2026-06-08 15:34:49"
53548,1,8,"2. Mid-Loyal (7-12 Months)",Mobile Phone,1,17,Debit Card,male,4,4,Mobile Phone,3,Single,3,1,12.00,2,2,3,154.00,1.00,"2026-06-08 15:34:49"
53549,0,27,"3. Core Loyal (>1 Year)",Mobile Phone,1,14,Credit Card,female,3,4,Others,3,Married,5,0,0.0,5,5,8,311.00,1.00,"2026-06-08 15:34:49"
53550,0,3,"1. Junior User (1-6 Months)",Mobile Phone,1,22,Debit Card,female,4,6,Mobile Phone,2,Divorced,2,1,19.00,2,2,4,147.00,1.00,"2026-06-08 15:34:49"
53551,1,1,"1. Junior User (1-6 Months)",Computer,1,10,Debit Card,male,3,5,Mobile Phone,2,Divorced,2,1,12.00,1,2,1,154.00,0.50,"2026-06-08 15:34:49"
53552,0,20,"3. Core Loyal (>1 Year)",Mobile Phone,3,9,E wallet,female,4,4,Grocery,5,Divorced,10,0,0.0,13,16,10,295.00,0.81,"2026-06-08 15:34:49"
53553,0,18,"3. Core Loyal (>1 Year)",Computer,1,24,Debit Card,male,4,6,Mobile Phone,3,Single,4,0,14.00,2,2,1,148.00,1.00,"2026-06-08 15:34:49"
53554,0,7,"2. Mid-Loyal (7-12 Months)",Mobile Phone,2,9,UPI,male,3,4,Mobile Phone,3,Divorced,3,0,14.00,1,2,5,161.00,0.50,"2026-06-08 15:34:49"
53555,1,5,"1. Junior User (1-6 Months)",Computer,1,12,Debit Card,male,4,5,Mobile Phone,5,Married,8,0,18.00,2,2,1,146.00,1.00,"2026-06-08 15:34:49"
53556,0,4,"1. Junior User (1-6 Months)",Mobile Phone,3,36,Debit Card,male,4,4,Laptop & Accessory,5,Married,10,0,20.00,2,2,4,166.00,1.00,"2026-06-08 15:34:49"
53557,0,14,"3. Core Loyal (>1 Year)",Computer,3,9,Credit Card,male,4,4,Laptop & Accessory,4,Divorced,7,0,13.00,2,2,1,168.00,1.00,"2026-06-08 15:34:49"
53558,0,24,"3. Core Loyal (>1 Year)",Computer,1,9,Credit Card,female,2,4,Grocery,5,Divorced,4,0,0.0,3,3,3,304.00,1.00,"2026-06-08 15:34:49"
53559,0,2,"1. Junior User (1-6 Months)",Mobile Phone,1,26,Credit Card,male,4,5,Mobile Phone,5,Divorced,3,0,13.00,2,4,4,157.00,0.50,"2026-06-08 15:34:49"
53560,0,20,"3. Core Loyal (>1 Year)",Mobile Phone,1,22,Debit Card,male,3,4,Others,4,Divorced,7,0,0.0,2,2,4,316.00,1.00,"2026-06-08 15:34:49"
53561,0,9,"2. Mid-Loyal (7-12 Months)",Mobile Phone,3,24,Debit Card,male,4,4,Laptop & Accessory,5,Divorced,5,1,16.00,2,2,-1,215.00,1.00,"2026-06-08 15:34:49"
53562,1,1,"1. Junior User (1-6 Months)",Mobile Phone,1,24,Debit Card,female,4,4,Mobile Phone,4,Divorced,3,0,14.00,1,2,1,147.00,0.50,"2026-06-08 15:34:49"
53563,0,7,"2. Mid-Loyal (7-12 Months)",Computer,3,32,Credit Card,female,3,4,Laptop & Accessory,3,Divorced,3,0,13.00,1,2,2,170.00,0.50,"2026-06-08 15:34:49"
53564,0,10,"2. Mid-Loyal (7-12 Months)",Mobile Phone,1,13,Debit Card,male,3,6,Mobile Phone,3,Married,3,0,15.00,1,2,8,152.00,0.50,"2026-06-08 15:34:49"
53565,0,4,"1. Junior User (1-6 Months)",Mobile Phone,1,14,Debit Card,male,3,4,Laptop & Accessory,3,Married,3,0,14.00,9,9,10,160.00,1.00,"2026-06-08 15:34:49"
53566,0,18,"3. Core Loyal (>1 Year)",Mobile Phone,1,36,UPI,male,3,4,Laptop & Accessory,2,Single,3,0,26.00,2,2,18,170.00,1.00,"2026-06-08 15:34:49"
53567,0,1,"1. Junior User (1-6 Months)",Mobile Phone,3,28,E wallet,male,3,2,Mobile Phone,2,Single,3,0,18.00,1,3,3,152.00,0.33,"2026-06-08 15:34:49"
53568,0,20,"3. Core Loyal (>1 Year)",Mobile Phone,1,9,Cash on Delivery,male,3,4,Laptop & Accessory,2,Married,4,0,12.00,2,2,5,199.00,1.00,"2026-06-08 15:34:49"
53569,0,16,"3. Core Loyal (>1 Year)",Computer,2,9,Credit Card,male,4,2,Laptop & Accessory,5,Divorced,9,0,17.00,1,2,4,188.00,0.50,"2026-06-08 15:34:49"
53570,0,31,"3. Core Loyal (>1 Year)",Mobile Phone,3,14,E wallet,male,3,2,Laptop & Accessory,2,Married,2,1,19.00,1,2,10,177.00,0.50,"2026-06-08 15:34:49"
53571,0,6,"1. Junior User (1-6 Months)",Computer,1,20,UPI,female,4,5,Mobile Phone,4,Divorced,3,0,21.00,1,3,3,152.00,0.33,"2026-06-08 15:34:49"
53572,0,6,"1. Junior User (1-6 Months)",Computer,1,9,Debit Card,female,3,4,Laptop & Accessory,3,Single,6,1,15.00,2,2,8,175.00,1.00,"2026-06-08 15:34:49"
53573,0,10,"2. Mid-Loyal (7-12 Months)",Mobile Phone,1,7,Cash on Delivery,female,4,6,Fashion,5,Married,4,1,22.00,6,8,-1,228.00,0.75,"2026-06-08 15:34:49"
53574,0,7,"2. Mid-Loyal (7-12 Months)",Mobile Phone,1,16,Credit Card,male,3,4,Mobile Phone,2,Divorced,2,0,14.00,2,5,11,153.00,0.40,"2026-06-08 15:34:49"
53575,0,14,"3. Core Loyal (>1 Year)",Mobile Phone,3,17,Cash on Delivery,female,3,5,Laptop & Accessory,4,Married,9,0,13.00,2,2,4,194.00,1.00,"2026-06-08 15:34:49"
53576,0,1,"1. Junior User (1-6 Months)",Mobile Phone,3,17,Debit Card,male,3,4,Laptop & Accessory,2,Single,2,0,15.00,1,2,2,175.00,0.50,"2026-06-08 15:34:49"
53577,0,4,"1. Junior User (1-6 Months)",Mobile Phone,1,7,Credit Card,male,4,4,Mobile Phone,4,Divorced,2,1,22.00,2,6,8,161.00,0.33,"2026-06-08 15:34:49"
53578,0,16,"3. Core Loyal (>1 Year)",Computer,1,33,Credit Card,female,3,4,Fashion,5,Divorced,5,1,18.00,1,0,1,257.00,0.00,"2026-06-08 15:34:49"
53579,0,9,"2. Mid-Loyal (7-12 Months)",Computer,3,15,E wallet,female,4,5,Fashion,2,Divorced,6,1,12.00,3,5,-1,229.00,0.60,"2026-06-08 15:34:49"
53580,0,1,"1. Junior User (1-6 Months)",Mobile Phone,1,21,Debit Card,male,3,4,Mobile Phone,5,Divorced,3,1,15.00,3,7,9,147.00,0.43,"2026-06-08 15:34:49"
53581,0,28,"3. Core Loyal (>1 Year)",Computer,1,7,Debit Card,female,3,4,Fashion,3,Married,9,0,18.00,2,2,-1,230.00,1.00,"2026-06-08 15:34:49"
53582,0,18,"3. Core Loyal (>1 Year)",Mobile Phone,1,9,Debit Card,female,4,2,Mobile Phone,2,Divorced,3,0,14.00,7,8,8,145.00,0.88,"2026-06-08 15:34:49"
53583,1,1,"1. Junior User (1-6 Months)",Computer,1,17,Credit Card,female,4,5,Mobile Phone,4,Single,3,1,26.00,2,2,1,144.00,1.00,"2026-06-08 15:34:49"
53584,0,3,"1. Junior User (1-6 Months)",Mobile Phone,1,7,Debit Card,female,4,4,Mobile Phone,2,Married,3,0,16.00,1,2,3,163.00,0.50,"2026-06-08 15:34:49"
53585,0,28,"3. Core Loyal (>1 Year)",Mobile Phone,1,10,Debit Card,male,3,4,Grocery,2,Divorced,5,0,0.0,2,2,10,303.00,1.00,"2026-06-08 15:34:49"
53586,0,5,"1. Junior User (1-6 Months)",Mobile Phone,1,18,Credit Card,male,4,4,Laptop & Accessory,5,Divorced,3,1,13.00,1,2,2,193.00,0.50,"2026-06-08 15:34:49"
53587,0,5,"1. Junior User (1-6 Months)",Mobile Phone,1,31,Credit Card,female,4,5,Laptop & Accessory,5,Single,3,0,20.00,1,2,9,193.00,0.50,"2026-06-08 15:34:49"
53588,0,31,"3. Core Loyal (>1 Year)",Mobile Phone,3,10,Debit Card,female,3,5,Laptop & Accessory,2,Single,7,0,18.00,1,2,6,177.00,0.50,"2026-06-08 15:34:49"
53589,0,17,"3. Core Loyal (>1 Year)",Mobile Phone,1,10,Debit Card,male,4,6,Others,2,Divorced,5,0,0.0,2,2,8,322.00,1.00,"2026-06-08 15:34:49"
53590,0,23,"3. Core Loyal (>1 Year)",Mobile Phone,1,11,Credit Card,male,3,5,Others,3,Divorced,4,0,0.0,1,2,1,312.00,0.50,"2026-06-08 15:34:49"
53591,0,10,"2. Mid-Loyal (7-12 Months)",Computer,1,10,Cash on Delivery,male,3,4,Mobile Phone,4,Divorced,3,0,13.00,2,2,8,162.00,1.00,"2026-06-08 15:34:49"
53592,0,22,"3. Core Loyal (>1 Year)",Mobile Phone,1,9,Cash on Delivery,male,4,2,Mobile Phone,4,Single,7,0,12.00,1,2,1,151.00,0.50,"2026-06-08 15:34:49"
53593,0,1,"1. Junior User (1-6 Months)",Mobile Phone,1,11,Debit Card,male,4,4,Mobile Phone,3,Married,3,0,12.00,2,2,4,150.00,1.00,"2026-06-08 15:34:49"
53594,0,3,"1. Junior User (1-6 Months)",Mobile Phone,1,14,Debit Card,male,3,4,Laptop & Accessory,2,Married,3,1,12.00,1,2,1,191.00,0.50,"2026-06-08 15:34:49"
53595,0,22,"3. Core Loyal (>1 Year)",Mobile Phone,1,7,Debit Card,male,4,5,Others,2,Single,8,0,0.0,2,2,1,308.00,1.00,"2026-06-08 15:34:49"
53596,0,3,"1. Junior User (1-6 Months)",Mobile Phone,1,7,Debit Card,female,3,5,Grocery,2,Married,5,0,15.00,0,2,8,286.00,0.00,"2026-06-08 15:34:49"
53597,0,8,"2. Mid-Loyal (7-12 Months)",Mobile Phone,1,27,Cash on Delivery,female,3,2,Mobile Phone,3,Divorced,2,0,18.00,2,2,1,151.00,1.00,"2026-06-08 15:34:49"
53598,0,18,"3. Core Loyal (>1 Year)",Mobile Phone,3,12,E wallet,male,3,4,Others,4,Divorced,9,0,0.0,2,4,11,307.00,0.50,"2026-06-08 15:34:49"
53599,0,7,"2. Mid-Loyal (7-12 Months)",Mobile Phone,3,17,E wallet,male,3,2,Fashion,3,Married,2,1,15.00,2,2,9,209.00,1.00,"2026-06-08 15:34:49"
53600,0,1,"1. Junior User (1-6 Months)",Mobile Phone,1,32,Debit Card,female,3,2,Mobile Phone,2,Single,3,1,13.00,2,2,2,155.00,1.00,"2026-06-08 15:34:49"
53601,0,1,"1. Junior User (1-6 Months)",Mobile Phone,1,7,Debit Card,male,3,4,Mobile Phone,3,Divorced,3,0,23.00,1,2,2,137.00,0.50,"2026-06-08 15:34:49"
53602,1,1,"1. Junior User (1-6 Months)",Computer,3,31,Debit Card,male,4,6,Mobile Phone,2,Single,3,1,15.00,2,2,1,136.00,1.00,"2026-06-08 15:34:49"
53603,0,1,"1. Junior User (1-6 Months)",Mobile Phone,1,11,Debit Card,male,3,4,Mobile Phone,2,Single,3,1,21.00,1,3,3,154.00,0.33,"2026-06-08 15:34:49"
53604,1,9,"2. Mid-Loyal (7-12 Months)",Mobile Phone,3,9,E wallet,female,4,6,Others,4,Single,4,1,0.0,1,2,12,313.00,0.50,"2026-06-08 15:34:49"
53605,0,29,"3. Core Loyal (>1 Year)",Computer,1,15,Credit Card,male,3,5,Grocery,4,Married,3,1,16.00,4,16,1,261.00,0.25,"2026-06-08 15:34:49"
53606,1,1,"1. Junior User (1-6 Months)",Computer,1,17,Debit Card,female,3,5,Mobile Phone,3,Single,3,0,21.00,3,3,3,151.00,1.00,"2026-06-08 15:34:49"
53607,0,20,"3. Core Loyal (>1 Year)",Mobile Phone,3,11,E wallet,female,3,5,Others,4,Divorced,4,0,0.0,2,2,9,313.00,1.00,"2026-06-08 15:34:49"
53608,0,8,"2. Mid-Loyal (7-12 Months)",Mobile Phone,3,9,E wallet,female,3,4,Laptop & Accessory,5,Single,2,1,13.00,2,2,3,170.00,1.00,"2026-06-08 15:34:49"
53609,0,25,"3. Core Loyal (>1 Year)",Computer,3,16,Debit Card,male,3,4,Others,4,Married,6,1,25.00,3,12,11,323.00,0.25,"2026-06-08 15:34:49"
53610,0,31,"3. Core Loyal (>1 Year)",Mobile Phone,1,25,Credit Card,male,4,4,Fashion,2,Single,8,0,13.00,2,6,-1,230.00,0.33,"2026-06-08 15:34:49"
53611,0,8,"2. Mid-Loyal (7-12 Months)",Computer,1,26,Credit Card,female,3,4,Laptop & Accessory,4,Married,6,0,14.00,4,6,11,169.00,0.67,"2026-06-08 15:34:49"
53612,0,2,"1. Junior User (1-6 Months)",Computer,1,7,Credit Card,male,3,4,Mobile Phone,3,Single,2,1,12.00,1,2,3,147.00,0.50,"2026-06-08 15:34:49"
53613,0,18,"3. Core Loyal (>1 Year)",Mobile Phone,1,11,Debit Card,male,4,2,Others,5,Married,3,0,0.0,2,15,14,317.00,0.13,"2026-06-08 15:34:49"
53614,0,8,"2. Mid-Loyal (7-12 Months)",Computer,2,18,Debit Card,male,3,5,Laptop & Accessory,4,Divorced,6,0,12.00,1,2,9,170.00,0.50,"2026-06-08 15:34:49"
53615,0,9,"2. Mid-Loyal (7-12 Months)",Mobile Phone,1,13,Debit Card,male,4,4,Mobile Phone,3,Divorced,2,1,15.00,2,3,3,160.00,0.67,"2026-06-08 15:34:49"
53616,0,16,"3. Core Loyal (>1 Year)",Mobile Phone,1,14,Credit Card,female,4,2,Laptop & Accessory,4,Divorced,8,1,17.00,1,2,1,149.00,0.50,"2026-06-08 15:34:49"
53617,0,17,"3. Core Loyal (>1 Year)",Mobile Phone,3,11,E wallet,female,3,5,Fashion,2,Single,5,0,15.00,11,16,-1,227.00,0.69,"2026-06-08 15:34:49"
53618,0,10,"2. Mid-Loyal (7-12 Months)",Mobile Phone,1,9,Debit Card,female,3,4,Laptop & Accessory,4,Single,11,1,12.00,5,6,13,179.00,0.83,"2026-06-08 15:34:49"
53619,1,8,"2. Mid-Loyal (7-12 Months)",Mobile Phone,1,22,Credit Card,female,4,4,Fashion,2,Divorced,3,0,12.00,1,2,6,205.00,0.50,"2026-06-08 15:34:49"
53620,0,2,"1. Junior User (1-6 Months)",Computer,1,9,Debit Card,male,3,5,Mobile Phone,2,Divorced,3,1,13.00,3,3,3,164.00,1.00,"2026-06-08 15:34:49"
53621,0,25,"3. Core Loyal (>1 Year)",Computer,1,13,Credit Card,female,3,5,Mobile Phone,3,Single,2,0,15.00,8,8,8,153.00,1.00,"2026-06-08 15:34:49"
53622,0,4,"1. Junior User (1-6 Months)",Computer,1,16,Credit Card,female,4,4,Laptop & Accessory,3,Single,9,1,19.00,2,2,8,172.00,1.00,"2026-06-08 15:34:49"
53623,1,1,"1. Junior User (1-6 Months)",Mobile Phone,1,14,Cash on Delivery,female,3,4,Mobile Phone,3,Married,5,1,14.00,2,8,8,158.00,0.25,"2026-06-08 15:34:49"
53624,0,2,"1. Junior User (1-6 Months)",Mobile Phone,1,7,Cash on Delivery,male,3,4,Mobile Phone,5,Single,4,0,12.00,1,2,3,146.00,0.50,"2026-06-08 15:34:49"
53625,0,1,"1. Junior User (1-6 Months)",Mobile Phone,1,7,Credit Card,female,3,4,Mobile Phone,4,Single,3,0,19.00,2,3,2,146.00,0.67,"2026-06-08 15:34:49"
53626,0,6,"1. Junior User (1-6 Months)",Mobile Phone,3,15,Credit Card,male,3,2,Laptop & Accessory,2,Divorced,3,0,16.00,1,2,9,187.00,0.50,"2026-06-08 15:34:49"
53627,0,19,"3. Core Loyal (>1 Year)",Computer,1,32,Credit Card,female,3,4,Others,4,Single,5,0,0.0,2,2,1,306.00,1.00,"2026-06-08 15:34:49"
53628,0,13,"3. Core Loyal (>1 Year)",Mobile Phone,1,20,Credit Card,female,4,5,Grocery,4,Married,8,1,0.0,14,16,3,296.00,0.88,"2026-06-08 15:34:49"
53629,0,31,"3. Core Loyal (>1 Year)",Mobile Phone,1,30,Debit Card,male,3,4,Mobile Phone,3,Married,3,0,13.00,3,3,3,149.00,1.00,"2026-06-08 15:34:49"
53630,1,1,"1. Junior User (1-6 Months)",Mobile Phone,1,14,Debit Card,male,4,4,Laptop & Accessory,3,Divorced,3,0,19.00,2,2,2,174.00,1.00,"2026-06-08 15:34:49"
53631,1,3,"1. Junior User (1-6 Months)",Mobile Phone,1,30,Credit Card,male,4,4,Mobile Phone,5,Single,2,0,14.00,1,2,4,164.00,0.50,"2026-06-08 15:34:49"
53632,0,4,"1. Junior User (1-6 Months)",Mobile Phone,1,13,Cash on Delivery,female,3,5,Laptop & Accessory,2,Divorced,2,0,13.00,6,7,8,171.00,0.86,"2026-06-08 15:34:49"
53633,0,10,"2. Mid-Loyal (7-12 Months)",Mobile Phone,1,17,Cash on Delivery,female,4,4,Fashion,3,Divorced,5,0,13.00,1,2,8,196.00,0.50,"2026-06-08 15:34:49"
53634,0,20,"3. Core Loyal (>1 Year)",Mobile Phone,2,7,Debit Card,female,3,4,Mobile Phone,5,Single,8,0,13.00,4,6,8,159.00,0.67,"2026-06-08 15:34:49"
53635,0,2,"1. Junior User (1-6 Months)",Computer,1,7,Debit Card,female,3,6,Laptop & Accessory,2,Divorced,2,0,12.00,8,8,6,192.00,1.00,"2026-06-08 15:34:49"
53636,0,24,"3. Core Loyal (>1 Year)",Mobile Phone,1,35,Debit Card,female,3,4,Grocery,5,Divorced,6,1,0.0,1,2,3,294.00,0.50,"2026-06-08 15:34:49"
53637,1,4,"1. Junior User (1-6 Months)",Mobile Phone,3,32,E wallet,male,3,5,Fashion,4,Single,4,1,13.00,1,2,-1,216.00,0.50,"2026-06-08 15:34:49"
53638,1,16,"3. Core Loyal (>1 Year)",Mobile Phone,3,12,Debit Card,male,4,4,Fashion,4,Single,11,1,20.00,6,8,-1,209.00,0.75,"2026-06-08 15:34:49"
53639,0,4,"1. Junior User (1-6 Months)",Mobile Phone,1,24,Credit Card,female,4,4,Fashion,5,Divorced,3,1,24.00,1,0,9,244.00,0.00,"2026-06-08 15:34:49"
53640,0,13,"3. Core Loyal (>1 Year)",Mobile Phone,1,25,Debit Card,male,3,4,Laptop & Accessory,3,Single,2,0,12.00,1,2,8,170.00,0.50,"2026-06-08 15:34:49"
53641,0,5,"1. Junior User (1-6 Months)",Computer,3,9,Debit Card,female,3,4,Fashion,3,Married,3,1,20.00,4,10,-1,224.00,0.40,"2026-06-08 15:34:49"
53642,0,15,"3. Core Loyal (>1 Year)",Computer,3,17,Credit Card,male,3,6,Laptop & Accessory,4,Single,3,0,14.00,4,12,10,187.00,0.33,"2026-06-08 15:34:49"
53643,1,1,"1. Junior User (1-6 Months)",Computer,3,7,Debit Card,female,3,4,Mobile Phone,4,Single,3,1,12.00,2,3,3,148.00,0.67,"2026-06-08 15:34:49"
53644,1,8,"2. Mid-Loyal (7-12 Months)",Mobile Phone,1,10,Debit Card,male,3,4,Mobile Phone,5,Divorced,6,0,13.00,2,2,3,149.00,1.00,"2026-06-08 15:34:49"
53645,0,16,"3. Core Loyal (>1 Year)",Computer,1,9,Debit Card,male,3,4,Grocery,3,Divorced,2,1,0.0,1,3,11,304.00,0.33,"2026-06-08 15:34:49"
53646,0,29,"3. Core Loyal (>1 Year)",Mobile Phone,1,9,Credit Card,female,3,6,Others,3,Divorced,6,0,0.0,6,10,12,317.00,0.60,"2026-06-08 15:34:49"
53647,0,30,"3. Core Loyal (>1 Year)",Mobile Phone,2,15,Debit Card,male,3,4,Others,4,Single,8,0,0.0,2,8,8,322.00,0.25,"2026-06-08 15:34:49"
53648,0,14,"3. Core Loyal (>1 Year)",Computer,1,23,Debit Card,male,4,4,Mobile Phone,3,Married,11,0,17.00,2,2,1,160.00,1.00,"2026-06-08 15:34:49"
53649,0,8,"2. Mid-Loyal (7-12 Months)",Mobile Phone,1,16,Debit Card,male,3,4,Fashion,2,Married,2,0,12.00,2,2,-1,210.00,1.00,"2026-06-08 15:34:49"
53650,0,14,"3. Core Loyal (>1 Year)",Mobile Phone,1,9,Debit Card,male,4,4,Laptop & Accessory,2,Single,3,0,14.00,4,9,9,172.00,0.44,"2026-06-08 15:34:49"
53651,0,15,"3. Core Loyal (>1 Year)",Computer,3,7,E wallet,female,4,4,Laptop & Accessory,5,Married,2,0,18.00,1,2,8,166.00,0.50,"2026-06-08 15:34:49"
53652,0,9,"2. Mid-Loyal (7-12 Months)",Computer,1,11,Debit Card,male,3,4,Laptop & Accessory,3,Single,3,1,12.00,2,2,2,167.00,1.00,"2026-06-08 15:34:49"
53653,0,25,"3. Core Loyal (>1 Year)",Mobile Phone,2,12,Debit Card,male,3,4,Grocery,4,Married,3,1,12.00,0,2,11,265.00,0.00,"2026-06-08 15:34:49"
53654,0,12,"2. Mid-Loyal (7-12 Months)",Mobile Phone,3,9,Debit Card,female,3,4,Laptop & Accessory,5,Married,5,0,16.00,1,2,8,194.00,0.50,"2026-06-08 15:34:49"
53655,0,8,"2. Mid-Loyal (7-12 Months)",Mobile Phone,3,22,Credit Card,female,4,4,Laptop & Accessory,5,Single,3,0,13.00,2,10,7,186.00,0.20,"2026-06-08 15:34:49"
53656,0,1,"1. Junior User (1-6 Months)",Mobile Phone,1,26,Credit Card,male,4,4,Mobile Phone,2,Divorced,5,0,12.00,2,2,3,162.00,1.00,"2026-06-08 15:34:49"
53657,1,21,"3. Core Loyal (>1 Year)",Mobile Phone,1,14,Credit Card,female,3,5,Fashion,5,Divorced,9,1,15.00,5,6,-1,225.00,0.83,"2026-06-08 15:34:49"
53658,0,14,"3. Core Loyal (>1 Year)",Mobile Phone,1,7,Debit Card,male,3,4,Mobile Phone,4,Divorced,5,0,23.00,2,2,4,149.00,1.00,"2026-06-08 15:34:49"
53659,0,10,"2. Mid-Loyal (7-12 Months)",Computer,3,14,E wallet,female,3,2,Laptop & Accessory,5,Divorced,4,0,17.00,6,7,14,171.00,0.86,"2026-06-08 15:34:49"
53660,0,22,"3. Core Loyal (>1 Year)",Mobile Phone,1,11,Debit Card,male,3,4,Fashion,2,Single,3,0,12.00,2,2,9,204.00,1.00,"2026-06-08 15:34:49"
53661,0,1,"1. Junior User (1-6 Months)",Mobile Phone,3,18,Credit Card,female,4,2,Mobile Phone,2,Divorced,10,0,15.00,2,2,1,150.00,1.00,"2026-06-08 15:34:49"
53662,0,25,"3. Core Loyal (>1 Year)",Mobile Phone,1,18,Cash on Delivery,female,3,5,Grocery,4,Single,5,0,17.00,1,0,4,256.00,0.00,"2026-06-08 15:34:49"
53663,0,1,"1. Junior User (1-6 Months)",Computer,1,7,Debit Card,female,4,4,Mobile Phone,2,Single,3,0,16.00,2,2,1,141.00,1.00,"2026-06-08 15:34:49"
53664,0,9,"2. Mid-Loyal (7-12 Months)",Mobile Phone,1,7,Credit Card,female,3,5,Laptop & Accessory,2,Divorced,2,0,13.00,2,2,1,179.00,1.00,"2026-06-08 15:34:49"
53665,0,1,"1. Junior User (1-6 Months)",Computer,3,9,Debit Card,male,3,6,Laptop & Accessory,2,Single,5,0,21.00,2,2,1,176.00,1.00,"2026-06-08 15:34:49"
53666,1,19,"3. Core Loyal (>1 Year)",Mobile Phone,3,20,E wallet,male,3,2,Grocery,3,Single,8,1,18.00,0,4,9,262.00,0.00,"2026-06-08 15:34:49"
53667,0,30,"3. Core Loyal (>1 Year)",Mobile Phone,1,30,Debit Card,male,4,4,Grocery,4,Divorced,6,1,13.00,12,0,10,259.00,0.00,"2026-06-08 15:34:49"
53668,0,8,"2. Mid-Loyal (7-12 Months)",Computer,1,33,Cash on Delivery,female,4,5,Mobile Phone,3,Married,3,0,21.00,2,2,1,145.00,1.00,"2026-06-08 15:34:49"
53669,0,14,"3. Core Loyal (>1 Year)",Mobile Phone,1,9,Credit Card,female,3,2,Laptop & Accessory,3,Married,7,0,21.00,6,12,9,189.00,0.50,"2026-06-08 15:34:49"
53670,0,8,"2. Mid-Loyal (7-12 Months)",Mobile Phone,1,36,Credit Card,male,3,4,Laptop & Accessory,3,Divorced,6,0,14.00,1,8,8,179.00,0.13,"2026-06-08 15:34:49"
53671,1,1,"1. Junior User (1-6 Months)",Computer,3,9,Debit Card,female,3,5,Mobile Phone,2,Single,9,0,15.00,1,2,1,153.00,0.50,"2026-06-08 15:34:49"
53672,1,1,"1. Junior User (1-6 Months)",Computer,3,25,E wallet,female,4,4,Laptop & Accessory,3,Divorced,2,1,19.00,4,4,3,171.00,1.00,"2026-06-08 15:34:49"
53673,0,12,"2. Mid-Loyal (7-12 Months)",Computer,1,14,Debit Card,male,3,2,Mobile Phone,3,Married,3,0,12.00,1,2,4,151.00,0.50,"2026-06-08 15:34:49"
53674,0,8,"2. Mid-Loyal (7-12 Months)",Mobile Phone,1,9,Cash on Delivery,female,4,4,Laptop & Accessory,2,Single,3,0,12.00,2,5,12,192.00,0.40,"2026-06-08 15:34:49"
53675,0,2,"1. Junior User (1-6 Months)",Mobile Phone,3,33,Debit Card,male,3,5,Laptop & Accessory,5,Divorced,3,0,12.00,2,2,5,172.00,1.00,"2026-06-08 15:34:49"
53676,1,1,"1. Junior User (1-6 Months)",Mobile Phone,1,29,Credit Card,male,4,4,Laptop & Accessory,3,Divorced,3,1,16.00,4,7,8,187.00,0.57,"2026-06-08 15:34:49"
53677,0,13,"3. Core Loyal (>1 Year)",Mobile Phone,3,28,Debit Card,male,3,5,Laptop & Accessory,2,Divorced,5,1,13.00,1,2,5,186.00,0.50,"2026-06-08 15:34:49"
53678,0,25,"3. Core Loyal (>1 Year)",Computer,3,9,E wallet,male,3,4,Fashion,4,Divorced,4,0,12.00,1,4,-1,231.00,0.25,"2026-06-08 15:34:49"
53679,0,15,"3. Core Loyal (>1 Year)",Computer,1,29,Debit Card,female,4,4,Laptop & Accessory,2,Married,5,1,15.00,1,4,4,180.00,0.25,"2026-06-08 15:34:49"
53680,0,11,"2. Mid-Loyal (7-12 Months)",Mobile Phone,1,11,Debit Card,male,3,4,Mobile Phone,3,Divorced,9,1,16.00,2,2,4,155.00,1.00,"2026-06-08 15:34:49"
53681,0,7,"2. Mid-Loyal (7-12 Months)",Computer,3,12,Debit Card,male,4,4,Laptop & Accessory,2,Divorced,8,0,14.00,2,2,-1,225.00,1.00,"2026-06-08 15:34:49"
53682,0,6,"1. Junior User (1-6 Months)",Mobile Phone,3,9,E wallet,male,3,4,Laptop & Accessory,4,Divorced,2,1,14.00,1,2,3,166.00,0.50,"2026-06-08 15:34:49"
53683,0,13,"3. Core Loyal (>1 Year)",Computer,1,32,Debit Card,male,4,4,Fashion,3,Divorced,5,0,22.00,1,0,6,234.00,0.00,"2026-06-08 15:34:49"
53684,0,1,"1. Junior User (1-6 Months)",Mobile Phone,3,25,Debit Card,male,4,2,Laptop & Accessory,3,Divorced,4,0,12.00,1,2,3,187.00,0.50,"2026-06-08 15:34:49"
53685,0,26,"3. Core Loyal (>1 Year)",Computer,1,35,Credit Card,female,3,2,Grocery,3,Divorced,4,1,12.00,1,0,3,257.00,0.00,"2026-06-08 15:34:49"
53686,0,17,"3. Core Loyal (>1 Year)",Mobile Phone,1,13,Credit Card,female,4,5,Laptop & Accessory,3,Single,3,1,15.00,2,2,9,166.00,1.00,"2026-06-08 15:34:49"
53687,0,1,"1. Junior User (1-6 Months)",Mobile Phone,3,17,E wallet,female,4,5,Laptop & Accessory,2,Divorced,3,1,12.00,3,5,5,183.00,0.60,"2026-06-08 15:34:49"
53688,1,1,"1. Junior User (1-6 Months)",Mobile Phone,1,24,Debit Card,female,3,4,Mobile Phone,3,Single,3,1,14.00,4,8,8,149.00,0.50,"2026-06-08 15:34:49"
53689,0,1,"1. Junior User (1-6 Months)",Mobile Phone,1,9,Credit Card,male,3,5,Mobile Phone,2,Single,2,0,13.00,1,2,2,164.00,0.50,"2026-06-08 15:34:49"
53690,0,16,"3. Core Loyal (>1 Year)",Mobile Phone,2,17,UPI,female,3,4,Grocery,5,Divorced,2,0,0.0,1,2,10,293.00,0.50,"2026-06-08 15:34:49"
53691,0,26,"3. Core Loyal (>1 Year)",Mobile Phone,1,15,UPI,female,3,4,Mobile Phone,5,Divorced,11,0,14.00,2,2,5,155.00,1.00,"2026-06-08 15:34:49"
53692,0,11,"2. Mid-Loyal (7-12 Months)",Mobile Phone,1,18,Credit Card,female,4,4,Mobile Phone,3,Single,6,0,19.00,1,2,3,161.00,0.50,"2026-06-08 15:34:49"
53693,0,9,"2. Mid-Loyal (7-12 Months)",Computer,1,25,Debit Card,male,3,4,Fashion,2,Single,4,0,12.00,1,3,-1,219.00,0.33,"2026-06-08 15:34:49"
53694,0,1,"1. Junior User (1-6 Months)",Mobile Phone,1,7,Cash on Delivery,male,3,4,Mobile Phone,2,Divorced,6,0,12.00,2,2,3,157.00,1.00,"2026-06-08 15:34:49"
53695,0,1,"1. Junior User (1-6 Months)",Mobile Phone,1,14,UPI,male,4,2,Mobile Phone,5,Single,2,0,13.00,2,2,8,161.00,1.00,"2026-06-08 15:34:49"
53696,0,3,"1. Junior User (1-6 Months)",Mobile Phone,2,24,UPI,male,3,5,Fashion,5,Single,3,0,14.00,1,2,10,205.00,0.50,"2026-06-08 15:34:49"
53697,1,1,"1. Junior User (1-6 Months)",Computer,1,35,Debit Card,male,4,5,Laptop & Accessory,5,Single,5,0,21.00,1,2,4,168.00,0.50,"2026-06-08 15:34:49"
53698,1,1,"1. Junior User (1-6 Months)",Computer,1,21,UPI,female,3,4,Fashion,2,Single,2,1,13.00,3,8,8,201.00,0.38,"2026-06-08 15:34:49"
53699,0,28,"3. Core Loyal (>1 Year)",Mobile Phone,1,7,Credit Card,female,3,4,Grocery,2,Single,8,0,0.0,6,13,8,298.00,0.46,"2026-06-08 15:34:49"
53700,0,31,"3. Core Loyal (>1 Year)",Mobile Phone,1,7,Credit Card,female,4,4,Others,5,Divorced,5,1,0.0,2,2,6,322.00,1.00,"2026-06-08 15:34:49"
53701,0,29,"3. Core Loyal (>1 Year)",Mobile Phone,1,7,Credit Card,male,3,2,Grocery,2,Married,4,0,14.00,0,2,1,272.00,0.00,"2026-06-08 15:34:49"
53702,0,10,"2. Mid-Loyal (7-12 Months)",Mobile Phone,3,10,E wallet,female,3,4,Laptop & Accessory,4,Single,5,1,17.00,1,2,-1,218.00,0.50,"2026-06-08 15:34:49"
53703,1,1,"1. Junior User (1-6 Months)",Computer,3,7,Debit Card,female,3,6,Mobile Phone,3,Single,3,0,13.00,2,2,1,139.00,1.00,"2026-06-08 15:34:49"
53704,0,4,"1. Junior User (1-6 Months)",Mobile Phone,3,14,E wallet,female,4,4,Laptop & Accessory,5,Married,9,0,15.00,2,2,3,173.00,1.00,"2026-06-08 15:34:49"
53705,0,5,"1. Junior User (1-6 Months)",Mobile Phone,1,15,Debit Card,female,4,4,Grocery,4,Single,5,0,12.00,0,2,1,289.00,0.00,"2026-06-08 15:34:49"
53706,0,8,"2. Mid-Loyal (7-12 Months)",Computer,1,7,UPI,male,4,4,Mobile Phone,5,Married,7,0,15.00,2,2,4,155.00,1.00,"2026-06-08 15:34:49"
53707,1,1,"1. Junior User (1-6 Months)",Mobile Phone,1,15,Debit Card,female,3,5,Mobile Phone,4,Single,3,0,13.00,1,2,1,138.00,0.50,"2026-06-08 15:34:49"
53708,0,1,"1. Junior User (1-6 Months)",Mobile Phone,1,18,Debit Card,male,4,4,Mobile Phone,5,Divorced,2,0,15.00,2,2,5,146.00,1.00,"2026-06-08 15:34:49"
53709,0,10,"2. Mid-Loyal (7-12 Months)",Mobile Phone,1,11,Debit Card,male,3,5,Laptop & Accessory,2,Single,3,0,17.00,2,2,9,183.00,1.00,"2026-06-08 15:34:49"
53710,0,10,"2. Mid-Loyal (7-12 Months)",Mobile Phone,3,23,E wallet,female,4,5,Laptop & Accessory,5,Divorced,6,0,14.00,2,2,3,181.00,1.00,"2026-06-08 15:34:49"
53711,0,21,"3. Core Loyal (>1 Year)",Mobile Phone,1,7,Cash on Delivery,male,4,4,Mobile Phone,2,Divorced,9,0,13.00,2,2,3,159.00,1.00,"2026-06-08 15:34:49"
53712,1,1,"1. Junior User (1-6 Months)",Mobile Phone,3,16,Debit Card,male,4,5,Mobile Phone,5,Divorced,5,0,13.00,2,3,3,169.00,0.67,"2026-06-08 15:34:49"
53713,0,11,"2. Mid-Loyal (7-12 Months)",Computer,1,12,Cash on Delivery,male,3,2,Mobile Phone,3,Single,2,0,15.00,2,2,4,160.00,1.00,"2026-06-08 15:34:49"
53714,0,30,"3. Core Loyal (>1 Year)",Mobile Phone,1,7,Debit Card,female,3,4,Mobile Phone,5,Divorced,4,0,23.00,2,2,1,146.00,1.00,"2026-06-08 15:34:49"
53715,0,21,"3. Core Loyal (>1 Year)",Mobile Phone,1,9,Credit Card,female,3,4,Grocery,3,Divorced,5,0,0.0,4,6,7,297.00,0.67,"2026-06-08 15:34:49"
53716,0,1,"1. Junior User (1-6 Months)",Mobile Phone,3,11,Credit Card,female,3,4,Laptop & Accessory,3,Divorced,3,1,13.00,2,2,4,167.00,1.00,"2026-06-08 15:34:49"
53717,0,6,"1. Junior User (1-6 Months)",Mobile Phone,3,14,E wallet,male,4,4,Laptop & Accessory,2,Divorced,6,0,13.00,2,2,-1,217.00,1.00,"2026-06-08 15:34:49"
53718,0,8,"2. Mid-Loyal (7-12 Months)",Mobile Phone,1,7,Debit Card,female,3,5,Mobile Phone,4,Divorced,7,0,18.00,2,2,3,158.00,1.00,"2026-06-08 15:34:49"
53719,0,15,"3. Core Loyal (>1 Year)",Mobile Phone,1,12,Credit Card,male,3,2,Mobile Phone,3,Divorced,4,1,13.00,2,2,4,146.00,1.00,"2026-06-08 15:34:49"
53720,0,14,"3. Core Loyal (>1 Year)",Computer,1,16,UPI,male,3,4,Laptop & Accessory,3,Married,5,0,12.00,2,2,8,165.00,1.00,"2026-06-08 15:34:49"
53721,0,5,"1. Junior User (1-6 Months)",Mobile Phone,3,15,Debit Card,male,3,4,Fashion,2,Married,3,0,19.00,3,0,10,233.00,0.00,"2026-06-08 15:34:49"
53722,1,10,"2. Mid-Loyal (7-12 Months)",Mobile Phone,3,16,E wallet,male,3,4,Fashion,1,Married,6,0,12.00,1,5,-1,226.00,0.20,"2026-06-08 15:34:49"
53723,1,3,"1. Junior User (1-6 Months)",Computer,1,9,Debit Card,female,3,5,Mobile Phone,5,Single,4,1,24.00,1,2,1,161.00,0.50,"2026-06-08 15:34:49"
53724,1,1,"1. Junior User (1-6 Months)",Computer,1,7,Debit Card,female,4,2,Fashion,4,Single,3,0,12.00,4,5,8,199.00,0.80,"2026-06-08 15:34:49"
53725,0,19,"3. Core Loyal (>1 Year)",Mobile Phone,1,27,Credit Card,male,4,6,Fashion,5,Married,4,1,19.00,1,0,8,234.00,0.00,"2026-06-08 15:34:49"
53726,0,5,"1. Junior User (1-6 Months)",Mobile Phone,2,15,Credit Card,female,4,2,Mobile Phone,4,Single,11,0,19.00,1,2,3,146.00,0.50,"2026-06-08 15:34:49"
53727,1,1,"1. Junior User (1-6 Months)",Computer,1,9,Debit Card,male,4,4,Mobile Phone,1,Divorced,8,1,14.00,3,3,3,162.00,1.00,"2026-06-08 15:34:49"
53728,0,19,"3. Core Loyal (>1 Year)",Mobile Phone,1,36,Cash on Delivery,male,3,4,Fashion,1,Divorced,6,1,19.00,2,2,-1,219.00,1.00,"2026-06-08 15:34:49"
53729,0,22,"3. Core Loyal (>1 Year)",Mobile Phone,3,14,E wallet,male,4,4,Laptop & Accessory,5,Married,6,0,12.00,2,3,3,180.00,0.67,"2026-06-08 15:34:49"
53730,1,1,"1. Junior User (1-6 Months)",Mobile Phone,2,16,Cash on Delivery,female,3,4,Mobile Phone,3,Divorced,3,0,16.00,2,3,3,152.00,0.67,"2026-06-08 15:34:49"
53731,0,14,"3. Core Loyal (>1 Year)",Computer,1,15,Credit Card,male,3,5,Fashion,4,Married,4,0,12.00,0,5,9,263.00,0.00,"2026-06-08 15:34:49"
53732,0,2,"1. Junior User (1-6 Months)",Mobile Phone,3,12,Credit Card,male,3,4,Laptop & Accessory,5,Single,2,0,19.00,2,2,-1,210.00,1.00,"2026-06-08 15:34:49"
53733,0,18,"3. Core Loyal (>1 Year)",Computer,1,12,Debit Card,male,3,5,Mobile Phone,3,Single,5,0,15.00,1,2,4,157.00,0.50,"2026-06-08 15:34:49"
53734,0,27,"3. Core Loyal (>1 Year)",Mobile Phone,1,9,Credit Card,male,3,2,Grocery,4,Single,6,0,13.00,0,9,9,291.00,0.00,"2026-06-08 15:34:49"
53735,0,23,"3. Core Loyal (>1 Year)",Mobile Phone,1,12,Cash on Delivery,male,4,4,Laptop & Accessory,3,Divorced,4,0,15.00,1,2,3,192.00,0.50,"2026-06-08 15:34:49"
53736,0,14,"3. Core Loyal (>1 Year)",Mobile Phone,1,9,Credit Card,male,4,4,Mobile Phone,3,Married,4,0,15.00,1,2,3,148.00,0.50,"2026-06-08 15:34:49"
53737,0,18,"3. Core Loyal (>1 Year)",Mobile Phone,1,27,Debit Card,male,3,4,Mobile Phone,4,Single,3,0,14.00,2,2,4,159.00,1.00,"2026-06-08 15:34:49"
53738,0,7,"2. Mid-Loyal (7-12 Months)",Computer,3,14,Credit Card,male,3,4,Laptop & Accessory,5,Divorced,2,0,15.00,1,2,4,169.00,0.50,"2026-06-08 15:34:49"
53739,0,8,"2. Mid-Loyal (7-12 Months)",Mobile Phone,3,10,UPI,male,3,6,Laptop & Accessory,5,Single,5,0,19.00,3,4,13,173.00,0.75,"2026-06-08 15:34:49"
53740,0,4,"1. Junior User (1-6 Months)",Mobile Phone,3,23,Debit Card,male,4,4,Laptop & Accessory,3,Divorced,10,0,16.00,1,3,3,178.00,0.33,"2026-06-08 15:34:49"
53741,0,16,"3. Core Loyal (>1 Year)",Computer,1,16,Credit Card,female,4,4,Mobile Phone,1,Single,3,0,14.00,5,6,9,162.00,0.83,"2026-06-08 15:34:49"
53742,0,18,"3. Core Loyal (>1 Year)",Computer,3,7,E wallet,female,4,4,Laptop & Accessory,3,Divorced,9,0,13.00,2,2,1,173.00,1.00,"2026-06-08 15:34:49"
53743,0,4,"1. Junior User (1-6 Months)",Computer,1,14,Cash on Delivery,male,4,4,Mobile Phone,3,Married,3,0,14.00,1,2,1,138.00,0.50,"2026-06-08 15:34:49"
53744,0,51,"3. Core Loyal (>1 Year)",Mobile Phone,1,7,Debit Card,male,4,2,Laptop & Accessory,3,Divorced,2,0,25.00,2,3,9,174.00,0.67,"2026-06-08 15:34:49"
53745,0,23,"3. Core Loyal (>1 Year)",Mobile Phone,1,14,Debit Card,male,3,4,Fashion,4,Married,5,0,15.00,1,2,-1,230.00,0.50,"2026-06-08 15:34:49"
53746,0,8,"2. Mid-Loyal (7-12 Months)",Computer,1,22,Credit Card,male,4,4,Grocery,5,Married,9,0,0.0,3,7,10,295.00,0.43,"2026-06-08 15:34:49"
53747,1,1,"1. Junior User (1-6 Months)",Computer,3,7,Cash on Delivery,male,4,4,Mobile Phone,3,Divorced,5,0,16.00,2,2,3,154.00,1.00,"2026-06-08 15:34:49"
53748,1,1,"1. Junior User (1-6 Months)",Computer,3,20,Cash on Delivery,female,3,4,Laptop & Accessory,4,Single,7,0,12.00,1,2,1,183.00,0.50,"2026-06-08 15:34:49"
53749,1,1,"1. Junior User (1-6 Months)",Mobile Phone,3,31,Credit Card,female,3,5,Laptop & Accessory,4,Single,2,1,24.00,3,11,11,171.00,0.27,"2026-06-08 15:34:49"
53750,0,9,"2. Mid-Loyal (7-12 Months)",Mobile Phone,3,14,Debit Card,male,4,4,Mobile Phone,3,Divorced,3,0,14.00,2,2,1,149.00,1.00,"2026-06-08 15:34:49"
53751,1,1,"1. Junior User (1-6 Months)",Computer,1,16,Credit Card,male,3,4,Mobile Phone,5,Single,4,1,12.00,1,2,1,157.00,0.50,"2026-06-08 15:34:49"
53752,0,1,"1. Junior User (1-6 Months)",Computer,3,20,Debit Card,female,4,4,Mobile Phone,4,Divorced,3,0,14.00,1,2,1,145.00,0.50,"2026-06-08 15:34:49"
53753,0,18,"3. Core Loyal (>1 Year)",Computer,1,9,Credit Card,male,3,4,Fashion,3,Single,7,1,19.00,1,3,-1,227.00,0.33,"2026-06-08 15:34:49"
53754,0,3,"1. Junior User (1-6 Months)",Mobile Phone,3,26,Debit Card,male,4,5,Laptop & Accessory,3,Married,3,0,15.00,2,2,-1,211.00,1.00,"2026-06-08 15:34:49"
53755,0,4,"1. Junior User (1-6 Months)",Mobile Phone,2,7,Debit Card,male,3,4,Mobile Phone,3,Married,2,0,22.00,1,2,4,146.00,0.50,"2026-06-08 15:34:49"
53756,0,29,"3. Core Loyal (>1 Year)",Mobile Phone,1,11,Debit Card,male,2,4,Laptop & Accessory,3,Divorced,2,1,17.00,1,2,3,165.00,0.50,"2026-06-08 15:34:49"
53757,0,7,"2. Mid-Loyal (7-12 Months)",Mobile Phone,1,11,Credit Card,female,3,5,Mobile Phone,4,Divorced,10,0,12.00,1,2,3,163.00,0.50,"2026-06-08 15:34:49"
53758,0,21,"3. Core Loyal (>1 Year)",Mobile Phone,3,21,Credit Card,female,4,4,Laptop & Accessory,3,Divorced,5,1,18.00,2,2,3,171.00,1.00,"2026-06-08 15:34:49"
53759,1,1,"1. Junior User (1-6 Months)",Computer,1,9,Credit Card,male,3,5,Mobile Phone,5,Single,9,0,12.00,1,2,1,151.00,0.50,"2026-06-08 15:34:49"
53760,0,2,"1. Junior User (1-6 Months)",Mobile Phone,1,7,Debit Card,male,4,5,Mobile Phone,3,Married,3,0,15.00,1,2,1,141.00,0.50,"2026-06-08 15:34:49"
53761,0,2,"1. Junior User (1-6 Months)",Computer,3,14,Debit Card,male,3,4,Laptop & Accessory,5,Single,2,0,15.00,2,2,4,174.00,1.00,"2026-06-08 15:34:49"
53762,0,23,"3. Core Loyal (>1 Year)",Mobile Phone,1,10,Credit Card,female,3,5,Laptop & Accessory,5,Divorced,6,0,26.00,2,2,3,173.00,1.00,"2026-06-08 15:34:49"
53763,0,3,"1. Junior User (1-6 Months)",Computer,1,9,Debit Card,female,4,4,Mobile Phone,4,Divorced,2,0,14.00,1,2,3,157.00,0.50,"2026-06-08 15:34:49"
53764,0,2,"1. Junior User (1-6 Months)",Mobile Phone,1,36,Debit Card,male,4,6,Laptop & Accessory,4,Divorced,3,0,15.00,2,2,8,190.00,1.00,"2026-06-08 15:34:49"
53765,0,7,"2. Mid-Loyal (7-12 Months)",Mobile Phone,1,15,Debit Card,male,4,4,Laptop & Accessory,3,Single,4,1,18.00,1,2,1,189.00,0.50,"2026-06-08 15:34:49"
53766,0,6,"1. Junior User (1-6 Months)",Mobile Phone,1,17,Credit Card,male,1,4,Fashion,1,Single,4,0,26.00,1,0,1,237.00,0.00,"2026-06-08 15:34:49"
53767,0,28,"3. Core Loyal (>1 Year)",Computer,1,18,Credit Card,female,3,4,Grocery,1,Married,5,0,21.00,0,2,13,285.00,0.00,"2026-06-08 15:34:49"
53768,1,1,"1. Junior User (1-6 Months)",Mobile Phone,1,7,Cash on Delivery,male,4,5,Mobile Phone,5,Single,8,0,14.00,1,2,8,149.00,0.50,"2026-06-08 15:34:49"
53769,0,18,"3. Core Loyal (>1 Year)",Mobile Phone,1,35,Debit Card,male,3,4,Grocery,5,Divorced,5,0,14.00,0,15,18,288.00,0.00,"2026-06-08 15:34:49"
53770,0,13,"3. Core Loyal (>1 Year)",Mobile Phone,1,13,Debit Card,female,3,4,Fashion,4,Single,6,0,19.00,1,3,3,209.00,0.33,"2026-06-08 15:34:49"
53771,0,20,"3. Core Loyal (>1 Year)",Mobile Phone,3,10,Debit Card,female,3,4,Grocery,4,Divorced,10,0,13.00,0,6,2,291.00,0.00,"2026-06-08 15:34:49"
53772,0,9,"2. Mid-Loyal (7-12 Months)",Mobile Phone,1,23,Debit Card,female,4,5,Fashion,4,Single,3,0,20.00,2,4,-1,211.00,0.50,"2026-06-08 15:34:49"
53773,0,1,"1. Junior User (1-6 Months)",Mobile Phone,1,27,Debit Card,male,4,4,Laptop & Accessory,3,Single,2,0,15.00,2,2,3,148.00,1.00,"2026-06-08 15:34:49"
53774,1,4,"1. Junior User (1-6 Months)",Mobile Phone,1,16,Debit Card,male,3,4,Mobile Phone,5,Single,5,0,15.00,2,2,1,145.00,1.00,"2026-06-08 15:34:49"
53775,0,8,"2. Mid-Loyal (7-12 Months)",Mobile Phone,3,7,Cash on Delivery,male,4,5,Fashion,3,Divorced,3,1,15.00,8,9,7,196.00,0.89,"2026-06-08 15:34:49"
53776,1,1,"1. Junior User (1-6 Months)",Computer,1,10,Debit Card,female,3,4,Mobile Phone,3,Single,3,0,13.00,7,8,8,166.00,0.88,"2026-06-08 15:34:49"
53777,0,24,"3. Core Loyal (>1 Year)",Computer,1,29,Credit Card,male,3,6,Grocery,1,Single,3,1,14.00,0,14,10,269.00,0.00,"2026-06-08 15:34:49"
53778,0,8,"2. Mid-Loyal (7-12 Months)",Mobile Phone,3,14,Cash on Delivery,male,3,4,Mobile Phone,3,Married,2,1,26.00,1,6,8,148.00,0.17,"2026-06-08 15:34:49"
53779,0,16,"3. Core Loyal (>1 Year)",Mobile Phone,1,9,Credit Card,male,4,5,Mobile Phone,4,Married,6,0,15.00,2,2,1,173.00,1.00,"2026-06-08 15:34:49"
53780,0,11,"2. Mid-Loyal (7-12 Months)",Mobile Phone,1,20,Credit Card,male,3,4,Laptop & Accessory,1,Married,3,0,18.00,1,4,8,168.00,0.25,"2026-06-08 15:34:49"
53781,0,3,"1. Junior User (1-6 Months)",Mobile Phone,1,15,UPI,female,3,6,Laptop & Accessory,5,Married,5,0,14.00,1,2,-1,222.00,0.50,"2026-06-08 15:34:49"
53782,0,7,"2. Mid-Loyal (7-12 Months)",Mobile Phone,1,32,Debit Card,male,3,5,Laptop & Accessory,4,Single,3,0,14.00,1,2,3,168.00,0.50,"2026-06-08 15:34:49"
53783,0,19,"3. Core Loyal (>1 Year)",Mobile Phone,1,35,Cash on Delivery,male,4,4,Mobile Phone,1,Married,6,0,21.00,2,2,4,146.00,1.00,"2026-06-08 15:34:49"
53784,0,16,"3. Core Loyal (>1 Year)",Computer,1,9,Debit Card,male,3,4,Fashion,1,Married,4,1,15.00,13,14,-1,226.00,0.93,"2026-06-08 15:34:49"
53785,0,14,"3. Core Loyal (>1 Year)",Mobile Phone,3,16,Credit Card,male,3,4,Laptop & Accessory,5,Married,2,0,13.00,3,8,2,180.00,0.38,"2026-06-08 15:34:49"
53786,0,7,"2. Mid-Loyal (7-12 Months)",Mobile Phone,1,35,Debit Card,male,4,4,Laptop & Accessory,3,Married,3,1,13.00,2,6,8,177.00,0.33,"2026-06-08 15:34:49"
53787,0,14,"3. Core Loyal (>1 Year)",Mobile Phone,2,13,Credit Card,male,3,4,Grocery,1,Single,3,1,22.00,0,8,8,289.00,0.00,"2026-06-08 15:34:49"
53788,0,1,"1. Junior User (1-6 Months)",Mobile Phone,1,28,Cash on Delivery,male,3,5,Mobile Phone,5,Married,2,0,15.00,1,2,1,148.00,0.50,"2026-06-08 15:34:49"
53789,0,14,"3. Core Loyal (>1 Year)",Computer,1,15,Debit Card,male,4,4,Laptop & Accessory,1,Married,5,1,19.00,3,3,3,166.00,1.00,"2026-06-08 15:34:49"
53790,0,19,"3. Core Loyal (>1 Year)",Mobile Phone,1,7,Cash on Delivery,male,4,4,Fashion,4,Married,3,0,13.00,7,8,8,199.00,0.88,"2026-06-08 15:34:49"
53791,0,9,"2. Mid-Loyal (7-12 Months)",Mobile Phone,3,7,Debit Card,female,4,5,Mobile Phone,3,Married,2,0,24.00,3,5,3,149.00,0.60,"2026-06-08 15:34:49"
53792,0,6,"1. Junior User (1-6 Months)",Mobile Phone,1,12,Debit Card,female,4,5,Laptop & Accessory,4,Married,5,0,13.00,2,3,6,184.00,0.67,"2026-06-08 15:34:49"
53793,0,10,"2. Mid-Loyal (7-12 Months)",Mobile Phone,3,9,Debit Card,male,4,4,Mobile Phone,1,Single,5,1,22.00,1,2,3,151.00,0.50,"2026-06-08 15:34:49"
53794,0,22,"3. Core Loyal (>1 Year)",Mobile Phone,3,23,Debit Card,female,4,4,Laptop & Accessory,3,Married,10,0,15.00,2,8,8,189.00,0.25,"2026-06-08 15:34:49"
53795,0,3,"1. Junior User (1-6 Months)",Mobile Phone,1,16,Debit Card,male,4,2,Mobile Phone,3,Married,8,0,19.00,2,2,1,150.00,1.00,"2026-06-08 15:34:49"
53796,0,7,"2. Mid-Loyal (7-12 Months)",Mobile Phone,3,15,Debit Card,male,3,4,Laptop & Accessory,5,Married,4,0,14.00,3,3,3,189.00,1.00,"2026-06-08 15:34:49"
53797,1,1,"1. Junior User (1-6 Months)",Mobile Phone,3,7,Debit Card,male,4,5,Laptop & Accessory,5,Married,3,0,12.00,4,7,-1,222.00,0.57,"2026-06-08 15:34:49"
53798,0,12,"2. Mid-Loyal (7-12 Months)",Computer,2,17,UPI,male,4,4,Laptop & Accessory,3,Married,5,0,12.00,1,2,3,186.00,0.50,"2026-06-08 15:34:49"
53799,0,9,"2. Mid-Loyal (7-12 Months)",Mobile Phone,1,7,Credit Card,male,4,5,Mobile Phone,5,Single,3,0,20.00,1,2,3,150.00,0.50,"2026-06-08 15:34:49"
53800,0,4,"1. Junior User (1-6 Months)",Mobile Phone,3,36,Cash on Delivery,male,3,4,Fashion,4,Married,5,0,13.00,1,2,-1,218.00,0.50,"2026-06-08 15:34:49"
53801,1,1,"1. Junior User (1-6 Months)",Mobile Phone,1,9,Debit Card,female,4,4,Mobile Phone,5,Married,3,1,13.00,2,2,1,146.00,1.00,"2026-06-08 15:34:49"
53802,1,17,"3. Core Loyal (>1 Year)",Mobile Phone,1,9,Cash on Delivery,female,4,5,Fashion,1,Married,2,0,17.00,2,2,-1,227.00,1.00,"2026-06-08 15:34:49"
53803,1,2,"1. Junior User (1-6 Months)",Mobile Phone,1,9,Credit Card,male,3,4,Laptop & Accessory,4,Married,6,0,12.00,1,2,5,174.00,0.50,"2026-06-08 15:34:49"
53804,0,6,"1. Junior User (1-6 Months)",Computer,1,7,Cash on Delivery,male,4,4,Laptop & Accessory,5,Married,6,0,15.00,2,2,3,166.00,1.00,"2026-06-08 15:34:49"
53805,0,22,"3. Core Loyal (>1 Year)",Mobile Phone,1,22,UPI,female,4,4,Mobile Phone,5,Married,10,0,13.00,8,8,7,149.00,1.00,"2026-06-08 15:34:49"
53806,0,8,"2. Mid-Loyal (7-12 Months)",Mobile Phone,1,14,Credit Card,male,3,4,Mobile Phone,1,Single,3,0,14.00,1,2,1,155.00,0.50,"2026-06-08 15:34:49"
53807,0,29,"3. Core Loyal (>1 Year)",Mobile Phone,3,33,E wallet,male,3,5,Others,1,Married,3,0,0.0,3,3,14,321.00,1.00,"2026-06-08 15:34:49"
53808,0,8,"2. Mid-Loyal (7-12 Months)",Mobile Phone,1,7,Debit Card,male,3,4,Laptop & Accessory,1,Married,11,0,18.00,2,3,2,180.00,0.67,"2026-06-08 15:34:49"
53809,0,1,"1. Junior User (1-6 Months)",Mobile Phone,1,10,Debit Card,female,3,4,Mobile Phone,1,Married,3,0,22.00,2,2,1,146.00,1.00,"2026-06-08 15:34:49"
53810,0,12,"2. Mid-Loyal (7-12 Months)",Mobile Phone,3,21,Debit Card,male,4,4,Laptop & Accessory,4,Married,2,0,12.00,6,8,-1,224.00,0.75,"2026-06-08 15:34:49"
53811,0,12,"2. Mid-Loyal (7-12 Months)",Mobile Phone,3,23,Debit Card,female,3,4,Laptop & Accessory,4,Single,4,0,13.00,1,2,3,167.00,0.50,"2026-06-08 15:34:49"
53812,0,10,"2. Mid-Loyal (7-12 Months)",Mobile Phone,3,7,Debit Card,female,4,4,Laptop & Accessory,3,Single,8,0,14.00,2,2,1,193.00,1.00,"2026-06-08 15:34:49"
53813,0,3,"1. Junior User (1-6 Months)",Mobile Phone,1,10,Credit Card,male,3,4,Mobile Phone,5,Single,3,1,19.00,1,2,6,172.00,0.50,"2026-06-08 15:34:49"
53814,0,9,"2. Mid-Loyal (7-12 Months)",Mobile Phone,1,17,Credit Card,female,3,4,Laptop & Accessory,3,Single,5,1,17.00,2,2,5,186.00,1.00,"2026-06-08 15:34:49"
53815,0,13,"3. Core Loyal (>1 Year)",Mobile Phone,3,13,Credit Card,male,3,2,Fashion,3,Married,4,0,12.00,5,8,7,207.00,0.63,"2026-06-08 15:34:49"
53816,0,3,"1. Junior User (1-6 Months)",Computer,1,9,Debit Card,male,3,4,Laptop & Accessory,1,Married,3,0,20.00,1,2,-1,214.00,0.50,"2026-06-08 15:34:49"
53817,0,24,"3. Core Loyal (>1 Year)",Mobile Phone,3,6,E wallet,male,3,4,Others,3,Married,6,1,0.0,1,2,1,318.00,0.50,"2026-06-08 15:34:49"
53818,0,1,"1. Junior User (1-6 Months)",Mobile Phone,1,17,Cash on Delivery,male,3,2,Mobile Phone,3,Married,4,0,17.00,3,3,3,146.00,1.00,"2026-06-08 15:34:49"
53819,0,10,"2. Mid-Loyal (7-12 Months)",Computer,1,13,Debit Card,male,4,2,Laptop & Accessory,5,Married,5,1,14.00,2,2,3,181.00,1.00,"2026-06-08 15:34:49"
53820,0,16,"3. Core Loyal (>1 Year)",Mobile Phone,1,16,UPI,male,4,5,Others,1,Single,10,0,0.0,2,2,2,321.00,1.00,"2026-06-08 15:34:49"
53821,0,9,"2. Mid-Loyal (7-12 Months)",Mobile Phone,1,35,Debit Card,male,3,2,Laptop & Accessory,3,Married,3,0,18.00,6,7,9,159.00,0.86,"2026-06-08 15:34:49"
53822,0,8,"2. Mid-Loyal (7-12 Months)",Computer,1,17,Cash on Delivery,male,4,5,Laptop & Accessory,3,Married,3,0,15.00,3,8,8,176.00,0.38,"2026-06-08 15:34:49"
53823,0,14,"3. Core Loyal (>1 Year)",Mobile Phone,3,21,Debit Card,female,3,4,Laptop & Accessory,5,Married,3,0,16.00,1,2,3,171.00,0.50,"2026-06-08 15:34:49"
53824,0,17,"3. Core Loyal (>1 Year)",Mobile Phone,1,34,Cash on Delivery,male,3,2,Mobile Phone,4,Married,7,0,13.00,2,2,3,174.00,1.00,"2026-06-08 15:34:49"
53825,0,9,"2. Mid-Loyal (7-12 Months)",Mobile Phone,1,14,Debit Card,male,4,5,Mobile Phone,1,Married,3,0,19.00,2,2,2,152.00,1.00,"2026-06-08 15:34:49"
53826,0,20,"3. Core Loyal (>1 Year)",Mobile Phone,3,7,Debit Card,male,3,2,Grocery,5,Single,3,0,0.0,2,2,13,301.00,1.00,"2026-06-08 15:34:49"
53827,1,1,"1. Junior User (1-6 Months)",Mobile Phone,1,31,Credit Card,male,3,4,Mobile Phone,4,Married,3,1,18.00,1,2,1,149.00,0.50,"2026-06-08 15:34:49"
53828,0,1,"1. Junior User (1-6 Months)",Computer,1,33,UPI,female,3,5,Mobile Phone,3,Married,3,1,15.00,1,2,4,153.00,0.50,"2026-06-08 15:34:49"
53829,0,24,"3. Core Loyal (>1 Year)",Computer,1,27,Credit Card,male,3,4,Grocery,3,Married,4,1,16.00,4,0,14,237.00,0.00,"2026-06-08 15:34:49"
53830,0,6,"1. Junior User (1-6 Months)",Mobile Phone,1,12,UPI,female,3,2,Mobile Phone,1,Married,5,0,18.00,2,2,3,158.00,1.00,"2026-06-08 15:34:49"
53831,0,18,"3. Core Loyal (>1 Year)",Mobile Phone,1,14,Credit Card,female,3,4,Others,1,Married,2,1,0.0,2,2,11,315.00,1.00,"2026-06-08 15:34:49"
53832,0,4,"1. Junior User (1-6 Months)",Mobile Phone,1,14,Credit Card,male,3,5,Mobile Phone,4,Married,3,0,13.00,1,2,2,146.00,0.50,"2026-06-08 15:34:49"
53833,0,19,"3. Core Loyal (>1 Year)",Mobile Phone,1,12,Credit Card,female,3,6,Laptop & Accessory,5,Single,3,1,15.00,2,2,5,183.00,1.00,"2026-06-08 15:34:49"
53834,0,19,"3. Core Loyal (>1 Year)",Computer,3,33,E wallet,male,3,5,Laptop & Accessory,5,Married,3,0,16.00,1,5,6,169.00,0.20,"2026-06-08 15:34:49"
53835,0,5,"1. Junior User (1-6 Months)",Computer,3,9,UPI,male,3,4,Laptop & Accessory,5,Single,9,0,14.00,1,2,4,178.00,0.50,"2026-06-08 15:34:49"
53836,0,10,"2. Mid-Loyal (7-12 Months)",Mobile Phone,1,19,Debit Card,female,4,4,Laptop & Accessory,3,Married,11,1,13.00,1,2,2,172.00,0.50,"2026-06-08 15:34:49"
53837,0,8,"2. Mid-Loyal (7-12 Months)",Computer,1,17,Debit Card,male,3,2,Laptop & Accessory,1,Married,3,0,14.00,6,8,3,172.00,0.75,"2026-06-08 15:34:49"
53838,0,23,"3. Core Loyal (>1 Year)",Mobile Phone,1,32,Debit Card,female,3,4,Mobile Phone,5,Married,3,0,15.00,1,2,5,157.00,0.50,"2026-06-08 15:34:49"
53839,0,13,"3. Core Loyal (>1 Year)",Mobile Phone,1,17,Credit Card,male,4,4,Laptop & Accessory,5,Married,4,0,14.00,5,8,8,179.00,0.63,"2026-06-08 15:34:49"
53840,0,1,"1. Junior User (1-6 Months)",Mobile Phone,1,26,UPI,male,4,5,Mobile Phone,5,Married,3,0,12.00,1,2,8,166.00,0.50,"2026-06-08 15:34:49"
53841,0,9,"2. Mid-Loyal (7-12 Months)",Mobile Phone,1,25,Debit Card,male,3,2,Laptop & Accessory,5,Married,3,0,12.00,1,2,11,177.00,0.50,"2026-06-08 15:34:49"
53842,0,2,"1. Junior User (1-6 Months)",Mobile Phone,1,34,Credit Card,female,3,6,Laptop & Accessory,5,Married,2,0,22.00,2,2,1,25.00,1.00,"2026-06-08 15:34:49"
53843,0,1,"1. Junior User (1-6 Months)",Mobile Phone,1,12,Credit Card,male,4,4,Mobile Phone,1,Single,3,0,19.00,2,3,3,156.00,0.67,"2026-06-08 15:34:49"
53844,1,1,"1. Junior User (1-6 Months)",Computer,3,10,Credit Card,female,4,4,Mobile Phone,1,Single,3,1,13.00,1,2,1,141.00,0.50,"2026-06-08 15:34:49"
53845,0,21,"3. Core Loyal (>1 Year)",Mobile Phone,2,33,Debit Card,female,4,4,Others,3,Married,5,0,0.0,2,2,1,322.00,1.00,"2026-06-08 15:34:49"
53846,0,13,"3. Core Loyal (>1 Year)",Mobile Phone,1,10,Credit Card,male,4,5,Laptop & Accessory,3,Married,2,0,16.00,1,2,8,156.00,0.50,"2026-06-08 15:34:49"
53847,0,14,"3. Core Loyal (>1 Year)",Mobile Phone,1,22,Debit Card,female,4,5,Fashion,3,Married,3,0,14.00,2,15,-1,229.00,0.13,"2026-06-08 15:34:49"
53848,0,9,"2. Mid-Loyal (7-12 Months)",Computer,1,15,Debit Card,female,3,4,Laptop & Accessory,3,Married,3,0,13.00,3,3,10,166.00,1.00,"2026-06-08 15:34:49"
53849,0,11,"2. Mid-Loyal (7-12 Months)",Mobile Phone,1,26,Debit Card,male,3,4,Laptop & Accessory,3,Married,5,0,18.00,1,2,3,183.00,0.50,"2026-06-08 15:34:49"
53850,0,13,"3. Core Loyal (>1 Year)",Computer,1,11,Credit Card,female,3,4,Laptop & Accessory,3,Single,2,0,14.00,4,4,9,175.00,1.00,"2026-06-08 15:34:49"
53851,0,19,"3. Core Loyal (>1 Year)",Mobile Phone,1,9,UPI,female,3,5,Laptop & Accessory,1,Married,3,0,20.00,3,4,10,183.00,0.75,"2026-06-08 15:34:49"
53852,0,12,"2. Mid-Loyal (7-12 Months)",Mobile Phone,1,9,Credit Card,female,3,5,Fashion,3,Married,5,1,20.00,2,2,3,203.00,1.00,"2026-06-08 15:34:49"
53853,1,1,"1. Junior User (1-6 Months)",Mobile Phone,3,17,Credit Card,male,3,5,Fashion,5,Married,11,0,18.00,5,7,-1,228.00,0.71,"2026-06-08 15:34:49"
53854,0,11,"2. Mid-Loyal (7-12 Months)",Mobile Phone,1,17,Credit Card,female,4,4,Mobile Phone,4,Married,3,0,12.00,2,8,8,164.00,0.25,"2026-06-08 15:34:49"
53855,0,14,"3. Core Loyal (>1 Year)",Mobile Phone,1,23,Debit Card,female,3,4,Fashion,1,Single,8,1,16.00,2,4,4,204.00,0.50,"2026-06-08 15:34:49"
53856,0,18,"3. Core Loyal (>1 Year)",Computer,2,7,UPI,male,3,4,Laptop & Accessory,1,Married,6,1,12.00,2,2,3,182.00,1.00,"2026-06-08 15:34:49"
53857,0,22,"3. Core Loyal (>1 Year)",Computer,1,11,Credit Card,male,3,5,Grocery,1,Married,4,0,26.00,0,3,3,277.00,0.00,"2026-06-08 15:34:49"
53858,1,1,"1. Junior User (1-6 Months)",Mobile Phone,3,22,Credit Card,male,3,6,Laptop & Accessory,1,Married,8,1,15.00,2,3,3,179.00,0.67,"2026-06-08 15:34:49"
53859,0,1,"1. Junior User (1-6 Months)",Computer,1,9,Cash on Delivery,female,3,4,Mobile Phone,1,Single,3,1,14.00,2,2,4,163.00,1.00,"2026-06-08 15:34:49"
53860,0,1,"1. Junior User (1-6 Months)",Mobile Phone,1,15,Credit Card,female,3,2,Mobile Phone,3,Married,9,0,18.00,1,2,3,160.00,0.50,"2026-06-08 15:34:49"
53861,0,1,"1. Junior User (1-6 Months)",Computer,1,9,Credit Card,male,3,4,Mobile Phone,1,Single,4,0,14.00,1,2,3,151.00,0.50,"2026-06-08 15:34:49"
53862,1,4,"1. Junior User (1-6 Months)",Mobile Phone,1,14,Debit Card,male,4,4,Mobile Phone,5,Single,5,1,15.00,1,2,4,147.00,0.50,"2026-06-08 15:34:49"
53863,0,3,"1. Junior User (1-6 Months)",Mobile Phone,3,17,Credit Card,male,3,5,Laptop & Accessory,3,Single,11,0,12.00,2,2,5,184.00,1.00,"2026-06-08 15:34:49"
53864,0,10,"2. Mid-Loyal (7-12 Months)",Mobile Phone,1,12,Debit Card,female,3,4,Fashion,5,Married,6,0,13.00,2,2,3,205.00,1.00,"2026-06-08 15:34:49"
53865,0,1,"1. Junior User (1-6 Months)",Computer,1,9,Debit Card,male,4,2,Laptop & Accessory,3,Married,3,0,18.00,1,2,8,177.00,0.50,"2026-06-08 15:34:49"
53866,0,13,"3. Core Loyal (>1 Year)",Mobile Phone,1,19,Credit Card,male,4,4,Laptop & Accessory,4,Married,6,0,22.00,2,2,1,178.00,1.00,"2026-06-08 15:34:49"
53867,0,23,"3. Core Loyal (>1 Year)",Mobile Phone,1,29,UPI,female,4,4,Grocery,4,Married,5,0,17.00,0,2,3,289.00,0.00,"2026-06-08 15:34:49"
53868,0,24,"3. Core Loyal (>1 Year)",Mobile Phone,1,24,Debit Card,female,3,5,Fashion,5,Married,7,0,16.00,2,0,12,258.00,0.00,"2026-06-08 15:34:49"
53869,0,1,"1. Junior User (1-6 Months)",Mobile Phone,3,9,Credit Card,female,3,4,Mobile Phone,3,Single,3,0,20.00,1,3,3,153.00,0.33,"2026-06-08 15:34:49"
53870,0,8,"2. Mid-Loyal (7-12 Months)",Mobile Phone,1,10,Debit Card,female,4,4,Laptop & Accessory,4,Married,3,0,13.00,8,8,10,179.00,1.00,"2026-06-08 15:34:49"
53871,0,10,"2. Mid-Loyal (7-12 Months)",Mobile Phone,1,14,Debit Card,male,4,4,Mobile Phone,4,Single,4,0,12.00,1,2,4,145.00,0.50,"2026-06-08 15:34:49"
53872,0,23,"3. Core Loyal (>1 Year)",Mobile Phone,1,13,Debit Card,female,3,5,Grocery,3,Married,4,1,20.00,0,3,13,265.00,0.00,"2026-06-08 15:34:49"
53873,0,10,"2. Mid-Loyal (7-12 Months)",Computer,1,7,Credit Card,female,3,5,Laptop & Accessory,3,Married,2,0,16.00,2,2,3,169.00,1.00,"2026-06-08 15:34:49"
53874,0,10,"2. Mid-Loyal (7-12 Months)",Mobile Phone,1,10,Debit Card,male,4,2,Laptop & Accessory,5,Married,8,0,21.00,2,2,5,193.00,1.00,"2026-06-08 15:34:49"
53875,0,28,"3. Core Loyal (>1 Year)",Mobile Phone,1,29,Credit Card,female,4,4,Grocery,3,Married,5,0,0.0,3,5,8,299.00,0.60,"2026-06-08 15:34:49"
53876,0,17,"3. Core Loyal (>1 Year)",Mobile Phone,1,22,Debit Card,male,4,5,Grocery,3,Married,3,0,0.0,5,7,12,301.00,0.71,"2026-06-08 15:34:49"
53877,1,1,"1. Junior User (1-6 Months)",Computer,3,19,UPI,male,3,4,Laptop & Accessory,1,Single,5,1,25.00,4,7,8,171.00,0.57,"2026-06-08 15:34:49"
53878,0,12,"2. Mid-Loyal (7-12 Months)",Computer,1,7,Debit Card,male,3,4,Laptop & Accessory,1,Married,9,0,16.00,3,3,10,172.00,1.00,"2026-06-08 15:34:49"
53879,0,3,"1. Junior User (1-6 Months)",Mobile Phone,3,12,Credit Card,male,3,5,Laptop & Accessory,4,Married,3,1,14.00,1,2,10,167.00,0.50,"2026-06-08 15:34:49"
53880,0,7,"2. Mid-Loyal (7-12 Months)",Mobile Phone,3,9,Credit Card,male,4,4,Laptop & Accessory,1,Married,3,0,15.00,2,2,5,180.00,1.00,"2026-06-08 15:34:49"
53881,0,6,"1. Junior User (1-6 Months)",Mobile Phone,1,9,Credit Card,male,3,4,Laptop & Accessory,4,Married,2,0,14.00,1,2,7,180.00,0.50,"2026-06-08 15:34:49"
53882,0,5,"1. Junior User (1-6 Months)",Mobile Phone,3,12,Debit Card,female,4,4,Laptop & Accessory,1,Married,3,0,12.00,1,2,3,180.00,0.50,"2026-06-08 15:34:49"
53883,0,23,"3. Core Loyal (>1 Year)",Mobile Phone,1,23,Credit Card,female,4,4,Mobile Phone,5,Married,6,1,17.00,2,3,3,151.00,0.67,"2026-06-08 15:34:49"
53884,0,12,"2. Mid-Loyal (7-12 Months)",Computer,1,9,Credit Card,female,3,5,Mobile Phone,4,Single,3,0,23.00,2,4,4,149.00,0.50,"2026-06-08 15:34:49"
53885,0,21,"3. Core Loyal (>1 Year)",Mobile Phone,3,9,Debit Card,female,3,2,Grocery,4,Married,8,0,15.00,0,2,3,285.00,0.00,"2026-06-08 15:34:49"
53886,0,23,"3. Core Loyal (>1 Year)",Mobile Phone,1,7,Debit Card,male,3,4,Grocery,3,Single,6,0,15.00,0,2,1,279.00,0.00,"2026-06-08 15:34:49"
53887,0,15,"3. Core Loyal (>1 Year)",Mobile Phone,3,30,Debit Card,male,4,4,Fashion,3,Single,5,1,17.00,1,2,3,196.00,0.50,"2026-06-08 15:34:49"
53888,0,1,"1. Junior User (1-6 Months)",Mobile Phone,3,16,Debit Card,male,3,4,Mobile Phone,5,Single,3,0,12.00,1,2,3,152.00,0.50,"2026-06-08 15:34:49"
53889,0,7,"2. Mid-Loyal (7-12 Months)",Computer,3,23,Debit Card,female,3,4,Laptop & Accessory,1,Married,3,1,26.00,1,2,3,179.00,0.50,"2026-06-08 15:34:49"
53890,0,10,"2. Mid-Loyal (7-12 Months)",Mobile Phone,1,33,Debit Card,male,4,4,Laptop & Accessory,3,Married,8,0,15.00,2,2,3,178.00,1.00,"2026-06-08 15:34:49"
53891,0,18,"3. Core Loyal (>1 Year)",Mobile Phone,2,7,Debit Card,female,3,4,Mobile Phone,1,Married,6,1,19.00,3,3,3,157.00,1.00,"2026-06-08 15:34:49"
53892,1,1,"1. Junior User (1-6 Months)",Mobile Phone,1,15,Credit Card,male,4,5,Mobile Phone,3,Single,3,1,12.00,2,2,3,165.00,1.00,"2026-06-08 15:34:49"
53893,0,12,"2. Mid-Loyal (7-12 Months)",Mobile Phone,1,11,Credit Card,female,3,4,Mobile Phone,3,Married,9,0,20.00,1,2,1,158.00,0.50,"2026-06-08 15:34:49"
53894,0,27,"3. Core Loyal (>1 Year)",Mobile Phone,1,31,Credit Card,male,3,2,Fashion,1,Married,5,0,16.00,1,2,3,195.00,0.50,"2026-06-08 15:34:49"
53895,1,12,"2. Mid-Loyal (7-12 Months)",Computer,3,14,Credit Card,female,4,4,Mobile Phone,3,Married,4,1,12.00,5,8,8,152.00,0.63,"2026-06-08 15:34:49"
53896,1,1,"1. Junior User (1-6 Months)",Mobile Phone,1,9,Debit Card,male,4,4,Mobile Phone,4,Single,3,0,13.00,2,2,1,139.00,1.00,"2026-06-08 15:34:49"
53897,0,1,"1. Junior User (1-6 Months)",Computer,1,14,Credit Card,male,4,4,Mobile Phone,1,Single,3,0,21.00,6,6,8,151.00,1.00,"2026-06-08 15:34:49"
53898,0,29,"3. Core Loyal (>1 Year)",Mobile Phone,1,29,Cash on Delivery,male,4,5,Mobile Phone,4,Married,7,0,13.00,2,2,3,160.00,1.00,"2026-06-08 15:34:49"
53899,0,8,"2. Mid-Loyal (7-12 Months)",Mobile Phone,1,12,Credit Card,male,3,5,Laptop & Accessory,1,Married,3,0,15.00,5,5,14,165.00,1.00,"2026-06-08 15:34:49"
53900,0,31,"3. Core Loyal (>1 Year)",Mobile Phone,1,7,Credit Card,male,4,6,Fashion,1,Married,5,0,21.00,1,0,1,234.00,0.00,"2026-06-08 15:34:49"
53901,0,7,"2. Mid-Loyal (7-12 Months)",Mobile Phone,1,28,Credit Card,male,4,2,Mobile Phone,4,Married,3,0,19.00,3,3,14,145.00,1.00,"2026-06-08 15:34:49"
53902,0,11,"2. Mid-Loyal (7-12 Months)",Computer,3,7,Credit Card,male,3,6,Laptop & Accessory,1,Married,3,0,15.00,1,2,-1,220.00,0.50,"2026-06-08 15:34:49"
53903,0,8,"2. Mid-Loyal (7-12 Months)",Mobile Phone,1,26,Debit Card,female,3,5,Mobile Phone,1,Married,3,0,13.00,4,9,8,154.00,0.44,"2026-06-08 15:34:49"
53904,1,1,"1. Junior User (1-6 Months)",Mobile Phone,3,14,Debit Card,male,3,4,Mobile Phone,1,Married,3,1,22.00,2,2,3,148.00,1.00,"2026-06-08 15:34:49"
53905,0,18,"3. Core Loyal (>1 Year)",Mobile Phone,1,9,Debit Card,female,4,2,Fashion,1,Married,3,1,20.00,7,7,8,204.00,1.00,"2026-06-08 15:34:49"
53906,0,9,"2. Mid-Loyal (7-12 Months)",Computer,1,9,Credit Card,male,4,5,Mobile Phone,1,Single,2,1,15.00,2,2,5,174.00,1.00,"2026-06-08 15:34:49"
53907,0,17,"3. Core Loyal (>1 Year)",Mobile Phone,3,9,Credit Card,male,4,4,Laptop & Accessory,1,Married,3,1,18.00,1,9,9,203.00,0.11,"2026-06-08 15:34:49"
53908,0,1,"1. Junior User (1-6 Months)",Mobile Phone,1,16,Credit Card,male,4,2,Mobile Phone,3,Married,3,0,17.00,1,2,5,169.00,0.50,"2026-06-08 15:34:49"
53909,0,15,"3. Core Loyal (>1 Year)",Mobile Phone,3,13,E wallet,male,3,4,Fashion,3,Single,3,0,13.00,7,9,-1,217.00,0.78,"2026-06-08 15:34:49"
53910,0,3,"1. Junior User (1-6 Months)",Mobile Phone,1,16,Credit Card,female,3,4,Mobile Phone,3,Married,11,0,18.00,2,2,3,155.00,1.00,"2026-06-08 15:34:49"
53911,0,10,"2. Mid-Loyal (7-12 Months)",Mobile Phone,3,9,Debit Card,female,3,4,Laptop & Accessory,1,Single,5,0,16.00,4,7,8,170.00,0.57,"2026-06-08 15:34:49"
53912,0,19,"3. Core Loyal (>1 Year)",Computer,1,7,Debit Card,male,4,5,Fashion,3,Married,5,0,24.00,4,0,5,232.00,0.00,"2026-06-08 15:34:49"
53913,1,1,"1. Junior User (1-6 Months)",Mobile Phone,2,29,UPI,male,3,6,Mobile Phone,3,Married,3,0,12.00,1,2,1,141.00,0.50,"2026-06-08 15:34:49"
53914,1,11,"2. Mid-Loyal (7-12 Months)",Computer,3,16,Debit Card,male,3,6,Grocery,3,Married,9,0,12.00,2,0,11,254.00,0.00,"2026-06-08 15:34:49"
53915,0,1,"1. Junior User (1-6 Months)",Mobile Phone,1,24,Credit Card,male,4,6,Mobile Phone,3,Married,3,0,16.00,1,2,3,148.00,0.50,"2026-06-08 15:34:49"
53916,0,19,"3. Core Loyal (>1 Year)",Mobile Phone,1,35,Cash on Delivery,female,3,5,Grocery,4,Single,3,0,0.0,4,9,7,292.00,0.44,"2026-06-08 15:34:49"
53917,0,6,"1. Junior User (1-6 Months)",Computer,1,17,Debit Card,male,3,4,Mobile Phone,3,Married,8,0,14.00,1,2,4,159.00,0.50,"2026-06-08 15:34:49"
53918,0,5,"1. Junior User (1-6 Months)",Mobile Phone,1,9,Debit Card,male,4,4,Mobile Phone,3,Married,3,0,15.00,1,2,4,160.00,0.50,"2026-06-08 15:34:49"
53919,0,15,"3. Core Loyal (>1 Year)",Computer,2,11,UPI,male,3,6,Laptop & Accessory,4,Married,8,0,20.00,1,2,3,189.00,0.50,"2026-06-08 15:34:49"
53920,0,14,"3. Core Loyal (>1 Year)",Mobile Phone,1,15,Debit Card,female,4,4,Laptop & Accessory,5,Married,4,1,17.00,1,2,1,190.00,0.50,"2026-06-08 15:34:49"
53921,0,1,"1. Junior User (1-6 Months)",Mobile Phone,1,36,Credit Card,male,4,4,Mobile Phone,5,Married,3,0,14.00,2,2,3,164.00,1.00,"2026-06-08 15:34:49"
53922,0,20,"3. Core Loyal (>1 Year)",Mobile Phone,1,20,Debit Card,male,3,4,Laptop & Accessory,4,Single,8,0,15.00,2,2,10,181.00,1.00,"2026-06-08 15:34:49"
53923,0,9,"2. Mid-Loyal (7-12 Months)",Mobile Phone,1,34,Debit Card,male,3,4,Laptop & Accessory,3,Married,4,0,17.00,1,2,8,194.00,0.50,"2026-06-08 15:34:49"
53924,0,4,"1. Junior User (1-6 Months)",Mobile Phone,1,23,Debit Card,male,3,4,Mobile Phone,1,Married,3,0,13.00,1,2,9,154.00,0.50,"2026-06-08 15:34:49"
53925,0,21,"3. Core Loyal (>1 Year)",Computer,3,9,E wallet,male,3,4,Laptop & Accessory,4,Married,9,0,12.00,1,2,1,175.00,0.50,"2026-06-08 15:34:49"
53926,0,20,"3. Core Loyal (>1 Year)",Mobile Phone,3,9,Debit Card,male,4,4,Fashion,1,Married,6,1,13.00,1,2,-1,229.00,0.50,"2026-06-08 15:34:49"
53927,1,1,"1. Junior User (1-6 Months)",Mobile Phone,3,20,E wallet,male,4,5,Laptop & Accessory,5,Married,7,1,14.00,3,3,3,186.00,1.00,"2026-06-08 15:34:49"
53928,1,1,"1. Junior User (1-6 Months)",Mobile Phone,3,7,Debit Card,male,3,6,Laptop & Accessory,4,Single,8,0,16.00,1,2,1,192.00,0.50,"2026-06-08 15:34:49"
53929,0,1,"1. Junior User (1-6 Months)",Mobile Phone,1,11,Credit Card,female,3,4,Mobile Phone,4,Single,3,0,14.00,2,2,3,158.00,1.00,"2026-06-08 15:34:49"
53930,0,5,"1. Junior User (1-6 Months)",Computer,1,31,Cash on Delivery,female,2,4,Laptop & Accessory,1,Single,4,0,21.00,2,2,5,177.00,1.00,"2026-06-08 15:34:49"
53931,0,13,"3. Core Loyal (>1 Year)",Computer,1,7,Debit Card,male,4,4,Laptop & Accessory,1,Married,3,1,16.00,4,6,9,190.00,0.67,"2026-06-08 15:34:49"
53932,0,6,"1. Junior User (1-6 Months)",Mobile Phone,3,26,Debit Card,male,4,6,Fashion,3,Married,5,0,14.00,2,2,-1,221.00,1.00,"2026-06-08 15:34:49"
53933,0,14,"3. Core Loyal (>1 Year)",Mobile Phone,3,14,Credit Card,male,3,4,Others,4,Single,3,0,0.0,2,13,9,323.00,0.15,"2026-06-08 15:34:49"
53934,0,19,"3. Core Loyal (>1 Year)",Mobile Phone,2,11,Debit Card,female,3,6,Fashion,3,Married,6,0,22.00,2,2,-1,223.00,1.00,"2026-06-08 15:34:49"
53935,0,4,"1. Junior User (1-6 Months)",Computer,1,9,Cash on Delivery,female,4,5,Mobile Phone,5,Single,2,0,17.00,1,2,8,175.00,0.50,"2026-06-08 15:34:49"
53936,0,1,"1. Junior User (1-6 Months)",Computer,2,17,Credit Card,male,3,4,Mobile Phone,1,Married,2,0,15.00,2,3,2,146.00,0.67,"2026-06-08 15:34:49"
53937,1,1,"1. Junior User (1-6 Months)",Computer,2,15,UPI,female,4,5,Mobile Phone,1,Married,8,0,12.00,2,2,3,147.00,1.00,"2026-06-08 15:34:49"
53938,0,5,"1. Junior User (1-6 Months)",Mobile Phone,3,12,Cash on Delivery,male,3,4,Laptop & Accessory,3,Married,3,0,20.00,1,2,3,208.00,0.50,"2026-06-08 15:34:49"
53939,0,1,"1. Junior User (1-6 Months)",Mobile Phone,1,15,Credit Card,female,4,4,Mobile Phone,1,Single,3,0,12.00,2,2,5,159.00,1.00,"2026-06-08 15:34:49"
53940,1,1,"1. Junior User (1-6 Months)",Mobile Phone,3,16,E wallet,female,3,6,Mobile Phone,4,Single,3,0,14.00,2,3,3,153.00,0.67,"2026-06-08 15:34:49"
53941,0,3,"1. Junior User (1-6 Months)",Computer,1,7,Debit Card,male,4,2,Laptop & Accessory,3,Single,10,1,13.00,1,2,3,188.00,0.50,"2026-06-08 15:34:49"
53942,0,4,"1. Junior User (1-6 Months)",Mobile Phone,3,22,E wallet,male,4,5,Fashion,5,Married,4,0,12.00,1,2,8,196.00,0.50,"2026-06-08 15:34:49"
53943,0,8,"2. Mid-Loyal (7-12 Months)",Mobile Phone,1,9,Credit Card,male,4,2,Mobile Phone,1,Married,2,1,15.00,1,2,3,154.00,0.50,"2026-06-08 15:34:49"
53944,0,7,"2. Mid-Loyal (7-12 Months)",Computer,3,9,E wallet,female,4,4,Laptop & Accessory,4,Single,10,0,16.00,1,2,8,176.00,0.50,"2026-06-08 15:34:49"
53945,0,23,"3. Core Loyal (>1 Year)",Mobile Phone,3,18,E wallet,female,4,4,Laptop & Accessory,1,Single,5,0,13.00,1,2,5,170.00,0.50,"2026-06-08 15:34:49"
53946,1,1,"1. Junior User (1-6 Months)",Mobile Phone,3,23,Debit Card,female,4,4,Fashion,5,Single,4,1,21.00,1,2,-1,211.00,0.50,"2026-06-08 15:34:49"
53947,0,12,"2. Mid-Loyal (7-12 Months)",Computer,1,9,Credit Card,female,4,5,Mobile Phone,4,Married,6,0,15.00,1,2,6,150.00,0.50,"2026-06-08 15:34:49"
53948,1,1,"1. Junior User (1-6 Months)",Mobile Phone,3,23,E wallet,male,4,4,Fashion,3,Married,4,0,14.00,2,2,1,207.00,1.00,"2026-06-08 15:34:49"
53949,0,3,"1. Junior User (1-6 Months)",Mobile Phone,1,11,Cash on Delivery,female,4,5,Mobile Phone,5,Married,3,0,14.00,1,2,1,146.00,0.50,"2026-06-08 15:34:49"
53950,0,1,"1. Junior User (1-6 Months)",Mobile Phone,1,23,Debit Card,male,3,2,Laptop & Accessory,3,Married,5,0,17.00,2,2,8,178.00,1.00,"2026-06-08 15:34:49"
53951,0,6,"1. Junior User (1-6 Months)",Computer,1,12,Cash on Delivery,male,4,4,Mobile Phone,4,Single,4,0,15.00,2,2,8,152.00,1.00,"2026-06-08 15:34:49"
53952,0,12,"2. Mid-Loyal (7-12 Months)",Mobile Phone,1,25,Credit Card,male,3,6,Laptop & Accessory,1,Married,5,1,17.00,1,2,1,183.00,0.50,"2026-06-08 15:34:49"
53953,1,7,"2. Mid-Loyal (7-12 Months)",Computer,1,24,Cash on Delivery,male,3,5,Mobile Phone,3,Married,11,1,17.00,2,2,1,149.00,1.00,"2026-06-08 15:34:49"
53954,0,16,"3. Core Loyal (>1 Year)",Mobile Phone,1,19,Credit Card,male,3,4,Mobile Phone,4,Married,10,0,23.00,2,2,5,153.00,1.00,"2026-06-08 15:34:49"
53955,0,29,"3. Core Loyal (>1 Year)",Mobile Phone,1,9,Credit Card,male,3,5,Others,5,Married,10,0,0.0,1,2,1,315.00,0.50,"2026-06-08 15:34:49"
53956,0,7,"2. Mid-Loyal (7-12 Months)",Computer,1,11,Cash on Delivery,male,3,4,Laptop & Accessory,4,Married,7,0,16.00,1,2,8,156.00,0.50,"2026-06-08 15:34:49"
53957,0,15,"3. Core Loyal (>1 Year)",Mobile Phone,1,16,Debit Card,male,4,4,Mobile Phone,5,Married,3,0,21.00,2,2,5,148.00,1.00,"2026-06-08 15:34:49"
53958,0,8,"2. Mid-Loyal (7-12 Months)",Computer,3,17,Debit Card,male,3,4,Laptop & Accessory,3,Married,3,1,15.00,2,2,8,165.00,1.00,"2026-06-08 15:34:49"
53959,0,27,"3. Core Loyal (>1 Year)",Computer,1,7,Credit Card,female,3,5,Grocery,3,Married,6,1,21.00,1,0,3,255.00,0.00,"2026-06-08 15:34:49"
53960,0,17,"3. Core Loyal (>1 Year)",Mobile Phone,2,9,Debit Card,male,4,4,Mobile Phone,1,Single,2,0,14.00,1,2,9,160.00,0.50,"2026-06-08 15:34:49"
53961,0,8,"2. Mid-Loyal (7-12 Months)",Mobile Phone,3,10,Debit Card,female,3,6,Laptop & Accessory,1,Single,7,0,13.00,2,3,3,185.00,0.67,"2026-06-08 15:34:49"
53962,1,1,"1. Junior User (1-6 Months)",Mobile Phone,3,14,E wallet,male,3,4,Mobile Phone,4,Single,3,0,14.00,2,2,1,152.00,1.00,"2026-06-08 15:34:49"
53963,0,12,"2. Mid-Loyal (7-12 Months)",Mobile Phone,1,13,UPI,female,3,5,Mobile Phone,3,Married,3,0,12.00,1,2,5,162.00,0.50,"2026-06-08 15:34:49"
53964,1,1,"1. Junior User (1-6 Months)",Mobile Phone,1,15,Credit Card,female,4,4,Mobile Phone,5,Married,3,1,18.00,1,2,1,149.00,0.50,"2026-06-08 15:34:49"
53965,0,5,"1. Junior User (1-6 Months)",Mobile Phone,3,36,E wallet,female,4,5,Laptop & Accessory,1,Married,3,0,15.00,3,6,8,180.00,0.50,"2026-06-08 15:34:49"
53966,0,25,"3. Core Loyal (>1 Year)",Mobile Phone,1,10,Cash on Delivery,female,3,4,Fashion,3,Married,4,0,12.00,3,0,3,256.00,0.00,"2026-06-08 15:34:49"
53967,0,11,"2. Mid-Loyal (7-12 Months)",Mobile Phone,3,16,E wallet,male,3,5,Laptop & Accessory,4,Married,3,0,15.00,1,2,4,167.00,0.50,"2026-06-08 15:34:49"
53968,0,20,"3. Core Loyal (>1 Year)",Mobile Phone,1,9,Credit Card,male,3,4,Others,1,Married,9,1,0.0,2,3,3,318.00,0.67,"2026-06-08 15:34:49"
53969,0,10,"2. Mid-Loyal (7-12 Months)",Mobile Phone,1,17,Debit Card,male,3,4,Fashion,5,Married,9,1,14.00,2,6,8,208.00,0.33,"2026-06-08 15:34:49"
53970,1,8,"2. Mid-Loyal (7-12 Months)",Computer,1,7,Credit Card,male,3,4,Mobile Phone,4,Married,3,1,13.00,2,3,4,148.00,0.67,"2026-06-08 15:34:49"
53971,0,11,"2. Mid-Loyal (7-12 Months)",Mobile Phone,2,15,UPI,male,3,4,Laptop & Accessory,4,Married,4,0,14.00,5,5,8,166.00,1.00,"2026-06-08 15:34:49"
53972,1,1,"1. Junior User (1-6 Months)",Mobile Phone,3,34,Debit Card,male,3,4,Laptop & Accessory,1,Single,3,1,19.00,1,8,8,183.00,0.13,"2026-06-08 15:34:49"
53973,0,7,"2. Mid-Loyal (7-12 Months)",Mobile Phone,1,15,Debit Card,male,3,2,Mobile Phone,5,Married,8,0,20.00,7,8,7,156.00,0.88,"2026-06-08 15:34:49"
53974,0,2,"1. Junior User (1-6 Months)",Mobile Phone,1,7,Debit Card,male,3,4,Mobile Phone,1,Married,3,0,12.00,1,2,4,145.00,0.50,"2026-06-08 15:34:49"
53975,0,13,"3. Core Loyal (>1 Year)",Mobile Phone,1,17,Credit Card,male,4,4,Fashion,3,Single,9,0,22.00,3,0,3,260.00,0.00,"2026-06-08 15:34:49"
53976,0,20,"3. Core Loyal (>1 Year)",Computer,3,33,Debit Card,male,4,5,Laptop & Accessory,4,Single,10,0,16.00,3,3,3,205.00,1.00,"2026-06-08 15:34:49"
53977,0,14,"3. Core Loyal (>1 Year)",Mobile Phone,1,9,Debit Card,female,3,4,Mobile Phone,5,Married,6,0,18.00,2,2,3,159.00,1.00,"2026-06-08 15:34:49"
53978,0,16,"3. Core Loyal (>1 Year)",Mobile Phone,1,20,Credit Card,male,4,2,Laptop & Accessory,5,Married,7,0,19.00,2,2,1,180.00,1.00,"2026-06-08 15:34:49"
53979,0,9,"2. Mid-Loyal (7-12 Months)",Computer,1,9,Credit Card,male,3,4,Laptop & Accessory,1,Married,4,0,15.00,1,2,8,183.00,0.50,"2026-06-08 15:34:49"
53980,0,12,"2. Mid-Loyal (7-12 Months)",Computer,2,9,UPI,male,4,4,Mobile Phone,4,Married,7,0,14.00,4,4,9,151.00,1.00,"2026-06-08 15:34:49"
53981,1,1,"1. Junior User (1-6 Months)",Computer,1,16,Debit Card,male,4,4,Laptop & Accessory,5,Married,6,0,18.00,1,2,8,178.00,0.50,"2026-06-08 15:34:49"
53982,1,1,"1. Junior User (1-6 Months)",Mobile Phone,1,17,Credit Card,male,3,4,Laptop & Accessory,5,Single,3,0,16.00,1,2,9,167.00,0.50,"2026-06-08 15:34:49"
53983,0,13,"3. Core Loyal (>1 Year)",Computer,3,27,Debit Card,male,3,4,Laptop & Accessory,1,Married,4,0,19.00,2,3,3,166.00,0.67,"2026-06-08 15:34:49"
53984,0,17,"3. Core Loyal (>1 Year)",Computer,1,16,Debit Card,male,3,4,Mobile Phone,3,Single,6,0,14.00,1,2,3,149.00,0.50,"2026-06-08 15:34:49"
53985,0,15,"3. Core Loyal (>1 Year)",Mobile Phone,1,12,Debit Card,male,3,2,Laptop & Accessory,4,Single,5,0,13.00,2,2,3,194.00,1.00,"2026-06-08 15:34:49"
53986,0,15,"3. Core Loyal (>1 Year)",Mobile Phone,3,11,E wallet,female,3,4,Fashion,3,Married,2,1,14.00,1,14,-1,229.00,0.07,"2026-06-08 15:34:49"
53987,0,4,"1. Junior User (1-6 Months)",Mobile Phone,1,17,Credit Card,female,4,4,Fashion,3,Single,11,0,15.00,1,2,-1,222.00,0.50,"2026-06-08 15:34:49"
53988,1,1,"1. Junior User (1-6 Months)",Mobile Phone,2,27,Credit Card,female,4,4,Mobile Phone,4,Married,2,1,12.00,1,2,5,146.00,0.50,"2026-06-08 15:34:49"
53989,1,10,"2. Mid-Loyal (7-12 Months)",Mobile Phone,1,28,Credit Card,female,4,4,Laptop & Accessory,4,Married,6,0,23.00,2,4,-1,214.00,0.50,"2026-06-08 15:34:49"
53990,0,14,"3. Core Loyal (>1 Year)",Mobile Phone,1,7,Debit Card,female,3,4,Laptop & Accessory,1,Married,6,0,18.00,1,2,4,190.00,0.50,"2026-06-08 15:34:49"
53991,0,8,"2. Mid-Loyal (7-12 Months)",Mobile Phone,3,15,Cash on Delivery,male,4,2,Laptop & Accessory,3,Married,3,0,22.00,1,5,9,193.00,0.20,"2026-06-08 15:34:49"
53992,0,31,"3. Core Loyal (>1 Year)",Computer,3,9,Credit Card,male,3,4,Grocery,4,Married,6,0,23.00,11,15,15,25.00,0.73,"2026-06-08 15:34:49"
53993,0,9,"2. Mid-Loyal (7-12 Months)",Mobile Phone,1,30,Credit Card,male,4,6,Mobile Phone,3,Married,2,0,17.00,2,2,4,152.00,1.00,"2026-06-08 15:34:49"
53994,0,21,"3. Core Loyal (>1 Year)",Mobile Phone,1,11,Debit Card,female,4,5,Fashion,4,Married,10,1,13.00,3,15,-1,228.00,0.20,"2026-06-08 15:34:49"
53995,0,14,"3. Core Loyal (>1 Year)",Mobile Phone,1,19,Debit Card,female,3,4,Laptop & Accessory,5,Married,4,0,13.00,8,8,8,169.00,1.00,"2026-06-08 15:34:49"
53996,0,28,"3. Core Loyal (>1 Year)",Mobile Phone,1,14,Credit Card,female,4,4,Laptop & Accessory,1,Married,6,0,16.00,2,2,8,194.00,1.00,"2026-06-08 15:34:49"
53997,0,5,"1. Junior User (1-6 Months)",Computer,3,14,E wallet,female,4,4,Fashion,5,Married,4,0,15.00,3,3,-1,221.00,1.00,"2026-06-08 15:34:49"
53998,0,2,"1. Junior User (1-6 Months)",Mobile Phone,1,7,Credit Card,female,4,4,Mobile Phone,5,Married,3,0,26.00,2,2,3,161.00,1.00,"2026-06-08 15:34:49"
53999,0,12,"2. Mid-Loyal (7-12 Months)",Mobile Phone,3,9,E wallet,female,4,6,Laptop & Accessory,1,Married,4,1,21.00,1,2,4,179.00,0.50,"2026-06-08 15:34:49"
54000,0,1,"1. Junior User (1-6 Months)",Mobile Phone,3,17,Credit Card,male,3,4,Laptop & Accessory,1,Single,3,0,14.00,1,2,3,172.00,0.50,"2026-06-08 15:34:49"
54001,0,31,"3. Core Loyal (>1 Year)",Computer,1,22,Debit Card,male,3,4,Grocery,3,Married,4,1,15.00,0,3,3,283.00,0.00,"2026-06-08 15:34:49"
54002,0,1,"1. Junior User (1-6 Months)",Computer,1,21,Credit Card,female,3,4,Mobile Phone,3,Single,3,0,17.00,2,2,1,140.00,1.00,"2026-06-08 15:34:49"
54003,1,1,"1. Junior User (1-6 Months)",Mobile Phone,2,25,UPI,male,3,2,Mobile Phone,5,Married,2,0,18.00,2,2,1,155.00,1.00,"2026-06-08 15:34:49"
54004,1,1,"1. Junior User (1-6 Months)",Mobile Phone,2,20,UPI,male,3,5,Mobile Phone,5,Married,6,1,16.00,2,3,1,148.00,0.67,"2026-06-08 15:34:49"
54005,0,19,"3. Core Loyal (>1 Year)",Computer,3,9,Debit Card,female,4,4,Laptop & Accessory,3,Married,6,0,23.00,4,6,8,177.00,0.67,"2026-06-08 15:34:49"
54006,0,10,"2. Mid-Loyal (7-12 Months)",Mobile Phone,1,9,UPI,female,4,4,Laptop & Accessory,4,Married,6,1,23.00,1,2,1,195.00,0.50,"2026-06-08 15:34:49"
54007,0,17,"3. Core Loyal (>1 Year)",Computer,3,9,Debit Card,male,4,4,Laptop & Accessory,1,Married,3,0,21.00,6,8,8,182.00,0.75,"2026-06-08 15:34:49"
54008,0,1,"1. Junior User (1-6 Months)",Computer,1,12,Debit Card,female,3,4,Mobile Phone,1,Single,2,1,15.00,2,2,3,149.00,1.00,"2026-06-08 15:34:49"
54009,0,3,"1. Junior User (1-6 Months)",Computer,1,27,Credit Card,male,3,4,Mobile Phone,1,Married,3,0,14.00,2,4,11,163.00,0.50,"2026-06-08 15:34:49"
54010,0,6,"1. Junior User (1-6 Months)",Computer,3,17,E wallet,male,4,4,Laptop & Accessory,1,Single,10,0,14.00,2,2,1,171.00,1.00,"2026-06-08 15:34:49"
54011,0,16,"3. Core Loyal (>1 Year)",Computer,1,17,Cash on Delivery,male,3,4,Mobile Phone,3,Married,5,0,23.00,2,4,4,154.00,0.50,"2026-06-08 15:34:49"
54012,0,21,"3. Core Loyal (>1 Year)",Mobile Phone,1,16,Debit Card,female,4,4,Mobile Phone,3,Single,6,0,13.00,2,3,1,146.00,0.67,"2026-06-08 15:34:49"
54013,0,20,"3. Core Loyal (>1 Year)",Mobile Phone,1,9,Debit Card,male,3,4,Fashion,1,Married,5,0,15.00,2,5,-1,211.00,0.40,"2026-06-08 15:34:49"
54014,0,2,"1. Junior User (1-6 Months)",Computer,2,7,Debit Card,male,3,4,Mobile Phone,1,Married,3,0,16.00,1,3,3,152.00,0.33,"2026-06-08 15:34:49"
54015,0,3,"1. Junior User (1-6 Months)",Mobile Phone,1,36,Debit Card,male,4,6,Laptop & Accessory,3,Married,10,0,18.00,2,2,7,189.00,1.00,"2026-06-08 15:34:49"
54016,0,16,"3. Core Loyal (>1 Year)",Mobile Phone,1,15,Debit Card,male,3,4,Mobile Phone,3,Single,6,0,14.00,2,2,1,165.00,1.00,"2026-06-08 15:34:49"
54017,1,1,"1. Junior User (1-6 Months)",Mobile Phone,3,9,E wallet,male,3,5,Laptop & Accessory,4,Single,9,1,13.00,3,3,-1,224.00,1.00,"2026-06-08 15:34:49"
54018,0,20,"3. Core Loyal (>1 Year)",Mobile Phone,3,10,Cash on Delivery,female,3,2,Grocery,5,Married,4,0,13.00,2,0,9,257.00,0.00,"2026-06-08 15:34:49"
54019,0,1,"1. Junior User (1-6 Months)",Mobile Phone,3,30,Credit Card,female,3,5,Laptop & Accessory,3,Married,3,0,22.00,5,6,9,160.00,0.83,"2026-06-08 15:34:49"
54020,0,3,"1. Junior User (1-6 Months)",Mobile Phone,2,13,Credit Card,male,3,5,Mobile Phone,4,Married,3,0,12.00,2,2,1,153.00,1.00,"2026-06-08 15:34:49"
54021,0,17,"3. Core Loyal (>1 Year)",Mobile Phone,1,13,Credit Card,female,3,5,Others,3,Married,9,0,0.0,4,7,15,319.00,0.57,"2026-06-08 15:34:49"
54022,0,22,"3. Core Loyal (>1 Year)",Mobile Phone,1,17,Debit Card,male,4,5,Others,4,Married,6,0,0.0,4,13,10,322.00,0.31,"2026-06-08 15:34:49"
54023,1,1,"1. Junior User (1-6 Months)",Computer,1,31,Debit Card,male,4,5,Mobile Phone,1,Single,3,1,25.00,2,2,1,149.00,1.00,"2026-06-08 15:34:49"
54024,1,10,"2. Mid-Loyal (7-12 Months)",Mobile Phone,3,17,Debit Card,female,4,4,Fashion,4,Married,7,0,22.00,1,2,8,198.00,0.50,"2026-06-08 15:34:49"
54025,0,1,"1. Junior User (1-6 Months)",Computer,1,22,Debit Card,female,4,5,Mobile Phone,5,Married,2,0,20.00,8,8,4,173.00,1.00,"2026-06-08 15:34:49"
54026,0,13,"3. Core Loyal (>1 Year)",Mobile Phone,1,26,UPI,male,3,4,Laptop & Accessory,1,Married,10,0,15.00,2,3,3,164.00,0.67,"2026-06-08 15:34:49"
54027,0,29,"3. Core Loyal (>1 Year)",Mobile Phone,1,9,Cash on Delivery,male,4,5,Mobile Phone,1,Married,10,0,21.00,1,2,5,152.00,0.50,"2026-06-08 15:34:49"
54028,0,2,"1. Junior User (1-6 Months)",Mobile Phone,3,10,Credit Card,female,4,4,Mobile Phone,4,Married,3,0,20.00,2,2,1,154.00,1.00,"2026-06-08 15:34:49"
54029,1,1,"1. Junior User (1-6 Months)",Mobile Phone,3,16,Credit Card,male,3,4,Mobile Phone,1,Single,3,0,14.00,1,2,1,136.00,0.50,"2026-06-08 15:34:49"
54030,1,1,"1. Junior User (1-6 Months)",Mobile Phone,1,14,Debit Card,male,4,4,Mobile Phone,4,Single,3,1,24.00,2,2,1,150.00,1.00,"2026-06-08 15:34:49"
54031,0,10,"2. Mid-Loyal (7-12 Months)",Mobile Phone,3,17,Cash on Delivery,female,4,5,Laptop & Accessory,3,Married,3,1,14.00,2,2,8,182.00,1.00,"2026-06-08 15:34:49"
54032,0,5,"1. Junior User (1-6 Months)",Mobile Phone,1,27,Debit Card,male,3,4,Laptop & Accessory,3,Married,3,0,12.00,1,2,3,167.00,0.50,"2026-06-08 15:34:49"
54033,0,8,"2. Mid-Loyal (7-12 Months)",Mobile Phone,3,11,Debit Card,male,4,4,Fashion,1,Married,4,1,14.00,1,2,-1,222.00,0.50,"2026-06-08 15:34:49"
54034,0,3,"1. Junior User (1-6 Months)",Mobile Phone,1,14,Debit Card,male,3,4,Mobile Phone,5,Single,5,0,15.00,1,2,3,146.00,0.50,"2026-06-08 15:34:49"
54035,0,11,"2. Mid-Loyal (7-12 Months)",Mobile Phone,1,14,Credit Card,male,4,4,Laptop & Accessory,5,Married,7,1,23.00,1,2,5,168.00,0.50,"2026-06-08 15:34:49"
54036,0,9,"2. Mid-Loyal (7-12 Months)",Mobile Phone,1,23,UPI,female,3,5,Laptop & Accessory,4,Married,2,1,12.00,2,2,3,173.00,1.00,"2026-06-08 15:34:49"
54037,0,19,"3. Core Loyal (>1 Year)",Mobile Phone,1,32,Debit Card,female,4,5,Laptop & Accessory,1,Married,2,0,14.00,1,4,9,184.00,0.25,"2026-06-08 15:34:49"
54038,0,10,"2. Mid-Loyal (7-12 Months)",Computer,2,9,UPI,male,4,5,Laptop & Accessory,1,Single,3,0,22.00,2,2,9,164.00,1.00,"2026-06-08 15:34:49"
54039,0,14,"3. Core Loyal (>1 Year)",Mobile Phone,1,7,Debit Card,male,4,4,Grocery,5,Married,4,0,0.0,10,12,17,293.00,0.83,"2026-06-08 15:34:49"
54040,0,1,"1. Junior User (1-6 Months)",Mobile Phone,1,7,Debit Card,female,3,5,Mobile Phone,3,Married,3,1,14.00,1,2,1,154.00,0.50,"2026-06-08 15:34:49"
54041,0,1,"1. Junior User (1-6 Months)",Mobile Phone,3,9,Credit Card,female,3,2,Laptop & Accessory,3,Single,2,0,15.00,1,2,8,190.00,0.50,"2026-06-08 15:34:49"
54042,0,22,"3. Core Loyal (>1 Year)",Computer,1,29,Credit Card,female,3,4,Grocery,1,Married,5,0,0.0,1,5,8,297.00,0.20,"2026-06-08 15:34:49"
54043,0,18,"3. Core Loyal (>1 Year)",Mobile Phone,1,7,Debit Card,male,4,2,Laptop & Accessory,5,Married,4,0,16.00,3,3,3,175.00,1.00,"2026-06-08 15:34:49"
54044,1,1,"1. Junior User (1-6 Months)",Computer,1,23,Cash on Delivery,male,3,6,Mobile Phone,5,Married,3,1,24.00,4,4,1,148.00,1.00,"2026-06-08 15:34:49"
54045,1,20,"3. Core Loyal (>1 Year)",Mobile Phone,1,31,Debit Card,male,4,4,Mobile Phone,1,Single,3,0,17.00,1,2,1,151.00,0.50,"2026-06-08 15:34:49"
54046,0,10,"2. Mid-Loyal (7-12 Months)",Mobile Phone,3,24,E wallet,male,3,5,Laptop & Accessory,4,Married,4,0,17.00,2,2,4,180.00,1.00,"2026-06-08 15:34:49"
54047,0,15,"3. Core Loyal (>1 Year)",Mobile Phone,3,15,E wallet,female,3,4,Laptop & Accessory,4,Married,7,0,22.00,2,2,5,169.00,1.00,"2026-06-08 15:34:49"
54048,0,16,"3. Core Loyal (>1 Year)",Mobile Phone,1,13,Credit Card,male,3,4,Fashion,5,Married,11,0,14.00,4,0,8,258.00,0.00,"2026-06-08 15:34:49"
54049,0,5,"1. Junior User (1-6 Months)",Mobile Phone,3,17,Credit Card,female,3,4,Laptop & Accessory,1,Married,4,1,12.00,1,2,5,191.00,0.50,"2026-06-08 15:34:49"
54050,0,8,"2. Mid-Loyal (7-12 Months)",Mobile Phone,3,10,Credit Card,female,4,5,Laptop & Accessory,1,Married,5,1,13.00,1,2,2,206.00,0.50,"2026-06-08 15:34:49"
54051,0,5,"1. Junior User (1-6 Months)",Mobile Phone,1,11,Credit Card,female,4,2,Mobile Phone,3,Married,10,0,13.00,3,3,3,165.00,1.00,"2026-06-08 15:34:49"
54052,0,1,"1. Junior User (1-6 Months)",Computer,1,13,UPI,male,4,2,Mobile Phone,1,Married,2,0,19.00,3,8,8,150.00,0.38,"2026-06-08 15:34:49"
54053,0,19,"3. Core Loyal (>1 Year)",Computer,1,7,Credit Card,male,3,4,Laptop & Accessory,3,Single,6,0,13.00,2,2,4,179.00,1.00,"2026-06-08 15:34:49"
54054,0,7,"2. Mid-Loyal (7-12 Months)",Mobile Phone,3,17,E wallet,male,3,4,Laptop & Accessory,3,Single,3,0,15.00,1,2,10,180.00,0.50,"2026-06-08 15:34:49"
54055,0,2,"1. Junior User (1-6 Months)",Computer,3,7,Debit Card,male,3,5,Laptop & Accessory,1,Married,3,1,13.00,1,2,8,193.00,0.50,"2026-06-08 15:34:49"
54056,1,1,"1. Junior User (1-6 Months)",Computer,3,31,Cash on Delivery,male,3,2,Mobile Phone,5,Single,3,0,18.00,2,2,1,136.00,1.00,"2026-06-08 15:34:49"
54057,0,13,"3. Core Loyal (>1 Year)",Computer,3,28,Debit Card,female,3,6,Laptop & Accessory,3,Married,8,0,20.00,1,2,3,182.00,0.50,"2026-06-08 15:34:49"
54058,0,1,"1. Junior User (1-6 Months)",Mobile Phone,1,9,Cash on Delivery,male,3,4,Mobile Phone,4,Married,3,0,12.00,2,2,3,147.00,1.00,"2026-06-08 15:34:49"
54059,0,8,"2. Mid-Loyal (7-12 Months)",Computer,1,29,UPI,male,3,5,Laptop & Accessory,1,Married,3,1,16.00,4,7,12,182.00,0.57,"2026-06-08 15:34:49"
54060,1,1,"1. Junior User (1-6 Months)",Mobile Phone,3,20,E wallet,female,3,4,Laptop & Accessory,3,Single,5,1,12.00,3,3,-1,224.00,1.00,"2026-06-08 15:34:49"
54061,0,21,"3. Core Loyal (>1 Year)",Computer,1,21,Cash on Delivery,male,4,4,Laptop & Accessory,4,Married,10,0,19.00,1,2,8,180.00,0.50,"2026-06-08 15:34:49"
54062,0,30,"3. Core Loyal (>1 Year)",Mobile Phone,3,18,E wallet,female,3,5,Laptop & Accessory,5,Married,6,0,17.00,1,2,1,179.00,0.50,"2026-06-08 15:34:49"
54063,0,13,"3. Core Loyal (>1 Year)",Mobile Phone,1,16,Credit Card,male,3,4,Laptop & Accessory,5,Married,3,0,26.00,5,8,10,177.00,0.63,"2026-06-08 15:34:49"
54064,0,12,"2. Mid-Loyal (7-12 Months)",Computer,1,15,Credit Card,female,3,5,Laptop & Accessory,4,Married,3,1,17.00,2,2,8,146.00,1.00,"2026-06-08 15:34:49"
54065,0,31,"3. Core Loyal (>1 Year)",Mobile Phone,3,28,Debit Card,female,4,4,Grocery,1,Married,6,1,0.0,2,2,1,304.00,1.00,"2026-06-08 15:34:49"
54066,1,1,"1. Junior User (1-6 Months)",Computer,1,12,Debit Card,female,3,2,Mobile Phone,3,Single,5,1,15.00,1,2,4,149.00,0.50,"2026-06-08 15:34:49"
54067,0,12,"2. Mid-Loyal (7-12 Months)",Mobile Phone,1,16,Debit Card,male,4,4,Mobile Phone,1,Married,4,0,20.00,2,2,4,173.00,1.00,"2026-06-08 15:34:49"
54068,0,23,"3. Core Loyal (>1 Year)",Computer,1,9,Debit Card,male,3,4,Others,1,Married,5,0,0.0,3,5,4,317.00,0.60,"2026-06-08 15:34:49"
54069,0,16,"3. Core Loyal (>1 Year)",Mobile Phone,3,19,E wallet,male,4,4,Laptop & Accessory,1,Married,5,1,13.00,1,2,1,176.00,0.50,"2026-06-08 15:34:49"
54070,1,1,"1. Junior User (1-6 Months)",Computer,2,29,UPI,female,3,5,Mobile Phone,4,Married,3,0,13.00,2,2,1,154.00,1.00,"2026-06-08 15:34:49"
54071,0,9,"2. Mid-Loyal (7-12 Months)",Mobile Phone,3,25,Credit Card,male,4,4,Laptop & Accessory,5,Married,2,0,17.00,1,2,5,25.00,0.50,"2026-06-08 15:34:49"
54072,0,2,"1. Junior User (1-6 Months)",Computer,1,23,Credit Card,male,3,4,Mobile Phone,3,Single,3,0,15.00,1,2,5,146.00,0.50,"2026-06-08 15:34:49"
54073,0,5,"1. Junior User (1-6 Months)",Computer,1,10,Credit Card,male,3,4,Mobile Phone,5,Married,3,1,14.00,1,3,4,156.00,0.33,"2026-06-08 15:34:49"
54074,0,10,"2. Mid-Loyal (7-12 Months)",Computer,1,16,Debit Card,male,4,2,Mobile Phone,4,Married,3,0,23.00,2,2,3,153.00,1.00,"2026-06-08 15:34:49"
54075,0,8,"2. Mid-Loyal (7-12 Months)",Mobile Phone,3,7,E wallet,male,3,4,Fashion,1,Single,3,0,22.00,2,3,-1,224.00,0.67,"2026-06-08 15:34:49"
54076,0,8,"2. Mid-Loyal (7-12 Months)",Mobile Phone,3,20,Credit Card,male,3,4,Fashion,3,Married,3,0,19.00,2,2,-1,211.00,1.00,"2026-06-08 15:34:49"
54077,0,1,"1. Junior User (1-6 Months)",Mobile Phone,1,7,Credit Card,male,4,4,Mobile Phone,5,Single,2,0,14.00,4,8,7,154.00,0.50,"2026-06-08 15:34:49"
54078,0,3,"1. Junior User (1-6 Months)",Mobile Phone,1,7,Debit Card,male,3,4,Laptop & Accessory,5,Married,2,0,13.00,2,2,3,179.00,1.00,"2026-06-08 15:34:49"
54079,0,6,"1. Junior User (1-6 Months)",Computer,1,22,Credit Card,female,3,4,Laptop & Accessory,1,Married,7,0,19.00,1,2,3,192.00,0.50,"2026-06-08 15:34:49"
54080,0,5,"1. Junior User (1-6 Months)",Computer,1,7,Debit Card,male,3,6,Laptop & Accessory,5,Married,3,0,22.00,2,9,8,175.00,0.22,"2026-06-08 15:34:49"
54081,1,1,"1. Junior User (1-6 Months)",Mobile Phone,1,24,Cash on Delivery,male,3,5,Mobile Phone,1,Married,7,0,13.00,1,2,4,149.00,0.50,"2026-06-08 15:34:49"
54082,0,12,"2. Mid-Loyal (7-12 Months)",Mobile Phone,3,7,Debit Card,male,3,5,Mobile Phone,5,Single,6,0,15.00,1,2,1,154.00,0.50,"2026-06-08 15:34:49"
54083,0,9,"2. Mid-Loyal (7-12 Months)",Mobile Phone,3,14,Debit Card,female,3,4,Laptop & Accessory,1,Married,3,1,12.00,2,2,10,177.00,1.00,"2026-06-08 15:34:49"
54084,0,1,"1. Junior User (1-6 Months)",Mobile Phone,3,16,E wallet,male,3,4,Laptop & Accessory,1,Single,3,0,15.00,1,2,8,166.00,0.50,"2026-06-08 15:34:49"
54085,0,6,"1. Junior User (1-6 Months)",Mobile Phone,1,12,Debit Card,male,3,5,Laptop & Accessory,1,Single,10,0,25.00,1,2,-1,222.00,0.50,"2026-06-08 15:34:49"
54086,1,1,"1. Junior User (1-6 Months)",Computer,3,33,E wallet,male,4,4,Laptop & Accessory,1,Married,3,1,12.00,1,2,9,181.00,0.50,"2026-06-08 15:34:49"
54087,1,17,"3. Core Loyal (>1 Year)",Mobile Phone,3,31,Debit Card,male,4,4,Fashion,5,Single,8,1,14.00,3,3,-1,229.00,1.00,"2026-06-08 15:34:49"
54088,0,28,"3. Core Loyal (>1 Year)",Mobile Phone,1,16,Debit Card,female,4,4,Laptop & Accessory,3,Married,5,0,12.00,1,3,4,154.00,0.33,"2026-06-08 15:34:49"
54089,0,7,"2. Mid-Loyal (7-12 Months)",Computer,1,14,Debit Card,male,3,4,Laptop & Accessory,3,Married,3,0,21.00,3,3,9,185.00,1.00,"2026-06-08 15:34:49"
54090,0,17,"3. Core Loyal (>1 Year)",Mobile Phone,1,18,Debit Card,male,2,4,Fashion,3,Married,3,0,18.00,2,2,10,200.00,1.00,"2026-06-08 15:34:49"
54091,0,12,"2. Mid-Loyal (7-12 Months)",Computer,2,7,UPI,male,3,4,Mobile Phone,4,Married,2,1,12.00,2,2,3,155.00,1.00,"2026-06-08 15:34:49"
54092,0,29,"3. Core Loyal (>1 Year)",Mobile Phone,2,33,UPI,male,4,2,Others,4,Married,6,1,0.0,2,2,5,321.00,1.00,"2026-06-08 15:34:49"
54093,0,5,"1. Junior User (1-6 Months)",Mobile Phone,1,9,Credit Card,female,3,6,Mobile Phone,1,Married,3,1,12.00,2,2,1,136.00,1.00,"2026-06-08 15:34:49"
54094,0,13,"3. Core Loyal (>1 Year)",Mobile Phone,3,22,E wallet,male,4,4,Grocery,5,Single,2,0,13.00,5,0,11,258.00,0.00,"2026-06-08 15:34:49"
54095,0,16,"3. Core Loyal (>1 Year)",Computer,1,30,Debit Card,male,3,5,Laptop & Accessory,3,Single,3,0,13.00,3,4,8,168.00,0.75,"2026-06-08 15:34:49"
54096,0,5,"1. Junior User (1-6 Months)",Computer,1,17,Credit Card,female,3,4,Fashion,3,Married,6,0,21.00,4,0,9,235.00,0.00,"2026-06-08 15:34:49"
54097,0,28,"3. Core Loyal (>1 Year)",Mobile Phone,1,17,Credit Card,female,4,4,Laptop & Accessory,5,Single,8,1,20.00,1,2,5,169.00,0.50,"2026-06-08 15:34:49"
54098,0,1,"1. Junior User (1-6 Months)",Mobile Phone,1,7,Debit Card,male,3,5,Laptop & Accessory,3,Single,3,0,13.00,2,2,3,171.00,1.00,"2026-06-08 15:34:49"
54099,0,1,"1. Junior User (1-6 Months)",Mobile Phone,1,19,UPI,male,4,4,Mobile Phone,1,Single,3,0,14.00,2,2,5,151.00,1.00,"2026-06-08 15:34:49"
54100,0,14,"3. Core Loyal (>1 Year)",Computer,1,18,Cash on Delivery,female,4,4,Laptop & Accessory,3,Married,3,0,12.00,3,10,5,188.00,0.30,"2026-06-08 15:34:49"
54101,0,14,"3. Core Loyal (>1 Year)",Mobile Phone,3,9,E wallet,female,4,4,Laptop & Accessory,4,Married,5,0,15.00,2,6,11,182.00,0.33,"2026-06-08 15:34:49"
54102,0,1,"1. Junior User (1-6 Months)",Mobile Phone,2,9,UPI,female,3,4,Mobile Phone,4,Married,6,0,15.00,1,2,3,147.00,0.50,"2026-06-08 15:34:49"
54103,0,4,"1. Junior User (1-6 Months)",Mobile Phone,1,7,Credit Card,male,4,4,Mobile Phone,4,Married,3,0,14.00,1,2,8,162.00,0.50,"2026-06-08 15:34:49"
54104,0,1,"1. Junior User (1-6 Months)",Mobile Phone,1,9,UPI,male,3,4,Mobile Phone,3,Married,8,1,20.00,1,2,3,165.00,0.50,"2026-06-08 15:34:49"
54105,0,21,"3. Core Loyal (>1 Year)",Mobile Phone,1,32,Credit Card,male,3,4,Fashion,3,Single,4,0,24.00,2,13,-1,211.00,0.15,"2026-06-08 15:34:49"
54106,0,7,"2. Mid-Loyal (7-12 Months)",Computer,1,7,Credit Card,male,3,5,Mobile Phone,3,Married,3,0,13.00,1,2,1,145.00,0.50,"2026-06-08 15:34:49"
54107,0,12,"2. Mid-Loyal (7-12 Months)",Mobile Phone,3,7,Debit Card,male,3,4,Laptop & Accessory,4,Married,2,0,16.00,5,6,9,169.00,0.83,"2026-06-08 15:34:49"
54108,0,5,"1. Junior User (1-6 Months)",Mobile Phone,3,9,Debit Card,male,3,4,Mobile Phone,3,Married,2,0,20.00,2,2,3,156.00,1.00,"2026-06-08 15:34:49"
54109,0,12,"2. Mid-Loyal (7-12 Months)",Computer,1,13,Debit Card,male,4,5,Laptop & Accessory,3,Married,4,0,12.00,3,8,8,178.00,0.38,"2026-06-08 15:34:49"
54110,0,16,"3. Core Loyal (>1 Year)",Mobile Phone,1,25,Debit Card,male,3,4,Laptop & Accessory,5,Married,8,1,18.00,1,2,3,179.00,0.50,"2026-06-08 15:34:49"
54111,0,15,"3. Core Loyal (>1 Year)",Mobile Phone,1,7,Debit Card,male,4,4,Mobile Phone,1,Married,5,0,23.00,1,2,1,153.00,0.50,"2026-06-08 15:34:49"
54112,0,21,"3. Core Loyal (>1 Year)",Computer,1,7,Credit Card,female,4,4,Fashion,4,Married,2,0,19.00,1,0,13,245.00,0.00,"2026-06-08 15:34:49"
54113,0,9,"2. Mid-Loyal (7-12 Months)",Mobile Phone,1,18,Credit Card,male,3,4,Mobile Phone,3,Married,9,1,12.00,1,3,3,152.00,0.33,"2026-06-08 15:34:49"
54114,0,1,"1. Junior User (1-6 Months)",Mobile Phone,1,7,Debit Card,male,4,4,Mobile Phone,3,Single,2,0,13.00,1,2,3,159.00,0.50,"2026-06-08 15:34:49"
54115,0,9,"2. Mid-Loyal (7-12 Months)",Mobile Phone,1,16,Credit Card,male,3,4,Laptop & Accessory,3,Single,3,0,20.00,1,2,9,176.00,0.50,"2026-06-08 15:34:49"
54116,0,7,"2. Mid-Loyal (7-12 Months)",Mobile Phone,1,22,Credit Card,female,4,4,Laptop & Accessory,1,Married,2,1,14.00,6,9,2,37.00,0.67,"2026-06-08 15:34:49"
54117,0,6,"1. Junior User (1-6 Months)",Mobile Phone,1,36,Debit Card,female,3,5,Mobile Phone,4,Single,3,0,14.00,4,5,2,153.00,0.80,"2026-06-08 15:34:49"
54118,0,14,"3. Core Loyal (>1 Year)",Mobile Phone,1,7,Debit Card,male,3,4,Mobile Phone,1,Married,10,0,20.00,1,2,1,149.00,0.50,"2026-06-08 15:34:49"
54119,0,6,"1. Junior User (1-6 Months)",Mobile Phone,3,7,Credit Card,male,4,5,Mobile Phone,4,Married,2,0,15.00,1,3,3,148.00,0.33,"2026-06-08 15:34:49"
54120,0,13,"3. Core Loyal (>1 Year)",Mobile Phone,1,31,Debit Card,male,3,4,Laptop & Accessory,1,Single,9,0,14.00,2,2,8,166.00,1.00,"2026-06-08 15:34:49"
54121,0,12,"2. Mid-Loyal (7-12 Months)",Mobile Phone,1,17,Credit Card,female,3,6,Fashion,3,Married,5,0,13.00,2,0,12,257.00,0.00,"2026-06-08 15:34:49"
54122,0,6,"1. Junior User (1-6 Months)",Mobile Phone,3,7,E wallet,female,3,4,Fashion,1,Married,3,0,20.00,4,6,-1,229.00,0.67,"2026-06-08 15:34:49"
54123,0,11,"2. Mid-Loyal (7-12 Months)",Mobile Phone,1,17,Debit Card,female,3,2,Fashion,1,Married,3,1,26.00,0,7,9,262.00,0.00,"2026-06-08 15:34:49"
54124,0,1,"1. Junior User (1-6 Months)",Mobile Phone,3,15,UPI,female,3,4,Laptop & Accessory,3,Married,2,1,23.00,2,2,5,174.00,1.00,"2026-06-08 15:34:49"
54125,0,26,"3. Core Loyal (>1 Year)",Computer,3,127,Debit Card,male,3,4,Mobile Phone,1,Married,4,0,16.00,2,2,1,160.00,1.00,"2026-06-08 15:34:49"
54126,0,18,"3. Core Loyal (>1 Year)",Mobile Phone,1,7,Credit Card,male,3,4,Mobile Phone,1,Single,8,1,13.00,1,2,3,149.00,0.50,"2026-06-08 15:34:49"
54127,0,1,"1. Junior User (1-6 Months)",Mobile Phone,3,12,Credit Card,male,3,4,Mobile Phone,5,Single,3,1,12.00,2,2,3,149.00,1.00,"2026-06-08 15:34:49"
54128,0,13,"3. Core Loyal (>1 Year)",Computer,1,16,Debit Card,male,3,4,Others,1,Single,4,0,0.0,1,2,4,319.00,0.50,"2026-06-08 15:34:49"
54129,1,1,"1. Junior User (1-6 Months)",Computer,3,16,E wallet,male,3,4,Mobile Phone,5,Married,3,0,20.00,2,2,1,143.00,1.00,"2026-06-08 15:34:49"
54130,0,10,"2. Mid-Loyal (7-12 Months)",Mobile Phone,3,10,Credit Card,female,4,5,Fashion,1,Married,2,0,20.00,4,4,5,201.00,1.00,"2026-06-08 15:34:49"
54131,0,10,"2. Mid-Loyal (7-12 Months)",Computer,1,11,Debit Card,female,4,4,Laptop & Accessory,4,Married,9,0,14.00,2,2,3,176.00,1.00,"2026-06-08 15:34:49"
54132,0,30,"3. Core Loyal (>1 Year)",Computer,1,7,Debit Card,male,3,4,Laptop & Accessory,3,Married,3,0,22.00,1,2,10,188.00,0.50,"2026-06-08 15:34:49"
54133,1,1,"1. Junior User (1-6 Months)",Mobile Phone,1,7,Credit Card,male,3,4,Mobile Phone,1,Married,11,1,15.00,3,3,3,173.00,1.00,"2026-06-08 15:34:49"
54134,0,16,"3. Core Loyal (>1 Year)",Mobile Phone,1,9,Debit Card,male,3,4,Others,3,Married,7,0,0.0,2,5,15,314.00,0.40,"2026-06-08 15:34:49"
54135,1,20,"3. Core Loyal (>1 Year)",Mobile Phone,1,14,Cash on Delivery,male,4,4,Mobile Phone,3,Married,10,0,12.00,7,10,9,148.00,0.70,"2026-06-08 15:34:49"
54136,0,15,"3. Core Loyal (>1 Year)",Mobile Phone,1,35,Debit Card,female,3,5,Grocery,4,Married,2,0,24.00,2,0,11,261.00,0.00,"2026-06-08 15:34:49"
54137,0,8,"2. Mid-Loyal (7-12 Months)",Mobile Phone,3,35,E wallet,female,4,5,Laptop & Accessory,3,Married,3,0,22.00,2,2,8,192.00,1.00,"2026-06-08 15:34:49"
54138,0,10,"2. Mid-Loyal (7-12 Months)",Computer,3,22,E wallet,male,3,6,Laptop & Accessory,1,Married,3,0,25.00,5,12,12,179.00,0.42,"2026-06-08 15:34:49"
54139,0,15,"3. Core Loyal (>1 Year)",Mobile Phone,3,10,Debit Card,male,3,5,Laptop & Accessory,4,Married,4,0,12.00,1,2,-1,214.00,0.50,"2026-06-08 15:34:49"
54140,0,6,"1. Junior User (1-6 Months)",Mobile Phone,1,9,Cash on Delivery,male,4,4,Mobile Phone,5,Single,3,0,15.00,2,2,3,149.00,1.00,"2026-06-08 15:34:49"
54141,0,9,"2. Mid-Loyal (7-12 Months)",Mobile Phone,2,33,Debit Card,female,3,4,Fashion,1,Single,3,1,17.00,2,2,-1,213.00,1.00,"2026-06-08 15:34:49"
54142,0,12,"2. Mid-Loyal (7-12 Months)",Mobile Phone,3,17,Debit Card,female,4,4,Laptop & Accessory,1,Married,3,0,12.00,1,2,10,178.00,0.50,"2026-06-08 15:34:49"
54143,1,14,"3. Core Loyal (>1 Year)",Computer,3,7,Debit Card,male,4,4,Laptop & Accessory,3,Married,9,0,13.00,2,2,2,192.00,1.00,"2026-06-08 15:34:49"
54144,0,10,"2. Mid-Loyal (7-12 Months)",Mobile Phone,3,18,E wallet,female,4,5,Laptop & Accessory,1,Married,6,0,14.00,2,2,1,192.00,1.00,"2026-06-08 15:34:49"
54145,0,19,"3. Core Loyal (>1 Year)",Mobile Phone,3,27,Debit Card,female,3,4,Laptop & Accessory,3,Single,10,0,16.00,2,2,2,174.00,1.00,"2026-06-08 15:34:49"
54146,0,14,"3. Core Loyal (>1 Year)",Mobile Phone,1,9,Debit Card,male,3,5,Mobile Phone,3,Single,4,0,15.00,1,3,3,153.00,0.33,"2026-06-08 15:34:49"
54147,0,9,"2. Mid-Loyal (7-12 Months)",Computer,1,25,Debit Card,male,4,4,Laptop & Accessory,3,Married,3,1,15.00,2,2,3,182.00,1.00,"2026-06-08 15:34:49"
54148,0,14,"3. Core Loyal (>1 Year)",Mobile Phone,1,9,Credit Card,female,4,4,Mobile Phone,3,Married,4,0,15.00,2,2,3,145.00,1.00,"2026-06-08 15:34:49"
54149,0,9,"2. Mid-Loyal (7-12 Months)",Mobile Phone,1,7,Debit Card,female,4,6,Mobile Phone,1,Married,3,0,13.00,1,2,2,155.00,0.50,"2026-06-08 15:34:49"
54150,0,3,"1. Junior User (1-6 Months)",Mobile Phone,1,20,UPI,male,3,5,Laptop & Accessory,4,Married,6,1,14.00,2,2,4,165.00,1.00,"2026-06-08 15:34:49"
54151,0,3,"1. Junior User (1-6 Months)",Mobile Phone,1,35,Credit Card,female,4,5,Mobile Phone,5,Single,3,0,15.00,1,2,5,163.00,0.50,"2026-06-08 15:34:49"
54152,1,14,"3. Core Loyal (>1 Year)",Mobile Phone,3,35,E wallet,male,3,5,Fashion,5,Married,6,1,14.00,1,0,1,234.00,0.00,"2026-06-08 15:34:49"
54153,0,13,"3. Core Loyal (>1 Year)",Mobile Phone,3,31,E wallet,female,3,5,Grocery,1,Married,2,0,12.00,2,0,7,245.00,0.00,"2026-06-08 15:34:49"
54154,0,5,"1. Junior User (1-6 Months)",Computer,1,12,Credit Card,male,4,4,Laptop & Accessory,5,Single,2,0,20.00,1,2,-1,224.00,0.50,"2026-06-08 15:34:49"
54155,0,1,"1. Junior User (1-6 Months)",Mobile Phone,3,12,UPI,female,2,5,Mobile Phone,3,Single,2,0,19.00,1,2,1,155.00,0.50,"2026-06-08 15:34:49"
54156,0,10,"2. Mid-Loyal (7-12 Months)",Computer,1,30,Credit Card,male,3,2,Laptop & Accessory,1,Married,6,0,18.00,1,2,4,151.00,0.50,"2026-06-08 15:34:49"
54157,0,13,"3. Core Loyal (>1 Year)",Mobile Phone,1,13,Credit Card,male,3,5,Fashion,5,Married,6,0,16.00,2,2,-1,225.00,1.00,"2026-06-08 15:34:49"
54158,0,1,"1. Junior User (1-6 Months)",Mobile Phone,1,11,Debit Card,male,3,2,Laptop & Accessory,4,Married,3,1,21.00,2,2,4,186.00,1.00,"2026-06-08 15:34:49"
54159,0,23,"3. Core Loyal (>1 Year)",Computer,3,9,Credit Card,male,4,5,Laptop & Accessory,4,Married,4,0,15.00,2,2,9,179.00,1.00,"2026-06-08 15:34:49"
54160,0,8,"2. Mid-Loyal (7-12 Months)",Mobile Phone,1,15,Credit Card,male,3,2,Laptop & Accessory,3,Married,4,0,13.00,1,2,3,169.00,0.50,"2026-06-08 15:34:49"
54161,1,5,"1. Junior User (1-6 Months)",Mobile Phone,3,7,Debit Card,female,4,4,Laptop & Accessory,1,Single,10,1,12.00,1,2,6,185.00,0.50,"2026-06-08 15:34:49"
54162,0,23,"3. Core Loyal (>1 Year)",Computer,1,15,Debit Card,male,4,5,Laptop & Accessory,4,Married,3,0,24.00,1,2,8,176.00,0.50,"2026-06-08 15:34:49"
54163,1,1,"1. Junior User (1-6 Months)",Mobile Phone,1,9,UPI,male,4,5,Mobile Phone,3,Single,8,1,16.00,1,2,1,146.00,0.50,"2026-06-08 15:34:49"
54164,0,7,"2. Mid-Loyal (7-12 Months)",Computer,1,10,Debit Card,female,3,4,Mobile Phone,3,Married,3,1,12.00,3,4,1,154.00,0.75,"2026-06-08 15:34:49"
54165,0,1,"1. Junior User (1-6 Months)",Mobile Phone,1,9,Credit Card,male,3,4,Mobile Phone,4,Married,11,0,13.00,2,3,3,160.00,0.67,"2026-06-08 15:34:49"
54166,0,6,"1. Junior User (1-6 Months)",Computer,1,9,Debit Card,male,4,4,Mobile Phone,1,Single,2,0,14.00,2,4,7,156.00,0.50,"2026-06-08 15:34:49"
54167,0,31,"3. Core Loyal (>1 Year)",Mobile Phone,1,10,Credit Card,female,3,2,Mobile Phone,5,Married,6,1,21.00,1,2,1,152.00,0.50,"2026-06-08 15:34:49"
54168,0,4,"1. Junior User (1-6 Months)",Mobile Phone,1,31,Debit Card,male,4,4,Mobile Phone,3,Married,3,0,23.00,2,2,1,152.00,1.00,"2026-06-08 15:34:49"
54169,0,12,"2. Mid-Loyal (7-12 Months)",Computer,1,30,Debit Card,male,3,5,Fashion,3,Single,2,0,22.00,2,2,-1,220.00,1.00,"2026-06-08 15:34:49"
54170,0,10,"2. Mid-Loyal (7-12 Months)",Mobile Phone,1,34,Credit Card,male,4,4,Laptop & Accessory,3,Married,8,0,14.00,1,8,8,177.00,0.13,"2026-06-08 15:34:49"
54171,0,9,"2. Mid-Loyal (7-12 Months)",Mobile Phone,1,23,Credit Card,male,3,2,Mobile Phone,4,Married,2,0,14.00,2,2,4,149.00,1.00,"2026-06-08 15:34:49"
54172,0,3,"1. Junior User (1-6 Months)",Mobile Phone,1,22,Debit Card,female,3,5,Laptop & Accessory,3,Single,2,1,13.00,2,2,9,167.00,1.00,"2026-06-08 15:34:49"
54173,0,5,"1. Junior User (1-6 Months)",Mobile Phone,1,33,Debit Card,male,3,4,Mobile Phone,3,Married,3,0,18.00,4,5,4,154.00,0.80,"2026-06-08 15:34:49"
54174,0,8,"2. Mid-Loyal (7-12 Months)",Mobile Phone,1,26,Credit Card,male,4,4,Mobile Phone,1,Married,2,0,12.00,1,2,3,152.00,0.50,"2026-06-08 15:34:49"
54175,1,1,"1. Junior User (1-6 Months)",Mobile Phone,1,31,Debit Card,male,3,5,Mobile Phone,3,Single,7,1,15.00,1,2,4,145.00,0.50,"2026-06-08 15:34:49"
54176,0,3,"1. Junior User (1-6 Months)",Mobile Phone,1,28,Debit Card,female,3,2,Fashion,5,Married,3,0,12.00,7,9,-1,225.00,0.78,"2026-06-08 15:34:49"
54177,0,6,"1. Junior User (1-6 Months)",Mobile Phone,1,12,Debit Card,male,4,2,Mobile Phone,4,Married,2,1,13.00,2,2,6,158.00,1.00,"2026-06-08 15:34:49"
54178,0,1,"1. Junior User (1-6 Months)",Computer,1,23,Credit Card,male,4,2,Mobile Phone,1,Married,3,1,14.00,1,2,1,154.00,0.50,"2026-06-08 15:34:49"
54179,0,27,"3. Core Loyal (>1 Year)",Mobile Phone,3,9,Debit Card,female,4,5,Grocery,1,Married,4,0,17.00,0,4,8,279.00,0.00,"2026-06-08 15:34:49"
54180,0,12,"2. Mid-Loyal (7-12 Months)",Mobile Phone,1,9,Debit Card,male,3,4,Mobile Phone,1,Single,7,1,12.00,1,2,3,164.00,0.50,"2026-06-08 15:34:49"
54181,0,1,"1. Junior User (1-6 Months)",Computer,1,18,UPI,female,4,2,Laptop & Accessory,3,Married,2,0,19.00,1,2,4,165.00,0.50,"2026-06-08 15:34:49"
54182,1,1,"1. Junior User (1-6 Months)",Mobile Phone,3,16,Debit Card,male,3,5,Mobile Phone,5,Single,9,0,24.00,1,2,4,159.00,0.50,"2026-06-08 15:34:49"
54183,0,8,"2. Mid-Loyal (7-12 Months)",Mobile Phone,1,14,Debit Card,female,3,4,Fashion,4,Single,2,0,12.00,1,0,12,245.00,0.00,"2026-06-08 15:34:49"
54184,0,1,"1. Junior User (1-6 Months)",Mobile Phone,1,22,Debit Card,male,4,4,Mobile Phone,1,Single,3,0,15.00,2,2,1,137.00,1.00,"2026-06-08 15:34:49"
54185,1,1,"1. Junior User (1-6 Months)",Mobile Phone,1,13,Credit Card,male,3,4,Mobile Phone,5,Single,4,0,12.00,1,2,4,155.00,0.50,"2026-06-08 15:34:49"
54186,0,27,"3. Core Loyal (>1 Year)",Mobile Phone,1,12,UPI,female,3,4,Others,3,Married,6,0,0.0,2,5,9,316.00,0.40,"2026-06-08 15:34:49"
54187,1,1,"1. Junior User (1-6 Months)",Computer,1,23,Debit Card,female,4,6,Mobile Phone,5,Single,3,1,23.00,1,7,8,164.00,0.14,"2026-06-08 15:34:49"
54188,0,16,"3. Core Loyal (>1 Year)",Mobile Phone,3,15,E wallet,male,3,4,Laptop & Accessory,4,Married,2,0,12.00,3,5,3,193.00,0.60,"2026-06-08 15:34:49"
54189,0,18,"3. Core Loyal (>1 Year)",Mobile Phone,1,14,Credit Card,female,3,5,Fashion,1,Married,5,0,15.00,1,6,-1,227.00,0.17,"2026-06-08 15:34:49"
54190,0,20,"3. Core Loyal (>1 Year)",Mobile Phone,3,9,E wallet,female,3,4,Others,5,Single,5,0,0.0,3,3,2,314.00,1.00,"2026-06-08 15:34:49"
54191,0,7,"2. Mid-Loyal (7-12 Months)",Mobile Phone,1,9,Credit Card,male,4,4,Mobile Phone,1,Single,6,0,12.00,1,2,1,150.00,0.50,"2026-06-08 15:34:49"
54192,0,18,"3. Core Loyal (>1 Year)",Mobile Phone,1,17,UPI,male,3,4,Laptop & Accessory,1,Married,4,1,14.00,1,2,4,190.00,0.50,"2026-06-08 15:34:49"
54193,0,4,"1. Junior User (1-6 Months)",Mobile Phone,1,16,Credit Card,male,3,5,Mobile Phone,3,Single,3,0,14.00,1,2,9,147.00,0.50,"2026-06-08 15:34:49"
54194,1,3,"1. Junior User (1-6 Months)",Mobile Phone,3,12,Cash on Delivery,male,3,4,Laptop & Accessory,1,Married,5,0,15.00,1,2,1,146.00,0.50,"2026-06-08 15:34:49"
54195,1,1,"1. Junior User (1-6 Months)",Mobile Phone,1,7,Credit Card,male,4,4,Mobile Phone,1,Married,4,1,17.00,1,3,1,148.00,0.33,"2026-06-08 15:34:49"
54196,0,17,"3. Core Loyal (>1 Year)",Mobile Phone,1,9,Credit Card,female,4,2,Mobile Phone,3,Married,3,0,13.00,2,2,5,151.00,1.00,"2026-06-08 15:34:49"
54197,1,14,"3. Core Loyal (>1 Year)",Mobile Phone,3,10,E wallet,male,3,5,Mobile Phone,3,Married,3,1,15.00,2,2,3,152.00,1.00,"2026-06-08 15:34:49"
54198,0,9,"2. Mid-Loyal (7-12 Months)",Mobile Phone,3,9,E wallet,female,4,4,Mobile Phone,1,Married,3,0,14.00,3,3,3,145.00,1.00,"2026-06-08 15:34:49"
54199,0,10,"2. Mid-Loyal (7-12 Months)",Mobile Phone,1,12,Debit Card,female,3,5,Mobile Phone,5,Married,11,1,15.00,2,2,1,159.00,1.00,"2026-06-08 15:34:49"
54200,0,7,"2. Mid-Loyal (7-12 Months)",Computer,3,7,Debit Card,female,3,2,Laptop & Accessory,5,Married,4,0,20.00,1,2,4,179.00,0.50,"2026-06-08 15:34:49"
54201,0,9,"2. Mid-Loyal (7-12 Months)",Mobile Phone,1,11,UPI,male,4,4,Mobile Phone,1,Married,3,0,13.00,2,2,1,145.00,1.00,"2026-06-08 15:34:49"
54202,0,1,"1. Junior User (1-6 Months)",Mobile Phone,1,9,Debit Card,female,3,4,Mobile Phone,5,Married,3,0,14.00,2,2,1,148.00,1.00,"2026-06-08 15:34:49"
54203,1,1,"1. Junior User (1-6 Months)",Mobile Phone,1,32,Debit Card,male,3,6,Mobile Phone,3,Single,3,0,13.00,1,2,2,148.00,0.50,"2026-06-08 15:34:49"
54204,0,1,"1. Junior User (1-6 Months)",Computer,3,15,Debit Card,male,3,4,Fashion,3,Single,3,0,16.00,2,2,-1,212.00,1.00,"2026-06-08 15:34:49"
54205,0,4,"1. Junior User (1-6 Months)",Computer,1,7,Credit Card,female,3,4,Laptop & Accessory,1,Single,3,0,24.00,2,4,8,165.00,0.50,"2026-06-08 15:34:49"
54206,1,5,"1. Junior User (1-6 Months)",Mobile Phone,1,19,Cash on Delivery,female,3,4,Others,3,Married,3,0,0.0,2,16,9,320.00,0.13,"2026-06-08 15:34:49"
54207,0,8,"2. Mid-Loyal (7-12 Months)",Computer,3,30,E wallet,male,4,4,Laptop & Accessory,3,Single,2,0,21.00,1,9,8,171.00,0.11,"2026-06-08 15:34:49"
54208,0,11,"2. Mid-Loyal (7-12 Months)",Mobile Phone,1,26,Debit Card,male,4,4,Mobile Phone,4,Married,6,0,22.00,1,2,1,155.00,0.50,"2026-06-08 15:34:49"
54209,0,20,"3. Core Loyal (>1 Year)",Computer,3,12,E wallet,male,4,4,Laptop & Accessory,1,Single,6,1,22.00,2,2,9,183.00,1.00,"2026-06-08 15:34:49"
54210,0,9,"2. Mid-Loyal (7-12 Months)",Mobile Phone,1,15,Debit Card,male,3,2,Mobile Phone,1,Married,3,0,20.00,2,2,2,148.00,1.00,"2026-06-08 15:34:49"
54211,1,12,"2. Mid-Loyal (7-12 Months)",Mobile Phone,1,7,Debit Card,male,4,5,Fashion,3,Single,11,1,14.00,1,2,1,179.00,0.50,"2026-06-08 15:34:49"
54212,1,1,"1. Junior User (1-6 Months)",Mobile Phone,1,12,Cash on Delivery,male,3,4,Mobile Phone,3,Single,3,1,14.00,1,3,3,159.00,0.33,"2026-06-08 15:34:49"
54213,0,18,"3. Core Loyal (>1 Year)",Mobile Phone,3,7,E wallet,female,4,4,Laptop & Accessory,5,Married,7,1,22.00,2,2,4,180.00,1.00,"2026-06-08 15:34:49"
54214,0,9,"2. Mid-Loyal (7-12 Months)",Computer,1,18,Credit Card,male,4,5,Fashion,5,Married,4,1,14.00,2,3,-1,224.00,0.67,"2026-06-08 15:34:49"
54215,0,1,"1. Junior User (1-6 Months)",Mobile Phone,3,30,E wallet,female,3,5,Laptop & Accessory,1,Married,9,1,20.00,1,2,1,167.00,0.50,"2026-06-08 15:34:49"
54216,0,7,"2. Mid-Loyal (7-12 Months)",Computer,1,30,Debit Card,female,4,4,Fashion,1,Single,3,1,13.00,4,0,13,260.00,0.00,"2026-06-08 15:34:49"
54217,0,9,"2. Mid-Loyal (7-12 Months)",Computer,3,6,Debit Card,male,4,4,Fashion,5,Married,3,0,23.00,1,2,-1,216.00,0.50,"2026-06-08 15:34:49"
54218,0,9,"2. Mid-Loyal (7-12 Months)",Mobile Phone,1,30,Credit Card,female,2,4,Mobile Phone,5,Married,5,1,16.00,1,3,3,165.00,0.33,"2026-06-08 15:34:49"
54219,0,5,"1. Junior User (1-6 Months)",Mobile Phone,1,14,Debit Card,male,3,4,Laptop & Accessory,1,Married,5,0,23.00,1,2,8,184.00,0.50,"2026-06-08 15:34:49"
54220,0,11,"2. Mid-Loyal (7-12 Months)",Mobile Phone,1,7,Debit Card,male,3,5,Laptop & Accessory,3,Married,3,0,19.00,1,2,8,185.00,0.50,"2026-06-08 15:34:49"
54221,0,6,"1. Junior User (1-6 Months)",Mobile Phone,1,7,Credit Card,male,3,4,Laptop & Accessory,1,Married,3,1,23.00,6,8,9,187.00,0.75,"2026-06-08 15:34:49"
54222,0,12,"2. Mid-Loyal (7-12 Months)",Computer,1,36,Debit Card,female,3,4,Laptop & Accessory,1,Single,3,0,12.00,7,10,10,149.00,0.70,"2026-06-08 15:34:49"
54223,0,24,"3. Core Loyal (>1 Year)",Mobile Phone,1,14,Credit Card,female,3,5,Others,3,Married,7,1,0.0,5,14,9,312.00,0.36,"2026-06-08 15:34:49"
54224,0,31,"3. Core Loyal (>1 Year)",Mobile Phone,3,32,Debit Card,female,5,4,Fashion,5,Single,9,0,12.00,7,8,10,201.00,0.88,"2026-06-08 15:34:49"
54225,0,10,"2. Mid-Loyal (7-12 Months)",Mobile Phone,1,15,Cash on Delivery,female,3,4,Fashion,3,Married,3,0,14.00,8,13,-1,226.00,0.62,"2026-06-08 15:34:49"
54226,0,29,"3. Core Loyal (>1 Year)",Mobile Phone,1,15,Credit Card,female,3,4,Grocery,3,Married,4,1,15.00,0,2,3,273.00,0.00,"2026-06-08 15:34:49"
54227,0,10,"2. Mid-Loyal (7-12 Months)",Computer,1,18,Debit Card,male,4,5,Laptop & Accessory,4,Single,3,0,14.00,2,2,4,190.00,1.00,"2026-06-08 15:34:49"
54228,0,19,"3. Core Loyal (>1 Year)",Mobile Phone,1,14,Debit Card,male,3,4,Fashion,5,Married,4,0,18.00,1,2,-1,222.00,0.50,"2026-06-08 15:34:49"
54229,0,9,"2. Mid-Loyal (7-12 Months)",Computer,1,7,Credit Card,male,4,4,Mobile Phone,5,Married,6,0,14.00,1,2,3,147.00,0.50,"2026-06-08 15:34:49"
54230,1,1,"1. Junior User (1-6 Months)",Mobile Phone,1,16,Credit Card,male,4,5,Mobile Phone,3,Married,2,1,18.00,2,2,1,159.00,1.00,"2026-06-08 15:34:49"
54231,0,31,"3. Core Loyal (>1 Year)",Computer,3,7,Debit Card,female,3,5,Laptop & Accessory,3,Single,9,0,12.00,2,2,4,180.00,1.00,"2026-06-08 15:34:49"
54232,0,3,"1. Junior User (1-6 Months)",Mobile Phone,1,9,Debit Card,male,4,4,Mobile Phone,4,Married,2,0,24.00,2,2,5,152.00,1.00,"2026-06-08 15:34:49"
54233,0,5,"1. Junior User (1-6 Months)",Mobile Phone,1,7,Credit Card,male,3,4,Mobile Phone,4,Single,3,0,18.00,2,2,1,150.00,1.00,"2026-06-08 15:34:49"
54234,0,6,"1. Junior User (1-6 Months)",Mobile Phone,1,7,Debit Card,male,4,4,Laptop & Accessory,4,Married,3,0,18.00,2,2,10,187.00,1.00,"2026-06-08 15:34:49"
54235,0,10,"2. Mid-Loyal (7-12 Months)",Mobile Phone,1,13,Debit Card,female,3,2,Mobile Phone,1,Married,5,0,13.00,1,2,1,155.00,0.50,"2026-06-08 15:34:49"
54236,0,5,"1. Junior User (1-6 Months)",Mobile Phone,1,15,Debit Card,female,4,4,Laptop & Accessory,1,Single,3,0,24.00,2,2,9,169.00,1.00,"2026-06-08 15:34:49"
54237,0,9,"2. Mid-Loyal (7-12 Months)",Mobile Phone,3,7,E wallet,male,3,5,Laptop & Accessory,5,Single,2,0,15.00,2,3,9,168.00,0.67,"2026-06-08 15:34:49"
54238,0,19,"3. Core Loyal (>1 Year)",Mobile Phone,1,13,UPI,male,3,4,Fashion,5,Married,6,1,15.00,2,0,1,257.00,0.00,"2026-06-08 15:34:49"
54239,0,11,"2. Mid-Loyal (7-12 Months)",Mobile Phone,1,14,Credit Card,male,2,4,Fashion,3,Single,6,0,14.00,0,2,3,262.00,0.00,"2026-06-08 15:34:49"
54240,0,20,"3. Core Loyal (>1 Year)",Mobile Phone,2,12,Credit Card,male,4,4,Laptop & Accessory,4,Married,3,1,23.00,2,2,3,175.00,1.00,"2026-06-08 15:34:49"
54241,0,4,"1. Junior User (1-6 Months)",Mobile Phone,1,7,Debit Card,male,3,5,Laptop & Accessory,1,Married,3,1,13.00,2,4,1,176.00,0.50,"2026-06-08 15:34:49"
54242,0,9,"2. Mid-Loyal (7-12 Months)",Mobile Phone,1,7,Credit Card,male,2,5,Mobile Phone,3,Single,3,0,19.00,2,2,5,154.00,1.00,"2026-06-08 15:34:49"
54243,0,29,"3. Core Loyal (>1 Year)",Mobile Phone,3,7,Debit Card,male,4,4,Fashion,1,Married,5,0,15.00,1,2,-1,227.00,0.50,"2026-06-08 15:34:49"
54244,0,12,"2. Mid-Loyal (7-12 Months)",Computer,1,13,Credit Card,female,4,6,Laptop & Accessory,1,Married,9,1,13.00,1,2,10,178.00,0.50,"2026-06-08 15:34:49"
54245,0,8,"2. Mid-Loyal (7-12 Months)",Mobile Phone,1,7,Credit Card,male,4,4,Laptop & Accessory,4,Married,3,0,16.00,2,2,4,168.00,1.00,"2026-06-08 15:34:49"
54246,0,30,"3. Core Loyal (>1 Year)",Mobile Phone,1,14,Debit Card,male,3,6,Fashion,1,Single,6,0,12.00,1,2,3,198.00,0.50,"2026-06-08 15:34:49"
54247,0,1,"1. Junior User (1-6 Months)",Mobile Phone,3,9,Cash on Delivery,male,4,4,Mobile Phone,5,Married,5,0,14.00,2,2,1,148.00,1.00,"2026-06-08 15:34:49"
54248,0,25,"3. Core Loyal (>1 Year)",Mobile Phone,1,16,Debit Card,male,4,4,Mobile Phone,1,Married,5,0,24.00,2,2,4,146.00,1.00,"2026-06-08 15:34:49"
54249,0,4,"1. Junior User (1-6 Months)",Mobile Phone,1,9,Debit Card,male,5,5,Laptop & Accessory,1,Married,3,0,20.00,4,11,9,167.00,0.36,"2026-06-08 15:34:49"
54250,1,10,"2. Mid-Loyal (7-12 Months)",Mobile Phone,3,16,Credit Card,male,4,5,Fashion,1,Single,3,0,17.00,4,5,-1,221.00,0.80,"2026-06-08 15:34:49"
54251,0,14,"3. Core Loyal (>1 Year)",Computer,1,7,Debit Card,male,4,5,Grocery,4,Married,3,0,23.00,6,0,12,260.00,0.00,"2026-06-08 15:34:49"
54252,0,25,"3. Core Loyal (>1 Year)",Mobile Phone,3,28,E wallet,male,4,4,Laptop & Accessory,1,Single,2,1,23.00,1,2,1,179.00,0.50,"2026-06-08 15:34:49"
54253,0,4,"1. Junior User (1-6 Months)",Mobile Phone,3,11,Credit Card,female,4,5,Laptop & Accessory,4,Married,3,1,13.00,3,3,8,177.00,1.00,"2026-06-08 15:34:49"
54254,0,20,"3. Core Loyal (>1 Year)",Computer,1,7,Credit Card,male,3,5,Fashion,5,Married,4,1,14.00,5,0,6,232.00,0.00,"2026-06-08 15:34:49"
54255,0,6,"1. Junior User (1-6 Months)",Mobile Phone,3,13,Credit Card,male,3,4,Laptop & Accessory,3,Single,3,0,17.00,6,6,8,175.00,1.00,"2026-06-08 15:34:49"
54256,0,28,"3. Core Loyal (>1 Year)",Mobile Phone,1,9,Cash on Delivery,female,3,4,Fashion,3,Married,11,0,13.00,1,0,4,260.00,0.00,"2026-06-08 15:34:49"
54257,0,1,"1. Junior User (1-6 Months)",Mobile Phone,3,10,UPI,female,3,4,Laptop & Accessory,3,Married,2,0,22.00,1,2,3,175.00,0.50,"2026-06-08 15:34:49"
54258,0,2,"1. Junior User (1-6 Months)",Computer,3,11,Credit Card,male,3,4,Laptop & Accessory,3,Married,3,0,16.00,1,2,5,167.00,0.50,"2026-06-08 15:34:49"
54259,0,31,"3. Core Loyal (>1 Year)",Mobile Phone,3,17,Credit Card,male,3,4,Grocery,3,Single,2,0,14.00,0,2,9,264.00,0.00,"2026-06-08 15:34:49"
54260,0,18,"3. Core Loyal (>1 Year)",Computer,1,30,Credit Card,male,4,4,Laptop & Accessory,4,Married,6,0,13.00,1,2,3,145.00,0.50,"2026-06-08 15:34:49"
54261,1,1,"1. Junior User (1-6 Months)",Mobile Phone,2,13,UPI,male,4,4,Mobile Phone,5,Married,6,1,23.00,1,2,3,146.00,0.50,"2026-06-08 15:34:49"
54262,0,6,"1. Junior User (1-6 Months)",Mobile Phone,1,7,Debit Card,male,4,4,Mobile Phone,5,Single,3,0,14.00,1,2,1,155.00,0.50,"2026-06-08 15:34:49"
54263,1,1,"1. Junior User (1-6 Months)",Computer,1,13,Debit Card,female,4,5,Mobile Phone,1,Single,3,1,19.00,1,2,1,154.00,0.50,"2026-06-08 15:34:49"
54264,0,8,"2. Mid-Loyal (7-12 Months)",Mobile Phone,1,13,UPI,female,3,4,Laptop & Accessory,3,Single,3,0,15.00,1,3,11,173.00,0.33,"2026-06-08 15:34:49"
54265,0,11,"2. Mid-Loyal (7-12 Months)",Computer,1,9,Debit Card,male,4,5,Laptop & Accessory,1,Married,7,0,15.00,2,2,1,177.00,1.00,"2026-06-08 15:34:49"
54266,0,31,"3. Core Loyal (>1 Year)",Computer,2,9,UPI,female,3,5,Others,1,Married,11,0,0.0,1,3,3,313.00,0.33,"2026-06-08 15:34:49"
54267,0,24,"3. Core Loyal (>1 Year)",Computer,1,7,Debit Card,female,4,4,Others,4,Married,5,1,0.0,1,2,8,307.00,0.50,"2026-06-08 15:34:49"
54268,1,1,"1. Junior User (1-6 Months)",Mobile Phone,3,12,E wallet,male,3,5,Laptop & Accessory,3,Single,3,1,12.00,1,2,4,182.00,0.50,"2026-06-08 15:34:49"
54269,0,1,"1. Junior User (1-6 Months)",Mobile Phone,1,14,Credit Card,male,4,5,Mobile Phone,1,Married,3,0,12.00,1,3,2,154.00,0.33,"2026-06-08 15:34:49"
54270,0,1,"1. Junior User (1-6 Months)",Mobile Phone,1,22,Credit Card,female,3,4,Mobile Phone,1,Single,3,0,16.00,2,2,1,154.00,1.00,"2026-06-08 15:34:49"
54271,0,25,"3. Core Loyal (>1 Year)",Computer,1,7,Credit Card,female,2,5,Fashion,5,Single,5,0,21.00,5,13,9,200.00,0.38,"2026-06-08 15:34:49"
54272,1,1,"1. Junior User (1-6 Months)",Computer,1,14,Debit Card,male,4,6,Laptop & Accessory,3,Single,3,1,25.00,2,2,7,186.00,1.00,"2026-06-08 15:34:49"
54273,0,28,"3. Core Loyal (>1 Year)",Computer,2,33,UPI,female,2,2,Grocery,1,Single,4,1,0.0,3,5,5,298.00,0.60,"2026-06-08 15:34:49"
54274,0,1,"1. Junior User (1-6 Months)",Mobile Phone,1,25,Debit Card,male,3,4,Mobile Phone,3,Married,2,0,13.00,1,2,3,153.00,0.50,"2026-06-08 15:34:49"
54275,0,8,"2. Mid-Loyal (7-12 Months)",Mobile Phone,1,13,Debit Card,female,3,5,Laptop & Accessory,4,Married,8,0,16.00,2,2,1,170.00,1.00,"2026-06-08 15:34:49"
54276,0,11,"2. Mid-Loyal (7-12 Months)",Mobile Phone,3,10,Debit Card,male,3,4,Fashion,1,Single,4,0,13.00,1,2,4,199.00,0.50,"2026-06-08 15:34:49"
54277,0,8,"2. Mid-Loyal (7-12 Months)",Mobile Phone,1,12,Credit Card,female,3,5,Fashion,5,Single,4,0,13.00,3,0,9,241.00,0.00,"2026-06-08 15:34:49"
54278,0,10,"2. Mid-Loyal (7-12 Months)",Computer,3,18,Cash on Delivery,female,4,4,Fashion,1,Married,2,0,15.00,1,3,-1,222.00,0.33,"2026-06-08 15:34:49"
54279,0,10,"2. Mid-Loyal (7-12 Months)",Mobile Phone,1,10,Debit Card,female,3,4,Mobile Phone,1,Married,7,0,23.00,1,2,1,153.00,0.50,"2026-06-08 15:34:49"
54280,0,17,"3. Core Loyal (>1 Year)",Computer,3,33,Debit Card,male,4,4,Grocery,1,Married,3,1,0.0,2,5,13,295.00,0.40,"2026-06-08 15:34:49"
54281,0,4,"1. Junior User (1-6 Months)",Computer,1,30,Debit Card,male,4,6,Mobile Phone,3,Married,3,0,26.00,1,2,10,151.00,0.50,"2026-06-08 15:34:49"
54282,0,7,"2. Mid-Loyal (7-12 Months)",Computer,3,29,E wallet,male,4,4,Laptop & Accessory,4,Married,2,0,14.00,1,2,8,186.00,0.50,"2026-06-08 15:34:49"
54283,1,20,"3. Core Loyal (>1 Year)",Mobile Phone,1,21,Debit Card,female,4,4,Mobile Phone,4,Married,11,1,19.00,4,5,4,175.00,0.80,"2026-06-08 15:34:49"
54284,0,25,"3. Core Loyal (>1 Year)",Mobile Phone,1,13,Debit Card,male,3,4,Others,3,Single,9,0,0.0,9,16,16,320.00,0.56,"2026-06-08 15:34:49"
54285,1,1,"1. Junior User (1-6 Months)",Mobile Phone,3,13,Debit Card,male,4,6,Laptop & Accessory,3,Married,6,1,19.00,1,8,8,187.00,0.13,"2026-06-08 15:34:49"
54286,0,1,"1. Junior User (1-6 Months)",Mobile Phone,1,13,UPI,female,3,5,Mobile Phone,4,Married,3,0,20.00,3,5,4,149.00,0.60,"2026-06-08 15:34:49"
54287,1,21,"3. Core Loyal (>1 Year)",Mobile Phone,1,30,Credit Card,female,4,4,Fashion,1,Married,3,0,13.00,8,16,-1,228.00,0.50,"2026-06-08 15:34:49"
54288,1,1,"1. Junior User (1-6 Months)",Mobile Phone,3,29,E wallet,male,3,4,Mobile Phone,3,Single,3,1,20.00,2,2,1,142.00,1.00,"2026-06-08 15:34:49"
54289,0,1,"1. Junior User (1-6 Months)",Mobile Phone,1,9,Cash on Delivery,male,4,4,Mobile Phone,1,Married,2,0,15.00,3,3,2,150.00,1.00,"2026-06-08 15:34:49"
54290,0,23,"3. Core Loyal (>1 Year)",Mobile Phone,1,27,Credit Card,female,4,4,Laptop & Accessory,5,Married,3,0,15.00,6,6,12,191.00,1.00,"2026-06-08 15:34:49"
54291,0,17,"3. Core Loyal (>1 Year)",Computer,1,35,Credit Card,female,4,2,Mobile Phone,3,Single,6,0,13.00,1,2,3,172.00,0.50,"2026-06-08 15:34:49"
54292,0,24,"3. Core Loyal (>1 Year)",Computer,3,19,E wallet,female,4,4,Fashion,1,Single,6,0,12.00,2,3,-1,217.00,0.67,"2026-06-08 15:34:49"
54293,1,1,"1. Junior User (1-6 Months)",Mobile Phone,3,27,Debit Card,female,4,6,Laptop & Accessory,3,Married,5,1,12.00,1,3,3,171.00,0.33,"2026-06-08 15:34:49"
54294,0,15,"3. Core Loyal (>1 Year)",Mobile Phone,3,16,Debit Card,male,4,4,Fashion,3,Married,5,1,14.00,1,2,8,207.00,0.50,"2026-06-08 15:34:49"
54295,0,1,"1. Junior User (1-6 Months)",Mobile Phone,2,32,Debit Card,female,4,4,Mobile Phone,3,Married,3,0,24.00,3,6,8,154.00,0.50,"2026-06-08 15:34:49"
54296,0,10,"2. Mid-Loyal (7-12 Months)",Mobile Phone,1,13,Credit Card,male,3,4,Laptop & Accessory,4,Married,8,0,21.00,1,2,2,174.00,0.50,"2026-06-08 15:34:49"
54297,1,15,"3. Core Loyal (>1 Year)",Computer,1,15,Debit Card,male,3,6,Fashion,1,Single,4,0,16.00,2,2,4,232.00,1.00,"2026-06-08 15:34:49"
54298,0,13,"3. Core Loyal (>1 Year)",Mobile Phone,3,11,Debit Card,female,3,5,Laptop & Accessory,3,Married,6,0,15.00,6,6,10,184.00,1.00,"2026-06-08 15:34:49"
54299,0,1,"1. Junior User (1-6 Months)",Mobile Phone,3,35,Debit Card,male,3,5,Laptop & Accessory,3,Married,4,0,19.00,2,3,-1,211.00,0.67,"2026-06-08 15:34:49"
54300,0,4,"1. Junior User (1-6 Months)",Mobile Phone,2,16,UPI,male,3,4,Laptop & Accessory,1,Married,2,1,20.00,5,5,8,188.00,1.00,"2026-06-08 15:34:49"
54301,1,1,"1. Junior User (1-6 Months)",Mobile Phone,1,16,Credit Card,female,3,4,Mobile Phone,5,Single,9,0,23.00,2,2,5,167.00,1.00,"2026-06-08 15:34:49"
54302,0,19,"3. Core Loyal (>1 Year)",Mobile Phone,1,36,Credit Card,male,3,4,Mobile Phone,1,Single,7,0,14.00,2,2,4,160.00,1.00,"2026-06-08 15:34:49"
54303,0,12,"2. Mid-Loyal (7-12 Months)",Mobile Phone,1,10,Cash on Delivery,female,3,4,Laptop & Accessory,3,Single,5,1,21.00,3,3,3,168.00,1.00,"2026-06-08 15:34:49"
54304,0,4,"1. Junior User (1-6 Months)",Mobile Phone,1,25,Debit Card,female,4,4,Mobile Phone,3,Single,3,0,15.00,2,2,5,151.00,1.00,"2026-06-08 15:34:49"
54305,0,6,"1. Junior User (1-6 Months)",Computer,3,16,Credit Card,male,3,6,Laptop & Accessory,1,Married,2,0,18.00,1,2,8,172.00,0.50,"2026-06-08 15:34:49"
54306,0,4,"1. Junior User (1-6 Months)",Mobile Phone,1,12,Cash on Delivery,female,3,4,Mobile Phone,5,Married,7,0,15.00,1,3,31,157.00,0.33,"2026-06-08 15:34:49"
54307,0,4,"1. Junior User (1-6 Months)",Mobile Phone,1,9,Credit Card,male,3,5,Mobile Phone,1,Single,2,0,14.00,1,2,3,152.00,0.50,"2026-06-08 15:34:49"
54308,0,15,"3. Core Loyal (>1 Year)",Computer,1,17,Debit Card,male,4,5,Grocery,5,Married,6,0,0.0,3,8,8,297.00,0.38,"2026-06-08 15:34:49"
54309,0,15,"3. Core Loyal (>1 Year)",Mobile Phone,1,16,Debit Card,male,4,4,Mobile Phone,5,Married,4,0,22.00,1,2,5,147.00,0.50,"2026-06-08 15:34:49"
54310,0,1,"1. Junior User (1-6 Months)",Mobile Phone,1,10,Credit Card,female,4,4,Mobile Phone,4,Single,3,0,15.00,2,2,1,140.00,1.00,"2026-06-08 15:34:49"
54311,0,14,"3. Core Loyal (>1 Year)",Computer,1,33,Credit Card,female,3,4,Laptop & Accessory,4,Married,3,0,12.00,1,3,14,181.00,0.33,"2026-06-08 15:34:49"
54312,0,9,"2. Mid-Loyal (7-12 Months)",Mobile Phone,3,7,E wallet,male,4,4,Fashion,4,Married,3,0,14.00,1,2,7,198.00,0.50,"2026-06-08 15:34:49"
54313,0,27,"3. Core Loyal (>1 Year)",Mobile Phone,3,13,E wallet,male,3,4,Laptop & Accessory,3,Married,4,1,21.00,1,5,6,148.00,0.20,"2026-06-08 15:34:49"
54314,0,19,"3. Core Loyal (>1 Year)",Mobile Phone,1,16,Debit Card,male,3,4,Laptop & Accessory,4,Married,10,0,19.00,2,2,16,148.00,1.00,"2026-06-08 15:34:49"
54315,0,6,"1. Junior User (1-6 Months)",Computer,3,15,E wallet,female,3,4,Fashion,1,Single,3,0,15.00,3,4,-1,215.00,0.75,"2026-06-08 15:34:49"
54316,0,3,"1. Junior User (1-6 Months)",Computer,1,7,Cash on Delivery,male,3,4,Laptop & Accessory,3,Married,3,0,14.00,1,2,10,168.00,0.50,"2026-06-08 15:34:49"
54317,0,25,"3. Core Loyal (>1 Year)",Mobile Phone,1,14,Credit Card,male,3,5,Laptop & Accessory,3,Married,4,0,18.00,2,2,1,186.00,1.00,"2026-06-08 15:34:49"
54318,0,31,"3. Core Loyal (>1 Year)",Mobile Phone,1,16,Credit Card,female,4,5,Mobile Phone,4,Married,6,1,21.00,2,2,1,158.00,1.00,"2026-06-08 15:34:49"
54319,0,14,"3. Core Loyal (>1 Year)",Mobile Phone,3,11,E wallet,male,4,5,Fashion,1,Married,9,0,12.00,2,0,12,234.00,0.00,"2026-06-08 15:34:49"
54320,0,8,"2. Mid-Loyal (7-12 Months)",Computer,3,9,E wallet,female,4,4,Mobile Phone,3,Married,8,0,19.00,1,2,3,147.00,0.50,"2026-06-08 15:34:49"
54321,0,1,"1. Junior User (1-6 Months)",Mobile Phone,1,26,Credit Card,male,4,4,Mobile Phone,1,Married,3,0,25.00,3,3,3,148.00,1.00,"2026-06-08 15:34:49"
54322,0,1,"1. Junior User (1-6 Months)",Computer,1,16,Credit Card,male,3,4,Mobile Phone,4,Married,8,0,19.00,3,3,3,145.00,1.00,"2026-06-08 15:34:49"
54323,0,2,"1. Junior User (1-6 Months)",Mobile Phone,1,28,Credit Card,male,3,4,Mobile Phone,1,Married,3,0,12.00,1,2,3,152.00,0.50,"2026-06-08 15:34:49"
54324,0,31,"3. Core Loyal (>1 Year)",Mobile Phone,1,31,Debit Card,male,3,2,Fashion,1,Married,5,1,17.00,2,2,-1,219.00,1.00,"2026-06-08 15:34:49"
54325,0,1,"1. Junior User (1-6 Months)",Computer,1,10,Credit Card,male,4,5,Mobile Phone,3,Married,3,1,16.00,1,2,2,151.00,0.50,"2026-06-08 15:34:49"
54326,0,24,"3. Core Loyal (>1 Year)",Mobile Phone,1,18,Debit Card,female,3,4,Others,4,Single,5,0,16.00,1,5,5,324.00,0.20,"2026-06-08 15:34:49"
54327,0,15,"3. Core Loyal (>1 Year)",Mobile Phone,1,21,Debit Card,male,3,4,Mobile Phone,3,Married,6,0,13.00,2,2,9,150.00,1.00,"2026-06-08 15:34:49"
54328,0,4,"1. Junior User (1-6 Months)",Mobile Phone,3,12,Debit Card,female,3,4,Fashion,1,Married,4,0,13.00,2,8,-1,219.00,0.25,"2026-06-08 15:34:49"
54329,0,12,"2. Mid-Loyal (7-12 Months)",Mobile Phone,3,7,Debit Card,female,3,5,Laptop & Accessory,1,Single,6,0,23.00,1,2,-1,212.00,0.50,"2026-06-08 15:34:49"
54330,0,6,"1. Junior User (1-6 Months)",Mobile Phone,1,13,Debit Card,male,3,4,Mobile Phone,3,Single,5,0,21.00,1,2,5,155.00,0.50,"2026-06-08 15:34:49"
54331,0,1,"1. Junior User (1-6 Months)",Mobile Phone,1,24,Cash on Delivery,male,3,4,Mobile Phone,4,Married,2,1,17.00,1,2,2,156.00,0.50,"2026-06-08 15:34:49"
54332,1,1,"1. Junior User (1-6 Months)",Computer,3,7,Cash on Delivery,female,4,6,Mobile Phone,5,Single,2,0,22.00,2,2,1,148.00,1.00,"2026-06-08 15:34:49"
54333,0,10,"2. Mid-Loyal (7-12 Months)",Computer,1,10,Credit Card,male,2,4,Mobile Phone,4,Single,6,0,13.00,3,8,3,146.00,0.38,"2026-06-08 15:34:49"
54334,0,4,"1. Junior User (1-6 Months)",Computer,1,16,Credit Card,male,4,4,Laptop & Accessory,5,Married,3,0,12.00,6,7,11,156.00,0.86,"2026-06-08 15:34:49"
54335,0,19,"3. Core Loyal (>1 Year)",Mobile Phone,3,11,Debit Card,female,2,4,Laptop & Accessory,5,Married,6,1,12.00,1,2,4,175.00,0.50,"2026-06-08 15:34:49"
54336,0,30,"3. Core Loyal (>1 Year)",Mobile Phone,1,15,Debit Card,female,4,4,Mobile Phone,5,Married,6,1,19.00,3,3,3,168.00,1.00,"2026-06-08 15:34:49"
54337,0,7,"2. Mid-Loyal (7-12 Months)",Mobile Phone,1,9,Debit Card,male,3,4,Mobile Phone,1,Single,2,0,15.00,2,2,3,150.00,1.00,"2026-06-08 15:34:49"
54338,1,1,"1. Junior User (1-6 Months)",Mobile Phone,1,9,Debit Card,male,3,5,Mobile Phone,1,Single,3,0,23.00,2,2,1,136.00,1.00,"2026-06-08 15:34:49"
54339,0,20,"3. Core Loyal (>1 Year)",Mobile Phone,3,7,E wallet,female,4,4,Fashion,5,Married,3,0,26.00,9,16,-1,230.00,0.56,"2026-06-08 15:34:49"
54340,0,12,"2. Mid-Loyal (7-12 Months)",Mobile Phone,1,16,Debit Card,female,4,4,Mobile Phone,1,Single,3,0,13.00,2,3,2,148.00,0.67,"2026-06-08 15:34:49"
54341,0,5,"1. Junior User (1-6 Months)",Mobile Phone,1,19,Credit Card,female,4,4,Mobile Phone,1,Married,10,1,24.00,2,2,3,164.00,1.00,"2026-06-08 15:34:49"
54342,0,8,"2. Mid-Loyal (7-12 Months)",Mobile Phone,1,34,Credit Card,female,4,4,Mobile Phone,4,Single,4,0,16.00,1,2,3,148.00,0.50,"2026-06-08 15:34:49"
54343,1,5,"1. Junior User (1-6 Months)",Mobile Phone,3,27,E wallet,female,4,4,Mobile Phone,4,Single,3,1,23.00,1,2,3,156.00,0.50,"2026-06-08 15:34:49"
54344,0,24,"3. Core Loyal (>1 Year)",Mobile Phone,1,7,Credit Card,male,3,5,Mobile Phone,3,Married,4,0,16.00,2,2,3,162.00,1.00,"2026-06-08 15:34:49"
54345,0,27,"3. Core Loyal (>1 Year)",Mobile Phone,1,20,Credit Card,female,3,2,Laptop & Accessory,5,Married,3,0,12.00,2,2,4,170.00,1.00,"2026-06-08 15:34:49"
54346,0,7,"2. Mid-Loyal (7-12 Months)",Mobile Phone,1,21,Credit Card,female,4,4,Mobile Phone,4,Married,3,0,14.00,2,2,7,153.00,1.00,"2026-06-08 15:34:49"
54347,0,14,"3. Core Loyal (>1 Year)",Mobile Phone,1,11,Credit Card,female,3,4,Others,3,Married,3,0,0.0,2,10,10,315.00,0.20,"2026-06-08 15:34:49"
54348,0,29,"3. Core Loyal (>1 Year)",Mobile Phone,1,21,Credit Card,male,4,2,Others,4,Single,10,0,0.0,3,3,16,312.00,1.00,"2026-06-08 15:34:49"
54349,0,8,"2. Mid-Loyal (7-12 Months)",Computer,1,9,Debit Card,male,3,5,Laptop & Accessory,3,Married,3,0,18.00,1,2,-1,220.00,0.50,"2026-06-08 15:34:49"
54350,0,25,"3. Core Loyal (>1 Year)",Mobile Phone,1,10,Credit Card,female,4,4,Grocery,4,Single,5,0,19.00,0,2,1,262.00,0.00,"2026-06-08 15:34:49"
54351,0,26,"3. Core Loyal (>1 Year)",Mobile Phone,1,7,Debit Card,male,4,5,Others,3,Married,2,0,15.00,8,12,10,325.00,0.67,"2026-06-08 15:34:49"
54352,0,1,"1. Junior User (1-6 Months)",Mobile Phone,1,16,Credit Card,female,5,4,Mobile Phone,4,Single,3,0,17.00,1,2,4,148.00,0.50,"2026-06-08 15:34:49"
54353,1,1,"1. Junior User (1-6 Months)",Mobile Phone,1,30,Debit Card,male,3,5,Laptop & Accessory,3,Married,5,1,14.00,2,2,2,184.00,1.00,"2026-06-08 15:34:49"
54354,0,17,"3. Core Loyal (>1 Year)",Computer,1,14,Credit Card,male,3,2,Mobile Phone,1,Married,6,0,15.00,2,3,3,146.00,0.67,"2026-06-08 15:34:49"
54355,0,19,"3. Core Loyal (>1 Year)",Computer,1,9,Credit Card,male,4,5,Grocery,1,Married,11,0,0.0,2,12,9,293.00,0.17,"2026-06-08 15:34:49"
54356,0,11,"2. Mid-Loyal (7-12 Months)",Mobile Phone,1,28,Debit Card,male,4,2,Mobile Phone,5,Married,3,1,13.00,2,2,8,161.00,1.00,"2026-06-08 15:34:49"
54357,0,9,"2. Mid-Loyal (7-12 Months)",Computer,1,9,Credit Card,female,3,4,Laptop & Accessory,4,Single,7,0,12.00,1,2,3,169.00,0.50,"2026-06-08 15:34:49"
54358,0,16,"3. Core Loyal (>1 Year)",Computer,1,28,Credit Card,female,3,4,Laptop & Accessory,3,Married,4,0,17.00,1,2,3,178.00,0.50,"2026-06-08 15:34:49"
54359,0,12,"2. Mid-Loyal (7-12 Months)",Mobile Phone,1,9,Debit Card,male,3,4,Laptop & Accessory,3,Married,11,0,15.00,2,2,1,191.00,1.00,"2026-06-08 15:34:49"
54360,0,12,"2. Mid-Loyal (7-12 Months)",Mobile Phone,1,36,Cash on Delivery,male,3,4,Laptop & Accessory,1,Married,5,0,19.00,1,2,8,188.00,0.50,"2026-06-08 15:34:49"
54361,0,1,"1. Junior User (1-6 Months)",Computer,1,7,Cash on Delivery,male,3,5,Laptop & Accessory,5,Married,7,0,20.00,3,3,1,168.00,1.00,"2026-06-08 15:34:49"
54362,0,23,"3. Core Loyal (>1 Year)",Computer,1,25,Debit Card,male,4,4,Laptop & Accessory,1,Married,3,1,16.00,1,2,8,193.00,0.50,"2026-06-08 15:34:49"
54363,0,8,"2. Mid-Loyal (7-12 Months)",Computer,1,17,Credit Card,male,3,4,Mobile Phone,3,Married,3,1,18.00,3,3,1,163.00,1.00,"2026-06-08 15:34:49"
54364,0,14,"3. Core Loyal (>1 Year)",Mobile Phone,1,26,Credit Card,male,2,4,Laptop & Accessory,1,Married,10,1,16.00,4,4,8,152.00,1.00,"2026-06-08 15:34:49"
54365,1,2,"1. Junior User (1-6 Months)",Mobile Phone,1,36,Credit Card,male,4,4,Laptop & Accessory,5,Married,9,1,20.00,2,2,1,192.00,1.00,"2026-06-08 15:34:49"
54366,1,1,"1. Junior User (1-6 Months)",Mobile Phone,3,34,E wallet,female,3,4,Fashion,1,Married,3,0,23.00,1,2,10,201.00,0.50,"2026-06-08 15:34:49"
54367,0,1,"1. Junior User (1-6 Months)",Mobile Phone,1,12,Debit Card,male,3,2,Mobile Phone,4,Married,3,1,17.00,3,3,3,148.00,1.00,"2026-06-08 15:34:49"
54368,0,10,"2. Mid-Loyal (7-12 Months)",Computer,1,25,Credit Card,female,4,4,Mobile Phone,1,Single,3,0,14.00,1,2,8,147.00,0.50,"2026-06-08 15:34:49"
54369,0,14,"3. Core Loyal (>1 Year)",Computer,1,16,Debit Card,male,4,5,Laptop & Accessory,1,Married,11,0,15.00,1,2,3,174.00,0.50,"2026-06-08 15:34:49"
54370,0,20,"3. Core Loyal (>1 Year)",Mobile Phone,1,7,Credit Card,male,4,4,Fashion,5,Married,9,0,17.00,1,2,-1,219.00,0.50,"2026-06-08 15:34:49"
54371,1,1,"1. Junior User (1-6 Months)",Mobile Phone,3,11,Credit Card,male,3,6,Fashion,1,Married,3,0,12.00,7,10,-1,229.00,0.70,"2026-06-08 15:34:49"
54372,0,4,"1. Junior User (1-6 Months)",Computer,1,7,Debit Card,male,3,5,Fashion,3,Single,3,0,23.00,5,6,-1,210.00,0.83,"2026-06-08 15:34:49"
54373,0,1,"1. Junior User (1-6 Months)",Computer,3,27,Debit Card,female,3,4,Laptop & Accessory,3,Single,3,0,15.00,2,2,-1,225.00,1.00,"2026-06-08 15:34:49"
54374,0,25,"3. Core Loyal (>1 Year)",Mobile Phone,1,15,Debit Card,male,3,5,Fashion,4,Married,7,0,17.00,3,0,8,250.00,0.00,"2026-06-08 15:34:49"
54375,1,1,"1. Junior User (1-6 Months)",Mobile Phone,1,10,Cash on Delivery,female,3,4,Mobile Phone,5,Single,7,1,12.00,1,2,5,152.00,0.50,"2026-06-08 15:34:49"
54376,0,15,"3. Core Loyal (>1 Year)",Mobile Phone,3,13,Debit Card,female,4,4,Fashion,1,Single,5,1,19.00,0,2,1,261.00,0.00,"2026-06-08 15:34:49"
54377,1,1,"1. Junior User (1-6 Months)",Computer,3,33,E wallet,female,3,5,Laptop & Accessory,5,Single,7,0,16.00,2,2,2,192.00,1.00,"2026-06-08 15:34:49"
54378,1,1,"1. Junior User (1-6 Months)",Mobile Phone,1,7,Cash on Delivery,male,3,4,Mobile Phone,3,Single,2,0,15.00,1,2,6,146.00,0.50,"2026-06-08 15:34:49"
54379,0,19,"3. Core Loyal (>1 Year)",Computer,3,13,Credit Card,female,3,5,Fashion,1,Single,8,0,13.00,6,13,-1,214.00,0.46,"2026-06-08 15:34:49"
54380,0,28,"3. Core Loyal (>1 Year)",Mobile Phone,3,10,E wallet,female,3,4,Laptop & Accessory,5,Married,4,0,15.00,2,2,6,184.00,1.00,"2026-06-08 15:34:49"
54381,0,10,"2. Mid-Loyal (7-12 Months)",Mobile Phone,1,12,Debit Card,male,4,4,Laptop & Accessory,4,Single,10,0,17.00,3,4,8,184.00,0.75,"2026-06-08 15:34:49"
54382,0,7,"2. Mid-Loyal (7-12 Months)",Mobile Phone,1,11,Credit Card,female,3,5,Mobile Phone,4,Married,8,0,22.00,1,2,2,151.00,0.50,"2026-06-08 15:34:49"
54383,0,11,"2. Mid-Loyal (7-12 Months)",Computer,1,18,UPI,male,3,4,Fashion,1,Married,3,1,15.00,2,0,8,247.00,0.00,"2026-06-08 15:34:49"
54384,0,12,"2. Mid-Loyal (7-12 Months)",Mobile Phone,3,10,Debit Card,male,4,4,Fashion,3,Married,2,0,13.00,2,6,-1,231.00,0.33,"2026-06-08 15:34:49"
54385,0,5,"1. Junior User (1-6 Months)",Computer,1,7,Credit Card,male,3,6,Laptop & Accessory,3,Married,2,0,13.00,1,2,5,168.00,0.50,"2026-06-08 15:34:49"
54386,0,31,"3. Core Loyal (>1 Year)",Mobile Phone,1,10,Debit Card,male,4,5,Mobile Phone,1,Married,5,0,18.00,1,2,1,147.00,0.50,"2026-06-08 15:34:49"
54387,0,11,"2. Mid-Loyal (7-12 Months)",Computer,3,11,E wallet,male,3,4,Mobile Phone,1,Married,6,0,18.00,4,6,9,153.00,0.67,"2026-06-08 15:34:49"
54388,0,3,"1. Junior User (1-6 Months)",Computer,3,7,Credit Card,female,3,4,Fashion,1,Married,3,0,15.00,5,5,2,204.00,1.00,"2026-06-08 15:34:49"
54389,0,9,"2. Mid-Loyal (7-12 Months)",Computer,3,7,E wallet,female,4,4,Fashion,3,Single,3,0,15.00,2,2,-1,213.00,1.00,"2026-06-08 15:34:49"
54390,1,1,"1. Junior User (1-6 Months)",Mobile Phone,1,25,Credit Card,male,3,5,Mobile Phone,1,Single,3,1,14.00,1,2,2,149.00,0.50,"2026-06-08 15:34:49"
54391,0,26,"3. Core Loyal (>1 Year)",Mobile Phone,1,9,Debit Card,female,3,5,Mobile Phone,1,Single,9,0,16.00,3,3,3,157.00,1.00,"2026-06-08 15:34:49"
54392,0,16,"3. Core Loyal (>1 Year)",Mobile Phone,1,11,Cash on Delivery,male,3,4,Others,1,Married,3,0,0.0,1,12,16,317.00,0.08,"2026-06-08 15:34:49"
54393,0,31,"3. Core Loyal (>1 Year)",Mobile Phone,2,13,Credit Card,male,3,4,Mobile Phone,3,Married,10,0,18.00,1,3,3,148.00,0.33,"2026-06-08 15:34:49"
54394,0,24,"3. Core Loyal (>1 Year)",Mobile Phone,3,7,Credit Card,female,4,4,Others,1,Married,5,0,0.0,2,2,7,320.00,1.00,"2026-06-08 15:34:49"
54395,1,1,"1. Junior User (1-6 Months)",Mobile Phone,1,21,Credit Card,male,3,4,Mobile Phone,1,Married,7,1,14.00,2,2,5,149.00,1.00,"2026-06-08 15:34:49"
54396,0,17,"3. Core Loyal (>1 Year)",Mobile Phone,3,23,E wallet,female,4,4,Grocery,1,Married,7,1,23.00,0,2,10,286.00,0.00,"2026-06-08 15:34:49"
54397,1,1,"1. Junior User (1-6 Months)",Mobile Phone,1,9,Debit Card,female,3,4,Mobile Phone,5,Married,9,0,21.00,2,2,8,152.00,1.00,"2026-06-08 15:34:49"
54398,0,26,"3. Core Loyal (>1 Year)",Computer,3,9,Debit Card,male,4,5,Others,3,Single,3,1,0.0,2,16,13,316.00,0.13,"2026-06-08 15:34:49"
54399,0,6,"1. Junior User (1-6 Months)",Mobile Phone,3,11,Debit Card,female,3,4,Mobile Phone,4,Married,4,0,12.00,2,2,3,164.00,1.00,"2026-06-08 15:34:49"
54400,1,1,"1. Junior User (1-6 Months)",Mobile Phone,1,7,Debit Card,male,4,5,Mobile Phone,3,Single,2,1,15.00,1,2,3,162.00,0.50,"2026-06-08 15:34:49"
54401,0,13,"3. Core Loyal (>1 Year)",Mobile Phone,1,7,Credit Card,female,4,4,Mobile Phone,3,Married,9,0,15.00,2,2,3,147.00,1.00,"2026-06-08 15:34:49"
54402,0,6,"1. Junior User (1-6 Months)",Computer,3,33,E wallet,male,4,4,Laptop & Accessory,1,Married,2,0,19.00,3,3,3,170.00,1.00,"2026-06-08 15:34:49"
54403,0,15,"3. Core Loyal (>1 Year)",Mobile Phone,1,26,Debit Card,male,3,4,Laptop & Accessory,5,Married,4,0,17.00,1,2,1,156.00,0.50,"2026-06-08 15:34:49"
54404,0,14,"3. Core Loyal (>1 Year)",Mobile Phone,1,31,Cash on Delivery,male,4,4,Laptop & Accessory,1,Married,3,0,18.00,3,5,8,158.00,0.60,"2026-06-08 15:34:49"
54405,0,19,"3. Core Loyal (>1 Year)",Mobile Phone,1,7,UPI,male,4,2,Others,1,Married,2,0,0.0,2,2,8,317.00,1.00,"2026-06-08 15:34:49"
54406,0,5,"1. Junior User (1-6 Months)",Computer,1,10,Credit Card,male,4,4,Fashion,3,Married,11,0,13.00,0,3,3,262.00,0.00,"2026-06-08 15:34:49"
54407,0,7,"2. Mid-Loyal (7-12 Months)",Mobile Phone,1,12,Debit Card,female,4,5,Mobile Phone,1,Married,3,0,14.00,1,2,3,154.00,0.50,"2026-06-08 15:34:49"
54408,0,8,"2. Mid-Loyal (7-12 Months)",Mobile Phone,1,9,Debit Card,male,3,5,Laptop & Accessory,5,Married,8,0,14.00,1,6,10,185.00,0.17,"2026-06-08 15:34:49"
54409,0,11,"2. Mid-Loyal (7-12 Months)",Mobile Phone,1,7,Credit Card,female,3,5,Mobile Phone,5,Married,4,0,15.00,1,2,3,164.00,0.50,"2026-06-08 15:34:49"
54410,0,19,"3. Core Loyal (>1 Year)",Computer,1,14,Debit Card,male,4,2,Laptop & Accessory,3,Married,6,0,18.00,2,2,3,189.00,1.00,"2026-06-08 15:34:49"
54411,1,1,"1. Junior User (1-6 Months)",Computer,1,17,Credit Card,male,4,4,Fashion,3,Married,8,0,12.00,1,2,-1,225.00,0.50,"2026-06-08 15:34:49"
54412,0,13,"3. Core Loyal (>1 Year)",Computer,1,9,Cash on Delivery,female,4,4,Fashion,3,Single,2,0,26.00,7,0,9,234.00,0.00,"2026-06-08 15:34:49"
54413,0,3,"1. Junior User (1-6 Months)",Mobile Phone,1,22,Debit Card,male,3,4,Mobile Phone,1,Single,3,0,20.00,2,2,6,148.00,1.00,"2026-06-08 15:34:49"
54414,0,16,"3. Core Loyal (>1 Year)",Mobile Phone,1,24,Debit Card,female,3,2,Laptop & Accessory,5,Single,5,1,14.00,2,2,3,190.00,1.00,"2026-06-08 15:34:49"
54415,0,3,"1. Junior User (1-6 Months)",Mobile Phone,3,27,E wallet,male,3,4,Laptop & Accessory,1,Married,4,0,15.00,2,2,3,194.00,1.00,"2026-06-08 15:34:49"
54416,0,1,"1. Junior User (1-6 Months)",Mobile Phone,1,7,Debit Card,female,4,4,Laptop & Accessory,3,Married,2,0,13.00,2,2,3,174.00,1.00,"2026-06-08 15:34:49"
54417,0,16,"3. Core Loyal (>1 Year)",Mobile Phone,1,9,Credit Card,female,3,5,Mobile Phone,5,Married,2,1,12.00,8,8,9,151.00,1.00,"2026-06-08 15:34:49"
54418,0,14,"3. Core Loyal (>1 Year)",Mobile Phone,1,9,Credit Card,male,3,4,Others,3,Married,2,0,0.0,4,4,10,319.00,1.00,"2026-06-08 15:34:49"
54419,0,25,"3. Core Loyal (>1 Year)",Mobile Phone,1,7,Debit Card,male,4,4,Mobile Phone,1,Married,3,0,12.00,2,2,1,152.00,1.00,"2026-06-08 15:34:49"
54420,1,1,"1. Junior User (1-6 Months)",Computer,1,36,Credit Card,male,4,5,Mobile Phone,4,Single,2,0,12.00,1,2,5,160.00,0.50,"2026-06-08 15:34:49"
54421,0,6,"1. Junior User (1-6 Months)",Computer,1,14,Debit Card,male,4,2,Mobile Phone,4,Married,3,0,21.00,1,2,4,153.00,0.50,"2026-06-08 15:34:49"
54422,0,12,"2. Mid-Loyal (7-12 Months)",Computer,3,9,Debit Card,male,3,5,Laptop & Accessory,1,Married,5,0,19.00,2,8,6,177.00,0.25,"2026-06-08 15:34:49"
54423,0,6,"1. Junior User (1-6 Months)",Mobile Phone,1,9,Cash on Delivery,male,3,5,Laptop & Accessory,5,Single,6,0,14.00,1,2,5,147.00,0.50,"2026-06-08 15:34:49"
54424,0,20,"3. Core Loyal (>1 Year)",Mobile Phone,3,9,Cash on Delivery,female,4,6,Grocery,4,Married,5,1,0.0,7,8,8,294.00,0.88,"2026-06-08 15:34:49"
54425,1,1,"1. Junior User (1-6 Months)",Mobile Phone,1,9,Debit Card,male,4,4,Mobile Phone,3,Single,4,0,12.00,1,2,1,160.00,0.50,"2026-06-08 15:34:49"
54426,0,3,"1. Junior User (1-6 Months)",Mobile Phone,3,9,Credit Card,male,4,5,Laptop & Accessory,4,Married,4,0,20.00,2,2,1,191.00,1.00,"2026-06-08 15:34:49"
54427,0,5,"1. Junior User (1-6 Months)",Mobile Phone,1,30,Credit Card,male,4,5,Laptop & Accessory,1,Married,2,0,22.00,1,8,9,181.00,0.13,"2026-06-08 15:34:49"
54428,0,1,"1. Junior User (1-6 Months)",Computer,1,12,Debit Card,male,3,2,Laptop & Accessory,5,Married,3,0,13.00,2,2,6,165.00,1.00,"2026-06-08 15:34:49"
54429,0,19,"3. Core Loyal (>1 Year)",Mobile Phone,1,27,Credit Card,male,4,4,Grocery,1,Married,2,1,15.00,3,0,11,260.00,0.00,"2026-06-08 15:34:49"
54430,0,10,"2. Mid-Loyal (7-12 Months)",Mobile Phone,1,13,Debit Card,male,3,4,Mobile Phone,1,Married,2,0,12.00,2,11,12,157.00,0.18,"2026-06-08 15:34:49"
54431,0,29,"3. Core Loyal (>1 Year)",Mobile Phone,1,7,Credit Card,male,3,4,Others,5,Single,2,1,0.0,4,5,14,315.00,0.80,"2026-06-08 15:34:49"
54432,1,11,"2. Mid-Loyal (7-12 Months)",Computer,1,36,Debit Card,male,3,4,Fashion,4,Married,3,1,13.00,5,0,10,243.00,0.00,"2026-06-08 15:34:49"
54433,0,2,"1. Junior User (1-6 Months)",Mobile Phone,1,16,Credit Card,male,4,4,Mobile Phone,1,Married,3,0,24.00,2,2,5,146.00,1.00,"2026-06-08 15:34:49"
54434,0,11,"2. Mid-Loyal (7-12 Months)",Mobile Phone,3,13,Credit Card,male,4,4,Laptop & Accessory,1,Married,6,0,15.00,2,2,2,190.00,1.00,"2026-06-08 15:34:49"
54435,0,1,"1. Junior User (1-6 Months)",Mobile Phone,1,10,Credit Card,male,4,5,Mobile Phone,3,Single,3,0,18.00,2,2,1,157.00,1.00,"2026-06-08 15:34:49"
54436,0,11,"2. Mid-Loyal (7-12 Months)",Computer,1,7,Credit Card,female,4,4,Fashion,1,Married,4,1,19.00,0,2,3,261.00,0.00,"2026-06-08 15:34:49"
54437,0,9,"2. Mid-Loyal (7-12 Months)",Mobile Phone,1,29,Debit Card,female,4,2,Fashion,4,Married,9,0,19.00,6,0,3,245.00,0.00,"2026-06-08 15:34:49"
54438,0,12,"2. Mid-Loyal (7-12 Months)",Mobile Phone,3,14,Credit Card,female,3,2,Laptop & Accessory,5,Married,3,1,25.00,5,8,8,181.00,0.63,"2026-06-08 15:34:49"
54439,0,1,"1. Junior User (1-6 Months)",Computer,1,7,Debit Card,female,3,4,Laptop & Accessory,4,Married,3,0,21.00,2,2,5,189.00,1.00,"2026-06-08 15:34:49"
54440,0,24,"3. Core Loyal (>1 Year)",Mobile Phone,1,11,Debit Card,male,4,4,Others,4,Married,5,0,0.0,1,2,7,316.00,0.50,"2026-06-08 15:34:49"
54441,0,27,"3. Core Loyal (>1 Year)",Mobile Phone,1,10,Credit Card,male,3,4,Grocery,3,Married,5,1,0.0,2,2,4,301.00,1.00,"2026-06-08 15:34:49"
54442,0,16,"3. Core Loyal (>1 Year)",Mobile Phone,3,7,Debit Card,male,2,4,Laptop & Accessory,3,Married,3,0,26.00,7,12,7,174.00,0.58,"2026-06-08 15:34:49"
54443,0,3,"1. Junior User (1-6 Months)",Computer,3,9,Debit Card,male,3,4,Laptop & Accessory,1,Single,3,0,19.00,1,2,10,171.00,0.50,"2026-06-08 15:34:49"
54444,0,29,"3. Core Loyal (>1 Year)",Mobile Phone,1,27,Cash on Delivery,male,3,4,Laptop & Accessory,1,Married,5,1,20.00,1,2,9,179.00,0.50,"2026-06-08 15:34:49"
54445,0,1,"1. Junior User (1-6 Months)",Computer,1,18,Credit Card,male,3,4,Laptop & Accessory,5,Married,3,1,14.00,2,4,4,172.00,0.50,"2026-06-08 15:34:49"
54446,0,11,"2. Mid-Loyal (7-12 Months)",Mobile Phone,1,7,Debit Card,female,3,4,Mobile Phone,1,Single,3,0,13.00,2,6,8,146.00,0.33,"2026-06-08 15:34:49"
54447,1,8,"2. Mid-Loyal (7-12 Months)",Computer,1,31,Debit Card,male,3,4,Mobile Phone,3,Married,5,1,23.00,1,2,1,157.00,0.50,"2026-06-08 15:34:49"
54448,0,12,"2. Mid-Loyal (7-12 Months)",Mobile Phone,1,30,Debit Card,male,3,4,Laptop & Accessory,1,Married,11,0,15.00,1,2,3,182.00,0.50,"2026-06-08 15:34:49"
54449,1,1,"1. Junior User (1-6 Months)",Mobile Phone,1,23,Credit Card,male,3,4,Mobile Phone,4,Married,4,1,14.00,2,2,3,149.00,1.00,"2026-06-08 15:34:49"
54450,0,2,"1. Junior User (1-6 Months)",Mobile Phone,1,15,Debit Card,female,4,4,Mobile Phone,1,Single,3,0,22.00,2,2,3,158.00,1.00,"2026-06-08 15:34:49"
54451,0,23,"3. Core Loyal (>1 Year)",Computer,1,17,Debit Card,female,3,4,Others,5,Single,11,1,0.0,1,2,3,312.00,0.50,"2026-06-08 15:34:49"
54452,0,10,"2. Mid-Loyal (7-12 Months)",Mobile Phone,1,10,Cash on Delivery,male,2,4,Laptop & Accessory,4,Single,6,0,13.00,3,8,8,170.00,0.38,"2026-06-08 15:34:49"
54453,0,5,"1. Junior User (1-6 Months)",Computer,3,12,E wallet,female,3,4,Mobile Phone,4,Married,3,0,12.00,1,3,3,153.00,0.33,"2026-06-08 15:34:49"
54454,1,1,"1. Junior User (1-6 Months)",Mobile Phone,3,11,E wallet,male,3,5,Laptop & Accessory,1,Single,3,1,13.00,5,8,5,183.00,0.63,"2026-06-08 15:34:49"
54455,0,11,"2. Mid-Loyal (7-12 Months)",Computer,1,16,Credit Card,male,3,4,Mobile Phone,1,Married,3,1,13.00,1,2,3,148.00,0.50,"2026-06-08 15:34:49"
54456,0,16,"3. Core Loyal (>1 Year)",Computer,3,33,E wallet,female,4,4,Grocery,4,Married,7,0,15.00,4,0,9,260.00,0.00,"2026-06-08 15:34:49"
54457,1,1,"1. Junior User (1-6 Months)",Mobile Phone,1,10,Debit Card,male,3,4,Mobile Phone,3,Single,3,0,14.00,2,2,1,139.00,1.00,"2026-06-08 15:34:49"
54458,0,9,"2. Mid-Loyal (7-12 Months)",Mobile Phone,3,23,E wallet,male,4,4,Fashion,4,Married,2,0,16.00,4,7,10,205.00,0.57,"2026-06-08 15:34:49"
54459,0,10,"2. Mid-Loyal (7-12 Months)",Computer,1,25,Debit Card,male,3,2,Mobile Phone,1,Married,6,0,19.00,2,2,1,162.00,1.00,"2026-06-08 15:34:49"
54460,0,25,"3. Core Loyal (>1 Year)",Mobile Phone,1,9,Credit Card,male,3,6,Laptop & Accessory,4,Married,7,0,19.00,1,2,3,180.00,0.50,"2026-06-08 15:34:49"
54461,0,15,"3. Core Loyal (>1 Year)",Mobile Phone,3,9,Debit Card,male,3,4,Grocery,4,Single,3,0,20.00,0,2,5,285.00,0.00,"2026-06-08 15:34:49"
54462,0,1,"1. Junior User (1-6 Months)",Mobile Phone,3,17,Credit Card,female,4,5,Mobile Phone,3,Single,3,0,13.00,1,2,1,137.00,0.50,"2026-06-08 15:34:49"
54463,0,2,"1. Junior User (1-6 Months)",Mobile Phone,1,23,Credit Card,male,4,2,Laptop & Accessory,5,Single,2,0,20.00,1,2,8,182.00,0.50,"2026-06-08 15:34:49"
54464,0,5,"1. Junior User (1-6 Months)",Mobile Phone,3,14,Cash on Delivery,male,4,2,Laptop & Accessory,1,Married,6,0,12.00,4,8,8,194.00,0.50,"2026-06-08 15:34:49"
54465,0,13,"3. Core Loyal (>1 Year)",Mobile Phone,1,7,Credit Card,male,3,2,Fashion,1,Married,2,0,18.00,2,4,-1,221.00,0.50,"2026-06-08 15:34:49"
54466,0,10,"2. Mid-Loyal (7-12 Months)",Computer,1,31,Debit Card,female,3,4,Laptop & Accessory,4,Married,9,0,16.00,2,2,9,182.00,1.00,"2026-06-08 15:34:49"
54467,0,6,"1. Junior User (1-6 Months)",Mobile Phone,3,14,Debit Card,male,4,5,Laptop & Accessory,3,Married,3,0,15.00,4,5,9,180.00,0.80,"2026-06-08 15:34:49"
54468,0,12,"2. Mid-Loyal (7-12 Months)",Mobile Phone,1,32,Debit Card,female,3,5,Fashion,4,Married,5,0,18.00,1,0,2,246.00,0.00,"2026-06-08 15:34:49"
54469,0,31,"3. Core Loyal (>1 Year)",Computer,1,7,Debit Card,male,3,6,Laptop & Accessory,3,Married,4,1,14.00,2,2,3,182.00,1.00,"2026-06-08 15:34:49"
54470,0,5,"1. Junior User (1-6 Months)",Mobile Phone,1,12,Cash on Delivery,male,3,4,Mobile Phone,1,Married,2,1,13.00,2,2,4,173.00,1.00,"2026-06-08 15:34:49"
54471,0,5,"1. Junior User (1-6 Months)",Mobile Phone,2,9,UPI,male,4,5,Laptop & Accessory,5,Married,5,0,13.00,1,2,1,189.00,0.50,"2026-06-08 15:34:49"
54472,0,19,"3. Core Loyal (>1 Year)",Computer,1,14,Debit Card,male,4,4,Fashion,5,Married,3,0,19.00,3,10,12,177.00,0.30,"2026-06-08 15:34:49"
54473,0,5,"1. Junior User (1-6 Months)",Mobile Phone,1,9,Debit Card,male,3,4,Mobile Phone,1,Married,2,1,19.00,3,3,3,152.00,1.00,"2026-06-08 15:34:49"
54474,0,7,"2. Mid-Loyal (7-12 Months)",Computer,1,12,Debit Card,female,4,4,Fashion,4,Married,8,0,12.00,8,0,9,244.00,0.00,"2026-06-08 15:34:49"
54475,0,1,"1. Junior User (1-6 Months)",Mobile Phone,1,17,Credit Card,male,4,4,Grocery,5,Married,3,1,0.0,2,12,11,296.00,0.17,"2026-06-08 15:34:49"
54476,0,17,"3. Core Loyal (>1 Year)",Computer,1,17,Debit Card,female,3,4,Mobile Phone,1,Single,2,0,20.00,1,2,8,150.00,0.50,"2026-06-08 15:34:49"
54477,0,23,"3. Core Loyal (>1 Year)",Mobile Phone,1,7,Cash on Delivery,female,3,5,Grocery,3,Single,9,1,13.00,0,2,8,265.00,0.00,"2026-06-08 15:34:49"
54478,1,16,"3. Core Loyal (>1 Year)",Mobile Phone,1,15,Credit Card,male,3,5,Laptop & Accessory,4,Married,4,0,16.00,8,8,8,174.00,1.00,"2026-06-08 15:34:49"
54479,0,1,"1. Junior User (1-6 Months)",Mobile Phone,1,12,Debit Card,female,3,4,Mobile Phone,4,Single,3,1,13.00,1,2,3,150.00,0.50,"2026-06-08 15:34:49"
54480,0,6,"1. Junior User (1-6 Months)",Mobile Phone,3,15,Cash on Delivery,female,4,5,Laptop & Accessory,4,Married,3,1,12.00,12,12,10,177.00,1.00,"2026-06-08 15:34:49"
54481,0,1,"1. Junior User (1-6 Months)",Mobile Phone,3,9,Debit Card,male,4,4,Laptop & Accessory,3,Single,3,1,12.00,1,2,5,170.00,0.50,"2026-06-08 15:34:49"
54482,0,5,"1. Junior User (1-6 Months)",Mobile Phone,3,14,E wallet,male,4,4,Laptop & Accessory,1,Married,6,0,13.00,1,2,8,200.00,0.50,"2026-06-08 15:34:49"
54483,0,6,"1. Junior User (1-6 Months)",Mobile Phone,1,9,Credit Card,female,4,2,Laptop & Accessory,1,Single,9,0,17.00,1,2,8,176.00,0.50,"2026-06-08 15:34:49"
54484,1,1,"1. Junior User (1-6 Months)",Mobile Phone,1,9,Credit Card,male,3,6,Mobile Phone,1,Married,7,1,14.00,2,3,3,160.00,0.67,"2026-06-08 15:34:49"
54485,0,4,"1. Junior User (1-6 Months)",Mobile Phone,1,35,Credit Card,female,4,4,Laptop & Accessory,1,Married,3,0,14.00,2,2,10,183.00,1.00,"2026-06-08 15:34:49"
54486,0,5,"1. Junior User (1-6 Months)",Computer,1,14,Debit Card,female,3,5,Fashion,3,Married,3,0,25.00,8,9,-1,214.00,0.89,"2026-06-08 15:34:49"
54487,0,13,"3. Core Loyal (>1 Year)",Computer,1,14,Credit Card,male,3,5,Others,1,Married,3,0,0.0,7,14,4,318.00,0.50,"2026-06-08 15:34:49"
54488,1,3,"1. Junior User (1-6 Months)",Mobile Phone,3,10,Credit Card,female,3,4,Laptop & Accessory,3,Married,6,1,19.00,2,2,1,177.00,1.00,"2026-06-08 15:34:49"
54489,0,7,"2. Mid-Loyal (7-12 Months)",Computer,3,17,E wallet,male,3,5,Laptop & Accessory,1,Single,5,0,15.00,2,2,2,172.00,1.00,"2026-06-08 15:34:49"
54490,0,21,"3. Core Loyal (>1 Year)",Mobile Phone,1,12,Debit Card,male,3,4,Others,3,Married,6,0,0.0,2,2,2,308.00,1.00,"2026-06-08 15:34:49"
54491,0,17,"3. Core Loyal (>1 Year)",Computer,1,17,Debit Card,female,3,5,Laptop & Accessory,3,Married,3,0,12.00,2,2,1,178.00,1.00,"2026-06-08 15:34:49"
54492,0,1,"1. Junior User (1-6 Months)",Computer,3,7,E wallet,male,4,4,Laptop & Accessory,4,Married,2,1,14.00,1,2,5,188.00,0.50,"2026-06-08 15:34:49"
54493,0,28,"3. Core Loyal (>1 Year)",Computer,1,27,Debit Card,female,3,4,Laptop & Accessory,3,Single,5,0,13.00,1,2,4,174.00,0.50,"2026-06-08 15:34:49"
54494,0,17,"3. Core Loyal (>1 Year)",Mobile Phone,1,14,Debit Card,female,3,4,Fashion,5,Married,10,0,17.00,2,2,-1,225.00,1.00,"2026-06-08 15:34:49"
54495,0,19,"3. Core Loyal (>1 Year)",Mobile Phone,1,15,UPI,male,4,4,Laptop & Accessory,1,Married,11,0,15.00,9,10,9,162.00,0.90,"2026-06-08 15:34:49"
54496,0,14,"3. Core Loyal (>1 Year)",Mobile Phone,3,7,Credit Card,male,3,6,Laptop & Accessory,1,Married,4,1,23.00,2,2,3,200.00,1.00,"2026-06-08 15:34:49"
54497,1,1,"1. Junior User (1-6 Months)",Mobile Phone,1,15,UPI,male,4,6,Mobile Phone,5,Married,3,1,12.00,1,2,8,146.00,0.50,"2026-06-08 15:34:49"
54498,0,3,"1. Junior User (1-6 Months)",Mobile Phone,1,16,UPI,male,2,5,Mobile Phone,1,Single,2,0,18.00,2,3,3,165.00,0.67,"2026-06-08 15:34:49"
54499,0,4,"1. Junior User (1-6 Months)",Mobile Phone,3,12,E wallet,female,2,5,Laptop & Accessory,3,Married,3,0,14.00,2,2,3,186.00,1.00,"2026-06-08 15:34:49"
54500,0,1,"1. Junior User (1-6 Months)",Mobile Phone,3,15,E wallet,female,3,4,Laptop & Accessory,4,Married,3,0,19.00,1,2,8,187.00,0.50,"2026-06-08 15:34:49"
54501,0,11,"2. Mid-Loyal (7-12 Months)",Mobile Phone,1,12,Credit Card,male,4,4,Laptop & Accessory,1,Married,9,0,17.00,2,2,5,188.00,1.00,"2026-06-08 15:34:49"
54502,0,12,"2. Mid-Loyal (7-12 Months)",Mobile Phone,1,22,Debit Card,male,4,5,Fashion,1,Married,2,1,15.00,3,0,10,240.00,0.00,"2026-06-08 15:34:49"
54503,0,5,"1. Junior User (1-6 Months)",Mobile Phone,1,14,Credit Card,female,3,4,Fashion,1,Single,3,1,15.00,5,5,11,196.00,1.00,"2026-06-08 15:34:49"
54504,0,3,"1. Junior User (1-6 Months)",Mobile Phone,3,17,E wallet,female,3,5,Laptop & Accessory,4,Married,3,1,15.00,2,2,8,208.00,1.00,"2026-06-08 15:34:49"
54505,0,9,"2. Mid-Loyal (7-12 Months)",Mobile Phone,1,12,Cash on Delivery,male,4,4,Fashion,4,Single,2,0,14.00,2,2,14,206.00,1.00,"2026-06-08 15:34:49"
54506,0,1,"1. Junior User (1-6 Months)",Mobile Phone,1,33,Debit Card,male,3,4,Mobile Phone,1,Married,3,0,13.00,1,2,3,154.00,0.50,"2026-06-08 15:34:49"
54507,0,15,"3. Core Loyal (>1 Year)",Mobile Phone,1,13,Credit Card,male,4,5,Laptop & Accessory,4,Single,8,1,16.00,2,2,3,185.00,1.00,"2026-06-08 15:34:49"
54508,0,21,"3. Core Loyal (>1 Year)",Computer,3,11,Credit Card,male,4,4,Laptop & Accessory,3,Single,5,0,20.00,1,2,1,155.00,0.50,"2026-06-08 15:34:49"
54509,0,16,"3. Core Loyal (>1 Year)",Mobile Phone,1,30,Debit Card,female,3,4,Grocery,1,Single,4,0,15.00,0,2,1,285.00,0.00,"2026-06-08 15:34:49"
54510,0,3,"1. Junior User (1-6 Months)",Computer,3,9,Debit Card,male,4,4,Laptop & Accessory,3,Married,3,0,15.00,2,2,3,171.00,1.00,"2026-06-08 15:34:49"
54511,0,16,"3. Core Loyal (>1 Year)",Mobile Phone,2,9,Cash on Delivery,male,3,4,Mobile Phone,3,Married,2,1,12.00,2,2,1,152.00,1.00,"2026-06-08 15:34:49"
54512,0,6,"1. Junior User (1-6 Months)",Mobile Phone,1,9,Credit Card,female,4,4,Mobile Phone,4,Married,3,0,14.00,1,2,8,149.00,0.50,"2026-06-08 15:34:49"
54513,0,22,"3. Core Loyal (>1 Year)",Mobile Phone,3,36,Credit Card,female,4,4,Fashion,3,Married,5,0,22.00,1,0,1,250.00,0.00,"2026-06-08 15:34:49"
54514,0,11,"2. Mid-Loyal (7-12 Months)",Mobile Phone,1,13,Credit Card,male,3,2,Laptop & Accessory,5,Married,6,1,14.00,7,7,8,185.00,1.00,"2026-06-08 15:34:49"
54515,0,4,"1. Junior User (1-6 Months)",Computer,3,32,Cash on Delivery,female,3,4,Laptop & Accessory,3,Married,9,1,13.00,3,3,3,172.00,1.00,"2026-06-08 15:34:49"
54516,0,1,"1. Junior User (1-6 Months)",Mobile Phone,3,7,Debit Card,male,3,4,Laptop & Accessory,3,Married,3,0,18.00,1,8,8,178.00,0.13,"2026-06-08 15:34:49"
54517,0,16,"3. Core Loyal (>1 Year)",Mobile Phone,1,9,UPI,male,4,5,Laptop & Accessory,1,Single,5,0,24.00,2,2,1,193.00,1.00,"2026-06-08 15:34:49"
54518,1,1,"1. Junior User (1-6 Months)",Computer,3,7,Cash on Delivery,female,4,5,Mobile Phone,4,Single,3,1,12.00,2,2,3,147.00,1.00,"2026-06-08 15:34:49"
54519,0,10,"2. Mid-Loyal (7-12 Months)",Computer,3,7,Credit Card,female,3,4,Laptop & Accessory,1,Single,6,0,16.00,2,2,1,192.00,1.00,"2026-06-08 15:34:49"
54520,0,10,"2. Mid-Loyal (7-12 Months)",Computer,3,10,Credit Card,male,3,5,Fashion,1,Married,6,0,12.00,1,2,-1,222.00,0.50,"2026-06-08 15:34:49"
54521,0,31,"3. Core Loyal (>1 Year)",Mobile Phone,1,7,Credit Card,male,3,4,Laptop & Accessory,3,Married,4,0,12.00,1,2,3,193.00,0.50,"2026-06-08 15:34:49"
54522,0,14,"3. Core Loyal (>1 Year)",Mobile Phone,1,17,Debit Card,female,3,2,Mobile Phone,3,Married,5,1,14.00,1,2,8,147.00,0.50,"2026-06-08 15:34:49"
54523,0,1,"1. Junior User (1-6 Months)",Computer,3,16,Credit Card,male,3,4,Mobile Phone,1,Single,3,0,25.00,3,3,3,151.00,1.00,"2026-06-08 15:34:49"
54524,1,1,"1. Junior User (1-6 Months)",Mobile Phone,3,12,E wallet,female,3,4,Mobile Phone,3,Single,3,1,14.00,1,2,1,154.00,0.50,"2026-06-08 15:34:49"
54525,0,11,"2. Mid-Loyal (7-12 Months)",Mobile Phone,1,17,Credit Card,female,4,4,Mobile Phone,5,Married,8,0,21.00,2,2,4,160.00,1.00,"2026-06-08 15:34:49"
54526,0,20,"3. Core Loyal (>1 Year)",Computer,1,14,Credit Card,female,2,4,Laptop & Accessory,3,Married,4,0,15.00,2,2,1,178.00,1.00,"2026-06-08 15:34:49"
54527,1,5,"1. Junior User (1-6 Months)",Computer,3,11,E wallet,male,3,4,Laptop & Accessory,4,Single,3,0,19.00,5,8,-1,219.00,0.63,"2026-06-08 15:34:49"
54528,0,24,"3. Core Loyal (>1 Year)",Mobile Phone,1,17,Cash on Delivery,male,4,5,Fashion,1,Single,8,0,16.00,2,2,-1,230.00,1.00,"2026-06-08 15:34:49"
54529,1,4,"1. Junior User (1-6 Months)",Mobile Phone,3,29,E wallet,male,4,5,Laptop & Accessory,3,Married,4,1,13.00,2,2,1,189.00,1.00,"2026-06-08 15:34:49"
54530,0,5,"1. Junior User (1-6 Months)",Mobile Phone,1,16,Debit Card,male,3,5,Mobile Phone,4,Single,2,1,17.00,3,3,3,152.00,1.00,"2026-06-08 15:34:49"
54531,1,1,"1. Junior User (1-6 Months)",Mobile Phone,3,19,Debit Card,female,3,2,Mobile Phone,4,Single,3,0,16.00,1,2,1,152.00,0.50,"2026-06-08 15:34:49"
54532,0,3,"1. Junior User (1-6 Months)",Mobile Phone,1,30,Debit Card,male,3,4,Mobile Phone,1,Single,11,0,17.00,1,2,3,147.00,0.50,"2026-06-08 15:34:49"
54533,0,9,"2. Mid-Loyal (7-12 Months)",Mobile Phone,1,16,Debit Card,male,4,5,Laptop & Accessory,4,Single,11,0,20.00,1,2,1,190.00,0.50,"2026-06-08 15:34:49"
54534,0,1,"1. Junior User (1-6 Months)",Mobile Phone,1,7,Credit Card,male,3,4,Mobile Phone,4,Married,3,0,12.00,1,2,5,163.00,0.50,"2026-06-08 15:34:49"
54535,0,2,"1. Junior User (1-6 Months)",Mobile Phone,3,16,Debit Card,male,4,4,Laptop & Accessory,1,Single,3,0,17.00,2,2,8,178.00,1.00,"2026-06-08 15:34:49"
54536,0,23,"3. Core Loyal (>1 Year)",Mobile Phone,1,14,UPI,male,3,5,Fashion,3,Single,10,0,25.00,2,0,1,235.00,0.00,"2026-06-08 15:34:49"
54537,0,25,"3. Core Loyal (>1 Year)",Mobile Phone,3,21,Debit Card,female,3,4,Laptop & Accessory,1,Married,6,0,12.00,2,2,8,174.00,1.00,"2026-06-08 15:34:49"
54538,0,10,"2. Mid-Loyal (7-12 Months)",Mobile Phone,1,9,Debit Card,female,4,4,Mobile Phone,3,Married,6,0,14.00,3,3,3,150.00,1.00,"2026-06-08 15:34:49"
54539,1,1,"1. Junior User (1-6 Months)",Computer,3,26,E wallet,male,4,2,Laptop & Accessory,1,Single,10,1,14.00,1,2,5,178.00,0.50,"2026-06-08 15:34:49"
54540,0,29,"3. Core Loyal (>1 Year)",Mobile Phone,1,9,Debit Card,female,4,4,Grocery,1,Single,4,1,14.00,0,2,3,292.00,0.00,"2026-06-08 15:34:49"
54541,0,1,"1. Junior User (1-6 Months)",Mobile Phone,3,17,E wallet,female,4,4,Laptop & Accessory,3,Married,3,1,13.00,1,2,4,168.00,0.50,"2026-06-08 15:34:49"
54542,0,4,"1. Junior User (1-6 Months)",Mobile Phone,3,9,Cash on Delivery,male,4,4,Mobile Phone,4,Married,3,0,19.00,2,2,1,150.00,1.00,"2026-06-08 15:34:49"
54543,1,1,"1. Junior User (1-6 Months)",Computer,1,10,Cash on Delivery,male,4,4,Mobile Phone,5,Single,2,0,23.00,1,2,5,156.00,0.50,"2026-06-08 15:34:49"
54544,0,1,"1. Junior User (1-6 Months)",Mobile Phone,1,18,Credit Card,female,3,4,Mobile Phone,4,Married,3,0,14.00,2,2,3,147.00,1.00,"2026-06-08 15:34:49"
54545,0,10,"2. Mid-Loyal (7-12 Months)",Mobile Phone,3,9,Credit Card,male,4,5,Fashion,3,Married,3,0,14.00,9,10,1,201.00,0.90,"2026-06-08 15:34:49"
54546,1,1,"1. Junior User (1-6 Months)",Computer,1,11,Cash on Delivery,male,3,4,Mobile Phone,1,Single,11,1,24.00,2,2,1,148.00,1.00,"2026-06-08 15:34:49"
54547,0,11,"2. Mid-Loyal (7-12 Months)",Mobile Phone,1,21,Debit Card,female,4,4,Mobile Phone,5,Married,3,0,13.00,11,13,18,155.00,0.85,"2026-06-08 15:34:49"
54548,0,14,"3. Core Loyal (>1 Year)",Mobile Phone,3,9,E wallet,female,3,4,Laptop & Accessory,4,Married,9,0,13.00,1,2,4,182.00,0.50,"2026-06-08 15:34:49"
54549,0,16,"3. Core Loyal (>1 Year)",Mobile Phone,1,7,Debit Card,female,4,4,Mobile Phone,5,Married,5,0,17.00,1,2,3,151.00,0.50,"2026-06-08 15:34:49"
54550,0,11,"2. Mid-Loyal (7-12 Months)",Mobile Phone,1,17,Debit Card,male,3,4,Laptop & Accessory,4,Single,4,1,13.00,1,2,2,167.00,0.50,"2026-06-08 15:34:49"
54551,0,17,"3. Core Loyal (>1 Year)",Mobile Phone,1,19,Debit Card,male,3,5,Grocery,4,Married,3,0,12.00,0,4,10,268.00,0.00,"2026-06-08 15:34:49"
54552,0,14,"3. Core Loyal (>1 Year)",Mobile Phone,1,9,Credit Card,female,4,5,Laptop & Accessory,3,Married,8,0,23.00,2,2,1,159.00,1.00,"2026-06-08 15:34:49"
54553,0,28,"3. Core Loyal (>1 Year)",Mobile Phone,1,12,Credit Card,male,3,4,Others,5,Married,6,0,0.0,2,2,3,319.00,1.00,"2026-06-08 15:34:49"
54554,0,8,"2. Mid-Loyal (7-12 Months)",Computer,3,11,E wallet,female,4,4,Laptop & Accessory,3,Married,11,0,16.00,1,2,3,190.00,0.50,"2026-06-08 15:34:49"
54555,0,5,"1. Junior User (1-6 Months)",Mobile Phone,1,14,Credit Card,female,3,4,Laptop & Accessory,5,Married,3,0,13.00,4,4,13,168.00,1.00,"2026-06-08 15:34:49"
54556,0,17,"3. Core Loyal (>1 Year)",Computer,1,28,Credit Card,male,4,4,Mobile Phone,1,Married,9,0,21.00,2,2,3,148.00,1.00,"2026-06-08 15:34:49"
54557,0,17,"3. Core Loyal (>1 Year)",Mobile Phone,1,15,UPI,female,4,4,Laptop & Accessory,3,Married,6,1,15.00,2,2,3,170.00,1.00,"2026-06-08 15:34:49"
54558,0,1,"1. Junior User (1-6 Months)",Mobile Phone,3,11,Debit Card,female,4,5,Laptop & Accessory,1,Single,3,1,12.00,1,2,4,170.00,0.50,"2026-06-08 15:34:49"
54559,0,11,"2. Mid-Loyal (7-12 Months)",Computer,1,32,Credit Card,female,4,4,Laptop & Accessory,3,Married,5,1,16.00,5,11,8,169.00,0.45,"2026-06-08 15:34:49"
54560,0,5,"1. Junior User (1-6 Months)",Mobile Phone,1,7,Debit Card,male,4,5,Mobile Phone,5,Married,3,0,13.00,4,4,3,147.00,1.00,"2026-06-08 15:34:49"
54561,0,13,"3. Core Loyal (>1 Year)",Computer,1,7,Debit Card,male,3,4,Others,3,Married,3,1,0.0,1,2,7,317.00,0.50,"2026-06-08 15:34:49"
54562,0,30,"3. Core Loyal (>1 Year)",Computer,3,13,Debit Card,female,3,2,Grocery,5,Married,11,0,12.00,7,0,8,257.00,0.00,"2026-06-08 15:34:49"
54563,0,4,"1. Junior User (1-6 Months)",Mobile Phone,3,19,Cash on Delivery,female,3,4,Laptop & Accessory,3,Single,2,0,12.00,4,5,5,191.00,0.80,"2026-06-08 15:34:49"
54564,0,15,"3. Core Loyal (>1 Year)",Mobile Phone,3,7,E wallet,male,3,2,Fashion,5,Married,3,0,17.00,2,2,8,209.00,1.00,"2026-06-08 15:34:49"
54565,0,2,"1. Junior User (1-6 Months)",Mobile Phone,1,24,Credit Card,male,4,4,Laptop & Accessory,5,Married,3,0,13.00,1,2,9,171.00,0.50,"2026-06-08 15:34:49"
54566,1,1,"1. Junior User (1-6 Months)",Mobile Phone,1,10,Credit Card,male,4,4,Mobile Phone,5,Married,7,0,14.00,2,2,3,165.00,1.00,"2026-06-08 15:34:49"
54567,0,26,"3. Core Loyal (>1 Year)",Mobile Phone,1,10,Credit Card,male,3,5,Fashion,3,Married,4,1,15.00,2,2,5,205.00,1.00,"2026-06-08 15:34:49"
54568,0,19,"3. Core Loyal (>1 Year)",Mobile Phone,1,17,Debit Card,male,4,4,Mobile Phone,1,Married,5,0,22.00,1,2,3,152.00,0.50,"2026-06-08 15:34:49"
54569,0,26,"3. Core Loyal (>1 Year)",Mobile Phone,1,11,Debit Card,female,2,4,Grocery,1,Married,4,0,14.00,0,2,5,291.00,0.00,"2026-06-08 15:34:49"
54570,0,16,"3. Core Loyal (>1 Year)",Computer,1,36,Debit Card,female,4,4,Laptop & Accessory,3,Married,4,0,12.00,2,2,3,171.00,1.00,"2026-06-08 15:34:49"
54571,0,4,"1. Junior User (1-6 Months)",Mobile Phone,1,9,Debit Card,female,3,6,Laptop & Accessory,1,Single,4,0,21.00,2,2,3,186.00,1.00,"2026-06-08 15:34:49"
54572,0,31,"3. Core Loyal (>1 Year)",Mobile Phone,1,14,Debit Card,female,3,4,Others,5,Married,7,0,0.0,2,12,11,321.00,0.17,"2026-06-08 15:34:49"
54573,0,20,"3. Core Loyal (>1 Year)",Mobile Phone,1,25,Credit Card,female,3,4,Laptop & Accessory,3,Married,4,0,15.00,2,2,9,173.00,1.00,"2026-06-08 15:34:49"
54574,0,16,"3. Core Loyal (>1 Year)",Computer,1,35,Cash on Delivery,female,3,5,Laptop & Accessory,1,Married,2,0,12.00,1,2,5,170.00,0.50,"2026-06-08 15:34:49"
54575,1,1,"1. Junior User (1-6 Months)",Mobile Phone,3,7,Cash on Delivery,female,4,4,Mobile Phone,4,Single,3,1,17.00,1,2,5,157.00,0.50,"2026-06-08 15:34:49"
54576,1,1,"1. Junior User (1-6 Months)",Computer,3,13,E wallet,female,3,6,Mobile Phone,3,Married,2,0,17.00,1,2,1,149.00,0.50,"2026-06-08 15:34:49"
54577,0,12,"2. Mid-Loyal (7-12 Months)",Computer,1,9,Debit Card,male,3,4,Mobile Phone,1,Married,3,1,24.00,2,2,1,142.00,1.00,"2026-06-08 15:34:49"
54578,0,14,"3. Core Loyal (>1 Year)",Mobile Phone,3,9,Debit Card,female,4,4,Others,3,Married,2,0,0.0,2,2,13,305.00,1.00,"2026-06-08 15:34:49"
54579,0,1,"1. Junior User (1-6 Months)",Mobile Phone,1,30,Debit Card,female,3,4,Mobile Phone,1,Married,3,0,23.00,1,2,3,154.00,0.50,"2026-06-08 15:34:49"
54580,0,4,"1. Junior User (1-6 Months)",Computer,1,10,Debit Card,male,3,4,Mobile Phone,1,Married,6,0,16.00,2,2,5,146.00,1.00,"2026-06-08 15:34:49"
54581,0,3,"1. Junior User (1-6 Months)",Mobile Phone,1,10,Credit Card,male,4,5,Fashion,3,Married,3,0,19.00,1,0,8,244.00,0.00,"2026-06-08 15:34:49"
54582,1,1,"1. Junior User (1-6 Months)",Mobile Phone,1,32,Cash on Delivery,female,4,5,Mobile Phone,4,Married,7,0,17.00,2,2,2,150.00,1.00,"2026-06-08 15:34:49"
54583,1,1,"1. Junior User (1-6 Months)",Mobile Phone,2,9,Cash on Delivery,male,3,5,Mobile Phone,1,Single,3,0,13.00,1,2,1,151.00,0.50,"2026-06-08 15:34:49"
54584,0,4,"1. Junior User (1-6 Months)",Computer,3,29,UPI,female,4,4,Fashion,5,Married,2,0,12.00,4,8,9,209.00,0.50,"2026-06-08 15:34:49"
54585,0,31,"3. Core Loyal (>1 Year)",Mobile Phone,3,36,E wallet,male,3,5,Grocery,1,Married,5,0,13.00,0,2,1,266.00,0.00,"2026-06-08 15:34:49"
54586,0,24,"3. Core Loyal (>1 Year)",Mobile Phone,1,36,Debit Card,male,3,5,Grocery,3,Married,2,0,0.0,16,16,8,295.00,1.00,"2026-06-08 15:34:49"
54587,0,4,"1. Junior User (1-6 Months)",Computer,1,9,Credit Card,female,3,4,Mobile Phone,1,Single,2,0,15.00,2,7,8,151.00,0.29,"2026-06-08 15:34:49"
54588,0,31,"3. Core Loyal (>1 Year)",Computer,3,35,E wallet,female,4,5,Fashion,5,Married,6,0,20.00,4,14,-1,228.00,0.29,"2026-06-08 15:34:49"
54589,0,21,"3. Core Loyal (>1 Year)",Mobile Phone,1,9,Credit Card,female,4,4,Laptop & Accessory,1,Married,7,0,14.00,1,2,5,176.00,0.50,"2026-06-08 15:34:49"
54590,0,20,"3. Core Loyal (>1 Year)",Mobile Phone,1,9,Debit Card,male,3,4,Grocery,3,Married,8,0,0.0,2,2,2,304.00,1.00,"2026-06-08 15:34:49"
54591,0,9,"2. Mid-Loyal (7-12 Months)",Mobile Phone,1,29,Debit Card,male,3,6,Mobile Phone,3,Single,2,0,16.00,2,5,4,167.00,0.40,"2026-06-08 15:34:49"
54592,0,28,"3. Core Loyal (>1 Year)",Mobile Phone,1,6,Debit Card,female,3,4,Laptop & Accessory,3,Single,9,0,12.00,1,2,1,163.00,0.50,"2026-06-08 15:34:49"
54593,0,8,"2. Mid-Loyal (7-12 Months)",Mobile Phone,1,9,Debit Card,male,4,5,Mobile Phone,3,Married,5,0,13.00,4,6,8,153.00,0.67,"2026-06-08 15:34:49"
54594,0,6,"1. Junior User (1-6 Months)",Mobile Phone,3,17,E wallet,female,4,5,Fashion,1,Married,4,1,20.00,1,2,-1,216.00,0.50,"2026-06-08 15:34:49"
54595,0,5,"1. Junior User (1-6 Months)",Mobile Phone,1,16,Debit Card,male,3,4,Fashion,4,Married,3,0,26.00,1,2,9,231.00,0.50,"2026-06-08 15:34:49"
54596,1,1,"1. Junior User (1-6 Months)",Mobile Phone,1,22,Credit Card,male,3,4,Fashion,3,Married,9,1,13.00,0,8,8,261.00,0.00,"2026-06-08 15:34:49"
54597,1,1,"1. Junior User (1-6 Months)",Mobile Phone,1,17,Credit Card,male,3,6,Mobile Phone,1,Married,9,0,14.00,1,2,4,159.00,0.50,"2026-06-08 15:34:49"
54598,0,4,"1. Junior User (1-6 Months)",Mobile Phone,3,14,E wallet,male,3,4,Mobile Phone,4,Single,2,0,15.00,1,2,3,155.00,0.50,"2026-06-08 15:34:49"
54599,0,9,"2. Mid-Loyal (7-12 Months)",Mobile Phone,1,23,Debit Card,male,4,4,Fashion,3,Married,6,1,13.00,1,2,1,201.00,0.50,"2026-06-08 15:34:49"
54600,1,1,"1. Junior User (1-6 Months)",Computer,1,27,Debit Card,male,4,4,Fashion,3,Married,5,0,13.00,2,2,-1,223.00,1.00,"2026-06-08 15:34:49"
54601,1,1,"1. Junior User (1-6 Months)",Computer,2,30,UPI,female,3,4,Fashion,5,Married,11,1,16.00,2,2,-1,225.00,1.00,"2026-06-08 15:34:49"
54602,0,16,"3. Core Loyal (>1 Year)",Computer,1,12,UPI,male,4,4,Mobile Phone,3,Married,6,0,18.00,1,3,1,146.00,0.33,"2026-06-08 15:34:49"
54603,0,10,"2. Mid-Loyal (7-12 Months)",Computer,3,17,Credit Card,male,3,4,Fashion,1,Single,3,0,15.00,9,10,-1,225.00,0.90,"2026-06-08 15:34:49"
54604,1,1,"1. Junior User (1-6 Months)",Computer,1,11,Cash on Delivery,male,4,5,Mobile Phone,3,Single,7,0,17.00,1,2,3,164.00,0.50,"2026-06-08 15:34:49"
54605,0,22,"3. Core Loyal (>1 Year)",Mobile Phone,3,9,E wallet,female,3,4,Laptop & Accessory,1,Married,4,0,15.00,7,7,8,166.00,1.00,"2026-06-08 15:34:49"
54606,0,29,"3. Core Loyal (>1 Year)",Mobile Phone,3,25,Debit Card,female,3,4,Grocery,4,Single,5,0,0.0,2,8,9,293.00,0.25,"2026-06-08 15:34:49"
54607,0,15,"3. Core Loyal (>1 Year)",Computer,3,17,Debit Card,male,3,4,Laptop & Accessory,1,Single,9,0,15.00,1,2,11,187.00,0.50,"2026-06-08 15:34:49"
54608,0,9,"2. Mid-Loyal (7-12 Months)",Mobile Phone,3,7,E wallet,male,3,4,Laptop & Accessory,3,Married,11,0,12.00,1,7,10,172.00,0.14,"2026-06-08 15:34:49"
54609,0,14,"3. Core Loyal (>1 Year)",Mobile Phone,1,13,Debit Card,female,4,4,Grocery,3,Single,9,0,16.00,5,0,14,257.00,0.00,"2026-06-08 15:34:49"
54610,0,13,"3. Core Loyal (>1 Year)",Computer,1,15,Debit Card,female,3,4,Mobile Phone,3,Married,3,0,12.00,2,2,8,163.00,1.00,"2026-06-08 15:34:49"
54611,0,5,"1. Junior User (1-6 Months)",Mobile Phone,3,9,Debit Card,male,4,4,Laptop & Accessory,1,Single,6,1,14.00,2,2,6,191.00,1.00,"2026-06-08 15:34:49"
54612,0,16,"3. Core Loyal (>1 Year)",Mobile Phone,1,31,Credit Card,male,3,4,Fashion,5,Married,3,1,22.00,6,6,9,199.00,1.00,"2026-06-08 15:34:49"
54613,0,19,"3. Core Loyal (>1 Year)",Mobile Phone,3,9,UPI,male,4,4,Laptop & Accessory,4,Married,2,0,20.00,4,4,8,173.00,1.00,"2026-06-08 15:34:49"
54614,1,1,"1. Junior User (1-6 Months)",Computer,2,24,Debit Card,female,3,4,Mobile Phone,3,Married,2,1,12.00,1,2,1,152.00,0.50,"2026-06-08 15:34:49"
54615,0,3,"1. Junior User (1-6 Months)",Mobile Phone,1,26,Cash on Delivery,male,3,4,Laptop & Accessory,1,Married,6,0,13.00,2,2,3,168.00,1.00,"2026-06-08 15:34:49"
54616,0,7,"2. Mid-Loyal (7-12 Months)",Mobile Phone,1,7,Credit Card,female,4,2,Grocery,3,Married,6,0,20.00,0,2,6,287.00,0.00,"2026-06-08 15:34:49"
54617,0,5,"1. Junior User (1-6 Months)",Mobile Phone,3,14,Debit Card,male,3,5,Fashion,1,Married,11,0,22.00,2,0,2,241.00,0.00,"2026-06-08 15:34:49"
54618,1,1,"1. Junior User (1-6 Months)",Computer,3,12,E wallet,male,4,4,Mobile Phone,4,Single,3,1,15.00,2,2,1,144.00,1.00,"2026-06-08 15:34:49"
54619,0,14,"3. Core Loyal (>1 Year)",Computer,3,35,UPI,male,3,6,Fashion,5,Married,5,0,16.00,1,0,2,234.00,0.00,"2026-06-08 15:34:49"
54620,0,15,"3. Core Loyal (>1 Year)",Computer,1,9,UPI,female,4,5,Laptop & Accessory,3,Single,4,1,18.00,1,2,8,193.00,0.50,"2026-06-08 15:34:49"
54621,0,1,"1. Junior User (1-6 Months)",Mobile Phone,3,36,Credit Card,male,3,4,Laptop & Accessory,3,Married,7,0,13.00,1,2,1,168.00,0.50,"2026-06-08 15:34:49"
54622,0,9,"2. Mid-Loyal (7-12 Months)",Mobile Phone,3,7,Credit Card,female,4,4,Laptop & Accessory,3,Single,3,0,17.00,2,2,4,174.00,1.00,"2026-06-08 15:34:49"
54623,0,8,"2. Mid-Loyal (7-12 Months)",Mobile Phone,3,28,Debit Card,male,4,2,Laptop & Accessory,1,Single,3,0,13.00,1,6,8,178.00,0.17,"2026-06-08 15:34:49"
54624,1,1,"1. Junior User (1-6 Months)",Mobile Phone,1,31,Cash on Delivery,male,4,6,Mobile Phone,1,Single,3,1,19.00,1,2,1,148.00,0.50,"2026-06-08 15:34:49"
54625,0,11,"2. Mid-Loyal (7-12 Months)",Mobile Phone,1,7,Cash on Delivery,female,3,4,Fashion,1,Single,6,0,18.00,2,2,3,200.00,1.00,"2026-06-08 15:34:49"
54626,0,20,"3. Core Loyal (>1 Year)",Computer,1,25,Credit Card,female,3,4,Fashion,3,Married,7,0,12.00,1,2,-1,230.00,0.50,"2026-06-08 15:34:49"
54627,0,15,"3. Core Loyal (>1 Year)",Mobile Phone,3,9,Debit Card,female,4,4,Grocery,5,Married,9,0,17.00,0,12,9,291.00,0.00,"2026-06-08 15:34:49"
54628,0,11,"2. Mid-Loyal (7-12 Months)",Computer,3,16,Credit Card,male,4,4,Fashion,4,Married,3,0,14.00,2,8,-1,213.00,0.25,"2026-06-08 15:34:49"
54629,0,26,"3. Core Loyal (>1 Year)",Mobile Phone,1,13,Cash on Delivery,male,4,4,Laptop & Accessory,5,Married,5,1,13.00,3,7,10,181.00,0.43,"2026-06-08 15:34:49"
54630,1,1,"1. Junior User (1-6 Months)",Computer,3,18,UPI,male,3,2,Laptop & Accessory,3,Married,10,0,13.00,2,2,3,172.00,1.00,"2026-06-08 15:34:49"
54631,0,1,"1. Junior User (1-6 Months)",Computer,3,31,Credit Card,male,3,4,Mobile Phone,1,Married,2,0,14.00,2,3,2,149.00,0.67,"2026-06-08 15:34:49"
54632,0,12,"2. Mid-Loyal (7-12 Months)",Mobile Phone,1,17,Credit Card,female,4,4,Laptop & Accessory,3,Married,5,0,20.00,1,2,-1,223.00,0.50,"2026-06-08 15:34:49"
54633,0,11,"2. Mid-Loyal (7-12 Months)",Mobile Phone,1,7,Debit Card,female,4,4,Laptop & Accessory,4,Married,8,0,13.00,5,5,4,189.00,1.00,"2026-06-08 15:34:49"
54634,0,23,"3. Core Loyal (>1 Year)",Mobile Phone,1,25,Debit Card,male,3,5,Others,3,Married,3,1,0.0,2,2,10,320.00,1.00,"2026-06-08 15:34:49"
54635,0,1,"1. Junior User (1-6 Months)",Mobile Phone,1,30,Credit Card,male,3,2,Mobile Phone,1,Married,3,1,12.00,1,2,5,152.00,0.50,"2026-06-08 15:34:49"
54636,0,1,"1. Junior User (1-6 Months)",Mobile Phone,3,35,E wallet,male,4,4,Laptop & Accessory,4,Married,3,0,21.00,1,2,5,188.00,0.50,"2026-06-08 15:34:49"
54637,0,1,"1. Junior User (1-6 Months)",Mobile Phone,1,24,UPI,male,4,5,Mobile Phone,4,Married,3,0,22.00,2,2,1,146.00,1.00,"2026-06-08 15:34:49"
54638,0,24,"3. Core Loyal (>1 Year)",Computer,2,10,Credit Card,male,4,4,Others,4,Married,3,0,0.0,2,11,8,307.00,0.18,"2026-06-08 15:34:49"
54639,0,1,"1. Junior User (1-6 Months)",Mobile Phone,3,20,Credit Card,male,3,4,Mobile Phone,3,Married,3,0,12.00,2,2,7,146.00,1.00,"2026-06-08 15:34:49"
54640,1,1,"1. Junior User (1-6 Months)",Computer,1,14,Debit Card,female,3,4,Mobile Phone,3,Married,3,1,17.00,1,2,3,154.00,0.50,"2026-06-08 15:34:49"
54641,1,1,"1. Junior User (1-6 Months)",Computer,3,19,Debit Card,male,4,5,Mobile Phone,5,Married,3,0,19.00,2,2,1,145.00,1.00,"2026-06-08 15:34:49"
54642,0,8,"2. Mid-Loyal (7-12 Months)",Mobile Phone,1,7,Debit Card,male,3,5,Mobile Phone,1,Married,3,1,14.00,2,2,4,161.00,1.00,"2026-06-08 15:34:49"
54643,1,1,"1. Junior User (1-6 Months)",Mobile Phone,3,20,Credit Card,male,3,4,Laptop & Accessory,5,Married,4,0,18.00,1,2,3,167.00,0.50,"2026-06-08 15:34:49"
54644,0,9,"2. Mid-Loyal (7-12 Months)",Mobile Phone,1,32,UPI,male,3,5,Laptop & Accessory,1,Single,6,0,15.00,2,2,3,162.00,1.00,"2026-06-08 15:34:49"
54645,0,5,"1. Junior User (1-6 Months)",Mobile Phone,3,13,Credit Card,male,4,2,Laptop & Accessory,1,Married,6,0,23.00,6,6,8,180.00,1.00,"2026-06-08 15:34:49"
54646,0,1,"1. Junior User (1-6 Months)",Mobile Phone,1,13,Credit Card,female,4,5,Mobile Phone,3,Married,2,0,13.00,1,2,4,147.00,0.50,"2026-06-08 15:34:49"
54647,0,11,"2. Mid-Loyal (7-12 Months)",Mobile Phone,3,9,E wallet,male,4,4,Laptop & Accessory,3,Married,6,1,12.00,1,2,-1,221.00,0.50,"2026-06-08 15:34:49"
54648,0,1,"1. Junior User (1-6 Months)",Mobile Phone,1,7,Debit Card,female,3,5,Mobile Phone,4,Single,3,0,14.00,1,2,1,153.00,0.50,"2026-06-08 15:34:49"
54649,0,16,"3. Core Loyal (>1 Year)",Mobile Phone,1,9,Debit Card,female,3,4,Laptop & Accessory,1,Married,3,0,14.00,1,3,3,166.00,0.33,"2026-06-08 15:34:49"
54650,0,17,"3. Core Loyal (>1 Year)",Mobile Phone,1,13,UPI,male,3,5,Grocery,1,Married,6,1,15.00,0,2,1,291.00,0.00,"2026-06-08 15:34:49"
54651,0,12,"2. Mid-Loyal (7-12 Months)",Mobile Phone,1,7,Debit Card,female,3,4,Mobile Phone,5,Single,5,0,18.00,1,2,1,151.00,0.50,"2026-06-08 15:34:49"
54652,0,17,"3. Core Loyal (>1 Year)",Computer,1,16,Credit Card,male,4,4,Laptop & Accessory,3,Married,5,1,14.00,2,5,8,182.00,0.40,"2026-06-08 15:34:49"
54653,0,22,"3. Core Loyal (>1 Year)",Mobile Phone,1,7,Debit Card,female,3,5,Grocery,5,Married,9,0,12.00,0,2,3,279.00,0.00,"2026-06-08 15:34:49"
54654,0,18,"3. Core Loyal (>1 Year)",Mobile Phone,2,7,Debit Card,female,3,5,Laptop & Accessory,3,Single,6,0,12.00,2,2,3,185.00,1.00,"2026-06-08 15:34:49"
54655,0,8,"2. Mid-Loyal (7-12 Months)",Mobile Phone,3,21,Cash on Delivery,female,3,4,Mobile Phone,3,Married,3,1,19.00,2,2,7,151.00,1.00,"2026-06-08 15:34:49"
54656,1,1,"1. Junior User (1-6 Months)",Mobile Phone,3,9,E wallet,male,3,4,Mobile Phone,5,Married,2,0,12.00,2,2,3,155.00,1.00,"2026-06-08 15:34:49"
54657,0,1,"1. Junior User (1-6 Months)",Mobile Phone,3,29,Cash on Delivery,male,3,4,Mobile Phone,3,Single,3,0,12.00,1,2,3,159.00,0.50,"2026-06-08 15:34:49"
54658,0,18,"3. Core Loyal (>1 Year)",Mobile Phone,1,10,UPI,male,3,4,Others,1,Married,6,1,0.0,1,2,2,320.00,0.50,"2026-06-08 15:34:49"
54659,0,1,"1. Junior User (1-6 Months)",Mobile Phone,1,13,Credit Card,male,4,4,Mobile Phone,3,Married,2,0,21.00,2,3,3,153.00,0.67,"2026-06-08 15:34:49"
54660,0,7,"2. Mid-Loyal (7-12 Months)",Mobile Phone,3,15,E wallet,male,3,4,Laptop & Accessory,3,Married,2,0,13.00,1,2,3,196.00,0.50,"2026-06-08 15:34:49"
54661,0,6,"1. Junior User (1-6 Months)",Mobile Phone,1,16,Debit Card,female,4,4,Laptop & Accessory,1,Married,3,1,13.00,2,2,6,188.00,1.00,"2026-06-08 15:34:49"
54662,0,4,"1. Junior User (1-6 Months)",Computer,1,10,Credit Card,female,4,4,Mobile Phone,3,Married,3,0,21.00,2,2,1,146.00,1.00,"2026-06-08 15:34:49"
54663,0,27,"3. Core Loyal (>1 Year)",Mobile Phone,3,7,Credit Card,female,3,4,Laptop & Accessory,5,Single,9,0,21.00,5,9,11,209.00,0.56,"2026-06-08 15:34:49"
54664,0,8,"2. Mid-Loyal (7-12 Months)",Mobile Phone,1,7,Debit Card,male,3,4,Mobile Phone,1,Married,3,0,13.00,2,9,9,152.00,0.22,"2026-06-08 15:34:49"
54665,1,9,"2. Mid-Loyal (7-12 Months)",Computer,3,33,Debit Card,female,4,4,Laptop & Accessory,5,Married,4,0,15.00,1,2,1,168.00,0.50,"2026-06-08 15:34:49"
54666,0,1,"1. Junior User (1-6 Months)",Mobile Phone,1,13,Debit Card,female,4,4,Mobile Phone,1,Married,3,1,14.00,1,2,3,81.00,0.50,"2026-06-08 15:34:49"
54667,0,11,"2. Mid-Loyal (7-12 Months)",Mobile Phone,1,10,UPI,male,3,4,Fashion,3,Married,3,0,16.00,8,8,-1,219.00,1.00,"2026-06-08 15:34:49"
54668,0,3,"1. Junior User (1-6 Months)",Mobile Phone,3,10,Credit Card,female,4,4,Laptop & Accessory,3,Married,3,0,15.00,1,2,3,181.00,0.50,"2026-06-08 15:34:49"
54669,0,9,"2. Mid-Loyal (7-12 Months)",Mobile Phone,1,13,Debit Card,male,3,6,Laptop & Accessory,1,Single,3,0,14.00,1,12,9,191.00,0.08,"2026-06-08 15:34:49"
54670,0,7,"2. Mid-Loyal (7-12 Months)",Computer,1,13,Debit Card,male,2,4,Laptop & Accessory,1,Married,5,0,24.00,4,5,8,202.00,0.80,"2026-06-08 15:34:49"
54671,0,28,"3. Core Loyal (>1 Year)",Mobile Phone,2,26,Credit Card,male,3,4,Fashion,4,Married,4,0,16.00,3,0,2,232.00,0.00,"2026-06-08 15:34:49"
54672,0,10,"2. Mid-Loyal (7-12 Months)",Mobile Phone,1,16,Credit Card,male,3,5,Laptop & Accessory,4,Married,4,1,12.00,1,2,-1,213.00,0.50,"2026-06-08 15:34:49"
54673,0,1,"1. Junior User (1-6 Months)",Mobile Phone,1,10,Credit Card,male,3,5,Mobile Phone,1,Single,2,0,14.00,2,2,2,145.00,1.00,"2026-06-08 15:34:49"
54674,1,1,"1. Junior User (1-6 Months)",Mobile Phone,1,17,Credit Card,male,3,4,Mobile Phone,3,Single,3,1,12.00,2,2,2,135.00,1.00,"2026-06-08 15:34:49"
54675,1,1,"1. Junior User (1-6 Months)",Computer,1,10,Debit Card,male,4,4,Mobile Phone,5,Single,3,1,12.00,6,10,8,158.00,0.60,"2026-06-08 15:34:49"
54676,0,9,"2. Mid-Loyal (7-12 Months)",Computer,1,10,Debit Card,male,3,5,Mobile Phone,3,Married,3,0,19.00,2,2,1,138.00,1.00,"2026-06-08 15:34:49"
54677,0,1,"1. Junior User (1-6 Months)",Mobile Phone,1,11,Credit Card,male,3,2,Mobile Phone,5,Married,4,0,17.00,1,2,3,153.00,0.50,"2026-06-08 15:34:49"
54678,0,1,"1. Junior User (1-6 Months)",Mobile Phone,3,15,Debit Card,male,3,2,Laptop & Accessory,4,Married,2,0,23.00,2,2,3,174.00,1.00,"2026-06-08 15:34:49"
54679,0,12,"2. Mid-Loyal (7-12 Months)",Mobile Phone,3,14,E wallet,female,3,5,Laptop & Accessory,1,Single,2,0,21.00,2,2,6,165.00,1.00,"2026-06-08 15:34:49"
54680,0,3,"1. Junior User (1-6 Months)",Computer,1,7,Debit Card,male,4,6,Mobile Phone,1,Married,3,0,19.00,1,3,9,152.00,0.33,"2026-06-08 15:34:49"
54681,0,22,"3. Core Loyal (>1 Year)",Mobile Phone,3,9,E wallet,male,3,2,Laptop & Accessory,4,Married,5,0,13.00,1,3,3,206.00,0.33,"2026-06-08 15:34:49"
54682,0,1,"1. Junior User (1-6 Months)",Computer,3,10,Credit Card,female,4,2,Laptop & Accessory,1,Married,3,1,21.00,2,2,5,171.00,1.00,"2026-06-08 15:34:49"
54683,0,11,"2. Mid-Loyal (7-12 Months)",Mobile Phone,1,17,Debit Card,male,4,2,Mobile Phone,1,Single,5,0,18.00,2,2,1,172.00,1.00,"2026-06-08 15:34:49"
54684,0,24,"3. Core Loyal (>1 Year)",Mobile Phone,1,35,Credit Card,male,4,2,Mobile Phone,3,Married,3,1,12.00,1,4,9,157.00,0.25,"2026-06-08 15:34:49"
54685,0,8,"2. Mid-Loyal (7-12 Months)",Mobile Phone,1,16,Credit Card,female,3,5,Fashion,4,Single,3,0,15.00,5,8,-1,211.00,0.63,"2026-06-08 15:34:49"
54686,1,1,"1. Junior User (1-6 Months)",Mobile Phone,3,10,Debit Card,female,4,4,Laptop & Accessory,3,Single,11,0,15.00,2,3,1,171.00,0.67,"2026-06-08 15:34:49"
54687,0,13,"3. Core Loyal (>1 Year)",Mobile Phone,1,9,Cash on Delivery,female,4,5,Laptop & Accessory,3,Single,3,0,12.00,2,12,11,171.00,0.17,"2026-06-08 15:34:49"
54688,0,6,"1. Junior User (1-6 Months)",Mobile Phone,3,17,E wallet,male,3,4,Laptop & Accessory,1,Single,3,0,13.00,2,2,9,179.00,1.00,"2026-06-08 15:34:49"
54689,1,14,"3. Core Loyal (>1 Year)",Computer,3,15,Cash on Delivery,male,3,4,Laptop & Accessory,3,Married,5,1,15.00,1,2,4,193.00,0.50,"2026-06-08 15:34:49"
54690,0,12,"2. Mid-Loyal (7-12 Months)",Mobile Phone,1,7,Debit Card,female,3,2,Laptop & Accessory,1,Single,2,0,14.00,1,2,9,201.00,0.50,"2026-06-08 15:34:49"
54691,0,1,"1. Junior User (1-6 Months)",Mobile Phone,1,7,Debit Card,female,4,4,Fashion,5,Married,3,0,12.00,1,2,8,199.00,0.50,"2026-06-08 15:34:49"
54692,0,6,"1. Junior User (1-6 Months)",Mobile Phone,1,10,Debit Card,female,3,4,Fashion,1,Single,5,0,16.00,7,0,8,237.00,0.00,"2026-06-08 15:34:49"
54693,0,21,"3. Core Loyal (>1 Year)",Mobile Phone,3,21,E wallet,male,3,4,Laptop & Accessory,5,Single,4,0,13.00,2,2,8,175.00,1.00,"2026-06-08 15:34:49"
54694,0,14,"3. Core Loyal (>1 Year)",Computer,3,12,Debit Card,male,3,5,Fashion,5,Married,7,1,22.00,1,2,-1,230.00,0.50,"2026-06-08 15:34:49"
54695,0,27,"3. Core Loyal (>1 Year)",Mobile Phone,1,14,Debit Card,male,3,2,Grocery,3,Married,5,0,20.00,0,2,4,273.00,0.00,"2026-06-08 15:34:49"
54696,0,15,"3. Core Loyal (>1 Year)",Mobile Phone,2,17,UPI,male,4,5,Others,1,Married,5,0,0.0,4,13,7,316.00,0.31,"2026-06-08 15:34:49"
54697,0,31,"3. Core Loyal (>1 Year)",Mobile Phone,3,23,E wallet,male,3,4,Laptop & Accessory,5,Single,10,0,15.00,3,3,3,179.00,1.00,"2026-06-08 15:34:49"
54698,0,1,"1. Junior User (1-6 Months)",Computer,1,17,Debit Card,male,3,4,Fashion,5,Married,3,0,22.00,1,2,-1,213.00,0.50,"2026-06-08 15:34:49"
54699,0,15,"3. Core Loyal (>1 Year)",Mobile Phone,2,7,UPI,male,3,5,Others,3,Married,3,0,0.0,2,3,11,317.00,0.67,"2026-06-08 15:34:49"
54700,0,24,"3. Core Loyal (>1 Year)",Mobile Phone,3,15,E wallet,male,3,4,Mobile Phone,4,Married,9,0,16.00,1,3,3,164.00,0.33,"2026-06-08 15:34:49"
54701,1,1,"1. Junior User (1-6 Months)",Mobile Phone,1,7,Debit Card,female,4,6,Mobile Phone,4,Single,9,1,14.00,2,4,8,147.00,0.50,"2026-06-08 15:34:49"
54702,0,10,"2. Mid-Loyal (7-12 Months)",Computer,1,15,Debit Card,female,4,2,Fashion,5,Married,11,0,15.00,1,0,6,242.00,0.00,"2026-06-08 15:34:49"
54703,0,12,"2. Mid-Loyal (7-12 Months)",Mobile Phone,1,7,Debit Card,female,3,4,Fashion,3,Single,6,1,15.00,1,2,1,204.00,0.50,"2026-06-08 15:34:49"
54704,0,18,"3. Core Loyal (>1 Year)",Computer,1,31,Credit Card,male,3,6,Mobile Phone,3,Single,4,0,15.00,1,2,5,162.00,0.50,"2026-06-08 15:34:49"
54705,0,21,"3. Core Loyal (>1 Year)",Computer,3,10,Credit Card,female,3,4,Grocery,3,Married,11,1,13.00,0,12,14,263.00,0.00,"2026-06-08 15:34:49"
54706,0,4,"1. Junior User (1-6 Months)",Mobile Phone,3,34,E wallet,male,4,4,Laptop & Accessory,1,Married,9,0,24.00,3,8,8,178.00,0.38,"2026-06-08 15:34:49"
54707,0,3,"1. Junior User (1-6 Months)",Mobile Phone,3,17,Debit Card,male,4,4,Mobile Phone,3,Single,3,0,12.00,2,2,1,151.00,1.00,"2026-06-08 15:34:49"
54708,1,6,"1. Junior User (1-6 Months)",Computer,1,26,Credit Card,male,3,2,Mobile Phone,3,Married,8,1,13.00,1,3,3,153.00,0.33,"2026-06-08 15:34:49"
54709,0,17,"3. Core Loyal (>1 Year)",Computer,3,22,Debit Card,male,3,5,Laptop & Accessory,1,Married,5,0,19.00,2,3,3,193.00,0.67,"2026-06-08 15:34:49"
54710,0,8,"2. Mid-Loyal (7-12 Months)",Mobile Phone,1,15,Credit Card,female,4,4,Laptop & Accessory,3,Single,5,0,12.00,1,5,4,186.00,0.20,"2026-06-08 15:34:49"
54711,0,1,"1. Junior User (1-6 Months)",Mobile Phone,1,16,Credit Card,male,3,4,Mobile Phone,5,Married,3,0,15.00,2,2,3,150.00,1.00,"2026-06-08 15:34:49"
54712,0,13,"3. Core Loyal (>1 Year)",Mobile Phone,2,10,UPI,female,3,2,Laptop & Accessory,4,Married,11,0,16.00,1,4,7,189.00,0.25,"2026-06-08 15:34:49"
54713,0,30,"3. Core Loyal (>1 Year)",Mobile Phone,1,16,Credit Card,male,3,4,Grocery,1,Married,9,0,12.00,1,0,2,236.00,0.00,"2026-06-08 15:34:49"
54714,0,14,"3. Core Loyal (>1 Year)",Mobile Phone,1,9,Credit Card,female,3,5,Mobile Phone,1,Single,2,1,21.00,1,3,4,148.00,0.33,"2026-06-08 15:34:49"
54715,0,1,"1. Junior User (1-6 Months)",Mobile Phone,1,14,Credit Card,female,3,5,Laptop & Accessory,5,Single,10,0,20.00,2,2,8,193.00,1.00,"2026-06-08 15:34:49"
54716,0,3,"1. Junior User (1-6 Months)",Mobile Phone,3,17,E wallet,male,3,4,Mobile Phone,4,Married,3,0,15.00,3,3,3,148.00,1.00,"2026-06-08 15:34:49"
54717,0,27,"3. Core Loyal (>1 Year)",Mobile Phone,1,13,Debit Card,male,3,4,Laptop & Accessory,1,Single,4,0,18.00,3,3,3,150.00,1.00,"2026-06-08 15:34:49"
54718,0,9,"2. Mid-Loyal (7-12 Months)",Computer,1,9,Debit Card,female,4,4,Laptop & Accessory,5,Married,4,0,12.00,2,2,1,176.00,1.00,"2026-06-08 15:34:49"
54719,0,6,"1. Junior User (1-6 Months)",Computer,1,31,Debit Card,male,4,4,Laptop & Accessory,1,Married,3,0,16.00,2,5,8,178.00,0.40,"2026-06-08 15:34:49"
54720,0,12,"2. Mid-Loyal (7-12 Months)",Mobile Phone,1,9,Credit Card,male,4,4,Mobile Phone,3,Married,8,1,14.00,1,2,2,156.00,0.50,"2026-06-08 15:34:49"
54721,0,8,"2. Mid-Loyal (7-12 Months)",Mobile Phone,1,15,Debit Card,female,3,4,Laptop & Accessory,5,Married,5,0,15.00,2,2,1,176.00,1.00,"2026-06-08 15:34:49"
54722,0,26,"3. Core Loyal (>1 Year)",Mobile Phone,3,10,E wallet,male,3,5,Grocery,5,Married,3,0,0.0,2,2,17,294.00,1.00,"2026-06-08 15:34:49"
54723,1,1,"1. Junior User (1-6 Months)",Mobile Phone,1,7,UPI,male,4,4,Mobile Phone,1,Single,3,1,14.00,7,8,9,152.00,0.88,"2026-06-08 15:34:49"
54724,0,1,"1. Junior User (1-6 Months)",Mobile Phone,3,33,Credit Card,female,3,4,Laptop & Accessory,1,Single,3,0,24.00,1,2,5,187.00,0.50,"2026-06-08 15:34:49"
54725,0,19,"3. Core Loyal (>1 Year)",Mobile Phone,3,9,Cash on Delivery,male,3,6,Laptop & Accessory,3,Single,2,0,14.00,2,4,2,191.00,0.50,"2026-06-08 15:34:49"
54726,0,1,"1. Junior User (1-6 Months)",Mobile Phone,1,17,Credit Card,male,4,2,Mobile Phone,3,Single,3,0,19.00,1,2,3,160.00,0.50,"2026-06-08 15:34:49"
54727,1,11,"2. Mid-Loyal (7-12 Months)",Computer,3,34,Debit Card,female,4,2,Laptop & Accessory,3,Single,6,1,13.00,1,2,4,189.00,0.50,"2026-06-08 15:34:49"
54728,0,8,"2. Mid-Loyal (7-12 Months)",Mobile Phone,3,9,UPI,male,3,4,Laptop & Accessory,1,Single,3,0,23.00,1,2,5,188.00,0.50,"2026-06-08 15:34:49"
54729,1,19,"3. Core Loyal (>1 Year)",Mobile Phone,1,9,Credit Card,male,4,4,Others,5,Married,7,1,14.00,2,2,5,324.00,1.00,"2026-06-08 15:34:49"
54730,0,10,"2. Mid-Loyal (7-12 Months)",Computer,3,15,Debit Card,male,4,5,Fashion,5,Single,3,0,16.00,1,2,10,201.00,0.50,"2026-06-08 15:34:49"
54731,0,26,"3. Core Loyal (>1 Year)",Computer,1,26,Credit Card,male,3,4,Mobile Phone,1,Married,2,0,19.00,2,2,3,168.00,1.00,"2026-06-08 15:34:49"
54732,0,1,"1. Junior User (1-6 Months)",Computer,1,7,Debit Card,female,4,6,Mobile Phone,1,Married,5,0,15.00,3,3,1,169.00,1.00,"2026-06-08 15:34:49"
54733,0,3,"1. Junior User (1-6 Months)",Mobile Phone,1,34,Credit Card,female,4,4,Laptop & Accessory,3,Married,6,0,13.00,1,2,2,168.00,0.50,"2026-06-08 15:34:49"
54734,1,1,"1. Junior User (1-6 Months)",Mobile Phone,3,15,Cash on Delivery,male,3,5,Laptop & Accessory,5,Single,8,0,18.00,1,2,3,178.00,0.50,"2026-06-08 15:34:49"
54735,0,8,"2. Mid-Loyal (7-12 Months)",Mobile Phone,1,7,Debit Card,female,4,2,Mobile Phone,1,Single,4,0,17.00,2,2,4,158.00,1.00,"2026-06-08 15:34:49"
54736,0,28,"3. Core Loyal (>1 Year)",Mobile Phone,1,26,Credit Card,female,4,4,Laptop & Accessory,5,Married,11,1,12.00,1,2,5,180.00,0.50,"2026-06-08 15:34:49"
54737,0,1,"1. Junior User (1-6 Months)",Computer,3,15,E wallet,male,3,4,Laptop & Accessory,1,Married,2,0,20.00,2,2,2,168.00,1.00,"2026-06-08 15:34:49"
54738,0,11,"2. Mid-Loyal (7-12 Months)",Mobile Phone,1,17,Debit Card,female,3,4,Mobile Phone,5,Married,2,1,14.00,5,5,4,153.00,1.00,"2026-06-08 15:34:49"
54739,0,12,"2. Mid-Loyal (7-12 Months)",Computer,1,9,Debit Card,female,4,2,Laptop & Accessory,5,Single,8,1,13.00,1,5,13,185.00,0.20,"2026-06-08 15:34:49"
54740,0,8,"2. Mid-Loyal (7-12 Months)",Mobile Phone,1,9,Credit Card,female,3,5,Mobile Phone,5,Single,3,0,12.00,2,2,4,169.00,1.00,"2026-06-08 15:34:49"
54741,0,9,"2. Mid-Loyal (7-12 Months)",Mobile Phone,3,15,Debit Card,female,4,4,Mobile Phone,1,Married,3,0,17.00,2,2,3,151.00,1.00,"2026-06-08 15:34:49"
54742,0,4,"1. Junior User (1-6 Months)",Mobile Phone,1,7,Debit Card,male,3,6,Mobile Phone,3,Married,5,0,22.00,2,2,3,163.00,1.00,"2026-06-08 15:34:49"
54743,0,14,"3. Core Loyal (>1 Year)",Computer,1,9,Credit Card,female,3,2,Laptop & Accessory,4,Married,3,0,25.00,1,4,8,167.00,0.25,"2026-06-08 15:34:49"
54744,0,8,"2. Mid-Loyal (7-12 Months)",Mobile Phone,3,15,Debit Card,female,4,4,Laptop & Accessory,5,Married,7,0,18.00,2,2,3,190.00,1.00,"2026-06-08 15:34:49"
54745,0,16,"3. Core Loyal (>1 Year)",Computer,1,15,Debit Card,male,4,4,Others,1,Married,3,0,0.0,6,15,10,309.00,0.40,"2026-06-08 15:34:49"
54746,1,1,"1. Junior User (1-6 Months)",Mobile Phone,1,13,Debit Card,male,4,2,Mobile Phone,5,Married,3,1,22.00,1,2,1,141.00,0.50,"2026-06-08 15:34:49"
54747,0,1,"1. Junior User (1-6 Months)",Computer,1,16,Debit Card,male,3,5,Mobile Phone,4,Married,3,0,12.00,1,2,1,152.00,0.50,"2026-06-08 15:34:49"
54748,0,26,"3. Core Loyal (>1 Year)",Mobile Phone,1,18,Debit Card,female,3,4,Laptop & Accessory,3,Married,10,0,21.00,2,2,5,156.00,1.00,"2026-06-08 15:34:49"
54749,0,24,"3. Core Loyal (>1 Year)",Mobile Phone,1,9,Credit Card,male,4,4,Grocery,3,Married,7,0,0.0,1,2,4,301.00,0.50,"2026-06-08 15:34:49"
54750,1,1,"1. Junior User (1-6 Months)",Mobile Phone,1,7,Debit Card,female,3,5,Mobile Phone,5,Married,3,1,12.00,1,2,1,148.00,0.50,"2026-06-08 15:34:49"
54751,0,7,"2. Mid-Loyal (7-12 Months)",Mobile Phone,1,14,Credit Card,male,3,4,Fashion,3,Married,2,0,12.00,2,0,8,242.00,0.00,"2026-06-08 15:34:49"
54752,1,1,"1. Junior User (1-6 Months)",Mobile Phone,3,23,E wallet,female,4,4,Laptop & Accessory,5,Single,7,0,16.00,2,2,3,178.00,1.00,"2026-06-08 15:34:49"
54753,0,21,"3. Core Loyal (>1 Year)",Mobile Phone,1,9,UPI,female,3,4,Grocery,1,Married,3,1,0.0,4,4,1,293.00,1.00,"2026-06-08 15:34:49"
54754,0,10,"2. Mid-Loyal (7-12 Months)",Mobile Phone,1,7,UPI,female,3,4,Laptop & Accessory,4,Married,2,0,16.00,2,2,6,177.00,1.00,"2026-06-08 15:34:49"
54755,0,3,"1. Junior User (1-6 Months)",Mobile Phone,1,30,Debit Card,male,3,2,Mobile Phone,3,Married,3,0,25.00,2,2,8,152.00,1.00,"2026-06-08 15:34:49"
54756,1,21,"3. Core Loyal (>1 Year)",Mobile Phone,1,9,Debit Card,male,3,4,Others,4,Single,9,1,0.0,8,14,9,317.00,0.57,"2026-06-08 15:34:49"
54757,0,9,"2. Mid-Loyal (7-12 Months)",Mobile Phone,1,7,Debit Card,female,3,2,Mobile Phone,3,Single,5,0,14.00,3,3,3,150.00,1.00,"2026-06-08 15:34:49"
54758,0,16,"3. Core Loyal (>1 Year)",Mobile Phone,1,7,Debit Card,female,3,5,Laptop & Accessory,1,Married,11,1,14.00,1,2,3,186.00,0.50,"2026-06-08 15:34:49"
54759,1,1,"1. Junior User (1-6 Months)",Mobile Phone,1,9,Credit Card,male,3,4,Mobile Phone,3,Single,8,0,18.00,3,3,2,169.00,1.00,"2026-06-08 15:34:49"
54760,0,10,"2. Mid-Loyal (7-12 Months)",Mobile Phone,2,20,UPI,male,3,4,Mobile Phone,4,Married,6,0,14.00,2,2,5,146.00,1.00,"2026-06-08 15:34:49"
54761,0,6,"1. Junior User (1-6 Months)",Mobile Phone,1,11,Debit Card,female,4,5,Laptop & Accessory,3,Married,3,0,13.00,6,7,9,187.00,0.86,"2026-06-08 15:34:49"
54762,0,14,"3. Core Loyal (>1 Year)",Computer,1,23,Credit Card,male,3,5,Laptop & Accessory,3,Single,8,0,15.00,1,2,1,176.00,0.50,"2026-06-08 15:34:49"
54763,0,4,"1. Junior User (1-6 Months)",Mobile Phone,1,9,Credit Card,female,3,5,Laptop & Accessory,1,Single,7,1,25.00,2,2,1,194.00,1.00,"2026-06-08 15:34:49"
54764,0,19,"3. Core Loyal (>1 Year)",Mobile Phone,1,9,Debit Card,female,4,5,Mobile Phone,3,Single,3,0,15.00,2,2,1,148.00,1.00,"2026-06-08 15:34:49"
54765,0,16,"3. Core Loyal (>1 Year)",Mobile Phone,1,36,Debit Card,male,4,4,Laptop & Accessory,4,Married,3,0,14.00,6,8,9,169.00,0.75,"2026-06-08 15:34:49"
54766,0,12,"2. Mid-Loyal (7-12 Months)",Computer,1,19,Debit Card,male,1,5,Laptop & Accessory,5,Married,4,0,16.00,2,2,3,188.00,1.00,"2026-06-08 15:34:49"
54767,0,8,"2. Mid-Loyal (7-12 Months)",Computer,1,23,Debit Card,female,4,5,Mobile Phone,1,Single,3,0,17.00,2,2,4,151.00,1.00,"2026-06-08 15:34:49"
54768,1,13,"3. Core Loyal (>1 Year)",Mobile Phone,3,18,E wallet,female,3,4,Fashion,1,Married,3,0,19.00,1,8,8,202.00,0.13,"2026-06-08 15:34:49"
54769,1,19,"3. Core Loyal (>1 Year)",Mobile Phone,3,9,Credit Card,male,3,4,Laptop & Accessory,1,Single,6,0,17.00,2,8,4,177.00,0.25,"2026-06-08 15:34:49"
54770,0,17,"3. Core Loyal (>1 Year)",Mobile Phone,1,21,Debit Card,male,4,4,Grocery,5,Married,8,0,0.0,2,2,1,297.00,1.00,"2026-06-08 15:34:49"
54771,0,1,"1. Junior User (1-6 Months)",Mobile Phone,1,12,Cash on Delivery,male,3,5,Fashion,1,Married,3,1,17.00,2,0,9,253.00,0.00,"2026-06-08 15:34:49"
54772,0,9,"2. Mid-Loyal (7-12 Months)",Mobile Phone,1,14,UPI,male,3,4,Fashion,3,Single,5,0,22.00,1,2,-1,227.00,0.50,"2026-06-08 15:34:49"
54773,0,2,"1. Junior User (1-6 Months)",Mobile Phone,3,9,E wallet,female,3,4,Laptop & Accessory,4,Married,3,1,21.00,7,8,6,173.00,0.88,"2026-06-08 15:34:49"
54774,0,8,"2. Mid-Loyal (7-12 Months)",Mobile Phone,2,10,UPI,male,3,4,Mobile Phone,1,Married,2,0,20.00,2,2,3,162.00,1.00,"2026-06-08 15:34:49"
54775,1,1,"1. Junior User (1-6 Months)",Computer,1,12,Credit Card,female,3,5,Mobile Phone,3,Married,3,1,15.00,1,2,8,149.00,0.50,"2026-06-08 15:34:49"
54776,0,1,"1. Junior User (1-6 Months)",Computer,1,10,Credit Card,male,3,4,Mobile Phone,1,Married,3,0,12.00,1,2,1,142.00,0.50,"2026-06-08 15:34:49"
54777,0,25,"3. Core Loyal (>1 Year)",Mobile Phone,3,33,E wallet,female,4,4,Grocery,3,Married,4,0,15.00,0,5,18,288.00,0.00,"2026-06-08 15:34:49"
54778,0,18,"3. Core Loyal (>1 Year)",Mobile Phone,1,11,Credit Card,male,3,4,Laptop & Accessory,4,Single,11,0,13.00,2,3,4,184.00,0.67,"2026-06-08 15:34:49"
54779,0,1,"1. Junior User (1-6 Months)",Mobile Phone,1,9,Credit Card,male,4,2,Mobile Phone,5,Single,9,0,14.00,1,2,2,159.00,0.50,"2026-06-08 15:34:49"
54780,0,7,"2. Mid-Loyal (7-12 Months)",Mobile Phone,3,7,Credit Card,male,3,2,Laptop & Accessory,5,Married,3,0,23.00,1,2,9,165.00,0.50,"2026-06-08 15:34:49"
54781,0,9,"2. Mid-Loyal (7-12 Months)",Mobile Phone,1,34,Credit Card,female,3,5,Mobile Phone,5,Single,3,0,12.00,1,2,2,151.00,0.50,"2026-06-08 15:34:49"
54782,0,10,"2. Mid-Loyal (7-12 Months)",Mobile Phone,3,7,Debit Card,male,3,4,Laptop & Accessory,1,Married,3,1,15.00,4,5,12,187.00,0.80,"2026-06-08 15:34:49"
54783,0,6,"1. Junior User (1-6 Months)",Mobile Phone,3,20,Debit Card,male,4,4,Laptop & Accessory,1,Married,4,0,12.00,1,2,4,169.00,0.50,"2026-06-08 15:34:49"
54784,0,4,"1. Junior User (1-6 Months)",Computer,1,12,Debit Card,male,4,5,Mobile Phone,1,Married,11,0,13.00,1,2,4,163.00,0.50,"2026-06-08 15:34:49"
54785,0,27,"3. Core Loyal (>1 Year)",Mobile Phone,3,14,E wallet,female,4,5,Fashion,1,Married,9,1,19.00,1,0,5,234.00,0.00,"2026-06-08 15:34:49"
54786,0,19,"3. Core Loyal (>1 Year)",Mobile Phone,3,16,E wallet,male,4,4,Fashion,5,Married,6,1,13.00,1,0,3,233.00,0.00,"2026-06-08 15:34:49"
54787,0,6,"1. Junior User (1-6 Months)",Mobile Phone,1,15,Credit Card,female,4,2,Laptop & Accessory,3,Married,7,0,13.00,2,2,4,177.00,1.00,"2026-06-08 15:34:49"
54788,0,26,"3. Core Loyal (>1 Year)",Computer,1,32,Credit Card,female,3,5,Grocery,1,Married,5,0,23.00,0,2,1,263.00,0.00,"2026-06-08 15:34:49"
54789,0,11,"2. Mid-Loyal (7-12 Months)",Mobile Phone,3,23,E wallet,male,4,5,Laptop & Accessory,3,Married,6,0,20.00,2,2,1,188.00,1.00,"2026-06-08 15:34:49"
54790,0,2,"1. Junior User (1-6 Months)",Mobile Phone,2,15,Credit Card,male,4,5,Mobile Phone,1,Married,3,0,14.00,2,2,5,174.00,1.00,"2026-06-08 15:34:49"
54791,0,1,"1. Junior User (1-6 Months)",Mobile Phone,1,7,Debit Card,male,3,5,Laptop & Accessory,1,Married,8,0,23.00,3,3,3,173.00,1.00,"2026-06-08 15:34:49"
54792,0,18,"3. Core Loyal (>1 Year)",Mobile Phone,1,15,Debit Card,male,4,2,Mobile Phone,1,Married,4,1,25.00,2,2,3,153.00,1.00,"2026-06-08 15:34:49"
54793,0,16,"3. Core Loyal (>1 Year)",Computer,1,9,Credit Card,male,3,4,Mobile Phone,1,Single,7,1,15.00,2,3,3,150.00,0.67,"2026-06-08 15:34:49"
54794,0,10,"2. Mid-Loyal (7-12 Months)",Mobile Phone,2,15,Debit Card,male,4,5,Mobile Phone,5,Married,2,0,22.00,1,2,4,148.00,0.50,"2026-06-08 15:34:49"
54795,0,1,"1. Junior User (1-6 Months)",Mobile Phone,3,10,UPI,male,4,4,Laptop & Accessory,5,Married,3,1,19.00,1,2,4,167.00,0.50,"2026-06-08 15:34:49"
54796,0,9,"2. Mid-Loyal (7-12 Months)",Mobile Phone,1,16,Debit Card,female,4,5,Fashion,3,Married,3,1,21.00,4,0,16,232.00,0.00,"2026-06-08 15:34:49"
54797,1,1,"1. Junior User (1-6 Months)",Computer,1,32,Debit Card,female,4,4,Mobile Phone,4,Married,3,1,20.00,7,8,9,145.00,0.88,"2026-06-08 15:34:49"
54798,0,6,"1. Junior User (1-6 Months)",Computer,1,7,Debit Card,male,4,4,Mobile Phone,1,Married,2,0,13.00,2,2,3,148.00,1.00,"2026-06-08 15:34:49"
54799,0,1,"1. Junior User (1-6 Months)",Mobile Phone,3,11,E wallet,male,3,5,Laptop & Accessory,5,Married,3,0,13.00,2,2,4,168.00,1.00,"2026-06-08 15:34:49"
54800,0,23,"3. Core Loyal (>1 Year)",Mobile Phone,1,7,Cash on Delivery,female,3,4,Mobile Phone,5,Married,4,0,17.00,1,2,3,161.00,0.50,"2026-06-08 15:34:49"
54801,0,1,"1. Junior User (1-6 Months)",Computer,1,11,Debit Card,male,3,5,Mobile Phone,1,Married,2,0,18.00,1,4,5,157.00,0.25,"2026-06-08 15:34:49"
54802,0,6,"1. Junior User (1-6 Months)",Computer,3,12,Debit Card,male,3,4,Laptop & Accessory,4,Married,3,0,15.00,3,6,4,190.00,0.50,"2026-06-08 15:34:49"
54803,0,12,"2. Mid-Loyal (7-12 Months)",Mobile Phone,3,16,E wallet,male,4,5,Mobile Phone,4,Married,2,0,20.00,1,2,3,154.00,0.50,"2026-06-08 15:34:49"
54804,0,16,"3. Core Loyal (>1 Year)",Mobile Phone,1,10,Debit Card,female,4,2,Laptop & Accessory,1,Married,4,1,14.00,2,2,4,177.00,1.00,"2026-06-08 15:34:49"
54805,0,5,"1. Junior User (1-6 Months)",Mobile Phone,1,18,Debit Card,male,3,4,Mobile Phone,1,Married,5,1,20.00,1,2,3,149.00,0.50,"2026-06-08 15:34:49"
54806,1,1,"1. Junior User (1-6 Months)",Mobile Phone,3,7,Credit Card,female,3,5,Mobile Phone,3,Married,8,1,20.00,2,2,3,153.00,1.00,"2026-06-08 15:34:49"
54807,0,27,"3. Core Loyal (>1 Year)",Mobile Phone,3,15,E wallet,male,4,4,Grocery,1,Married,7,0,15.00,3,0,3,243.00,0.00,"2026-06-08 15:34:49"
54808,0,9,"2. Mid-Loyal (7-12 Months)",Mobile Phone,1,32,Cash on Delivery,male,4,5,Fashion,4,Married,5,0,17.00,3,0,9,234.00,0.00,"2026-06-08 15:34:49"
54809,0,11,"2. Mid-Loyal (7-12 Months)",Computer,3,28,Credit Card,female,3,4,Mobile Phone,1,Married,7,0,16.00,2,2,1,155.00,1.00,"2026-06-08 15:34:49"
54810,0,27,"3. Core Loyal (>1 Year)",Mobile Phone,1,30,Debit Card,female,4,4,Grocery,1,Single,8,0,19.00,0,4,9,268.00,0.00,"2026-06-08 15:34:49"
54811,0,17,"3. Core Loyal (>1 Year)",Computer,1,7,Debit Card,female,3,4,Laptop & Accessory,1,Married,6,0,14.00,2,3,3,181.00,0.67,"2026-06-08 15:34:49"
54812,0,21,"3. Core Loyal (>1 Year)",Mobile Phone,3,9,E wallet,female,3,4,Laptop & Accessory,1,Married,2,1,23.00,4,8,8,170.00,0.50,"2026-06-08 15:34:49"
54813,0,11,"2. Mid-Loyal (7-12 Months)",Computer,3,26,Credit Card,male,3,4,Fashion,4,Single,3,1,14.00,1,2,10,201.00,0.50,"2026-06-08 15:34:49"
54814,0,24,"3. Core Loyal (>1 Year)",Computer,1,9,Debit Card,male,4,4,Grocery,5,Married,3,0,0.0,14,15,8,304.00,0.93,"2026-06-08 15:34:49"
54815,0,13,"3. Core Loyal (>1 Year)",Mobile Phone,2,9,Debit Card,female,3,5,Laptop & Accessory,1,Married,10,0,12.00,2,2,5,177.00,1.00,"2026-06-08 15:34:49"
54816,0,7,"2. Mid-Loyal (7-12 Months)",Mobile Phone,2,10,UPI,male,3,4,Mobile Phone,4,Married,5,1,12.00,1,2,4,148.00,0.50,"2026-06-08 15:34:49"
54817,1,1,"1. Junior User (1-6 Months)",Mobile Phone,1,32,Debit Card,male,3,4,Mobile Phone,1,Single,3,1,25.00,1,2,2,153.00,0.50,"2026-06-08 15:34:49"
54818,0,3,"1. Junior User (1-6 Months)",Mobile Phone,1,14,Credit Card,female,4,5,Mobile Phone,1,Married,8,0,15.00,2,2,4,150.00,1.00,"2026-06-08 15:34:49"
54819,0,18,"3. Core Loyal (>1 Year)",Mobile Phone,1,16,Debit Card,male,4,4,Mobile Phone,5,Married,3,1,14.00,6,8,2,151.00,0.75,"2026-06-08 15:34:49"
54820,0,2,"1. Junior User (1-6 Months)",Mobile Phone,3,12,Credit Card,male,4,4,Laptop & Accessory,1,Single,3,0,15.00,1,2,3,174.00,0.50,"2026-06-08 15:34:49"
54821,1,21,"3. Core Loyal (>1 Year)",Computer,1,9,Debit Card,male,3,5,Mobile Phone,1,Married,11,1,15.00,2,2,1,149.00,1.00,"2026-06-08 15:34:49"
54822,0,17,"3. Core Loyal (>1 Year)",Mobile Phone,1,15,Debit Card,female,3,4,Laptop & Accessory,4,Married,6,0,22.00,2,2,1,173.00,1.00,"2026-06-08 15:34:49"
54823,1,1,"1. Junior User (1-6 Months)",Mobile Phone,3,9,Credit Card,female,3,5,Mobile Phone,3,Single,3,0,14.00,2,2,3,145.00,1.00,"2026-06-08 15:34:49"
54824,1,1,"1. Junior User (1-6 Months)",Mobile Phone,1,25,UPI,female,4,4,Mobile Phone,1,Single,3,0,20.00,2,2,1,152.00,1.00,"2026-06-08 15:34:49"
54825,0,10,"2. Mid-Loyal (7-12 Months)",Mobile Phone,1,21,Debit Card,male,4,4,Laptop & Accessory,1,Married,2,1,18.00,3,5,12,191.00,0.60,"2026-06-08 15:34:49"
54826,0,21,"3. Core Loyal (>1 Year)",Mobile Phone,3,9,Debit Card,female,4,5,Mobile Phone,1,Single,3,1,19.00,1,2,3,158.00,0.50,"2026-06-08 15:34:49"
54827,1,1,"1. Junior User (1-6 Months)",Mobile Phone,1,10,Debit Card,female,3,4,Laptop & Accessory,3,Married,2,1,20.00,2,2,3,167.00,1.00,"2026-06-08 15:34:49"
54828,1,5,"1. Junior User (1-6 Months)",Mobile Phone,1,9,Debit Card,female,3,6,Mobile Phone,1,Married,6,1,14.00,1,2,1,153.00,0.50,"2026-06-08 15:34:49"
54829,0,2,"1. Junior User (1-6 Months)",Mobile Phone,1,16,Credit Card,female,4,4,Mobile Phone,3,Married,7,0,19.00,1,3,3,149.00,0.33,"2026-06-08 15:34:49"
54830,1,3,"1. Junior User (1-6 Months)",Mobile Phone,1,13,Credit Card,male,4,4,Mobile Phone,5,Married,9,1,22.00,2,3,3,149.00,0.67,"2026-06-08 15:34:49"
54831,0,1,"1. Junior User (1-6 Months)",Mobile Phone,1,11,Debit Card,female,4,4,Mobile Phone,3,Single,3,0,20.00,1,2,1,148.00,0.50,"2026-06-08 15:34:49"
54832,0,8,"2. Mid-Loyal (7-12 Months)",Mobile Phone,1,17,Debit Card,male,3,4,Mobile Phone,4,Married,3,0,15.00,2,2,1,145.00,1.00,"2026-06-08 15:34:49"
54833,0,16,"3. Core Loyal (>1 Year)",Mobile Phone,3,21,Credit Card,female,4,5,Laptop & Accessory,3,Single,9,0,18.00,2,2,4,187.00,1.00,"2026-06-08 15:34:49"
54834,0,7,"2. Mid-Loyal (7-12 Months)",Mobile Phone,1,7,UPI,male,4,5,Mobile Phone,5,Single,5,1,12.00,2,2,3,153.00,1.00,"2026-06-08 15:34:49"
54835,0,31,"3. Core Loyal (>1 Year)",Mobile Phone,1,12,Cash on Delivery,female,3,5,Fashion,4,Married,4,1,14.00,2,2,-1,231.00,1.00,"2026-06-08 15:34:49"
54836,0,5,"1. Junior User (1-6 Months)",Mobile Phone,3,14,Debit Card,male,3,5,Mobile Phone,3,Married,5,0,16.00,3,6,3,148.00,0.50,"2026-06-08 15:34:49"
54837,0,9,"2. Mid-Loyal (7-12 Months)",Mobile Phone,1,28,Debit Card,female,3,4,Laptop & Accessory,1,Married,3,1,26.00,1,2,8,165.00,0.50,"2026-06-08 15:34:49"
54838,0,23,"3. Core Loyal (>1 Year)",Mobile Phone,1,15,UPI,female,3,4,Fashion,4,Married,6,0,12.00,1,2,8,199.00,0.50,"2026-06-08 15:34:49"
54839,0,22,"3. Core Loyal (>1 Year)",Mobile Phone,1,27,Credit Card,male,3,4,Mobile Phone,3,Married,6,0,18.00,2,2,1,148.00,1.00,"2026-06-08 15:34:49"
54840,0,5,"1. Junior User (1-6 Months)",Computer,3,27,E wallet,female,3,4,Laptop & Accessory,3,Married,3,0,14.00,2,2,1,194.00,1.00,"2026-06-08 15:34:49"
54841,0,10,"2. Mid-Loyal (7-12 Months)",Mobile Phone,1,14,UPI,male,4,4,Mobile Phone,1,Single,4,0,19.00,2,2,2,172.00,1.00,"2026-06-08 15:34:49"
54842,0,12,"2. Mid-Loyal (7-12 Months)",Mobile Phone,1,7,Cash on Delivery,female,4,4,Fashion,5,Married,3,0,14.00,5,6,12,261.00,0.83,"2026-06-08 15:34:49"
54843,0,6,"1. Junior User (1-6 Months)",Computer,1,7,Debit Card,female,4,5,Mobile Phone,4,Married,8,0,21.00,1,2,3,148.00,0.50,"2026-06-08 15:34:49"
54844,1,1,"1. Junior User (1-6 Months)",Mobile Phone,3,26,E wallet,male,3,5,Mobile Phone,4,Married,3,1,19.00,1,2,1,149.00,0.50,"2026-06-08 15:34:49"
54845,0,14,"3. Core Loyal (>1 Year)",Mobile Phone,3,17,E wallet,male,4,5,Fashion,4,Married,4,0,13.00,1,2,-1,222.00,0.50,"2026-06-08 15:34:49"
54846,0,1,"1. Junior User (1-6 Months)",Computer,3,7,Credit Card,male,3,5,Laptop & Accessory,5,Single,3,0,13.00,1,2,8,168.00,0.50,"2026-06-08 15:34:49"
54847,0,15,"3. Core Loyal (>1 Year)",Mobile Phone,1,13,Credit Card,male,3,4,Mobile Phone,5,Single,4,1,14.00,2,3,18,172.00,0.67,"2026-06-08 15:34:49"
54848,0,10,"2. Mid-Loyal (7-12 Months)",Mobile Phone,1,9,Credit Card,male,4,4,Mobile Phone,3,Single,6,0,22.00,2,4,10,150.00,0.50,"2026-06-08 15:34:49"
54849,1,1,"1. Junior User (1-6 Months)",Mobile Phone,3,28,UPI,male,3,5,Mobile Phone,4,Single,3,1,14.00,2,2,1,146.00,1.00,"2026-06-08 15:34:49"
54850,1,1,"1. Junior User (1-6 Months)",Mobile Phone,1,11,Cash on Delivery,male,3,4,Mobile Phone,5,Single,3,0,20.00,2,2,1,155.00,1.00,"2026-06-08 15:34:49"
54851,0,5,"1. Junior User (1-6 Months)",Mobile Phone,1,19,Credit Card,female,3,4,Laptop & Accessory,1,Married,2,1,12.00,7,9,6,184.00,0.78,"2026-06-08 15:34:49"
54852,0,14,"3. Core Loyal (>1 Year)",Computer,1,16,Credit Card,male,3,4,Mobile Phone,4,Married,10,1,15.00,1,2,1,161.00,0.50,"2026-06-08 15:34:49"
54853,0,6,"1. Junior User (1-6 Months)",Mobile Phone,1,10,Credit Card,female,4,4,Laptop & Accessory,5,Married,3,0,13.00,2,7,4,192.00,0.29,"2026-06-08 15:34:49"
54854,1,1,"1. Junior User (1-6 Months)",Mobile Phone,3,10,Debit Card,male,3,5,Fashion,1,Married,3,1,12.00,4,4,-1,228.00,1.00,"2026-06-08 15:34:49"
54855,0,7,"2. Mid-Loyal (7-12 Months)",Mobile Phone,1,7,Debit Card,female,3,5,Laptop & Accessory,1,Single,2,0,15.00,2,2,5,194.00,1.00,"2026-06-08 15:34:49"
54856,1,1,"1. Junior User (1-6 Months)",Mobile Phone,3,7,Debit Card,male,3,5,Fashion,3,Married,7,0,12.00,6,12,-1,231.00,0.50,"2026-06-08 15:34:49"
54857,0,19,"3. Core Loyal (>1 Year)",Computer,1,11,Debit Card,male,3,4,Laptop & Accessory,4,Married,3,0,13.00,2,2,9,169.00,1.00,"2026-06-08 15:34:49"
54858,0,3,"1. Junior User (1-6 Months)",Computer,3,27,Cash on Delivery,female,3,4,Mobile Phone,1,Married,3,0,16.00,1,2,3,147.00,0.50,"2026-06-08 15:34:49"
54859,0,9,"2. Mid-Loyal (7-12 Months)",Mobile Phone,3,25,Credit Card,female,3,4,Laptop & Accessory,3,Married,3,0,17.00,2,2,1,171.00,1.00,"2026-06-08 15:34:49"
54860,0,26,"3. Core Loyal (>1 Year)",Mobile Phone,1,7,Debit Card,male,4,4,Grocery,1,Married,4,0,0.0,4,8,9,296.00,0.50,"2026-06-08 15:34:49"
54861,1,21,"3. Core Loyal (>1 Year)",Mobile Phone,1,9,Cash on Delivery,male,3,4,Mobile Phone,3,Single,6,0,25.00,1,2,1,150.00,0.50,"2026-06-08 15:34:49"
54862,0,27,"3. Core Loyal (>1 Year)",Mobile Phone,3,9,Credit Card,male,3,4,Grocery,3,Married,8,0,14.00,0,16,3,274.00,0.00,"2026-06-08 15:34:49"
54863,0,4,"1. Junior User (1-6 Months)",Mobile Phone,3,15,UPI,male,4,4,Fashion,3,Married,7,0,12.00,3,8,8,198.00,0.38,"2026-06-08 15:34:49"
54864,0,12,"2. Mid-Loyal (7-12 Months)",Computer,3,17,Cash on Delivery,female,3,4,Laptop & Accessory,1,Single,3,1,14.00,2,2,4,182.00,1.00,"2026-06-08 15:34:49"
54865,0,9,"2. Mid-Loyal (7-12 Months)",Mobile Phone,3,10,Debit Card,male,4,4,Fashion,1,Married,8,0,14.00,1,2,9,203.00,0.50,"2026-06-08 15:34:49"
54866,0,13,"3. Core Loyal (>1 Year)",Mobile Phone,3,9,Debit Card,male,3,2,Fashion,3,Single,2,0,19.00,1,2,8,204.00,0.50,"2026-06-08 15:34:49"
54867,1,4,"1. Junior User (1-6 Months)",Computer,3,31,Debit Card,female,4,2,Grocery,4,Single,6,1,17.00,2,0,1,257.00,0.00,"2026-06-08 15:34:49"
54868,0,21,"3. Core Loyal (>1 Year)",Computer,1,23,Credit Card,male,4,2,Laptop & Accessory,3,Married,3,1,20.00,2,3,8,176.00,0.67,"2026-06-08 15:34:49"
54869,0,10,"2. Mid-Loyal (7-12 Months)",Computer,3,15,Cash on Delivery,male,3,4,Laptop & Accessory,1,Married,6,0,14.00,2,2,8,176.00,1.00,"2026-06-08 15:34:49"
54870,1,1,"1. Junior User (1-6 Months)",Computer,1,16,Credit Card,male,3,5,Mobile Phone,5,Single,2,1,23.00,1,2,3,148.00,0.50,"2026-06-08 15:34:49"
54871,0,7,"2. Mid-Loyal (7-12 Months)",Computer,3,24,Debit Card,male,3,4,Grocery,3,Single,3,0,0.0,6,7,1,299.00,0.86,"2026-06-08 15:34:49"
54872,1,1,"1. Junior User (1-6 Months)",Mobile Phone,1,17,Debit Card,female,4,5,Mobile Phone,5,Single,8,1,21.00,2,2,1,149.00,1.00,"2026-06-08 15:34:49"
54873,0,7,"2. Mid-Loyal (7-12 Months)",Mobile Phone,1,20,Debit Card,female,3,4,Mobile Phone,1,Single,5,0,19.00,2,2,3,160.00,1.00,"2026-06-08 15:34:49"
54874,0,19,"3. Core Loyal (>1 Year)",Mobile Phone,1,7,Credit Card,female,4,4,Mobile Phone,1,Married,5,0,15.00,2,2,3,148.00,1.00,"2026-06-08 15:34:49"
54875,0,24,"3. Core Loyal (>1 Year)",Mobile Phone,1,7,Credit Card,male,4,4,Grocery,1,Married,11,0,0.0,1,2,4,299.00,0.50,"2026-06-08 15:34:49"
54876,0,7,"2. Mid-Loyal (7-12 Months)",Computer,1,7,UPI,female,3,2,Laptop & Accessory,4,Married,3,1,14.00,2,2,3,180.00,1.00,"2026-06-08 15:34:49"
54877,0,15,"3. Core Loyal (>1 Year)",Computer,1,16,Credit Card,male,4,4,Others,3,Married,4,0,0.0,1,2,12,319.00,0.50,"2026-06-08 15:34:49"
54878,0,1,"1. Junior User (1-6 Months)",Mobile Phone,1,23,Cash on Delivery,female,3,4,Mobile Phone,4,Married,11,0,15.00,3,3,3,153.00,1.00,"2026-06-08 15:34:49"
54879,0,19,"3. Core Loyal (>1 Year)",Computer,1,30,Debit Card,male,3,4,Laptop & Accessory,5,Married,3,1,16.00,2,2,9,161.00,1.00,"2026-06-08 15:34:49"
54880,0,21,"3. Core Loyal (>1 Year)",Mobile Phone,3,11,Debit Card,female,3,4,Laptop & Accessory,1,Single,3,1,18.00,2,2,8,167.00,1.00,"2026-06-08 15:34:49"
54881,1,1,"1. Junior User (1-6 Months)",Mobile Phone,1,29,Debit Card,female,3,4,Mobile Phone,3,Married,6,1,12.00,1,2,2,146.00,0.50,"2026-06-08 15:34:49"
54882,0,24,"3. Core Loyal (>1 Year)",Mobile Phone,1,31,Debit Card,male,4,4,Grocery,3,Married,5,1,19.00,0,2,6,265.00,0.00,"2026-06-08 15:34:49"
54883,0,12,"2. Mid-Loyal (7-12 Months)",Computer,1,17,Credit Card,male,4,4,Mobile Phone,3,Married,2,0,18.00,1,2,3,152.00,0.50,"2026-06-08 15:34:49"
54884,0,20,"3. Core Loyal (>1 Year)",Mobile Phone,1,14,Credit Card,male,4,4,Fashion,3,Married,8,0,14.00,2,0,8,233.00,0.00,"2026-06-08 15:34:49"
54885,0,1,"1. Junior User (1-6 Months)",Mobile Phone,1,24,Credit Card,female,3,5,Laptop & Accessory,3,Married,3,0,16.00,1,4,3,169.00,0.25,"2026-06-08 15:34:49"
54886,1,1,"1. Junior User (1-6 Months)",Mobile Phone,1,21,UPI,male,3,5,Mobile Phone,4,Married,3,1,25.00,2,2,3,162.00,1.00,"2026-06-08 15:34:49"
54887,0,5,"1. Junior User (1-6 Months)",Computer,1,7,Debit Card,female,4,4,Laptop & Accessory,5,Married,3,0,13.00,2,2,4,166.00,1.00,"2026-06-08 15:34:49"
54888,0,1,"1. Junior User (1-6 Months)",Computer,1,12,Debit Card,male,4,4,Mobile Phone,1,Single,3,0,16.00,1,2,1,136.00,0.50,"2026-06-08 15:34:49"
54889,0,28,"3. Core Loyal (>1 Year)",Mobile Phone,1,24,Cash on Delivery,female,3,4,Fashion,3,Married,10,0,12.00,1,0,9,232.00,0.00,"2026-06-08 15:34:49"
54890,0,9,"2. Mid-Loyal (7-12 Months)",Mobile Phone,1,32,Credit Card,female,3,4,Fashion,3,Married,3,1,12.00,1,11,-1,229.00,0.09,"2026-06-08 15:34:49"
54891,0,4,"1. Junior User (1-6 Months)",Mobile Phone,1,15,Debit Card,female,4,2,Fashion,5,Married,2,1,13.00,1,0,8,239.00,0.00,"2026-06-08 15:34:49"
54892,1,1,"1. Junior User (1-6 Months)",Mobile Phone,1,18,Credit Card,female,4,5,Mobile Phone,5,Single,3,1,16.00,2,2,1,151.00,1.00,"2026-06-08 15:34:49"
54893,1,1,"1. Junior User (1-6 Months)",Computer,1,12,Credit Card,female,3,4,Mobile Phone,4,Single,2,0,18.00,1,2,3,149.00,0.50,"2026-06-08 15:34:49"
54894,0,1,"1. Junior User (1-6 Months)",Mobile Phone,1,9,Credit Card,male,3,2,Laptop & Accessory,1,Married,3,0,13.00,2,2,4,180.00,1.00,"2026-06-08 15:34:49"
54895,0,1,"1. Junior User (1-6 Months)",Mobile Phone,1,15,Debit Card,male,4,6,Mobile Phone,5,Married,3,0,16.00,1,2,2,150.00,0.50,"2026-06-08 15:34:49"
54896,0,22,"3. Core Loyal (>1 Year)",Mobile Phone,1,13,Debit Card,male,4,5,Laptop & Accessory,3,Single,4,0,14.00,1,3,3,167.00,0.33,"2026-06-08 15:34:49"
54897,0,22,"3. Core Loyal (>1 Year)",Mobile Phone,1,11,Debit Card,male,4,5,Fashion,3,Single,9,0,15.00,2,0,9,235.00,0.00,"2026-06-08 15:34:49"
54898,0,15,"3. Core Loyal (>1 Year)",Mobile Phone,1,14,Credit Card,female,3,4,Laptop & Accessory,3,Single,8,0,15.00,3,3,2,175.00,1.00,"2026-06-08 15:34:49"
54899,0,13,"3. Core Loyal (>1 Year)",Mobile Phone,1,7,Debit Card,female,4,5,Grocery,1,Married,3,0,17.00,10,0,9,252.00,0.00,"2026-06-08 15:34:49"
54900,0,1,"1. Junior User (1-6 Months)",Mobile Phone,1,9,Debit Card,female,3,4,Laptop & Accessory,1,Married,2,0,19.00,3,3,3,167.00,1.00,"2026-06-08 15:34:49"
54901,0,9,"2. Mid-Loyal (7-12 Months)",Mobile Phone,1,17,UPI,male,3,4,Mobile Phone,1,Married,3,0,21.00,1,2,3,164.00,0.50,"2026-06-08 15:34:49"
54902,0,1,"1. Junior User (1-6 Months)",Mobile Phone,3,12,E wallet,male,3,4,Others,3,Married,8,0,0.0,1,2,1,308.00,0.50,"2026-06-08 15:34:49"
54903,0,24,"3. Core Loyal (>1 Year)",Mobile Phone,1,16,Debit Card,male,4,4,Mobile Phone,1,Married,6,0,19.00,2,2,1,149.00,1.00,"2026-06-08 15:34:49"
54904,0,31,"3. Core Loyal (>1 Year)",Mobile Phone,1,9,Debit Card,female,4,5,Grocery,1,Single,5,1,14.00,0,5,4,262.00,0.00,"2026-06-08 15:34:49"
54905,1,1,"1. Junior User (1-6 Months)",Mobile Phone,1,18,Credit Card,female,4,6,Laptop & Accessory,4,Married,7,0,16.00,2,2,1,173.00,1.00,"2026-06-08 15:34:49"
54906,0,29,"3. Core Loyal (>1 Year)",Computer,1,25,Credit Card,male,4,4,Laptop & Accessory,4,Married,5,1,15.00,3,7,8,189.00,0.43,"2026-06-08 15:34:49"
54907,0,15,"3. Core Loyal (>1 Year)",Computer,1,14,Debit Card,female,3,6,Others,3,Married,3,0,23.00,6,6,11,325.00,1.00,"2026-06-08 15:34:49"
54908,0,12,"2. Mid-Loyal (7-12 Months)",Mobile Phone,3,10,Debit Card,male,3,4,Laptop & Accessory,1,Single,10,1,13.00,2,2,1,194.00,1.00,"2026-06-08 15:34:49"
54909,1,1,"1. Junior User (1-6 Months)",Computer,3,36,Credit Card,male,4,6,Laptop & Accessory,5,Single,10,0,19.00,2,3,3,175.00,0.67,"2026-06-08 15:34:49"
54910,1,16,"3. Core Loyal (>1 Year)",Mobile Phone,3,9,E wallet,female,3,6,Others,1,Married,3,0,16.00,4,7,10,323.00,0.57,"2026-06-08 15:34:49"
54911,0,18,"3. Core Loyal (>1 Year)",Mobile Phone,3,35,Credit Card,female,3,2,Grocery,1,Married,5,1,19.00,5,0,12,258.00,0.00,"2026-06-08 15:34:49"
54912,0,24,"3. Core Loyal (>1 Year)",Computer,3,7,Debit Card,female,4,4,Laptop & Accessory,3,Married,2,0,13.00,1,2,14,188.00,0.50,"2026-06-08 15:34:49"
54913,1,1,"1. Junior User (1-6 Months)",Mobile Phone,1,23,Debit Card,female,3,2,Mobile Phone,5,Single,3,0,17.00,4,16,15,152.00,0.25,"2026-06-08 15:34:49"
54914,0,13,"3. Core Loyal (>1 Year)",Computer,1,29,Credit Card,female,3,4,Fashion,5,Single,3,1,14.00,2,0,9,234.00,0.00,"2026-06-08 15:34:49"
54915,0,7,"2. Mid-Loyal (7-12 Months)",Computer,3,15,Debit Card,female,3,5,Mobile Phone,1,Single,2,0,20.00,1,3,3,148.00,0.33,"2026-06-08 15:34:49"
54916,0,19,"3. Core Loyal (>1 Year)",Mobile Phone,3,18,Debit Card,female,3,4,Grocery,1,Married,5,0,0.0,1,2,2,302.00,0.50,"2026-06-08 15:34:49"
54917,0,6,"1. Junior User (1-6 Months)",Computer,1,36,Credit Card,female,4,4,Mobile Phone,3,Single,11,0,13.00,7,8,8,165.00,0.88,"2026-06-08 15:34:49"
54918,0,8,"2. Mid-Loyal (7-12 Months)",Mobile Phone,3,7,E wallet,male,4,2,Laptop & Accessory,1,Married,2,0,12.00,1,2,-1,222.00,0.50,"2026-06-08 15:34:49"
54919,0,31,"3. Core Loyal (>1 Year)",Mobile Phone,3,7,Cash on Delivery,male,4,4,Fashion,1,Married,5,1,15.00,2,0,5,244.00,0.00,"2026-06-08 15:34:49"
54920,0,19,"3. Core Loyal (>1 Year)",Mobile Phone,2,31,Credit Card,male,3,4,Mobile Phone,4,Single,3,0,17.00,1,2,5,147.00,0.50,"2026-06-08 15:34:49"
54921,0,27,"3. Core Loyal (>1 Year)",Computer,3,9,E wallet,female,3,5,Fashion,4,Married,4,0,13.00,6,7,13,200.00,0.86,"2026-06-08 15:34:49"
54922,1,1,"1. Junior User (1-6 Months)",Mobile Phone,1,22,UPI,male,3,4,Laptop & Accessory,3,Married,9,0,15.00,1,2,1,173.00,0.50,"2026-06-08 15:34:49"
54923,1,1,"1. Junior User (1-6 Months)",Computer,1,9,Debit Card,male,3,4,Mobile Phone,5,Married,8,1,15.00,1,2,3,145.00,0.50,"2026-06-08 15:34:49"
54924,0,8,"2. Mid-Loyal (7-12 Months)",Mobile Phone,3,17,Debit Card,female,3,4,Mobile Phone,3,Married,3,1,20.00,1,2,1,147.00,0.50,"2026-06-08 15:34:49"
54925,0,2,"1. Junior User (1-6 Months)",Mobile Phone,3,17,Credit Card,male,4,4,Mobile Phone,4,Married,3,0,23.00,1,2,1,136.00,0.50,"2026-06-08 15:34:49"
54926,0,12,"2. Mid-Loyal (7-12 Months)",Computer,1,10,UPI,male,3,4,Mobile Phone,3,Married,5,0,17.00,3,3,3,153.00,1.00,"2026-06-08 15:34:49"
54927,0,24,"3. Core Loyal (>1 Year)",Mobile Phone,1,9,Credit Card,male,4,4,Others,3,Married,4,1,0.0,5,8,8,317.00,0.63,"2026-06-08 15:34:49"
54928,0,11,"2. Mid-Loyal (7-12 Months)",Mobile Phone,1,10,UPI,female,3,4,Laptop & Accessory,4,Single,5,0,16.00,2,2,2,166.00,1.00,"2026-06-08 15:34:49"
54929,0,14,"3. Core Loyal (>1 Year)",Mobile Phone,3,33,E wallet,male,4,4,Laptop & Accessory,5,Married,3,0,15.00,4,8,6,209.00,0.50,"2026-06-08 15:34:49"
54930,0,1,"1. Junior User (1-6 Months)",Computer,1,7,Credit Card,female,4,5,Mobile Phone,3,Married,3,0,14.00,1,2,4,145.00,0.50,"2026-06-08 15:34:49"
54931,0,20,"3. Core Loyal (>1 Year)",Mobile Phone,1,7,Credit Card,male,3,4,Others,1,Married,11,0,0.0,2,3,3,321.00,0.67,"2026-06-08 15:34:49"
54932,0,28,"3. Core Loyal (>1 Year)",Mobile Phone,3,9,Debit Card,female,3,5,Fashion,3,Married,8,0,12.00,7,0,1,232.00,0.00,"2026-06-08 15:34:49"
54933,0,30,"3. Core Loyal (>1 Year)",Computer,1,16,Credit Card,female,4,4,Mobile Phone,3,Married,4,0,20.00,2,2,4,154.00,1.00,"2026-06-08 15:34:49"
54934,0,10,"2. Mid-Loyal (7-12 Months)",Mobile Phone,1,19,Credit Card,female,3,5,Fashion,1,Single,2,0,12.00,6,8,-1,214.00,0.75,"2026-06-08 15:34:49"
54935,0,29,"3. Core Loyal (>1 Year)",Computer,1,9,Credit Card,male,3,5,Grocery,5,Single,9,0,0.0,3,7,3,293.00,0.43,"2026-06-08 15:34:49"
54936,0,17,"3. Core Loyal (>1 Year)",Mobile Phone,3,32,Credit Card,male,4,5,Fashion,1,Married,7,0,14.00,2,0,1,233.00,0.00,"2026-06-08 15:34:49"
54937,1,1,"1. Junior User (1-6 Months)",Computer,3,16,E wallet,female,3,4,Mobile Phone,1,Single,3,1,15.00,2,2,3,148.00,1.00,"2026-06-08 15:34:49"
54938,1,1,"1. Junior User (1-6 Months)",Mobile Phone,1,17,Debit Card,female,3,5,Mobile Phone,5,Single,3,0,14.00,1,2,1,139.00,0.50,"2026-06-08 15:34:49"
54939,0,20,"3. Core Loyal (>1 Year)",Mobile Phone,1,15,Debit Card,female,4,5,Laptop & Accessory,5,Married,10,1,24.00,2,2,8,171.00,1.00,"2026-06-08 15:34:49"
54940,1,15,"3. Core Loyal (>1 Year)",Mobile Phone,1,11,Debit Card,male,3,4,Mobile Phone,3,Married,11,1,13.00,1,3,8,150.00,0.33,"2026-06-08 15:34:49"
54941,1,1,"1. Junior User (1-6 Months)",Computer,1,31,Cash on Delivery,male,4,5,Fashion,5,Single,3,0,13.00,2,2,-1,212.00,1.00,"2026-06-08 15:34:49"
54942,0,1,"1. Junior User (1-6 Months)",Mobile Phone,1,7,Credit Card,male,3,5,Mobile Phone,5,Married,3,0,17.00,2,2,4,165.00,1.00,"2026-06-08 15:34:49"
54943,0,4,"1. Junior User (1-6 Months)",Mobile Phone,1,27,UPI,male,3,4,Laptop & Accessory,5,Married,2,0,16.00,1,2,-1,225.00,0.50,"2026-06-08 15:34:49"
54944,0,15,"3. Core Loyal (>1 Year)",Mobile Phone,1,14,Cash on Delivery,female,3,2,Mobile Phone,3,Married,3,0,14.00,1,2,9,159.00,0.50,"2026-06-08 15:34:49"
54945,0,12,"2. Mid-Loyal (7-12 Months)",Mobile Phone,1,24,Debit Card,female,4,5,Fashion,3,Married,2,0,19.00,2,2,-1,213.00,1.00,"2026-06-08 15:34:49"
54946,0,14,"3. Core Loyal (>1 Year)",Mobile Phone,1,27,Cash on Delivery,male,4,4,Fashion,1,Married,6,0,21.00,4,12,-1,228.00,0.33,"2026-06-08 15:34:49"
54947,0,1,"1. Junior User (1-6 Months)",Computer,1,15,Debit Card,male,3,6,Mobile Phone,3,Married,3,0,20.00,2,2,3,171.00,1.00,"2026-06-08 15:34:49"
54948,0,29,"3. Core Loyal (>1 Year)",Computer,1,9,Debit Card,male,4,4,Fashion,4,Married,5,0,19.00,1,0,3,235.00,0.00,"2026-06-08 15:34:49"
54949,0,2,"1. Junior User (1-6 Months)",Mobile Phone,1,17,UPI,female,3,4,Laptop & Accessory,3,Single,5,0,14.00,1,2,8,162.00,0.50,"2026-06-08 15:34:49"
54950,1,8,"2. Mid-Loyal (7-12 Months)",Mobile Phone,2,7,Credit Card,male,4,5,Fashion,5,Married,11,0,15.00,3,4,-1,230.00,0.75,"2026-06-08 15:34:49"
54951,0,7,"2. Mid-Loyal (7-12 Months)",Mobile Phone,1,12,Debit Card,male,3,5,Fashion,1,Married,6,0,16.00,2,2,3,196.00,1.00,"2026-06-08 15:34:49"
54952,1,1,"1. Junior User (1-6 Months)",Mobile Phone,3,11,Cash on Delivery,male,3,4,Fashion,5,Single,2,1,23.00,3,5,-1,221.00,0.60,"2026-06-08 15:34:49"
54953,1,1,"1. Junior User (1-6 Months)",Computer,1,36,Credit Card,female,3,5,Laptop & Accessory,3,Single,3,0,23.00,3,4,9,170.00,0.75,"2026-06-08 15:34:49"
54954,0,2,"1. Junior User (1-6 Months)",Mobile Phone,1,22,Debit Card,male,3,4,Mobile Phone,3,Married,3,0,17.00,1,3,3,147.00,0.33,"2026-06-08 15:34:49"
54955,0,8,"2. Mid-Loyal (7-12 Months)",Computer,1,10,Debit Card,male,3,4,Laptop & Accessory,1,Single,2,0,18.00,2,2,5,203.00,1.00,"2026-06-08 15:34:49"
54956,0,11,"2. Mid-Loyal (7-12 Months)",Mobile Phone,3,17,Debit Card,female,3,5,Laptop & Accessory,1,Married,4,1,15.00,2,2,1,192.00,1.00,"2026-06-08 15:34:49"
54957,1,1,"1. Junior User (1-6 Months)",Mobile Phone,1,11,Cash on Delivery,male,3,4,Mobile Phone,1,Married,3,1,16.00,5,6,7,162.00,0.83,"2026-06-08 15:34:49"
54958,1,1,"1. Junior User (1-6 Months)",Mobile Phone,1,28,Credit Card,male,3,4,Mobile Phone,3,Married,3,0,21.00,2,2,1,149.00,1.00,"2026-06-08 15:34:49"
54959,1,1,"1. Junior User (1-6 Months)",Mobile Phone,1,32,Credit Card,male,3,5,Mobile Phone,4,Single,6,1,21.00,2,3,3,148.00,0.67,"2026-06-08 15:34:49"
54960,0,16,"3. Core Loyal (>1 Year)",Mobile Phone,1,9,Credit Card,male,3,4,Grocery,5,Married,2,0,0.0,6,14,8,302.00,0.43,"2026-06-08 15:34:49"
54961,1,1,"1. Junior User (1-6 Months)",Computer,1,7,Credit Card,male,3,5,Mobile Phone,4,Married,3,0,16.00,2,2,1,151.00,1.00,"2026-06-08 15:34:49"
54962,1,14,"3. Core Loyal (>1 Year)",Computer,3,7,UPI,male,3,4,Laptop & Accessory,3,Single,5,1,15.00,2,2,1,172.00,1.00,"2026-06-08 15:34:49"
54963,0,7,"2. Mid-Loyal (7-12 Months)",Computer,3,14,Debit Card,female,2,4,Laptop & Accessory,4,Married,2,0,18.00,1,2,3,168.00,0.50,"2026-06-08 15:34:49"
54964,0,8,"2. Mid-Loyal (7-12 Months)",Computer,1,10,Debit Card,male,3,5,Mobile Phone,1,Married,5,0,18.00,1,2,1,155.00,0.50,"2026-06-08 15:34:49"
54965,0,22,"3. Core Loyal (>1 Year)",Computer,1,7,Credit Card,male,3,2,Grocery,1,Single,4,0,0.0,1,3,2,294.00,0.33,"2026-06-08 15:34:49"
54966,0,19,"3. Core Loyal (>1 Year)",Computer,3,16,Debit Card,female,4,5,Laptop & Accessory,3,Married,3,0,14.00,5,5,13,181.00,1.00,"2026-06-08 15:34:49"
54967,0,26,"3. Core Loyal (>1 Year)",Mobile Phone,1,6,Debit Card,male,3,4,Fashion,4,Single,9,0,20.00,3,5,-1,229.00,0.60,"2026-06-08 15:34:49"
54968,0,12,"2. Mid-Loyal (7-12 Months)",Mobile Phone,3,17,E wallet,male,4,5,Fashion,3,Married,2,1,15.00,2,3,-1,212.00,0.67,"2026-06-08 15:34:49"
54969,0,3,"1. Junior User (1-6 Months)",Mobile Phone,1,35,Debit Card,female,4,4,Mobile Phone,1,Married,6,0,23.00,2,2,8,150.00,1.00,"2026-06-08 15:34:49"
54970,0,2,"1. Junior User (1-6 Months)",Mobile Phone,1,10,Credit Card,female,4,4,Fashion,4,Married,2,0,18.00,1,2,8,202.00,0.50,"2026-06-08 15:34:49"
54971,0,20,"3. Core Loyal (>1 Year)",Mobile Phone,3,10,E wallet,male,3,4,Grocery,3,Married,5,0,0.0,5,5,10,300.00,1.00,"2026-06-08 15:34:49"
54972,0,12,"2. Mid-Loyal (7-12 Months)",Mobile Phone,3,9,E wallet,male,3,4,Fashion,4,Single,9,0,17.00,2,2,1,199.00,1.00,"2026-06-08 15:34:49"
54973,0,17,"3. Core Loyal (>1 Year)",Computer,1,34,Debit Card,female,3,4,Fashion,5,Married,10,0,12.00,2,0,2,233.00,0.00,"2026-06-08 15:34:49"
54974,1,3,"1. Junior User (1-6 Months)",Computer,1,9,Debit Card,male,3,4,Grocery,1,Married,9,0,12.00,11,0,6,247.00,0.00,"2026-06-08 15:34:49"
54975,0,14,"3. Core Loyal (>1 Year)",Mobile Phone,1,21,Credit Card,male,3,5,Others,3,Single,3,0,0.0,4,5,10,321.00,0.80,"2026-06-08 15:34:49"
54976,0,1,"1. Junior User (1-6 Months)",Mobile Phone,1,7,Cash on Delivery,female,4,5,Mobile Phone,4,Single,3,1,12.00,2,3,3,146.00,0.67,"2026-06-08 15:34:49"
54977,0,13,"3. Core Loyal (>1 Year)",Computer,1,16,Debit Card,male,4,4,Laptop & Accessory,4,Single,11,0,16.00,2,2,4,193.00,1.00,"2026-06-08 15:34:49"
54978,0,10,"2. Mid-Loyal (7-12 Months)",Computer,1,25,Debit Card,male,4,4,Laptop & Accessory,1,Single,4,0,21.00,1,2,10,203.00,0.50,"2026-06-08 15:34:49"
54979,0,5,"1. Junior User (1-6 Months)",Computer,3,27,Debit Card,male,4,2,Mobile Phone,1,Married,2,0,13.00,3,3,3,153.00,1.00,"2026-06-08 15:34:49"
54980,0,2,"1. Junior User (1-6 Months)",Mobile Phone,1,9,Debit Card,male,4,5,Mobile Phone,4,Married,2,0,18.00,1,2,5,157.00,0.50,"2026-06-08 15:34:49"
54981,0,9,"2. Mid-Loyal (7-12 Months)",Computer,3,18,E wallet,male,3,4,Laptop & Accessory,1,Married,3,0,12.00,2,2,3,175.00,1.00,"2026-06-08 15:34:49"
54982,0,23,"3. Core Loyal (>1 Year)",Mobile Phone,3,15,Cash on Delivery,male,3,5,Grocery,4,Married,8,0,18.00,2,0,4,256.00,0.00,"2026-06-08 15:34:49"
54983,0,8,"2. Mid-Loyal (7-12 Months)",Computer,1,9,Debit Card,male,4,4,Laptop & Accessory,3,Single,4,0,12.00,2,2,3,165.00,1.00,"2026-06-08 15:34:49"
54984,0,3,"1. Junior User (1-6 Months)",Computer,1,17,Debit Card,female,4,4,Mobile Phone,4,Married,2,0,15.00,1,2,2,158.00,0.50,"2026-06-08 15:34:49"
54985,0,16,"3. Core Loyal (>1 Year)",Mobile Phone,1,36,Credit Card,male,3,6,Laptop & Accessory,1,Single,6,0,20.00,2,2,1,168.00,1.00,"2026-06-08 15:34:49"
54986,0,3,"1. Junior User (1-6 Months)",Mobile Phone,1,15,Credit Card,male,4,5,Laptop & Accessory,1,Married,3,1,16.00,2,2,3,176.00,1.00,"2026-06-08 15:34:49"
54987,0,12,"2. Mid-Loyal (7-12 Months)",Mobile Phone,2,7,UPI,male,3,2,Mobile Phone,3,Married,3,0,14.00,4,6,1,153.00,0.67,"2026-06-08 15:34:49"
54988,0,2,"1. Junior User (1-6 Months)",Computer,1,13,Debit Card,male,3,5,Mobile Phone,3,Married,3,1,15.00,2,2,3,152.00,1.00,"2026-06-08 15:34:49"
54989,1,1,"1. Junior User (1-6 Months)",Computer,1,15,Credit Card,male,4,4,Mobile Phone,3,Single,3,0,13.00,2,2,1,144.00,1.00,"2026-06-08 15:34:49"
54990,1,1,"1. Junior User (1-6 Months)",Mobile Phone,3,16,E wallet,female,4,4,Laptop & Accessory,5,Single,5,1,18.00,1,2,4,207.00,0.50,"2026-06-08 15:34:49"
54991,0,15,"3. Core Loyal (>1 Year)",Mobile Phone,1,19,Debit Card,male,3,4,Mobile Phone,1,Married,5,1,12.00,2,2,1,173.00,1.00,"2026-06-08 15:34:49"
54992,1,1,"1. Junior User (1-6 Months)",Computer,1,22,Credit Card,male,4,4,Mobile Phone,3,Married,3,0,13.00,2,3,3,151.00,0.67,"2026-06-08 15:34:49"
54993,0,11,"2. Mid-Loyal (7-12 Months)",Mobile Phone,1,32,Credit Card,female,3,5,Laptop & Accessory,1,Married,9,0,14.00,2,2,4,182.00,1.00,"2026-06-08 15:34:49"
54994,0,1,"1. Junior User (1-6 Months)",Mobile Phone,1,13,Debit Card,male,3,5,Mobile Phone,3,Married,3,0,14.00,2,3,3,150.00,0.67,"2026-06-08 15:34:49"
54995,0,8,"2. Mid-Loyal (7-12 Months)",Mobile Phone,3,16,Debit Card,female,4,4,Laptop & Accessory,3,Married,3,0,21.00,1,2,4,182.00,0.50,"2026-06-08 15:34:49"
54996,0,9,"2. Mid-Loyal (7-12 Months)",Mobile Phone,2,15,Cash on Delivery,male,4,4,Mobile Phone,3,Single,3,0,18.00,1,2,5,168.00,0.50,"2026-06-08 15:34:49"
54997,1,1,"1. Junior User (1-6 Months)",Mobile Phone,3,30,Debit Card,female,3,5,Fashion,5,Married,3,0,14.00,2,4,11,198.00,0.50,"2026-06-08 15:34:49"
54998,0,14,"3. Core Loyal (>1 Year)",Computer,1,16,Credit Card,female,3,4,Fashion,3,Single,11,0,18.00,2,0,14,260.00,0.00,"2026-06-08 15:34:49"
54999,1,6,"1. Junior User (1-6 Months)",Computer,3,19,Debit Card,male,3,4,Grocery,5,Single,2,1,13.00,0,14,15,263.00,0.00,"2026-06-08 15:34:49"
55000,0,16,"3. Core Loyal (>1 Year)",Mobile Phone,3,11,E wallet,male,3,4,Laptop & Accessory,5,Single,9,0,14.00,2,2,6,177.00,1.00,"2026-06-08 15:34:49"
55001,0,9,"2. Mid-Loyal (7-12 Months)",Mobile Phone,1,7,Credit Card,male,3,5,Mobile Phone,3,Married,8,0,13.00,2,2,8,148.00,1.00,"2026-06-08 15:34:49"
55002,0,1,"1. Junior User (1-6 Months)",Mobile Phone,1,31,Credit Card,male,3,4,Mobile Phone,4,Single,10,0,23.00,1,2,3,161.00,0.50,"2026-06-08 15:34:49"
55003,1,1,"1. Junior User (1-6 Months)",Mobile Phone,1,19,Debit Card,female,4,4,Mobile Phone,1,Married,3,1,12.00,2,2,1,150.00,1.00,"2026-06-08 15:34:49"
55004,0,1,"1. Junior User (1-6 Months)",Mobile Phone,1,10,Credit Card,male,3,2,Mobile Phone,1,Married,3,0,23.00,2,2,8,169.00,1.00,"2026-06-08 15:34:49"
55005,0,4,"1. Junior User (1-6 Months)",Mobile Phone,3,17,E wallet,male,4,5,Laptop & Accessory,3,Married,3,0,19.00,1,2,5,191.00,0.50,"2026-06-08 15:34:49"
55006,0,14,"3. Core Loyal (>1 Year)",Computer,1,33,Credit Card,female,4,5,Laptop & Accessory,1,Married,5,1,14.00,1,2,1,169.00,0.50,"2026-06-08 15:34:49"
55007,0,9,"2. Mid-Loyal (7-12 Months)",Mobile Phone,1,9,Debit Card,male,3,5,Fashion,4,Married,4,0,19.00,3,7,-1,228.00,0.43,"2026-06-08 15:34:49"
55008,0,8,"2. Mid-Loyal (7-12 Months)",Computer,1,8,Credit Card,male,4,5,Laptop & Accessory,5,Single,2,0,21.00,1,5,10,178.00,0.20,"2026-06-08 15:34:49"
55009,0,9,"2. Mid-Loyal (7-12 Months)",Computer,1,11,UPI,male,3,5,Mobile Phone,1,Married,3,0,14.00,2,3,3,149.00,0.67,"2026-06-08 15:34:49"
55010,1,7,"2. Mid-Loyal (7-12 Months)",Mobile Phone,3,16,E wallet,female,3,6,Laptop & Accessory,3,Single,10,0,14.00,1,2,4,178.00,0.50,"2026-06-08 15:34:49"
55011,0,6,"1. Junior User (1-6 Months)",Computer,3,9,Debit Card,female,4,4,Mobile Phone,5,Married,3,0,13.00,2,2,1,153.00,1.00,"2026-06-08 15:34:49"
55012,0,30,"3. Core Loyal (>1 Year)",Mobile Phone,1,11,Cash on Delivery,female,4,4,Others,5,Married,6,0,14.00,5,5,3,324.00,1.00,"2026-06-08 15:34:49"
55013,0,3,"1. Junior User (1-6 Months)",Mobile Phone,1,13,Credit Card,female,3,4,Mobile Phone,1,Married,3,0,14.00,1,2,9,156.00,0.50,"2026-06-08 15:34:49"
55014,0,1,"1. Junior User (1-6 Months)",Mobile Phone,1,16,Debit Card,male,3,4,Mobile Phone,5,Single,3,0,26.00,1,2,1,151.00,0.50,"2026-06-08 15:34:49"
55015,0,19,"3. Core Loyal (>1 Year)",Mobile Phone,1,14,Credit Card,female,3,4,Mobile Phone,3,Married,6,1,20.00,1,2,3,170.00,0.50,"2026-06-08 15:34:49"
55016,0,11,"2. Mid-Loyal (7-12 Months)",Mobile Phone,1,8,Debit Card,female,3,5,Laptop & Accessory,1,Married,3,0,14.00,1,4,12,190.00,0.25,"2026-06-08 15:34:49"
55017,0,1,"1. Junior User (1-6 Months)",Mobile Phone,1,6,Debit Card,male,3,5,Mobile Phone,3,Single,3,0,13.00,1,2,3,155.00,0.50,"2026-06-08 15:34:49"
55018,1,8,"2. Mid-Loyal (7-12 Months)",Mobile Phone,1,17,Debit Card,male,4,4,Mobile Phone,3,Single,3,1,12.00,2,2,3,154.00,1.00,"2026-06-08 15:34:49"
55019,0,27,"3. Core Loyal (>1 Year)",Mobile Phone,1,14,Credit Card,female,3,4,Others,3,Married,5,0,0.0,4,5,8,311.00,0.80,"2026-06-08 15:34:49"
55020,0,3,"1. Junior User (1-6 Months)",Mobile Phone,1,22,Debit Card,female,4,6,Mobile Phone,1,Married,2,1,19.00,2,2,4,147.00,1.00,"2026-06-08 15:34:49"
55021,1,1,"1. Junior User (1-6 Months)",Computer,1,10,Debit Card,male,3,5,Mobile Phone,1,Married,2,1,12.00,1,2,1,154.00,0.50,"2026-06-08 15:34:49"
55022,0,20,"3. Core Loyal (>1 Year)",Mobile Phone,3,9,E wallet,female,4,4,Grocery,5,Married,10,0,0.0,7,16,10,295.00,0.44,"2026-06-08 15:34:49"
55023,0,18,"3. Core Loyal (>1 Year)",Computer,1,24,Debit Card,male,4,6,Mobile Phone,3,Single,4,0,14.00,2,2,1,148.00,1.00,"2026-06-08 15:34:49"
55024,0,7,"2. Mid-Loyal (7-12 Months)",Mobile Phone,2,9,UPI,male,4,4,Mobile Phone,3,Married,3,0,14.00,2,2,5,161.00,1.00,"2026-06-08 15:34:49"
55025,1,5,"1. Junior User (1-6 Months)",Computer,1,12,Debit Card,male,4,5,Mobile Phone,5,Married,8,0,18.00,1,2,1,146.00,0.50,"2026-06-08 15:34:49"
55026,0,4,"1. Junior User (1-6 Months)",Mobile Phone,3,36,Debit Card,male,4,4,Laptop & Accessory,5,Married,10,0,20.00,2,2,4,166.00,1.00,"2026-06-08 15:34:49"
55027,0,14,"3. Core Loyal (>1 Year)",Computer,3,9,Credit Card,male,4,4,Laptop & Accessory,4,Married,7,0,13.00,2,2,1,168.00,1.00,"2026-06-08 15:34:49"
55028,0,24,"3. Core Loyal (>1 Year)",Computer,1,9,Credit Card,female,2,4,Grocery,5,Married,4,0,0.0,1,3,3,304.00,0.33,"2026-06-08 15:34:49"
55029,0,2,"1. Junior User (1-6 Months)",Mobile Phone,1,26,Credit Card,male,4,5,Mobile Phone,5,Married,3,0,13.00,2,4,4,157.00,0.50,"2026-06-08 15:34:49"
55030,0,20,"3. Core Loyal (>1 Year)",Mobile Phone,1,22,Debit Card,male,3,4,Others,4,Married,7,0,0.0,2,2,4,316.00,1.00,"2026-06-08 15:34:49"
55031,0,9,"2. Mid-Loyal (7-12 Months)",Mobile Phone,3,24,Debit Card,male,4,4,Laptop & Accessory,5,Married,5,1,16.00,1,2,-1,215.00,0.50,"2026-06-08 15:34:49"
55032,1,1,"1. Junior User (1-6 Months)",Mobile Phone,1,24,Debit Card,female,4,4,Mobile Phone,4,Married,3,0,14.00,2,2,1,147.00,1.00,"2026-06-08 15:34:49"
55033,0,7,"2. Mid-Loyal (7-12 Months)",Computer,3,32,Credit Card,female,3,4,Laptop & Accessory,3,Married,3,0,13.00,1,2,2,170.00,0.50,"2026-06-08 15:34:49"
55034,0,10,"2. Mid-Loyal (7-12 Months)",Mobile Phone,1,13,Debit Card,male,3,6,Mobile Phone,3,Married,3,0,15.00,2,2,8,152.00,1.00,"2026-06-08 15:34:49"
55035,0,4,"1. Junior User (1-6 Months)",Mobile Phone,1,14,Debit Card,male,3,4,Laptop & Accessory,3,Married,3,0,14.00,5,9,10,160.00,0.56,"2026-06-08 15:34:49"
55036,0,18,"3. Core Loyal (>1 Year)",Mobile Phone,1,36,UPI,male,3,4,Laptop & Accessory,1,Single,3,0,26.00,7,14,18,170.00,0.50,"2026-06-08 15:34:49"
55037,0,1,"1. Junior User (1-6 Months)",Mobile Phone,3,28,E wallet,male,3,2,Mobile Phone,1,Single,3,0,18.00,3,3,3,152.00,1.00,"2026-06-08 15:34:49"
55038,0,20,"3. Core Loyal (>1 Year)",Mobile Phone,1,9,Cash on Delivery,male,3,4,Laptop & Accessory,1,Married,4,0,12.00,1,2,5,199.00,0.50,"2026-06-08 15:34:49"
55039,0,16,"3. Core Loyal (>1 Year)",Computer,2,9,Credit Card,male,4,2,Laptop & Accessory,5,Married,9,0,17.00,2,2,4,188.00,1.00,"2026-06-08 15:34:49"
55040,0,31,"3. Core Loyal (>1 Year)",Mobile Phone,3,14,E wallet,male,3,2,Laptop & Accessory,1,Married,2,1,19.00,1,2,10,177.00,0.50,"2026-06-08 15:34:49"
55041,0,6,"1. Junior User (1-6 Months)",Computer,1,20,UPI,female,4,5,Mobile Phone,4,Married,3,0,21.00,3,3,3,159.00,1.00,"2026-06-08 15:34:49"
55042,0,6,"1. Junior User (1-6 Months)",Computer,1,9,Debit Card,female,3,4,Laptop & Accessory,3,Single,6,1,15.00,2,2,8,175.00,1.00,"2026-06-08 15:34:49"
55043,0,10,"2. Mid-Loyal (7-12 Months)",Mobile Phone,1,8,Cash on Delivery,female,4,6,Fashion,5,Married,4,1,22.00,8,8,-1,228.00,1.00,"2026-06-08 15:34:49"
55044,0,7,"2. Mid-Loyal (7-12 Months)",Mobile Phone,1,16,Credit Card,male,3,4,Mobile Phone,1,Married,2,0,14.00,1,5,11,153.00,0.20,"2026-06-08 15:34:49"
55045,0,14,"3. Core Loyal (>1 Year)",Mobile Phone,3,17,Cash on Delivery,female,3,5,Laptop & Accessory,4,Married,9,0,13.00,2,2,4,194.00,1.00,"2026-06-08 15:34:49"
55046,0,1,"1. Junior User (1-6 Months)",Mobile Phone,3,17,Debit Card,male,3,4,Laptop & Accessory,1,Single,2,0,15.00,2,2,2,175.00,1.00,"2026-06-08 15:34:49"
55047,0,4,"1. Junior User (1-6 Months)",Mobile Phone,1,8,Credit Card,male,4,4,Mobile Phone,4,Married,2,1,22.00,4,6,8,161.00,0.67,"2026-06-08 15:34:49"
55048,0,16,"3. Core Loyal (>1 Year)",Computer,1,33,Credit Card,female,3,4,Fashion,5,Married,5,1,18.00,1,0,1,257.00,0.00,"2026-06-08 15:34:49"
55049,0,9,"2. Mid-Loyal (7-12 Months)",Computer,3,15,E wallet,female,4,5,Fashion,1,Married,6,1,12.00,4,5,-1,229.00,0.80,"2026-06-08 15:34:49"
55050,0,1,"1. Junior User (1-6 Months)",Mobile Phone,1,21,Debit Card,male,3,4,Mobile Phone,5,Married,3,1,15.00,6,7,9,147.00,0.86,"2026-06-08 15:34:49"
55051,0,28,"3. Core Loyal (>1 Year)",Computer,1,8,Debit Card,female,3,4,Fashion,3,Married,9,0,18.00,1,2,-1,230.00,0.50,"2026-06-08 15:34:49"
55052,0,18,"3. Core Loyal (>1 Year)",Mobile Phone,1,9,Debit Card,female,4,2,Mobile Phone,1,Married,3,0,14.00,2,8,8,145.00,0.25,"2026-06-08 15:34:49"
55053,1,1,"1. Junior User (1-6 Months)",Computer,1,17,Credit Card,female,4,5,Mobile Phone,4,Single,3,1,26.00,1,2,1,144.00,0.50,"2026-06-08 15:34:49"
55054,0,3,"1. Junior User (1-6 Months)",Mobile Phone,1,8,Debit Card,female,4,4,Mobile Phone,1,Married,3,0,16.00,2,2,3,163.00,1.00,"2026-06-08 15:34:49"
55055,0,28,"3. Core Loyal (>1 Year)",Mobile Phone,1,10,Debit Card,male,3,4,Grocery,1,Married,5,0,0.0,1,2,10,303.00,0.50,"2026-06-08 15:34:49"
55056,0,5,"1. Junior User (1-6 Months)",Mobile Phone,1,18,Credit Card,male,4,4,Laptop & Accessory,5,Married,3,1,13.00,2,2,2,193.00,1.00,"2026-06-08 15:34:49"
55057,0,5,"1. Junior User (1-6 Months)",Mobile Phone,1,31,Credit Card,female,4,5,Laptop & Accessory,5,Single,3,0,20.00,2,2,9,193.00,1.00,"2026-06-08 15:34:49"
55058,0,31,"3. Core Loyal (>1 Year)",Mobile Phone,3,10,Debit Card,female,3,5,Laptop & Accessory,1,Single,7,0,18.00,1,2,6,177.00,0.50,"2026-06-08 15:34:49"
55059,0,17,"3. Core Loyal (>1 Year)",Mobile Phone,1,10,Debit Card,male,4,6,Others,1,Married,5,0,0.0,2,2,8,322.00,1.00,"2026-06-08 15:34:49"
55060,0,23,"3. Core Loyal (>1 Year)",Mobile Phone,1,11,Credit Card,male,3,5,Others,3,Married,4,0,0.0,1,2,1,312.00,0.50,"2026-06-08 15:34:49"
55061,0,10,"2. Mid-Loyal (7-12 Months)",Computer,1,10,Cash on Delivery,male,3,4,Mobile Phone,4,Married,3,0,13.00,1,2,8,162.00,0.50,"2026-06-08 15:34:49"
55062,0,22,"3. Core Loyal (>1 Year)",Mobile Phone,1,9,Cash on Delivery,male,4,2,Mobile Phone,4,Single,7,0,12.00,1,2,1,151.00,0.50,"2026-06-08 15:34:49"
55063,0,1,"1. Junior User (1-6 Months)",Mobile Phone,1,11,Debit Card,male,4,4,Mobile Phone,3,Married,3,0,12.00,2,2,4,150.00,1.00,"2026-06-08 15:34:49"
55064,0,3,"1. Junior User (1-6 Months)",Mobile Phone,1,14,Debit Card,male,3,4,Laptop & Accessory,1,Married,3,1,12.00,2,2,1,191.00,1.00,"2026-06-08 15:34:49"
55065,0,22,"3. Core Loyal (>1 Year)",Mobile Phone,1,8,Debit Card,male,4,5,Others,1,Single,8,0,0.0,2,2,1,308.00,1.00,"2026-06-08 15:34:49"
55066,0,3,"1. Junior User (1-6 Months)",Mobile Phone,1,8,Debit Card,female,3,5,Grocery,1,Married,5,0,15.00,0,2,8,286.00,0.00,"2026-06-08 15:34:49"
55067,0,8,"2. Mid-Loyal (7-12 Months)",Mobile Phone,1,27,Cash on Delivery,female,3,2,Mobile Phone,3,Married,2,0,18.00,2,2,1,151.00,1.00,"2026-06-08 15:34:49"
55068,0,18,"3. Core Loyal (>1 Year)",Mobile Phone,3,12,E wallet,male,3,4,Others,4,Married,9,0,0.0,2,4,11,307.00,0.50,"2026-06-08 15:34:49"
55069,0,7,"2. Mid-Loyal (7-12 Months)",Mobile Phone,3,17,E wallet,male,3,2,Fashion,3,Married,2,1,15.00,1,2,9,209.00,0.50,"2026-06-08 15:34:49"
55070,0,1,"1. Junior User (1-6 Months)",Mobile Phone,1,32,Debit Card,female,3,2,Mobile Phone,1,Single,3,1,13.00,1,2,2,155.00,0.50,"2026-06-08 15:34:49"
55071,0,1,"1. Junior User (1-6 Months)",Mobile Phone,1,8,Debit Card,male,3,4,Mobile Phone,3,Married,3,0,23.00,2,2,2,137.00,1.00,"2026-06-08 15:34:49"
55072,1,1,"1. Junior User (1-6 Months)",Computer,3,31,Debit Card,male,4,6,Mobile Phone,1,Single,3,1,15.00,2,2,1,136.00,1.00,"2026-06-08 15:34:49"
55073,0,1,"1. Junior User (1-6 Months)",Mobile Phone,1,11,Debit Card,male,3,4,Mobile Phone,1,Single,3,1,21.00,3,3,3,154.00,1.00,"2026-06-08 15:34:49"
55074,1,9,"2. Mid-Loyal (7-12 Months)",Mobile Phone,3,9,E wallet,female,4,6,Others,4,Single,4,1,0.0,2,2,12,313.00,1.00,"2026-06-08 15:34:49"
55075,0,29,"3. Core Loyal (>1 Year)",Computer,1,15,Credit Card,male,3,5,Grocery,4,Married,3,1,16.00,3,16,1,261.00,0.19,"2026-06-08 15:34:49"
55076,1,1,"1. Junior User (1-6 Months)",Computer,1,17,Debit Card,female,3,5,Mobile Phone,3,Single,3,0,21.00,2,3,3,151.00,0.67,"2026-06-08 15:34:49"
55077,0,20,"3. Core Loyal (>1 Year)",Mobile Phone,3,11,E wallet,female,3,5,Others,4,Married,4,0,0.0,2,2,9,313.00,1.00,"2026-06-08 15:34:49"
55078,0,8,"2. Mid-Loyal (7-12 Months)",Mobile Phone,3,9,E wallet,female,3,4,Laptop & Accessory,5,Single,2,1,13.00,2,2,3,170.00,1.00,"2026-06-08 15:34:49"
55079,0,25,"3. Core Loyal (>1 Year)",Computer,3,16,Debit Card,male,3,4,Others,4,Married,6,1,25.00,7,12,11,323.00,0.58,"2026-06-08 15:34:49"
55080,0,31,"3. Core Loyal (>1 Year)",Mobile Phone,1,25,Credit Card,male,4,4,Fashion,1,Single,8,0,13.00,4,6,-1,230.00,0.67,"2026-06-08 15:34:49"
55081,0,8,"2. Mid-Loyal (7-12 Months)",Computer,1,26,Credit Card,female,3,4,Laptop & Accessory,4,Married,6,0,14.00,1,6,11,169.00,0.17,"2026-06-08 15:34:49"
55082,0,2,"1. Junior User (1-6 Months)",Computer,1,8,Credit Card,male,3,4,Mobile Phone,3,Single,2,1,12.00,2,2,3,147.00,1.00,"2026-06-08 15:34:49"
55083,0,18,"3. Core Loyal (>1 Year)",Mobile Phone,1,11,Debit Card,male,4,2,Others,5,Married,3,0,0.0,3,15,14,317.00,0.20,"2026-06-08 15:34:49"
55084,0,8,"2. Mid-Loyal (7-12 Months)",Computer,2,18,Debit Card,male,3,5,Laptop & Accessory,4,Married,6,0,12.00,1,2,9,170.00,0.50,"2026-06-08 15:34:49"
55085,0,9,"2. Mid-Loyal (7-12 Months)",Mobile Phone,1,13,Debit Card,male,4,4,Mobile Phone,3,Married,2,1,15.00,2,3,3,160.00,0.67,"2026-06-08 15:34:49"
55086,0,16,"3. Core Loyal (>1 Year)",Mobile Phone,1,14,Credit Card,female,4,2,Laptop & Accessory,4,Married,8,1,17.00,1,2,1,149.00,0.50,"2026-06-08 15:34:49"
55087,0,17,"3. Core Loyal (>1 Year)",Mobile Phone,3,11,E wallet,female,3,5,Fashion,1,Single,5,0,15.00,11,16,-1,227.00,0.69,"2026-06-08 15:34:49"
55088,0,10,"2. Mid-Loyal (7-12 Months)",Mobile Phone,1,9,Debit Card,female,3,4,Laptop & Accessory,4,Single,11,1,12.00,5,6,13,179.00,0.83,"2026-06-08 15:34:49"
55089,1,8,"2. Mid-Loyal (7-12 Months)",Mobile Phone,1,22,Credit Card,female,4,4,Fashion,1,Married,3,0,12.00,1,2,6,205.00,0.50,"2026-06-08 15:34:49"
55090,0,2,"1. Junior User (1-6 Months)",Computer,1,9,Debit Card,male,3,5,Mobile Phone,1,Married,3,1,13.00,1,3,3,164.00,0.33,"2026-06-08 15:34:49"
55091,0,25,"3. Core Loyal (>1 Year)",Computer,1,13,Credit Card,female,3,5,Mobile Phone,3,Single,2,0,15.00,4,8,8,153.00,0.50,"2026-06-08 15:34:49"
55092,0,4,"1. Junior User (1-6 Months)",Computer,1,16,Credit Card,female,4,4,Laptop & Accessory,3,Single,9,1,19.00,1,2,8,172.00,0.50,"2026-06-08 15:34:49"
55093,1,1,"1. Junior User (1-6 Months)",Mobile Phone,1,14,Cash on Delivery,female,3,4,Mobile Phone,3,Married,5,1,14.00,5,8,8,158.00,0.63,"2026-06-08 15:34:49"
55094,0,2,"1. Junior User (1-6 Months)",Mobile Phone,1,8,Cash on Delivery,male,3,4,Mobile Phone,5,Single,4,0,12.00,2,2,3,146.00,1.00,"2026-06-08 15:34:49"
55095,0,1,"1. Junior User (1-6 Months)",Mobile Phone,1,8,Credit Card,female,3,4,Mobile Phone,4,Single,3,0,19.00,2,3,2,146.00,0.67,"2026-06-08 15:34:49"
55096,0,6,"1. Junior User (1-6 Months)",Mobile Phone,3,15,Credit Card,male,3,2,Laptop & Accessory,1,Married,3,0,16.00,1,2,9,187.00,0.50,"2026-06-08 15:34:49"
55097,0,19,"3. Core Loyal (>1 Year)",Computer,1,32,Credit Card,female,3,4,Others,4,Single,5,0,0.0,1,2,1,306.00,0.50,"2026-06-08 15:34:49"
55098,0,13,"3. Core Loyal (>1 Year)",Mobile Phone,1,20,Credit Card,female,4,5,Grocery,4,Married,8,1,0.0,11,16,3,296.00,0.69,"2026-06-08 15:34:49"
55099,0,31,"3. Core Loyal (>1 Year)",Mobile Phone,1,30,Debit Card,male,3,4,Mobile Phone,3,Married,3,0,13.00,2,3,3,149.00,0.67,"2026-06-08 15:34:49"
55100,1,1,"1. Junior User (1-6 Months)",Mobile Phone,1,14,Debit Card,male,4,4,Laptop & Accessory,3,Married,3,0,19.00,1,2,2,174.00,0.50,"2026-06-08 15:34:49"
55101,1,3,"1. Junior User (1-6 Months)",Mobile Phone,1,30,Credit Card,male,4,4,Mobile Phone,5,Single,2,0,14.00,1,2,4,164.00,0.50,"2026-06-08 15:34:49"
55102,0,4,"1. Junior User (1-6 Months)",Mobile Phone,1,13,Cash on Delivery,female,3,5,Laptop & Accessory,1,Married,2,0,13.00,6,7,8,171.00,0.86,"2026-06-08 15:34:49"
55103,0,10,"2. Mid-Loyal (7-12 Months)",Mobile Phone,1,17,Cash on Delivery,female,4,4,Fashion,3,Married,5,0,13.00,2,2,8,196.00,1.00,"2026-06-08 15:34:49"
55104,0,20,"3. Core Loyal (>1 Year)",Mobile Phone,2,8,Debit Card,female,3,4,Mobile Phone,5,Single,8,0,13.00,3,6,8,159.00,0.50,"2026-06-08 15:34:49"
55105,0,2,"1. Junior User (1-6 Months)",Computer,1,8,Debit Card,female,3,6,Laptop & Accessory,1,Married,2,0,12.00,8,8,6,192.00,1.00,"2026-06-08 15:34:49"
55106,0,24,"3. Core Loyal (>1 Year)",Mobile Phone,1,35,Debit Card,female,3,4,Grocery,5,Married,6,1,0.0,1,2,3,294.00,0.50,"2026-06-08 15:34:49"
55107,1,4,"1. Junior User (1-6 Months)",Mobile Phone,3,32,E wallet,male,3,5,Fashion,4,Single,4,1,13.00,2,2,-1,216.00,1.00,"2026-06-08 15:34:49"
55108,1,16,"3. Core Loyal (>1 Year)",Mobile Phone,3,12,Debit Card,male,4,4,Fashion,4,Single,11,1,20.00,8,8,-1,209.00,1.00,"2026-06-08 15:34:49"
55109,0,4,"1. Junior User (1-6 Months)",Mobile Phone,1,24,Credit Card,female,4,4,Fashion,5,Married,3,1,24.00,2,0,9,244.00,0.00,"2026-06-08 15:34:49"
55110,0,13,"3. Core Loyal (>1 Year)",Mobile Phone,1,25,Debit Card,male,3,4,Laptop & Accessory,3,Single,2,0,12.00,2,2,8,170.00,1.00,"2026-06-08 15:34:49"
55111,0,5,"1. Junior User (1-6 Months)",Computer,3,9,Debit Card,female,3,4,Fashion,3,Married,3,1,20.00,9,10,-1,224.00,0.90,"2026-06-08 15:34:49"
55112,0,15,"3. Core Loyal (>1 Year)",Computer,3,17,Credit Card,male,3,6,Laptop & Accessory,4,Single,3,0,14.00,4,12,10,187.00,0.33,"2026-06-08 15:34:49"
55113,1,1,"1. Junior User (1-6 Months)",Computer,3,8,Debit Card,female,3,4,Mobile Phone,4,Single,3,1,12.00,3,3,3,148.00,1.00,"2026-06-08 15:34:49"
55114,1,8,"2. Mid-Loyal (7-12 Months)",Mobile Phone,1,10,Debit Card,male,3,4,Mobile Phone,5,Married,6,0,13.00,2,2,3,149.00,1.00,"2026-06-08 15:34:49"
55115,0,16,"3. Core Loyal (>1 Year)",Computer,1,9,Debit Card,male,3,4,Grocery,3,Married,2,1,0.0,1,3,11,304.00,0.33,"2026-06-08 15:34:49"
55116,0,29,"3. Core Loyal (>1 Year)",Mobile Phone,1,9,Credit Card,female,3,6,Others,3,Married,6,0,0.0,5,10,12,317.00,0.50,"2026-06-08 15:34:49"
55117,0,30,"3. Core Loyal (>1 Year)",Mobile Phone,2,15,Debit Card,male,4,4,Others,4,Single,8,0,0.0,3,8,8,322.00,0.38,"2026-06-08 15:34:49"
55118,0,14,"3. Core Loyal (>1 Year)",Computer,1,23,Debit Card,male,4,4,Mobile Phone,3,Married,11,0,17.00,2,2,1,160.00,1.00,"2026-06-08 15:34:49"
55119,0,8,"2. Mid-Loyal (7-12 Months)",Mobile Phone,1,16,Debit Card,male,3,4,Fashion,1,Married,2,0,12.00,1,2,-1,210.00,0.50,"2026-06-08 15:34:49"
55120,0,14,"3. Core Loyal (>1 Year)",Mobile Phone,1,9,Debit Card,male,4,4,Laptop & Accessory,1,Single,3,0,14.00,4,9,9,172.00,0.44,"2026-06-08 15:34:49"
55121,0,15,"3. Core Loyal (>1 Year)",Computer,3,8,E wallet,female,4,4,Laptop & Accessory,5,Married,2,0,18.00,1,2,8,166.00,0.50,"2026-06-08 15:34:49"
55122,0,9,"2. Mid-Loyal (7-12 Months)",Computer,1,11,Debit Card,male,3,4,Laptop & Accessory,3,Single,3,1,12.00,2,2,2,167.00,1.00,"2026-06-08 15:34:49"
55123,0,25,"3. Core Loyal (>1 Year)",Mobile Phone,2,12,Debit Card,male,3,4,Grocery,4,Married,3,1,12.00,0,2,11,265.00,0.00,"2026-06-08 15:34:49"
55124,0,12,"2. Mid-Loyal (7-12 Months)",Mobile Phone,3,9,Debit Card,female,3,4,Laptop & Accessory,5,Married,5,0,16.00,1,2,8,194.00,0.50,"2026-06-08 15:34:49"
55125,0,8,"2. Mid-Loyal (7-12 Months)",Mobile Phone,3,22,Credit Card,female,4,4,Laptop & Accessory,5,Single,3,0,13.00,5,10,7,186.00,0.50,"2026-06-08 15:34:49"
55126,0,1,"1. Junior User (1-6 Months)",Mobile Phone,1,26,Credit Card,male,4,4,Mobile Phone,1,Married,5,0,12.00,1,2,3,162.00,0.50,"2026-06-08 15:34:49"
55127,1,21,"3. Core Loyal (>1 Year)",Mobile Phone,1,14,Credit Card,female,3,5,Fashion,5,Married,9,1,15.00,2,6,-1,225.00,0.33,"2026-06-08 15:34:49"
55128,0,14,"3. Core Loyal (>1 Year)",Mobile Phone,1,8,Debit Card,male,3,4,Mobile Phone,4,Married,5,0,23.00,2,2,4,149.00,1.00,"2026-06-08 15:34:49"
55129,0,10,"2. Mid-Loyal (7-12 Months)",Computer,3,14,E wallet,female,3,2,Laptop & Accessory,5,Married,4,0,17.00,6,7,14,171.00,0.86,"2026-06-08 15:34:49"
55130,0,22,"3. Core Loyal (>1 Year)",Mobile Phone,1,11,Debit Card,male,3,4,Fashion,1,Single,3,0,12.00,2,2,9,204.00,1.00,"2026-06-08 15:34:49"
55131,0,1,"1. Junior User (1-6 Months)",Mobile Phone,3,18,Credit Card,female,4,2,Mobile Phone,1,Married,10,0,15.00,1,2,1,150.00,0.50,"2026-06-08 15:34:49"
55132,0,25,"3. Core Loyal (>1 Year)",Mobile Phone,1,18,Cash on Delivery,female,3,5,Grocery,4,Single,5,0,17.00,1,0,4,256.00,0.00,"2026-06-08 15:34:49"
55133,0,1,"1. Junior User (1-6 Months)",Computer,1,8,Debit Card,female,4,4,Mobile Phone,1,Single,3,0,16.00,2,2,1,141.00,1.00,"2026-06-08 15:34:49"
55134,0,9,"2. Mid-Loyal (7-12 Months)",Mobile Phone,1,8,Credit Card,female,3,5,Laptop & Accessory,1,Married,2,0,13.00,1,2,1,179.00,0.50,"2026-06-08 15:34:49"
55135,0,1,"1. Junior User (1-6 Months)",Computer,3,9,Debit Card,male,3,6,Laptop & Accessory,1,Single,5,0,21.00,1,2,1,176.00,0.50,"2026-06-08 15:34:49"
55136,1,19,"3. Core Loyal (>1 Year)",Mobile Phone,3,20,E wallet,male,3,2,Grocery,3,Single,8,1,18.00,0,4,9,262.00,0.00,"2026-06-08 15:34:49"
55137,0,30,"3. Core Loyal (>1 Year)",Mobile Phone,1,30,Debit Card,male,4,4,Grocery,4,Married,6,1,13.00,14,0,10,259.00,0.00,"2026-06-08 15:34:49"
55138,0,8,"2. Mid-Loyal (7-12 Months)",Computer,1,33,Cash on Delivery,female,4,5,Mobile Phone,3,Married,3,0,21.00,2,2,1,145.00,1.00,"2026-06-08 15:34:49"
55139,0,14,"3. Core Loyal (>1 Year)",Mobile Phone,1,9,Credit Card,female,3,2,Laptop & Accessory,3,Married,7,0,21.00,7,12,9,189.00,0.58,"2026-06-08 15:34:49"
55140,0,8,"2. Mid-Loyal (7-12 Months)",Mobile Phone,1,36,Credit Card,male,3,4,Laptop & Accessory,3,Married,6,0,14.00,6,8,8,179.00,0.75,"2026-06-08 15:34:49"
55141,1,1,"1. Junior User (1-6 Months)",Computer,3,9,Debit Card,female,3,5,Mobile Phone,1,Single,9,0,15.00,1,2,1,153.00,0.50,"2026-06-08 15:34:49"
55142,1,1,"1. Junior User (1-6 Months)",Computer,3,25,E wallet,female,4,4,Laptop & Accessory,3,Married,2,1,19.00,1,4,3,171.00,0.25,"2026-06-08 15:34:49"
55143,0,12,"2. Mid-Loyal (7-12 Months)",Computer,1,14,Debit Card,male,3,2,Mobile Phone,3,Married,3,0,12.00,1,2,4,151.00,0.50,"2026-06-08 15:34:49"
55144,0,8,"2. Mid-Loyal (7-12 Months)",Mobile Phone,1,9,Cash on Delivery,female,4,4,Laptop & Accessory,1,Single,3,0,12.00,5,5,12,192.00,1.00,"2026-06-08 15:34:49"
55145,0,2,"1. Junior User (1-6 Months)",Mobile Phone,3,33,Debit Card,male,3,5,Laptop & Accessory,5,Married,3,0,12.00,2,2,5,172.00,1.00,"2026-06-08 15:34:49"
55146,1,1,"1. Junior User (1-6 Months)",Mobile Phone,1,29,Credit Card,male,4,4,Laptop & Accessory,3,Married,3,1,16.00,6,7,8,187.00,0.86,"2026-06-08 15:34:49"
55147,0,13,"3. Core Loyal (>1 Year)",Mobile Phone,3,28,Debit Card,male,3,5,Laptop & Accessory,1,Married,5,1,13.00,1,2,5,186.00,0.50,"2026-06-08 15:34:49"
55148,0,25,"3. Core Loyal (>1 Year)",Computer,3,9,E wallet,male,3,4,Fashion,4,Married,4,0,12.00,4,4,-1,231.00,1.00,"2026-06-08 15:34:49"
55149,0,15,"3. Core Loyal (>1 Year)",Computer,1,29,Debit Card,female,4,4,Laptop & Accessory,1,Married,5,1,15.00,3,4,4,180.00,0.75,"2026-06-08 15:34:49"
55150,0,11,"2. Mid-Loyal (7-12 Months)",Mobile Phone,1,11,Debit Card,male,3,4,Mobile Phone,3,Married,9,1,16.00,2,2,4,155.00,1.00,"2026-06-08 15:34:49"
55151,0,7,"2. Mid-Loyal (7-12 Months)",Computer,3,12,Debit Card,male,4,4,Laptop & Accessory,1,Married,8,0,14.00,2,2,-1,225.00,1.00,"2026-06-08 15:34:49"
55152,0,6,"1. Junior User (1-6 Months)",Mobile Phone,3,9,E wallet,male,3,4,Laptop & Accessory,4,Married,2,1,14.00,2,2,3,166.00,1.00,"2026-06-08 15:34:49"
55153,0,13,"3. Core Loyal (>1 Year)",Computer,1,32,Debit Card,male,4,4,Fashion,3,Married,5,0,22.00,1,0,6,234.00,0.00,"2026-06-08 15:34:49"
55154,0,1,"1. Junior User (1-6 Months)",Mobile Phone,3,25,Debit Card,male,4,2,Laptop & Accessory,3,Married,4,0,12.00,2,2,3,187.00,1.00,"2026-06-08 15:34:49"
55155,0,26,"3. Core Loyal (>1 Year)",Computer,1,35,Credit Card,female,3,2,Grocery,3,Married,4,1,12.00,2,0,3,257.00,0.00,"2026-06-08 15:34:49"
55156,0,17,"3. Core Loyal (>1 Year)",Mobile Phone,1,13,Credit Card,female,4,5,Laptop & Accessory,3,Single,3,1,15.00,1,2,9,166.00,0.50,"2026-06-08 15:34:49"
55157,0,1,"1. Junior User (1-6 Months)",Mobile Phone,3,17,E wallet,female,4,5,Laptop & Accessory,1,Married,3,1,12.00,2,5,5,183.00,0.40,"2026-06-08 15:34:49"
55158,1,1,"1. Junior User (1-6 Months)",Mobile Phone,1,24,Debit Card,female,3,4,Mobile Phone,3,Single,3,1,14.00,5,8,8,149.00,0.63,"2026-06-08 15:34:49"
55159,0,1,"1. Junior User (1-6 Months)",Mobile Phone,1,9,Credit Card,male,3,5,Mobile Phone,1,Single,2,0,13.00,2,2,2,164.00,1.00,"2026-06-08 15:34:49"
55160,0,16,"3. Core Loyal (>1 Year)",Mobile Phone,2,17,UPI,female,3,4,Grocery,5,Married,2,0,0.0,1,2,10,293.00,0.50,"2026-06-08 15:34:49"
55161,0,26,"3. Core Loyal (>1 Year)",Mobile Phone,1,15,UPI,female,3,4,Mobile Phone,5,Married,11,0,14.00,2,2,5,155.00,1.00,"2026-06-08 15:34:49"
55162,0,11,"2. Mid-Loyal (7-12 Months)",Mobile Phone,1,18,Credit Card,female,4,4,Mobile Phone,3,Single,6,0,19.00,2,2,3,161.00,1.00,"2026-06-08 15:34:49"
55163,0,9,"2. Mid-Loyal (7-12 Months)",Computer,1,25,Debit Card,male,3,4,Fashion,1,Single,4,0,12.00,3,3,-1,219.00,1.00,"2026-06-08 15:34:49"
55164,0,1,"1. Junior User (1-6 Months)",Mobile Phone,1,8,Cash on Delivery,male,3,4,Mobile Phone,1,Married,6,0,12.00,1,2,3,157.00,0.50,"2026-06-08 15:34:49"
55165,0,1,"1. Junior User (1-6 Months)",Mobile Phone,1,14,UPI,male,4,2,Mobile Phone,5,Single,2,0,13.00,1,2,8,161.00,0.50,"2026-06-08 15:34:49"
55166,0,3,"1. Junior User (1-6 Months)",Mobile Phone,2,24,UPI,male,3,5,Fashion,5,Single,3,0,14.00,1,2,10,205.00,0.50,"2026-06-08 15:34:49"
55167,1,13,"3. Core Loyal (>1 Year)",Computer,1,35,Debit Card,male,4,5,Laptop & Accessory,5,Single,5,0,21.00,1,2,4,168.00,0.50,"2026-06-08 15:34:49"
55168,1,1,"1. Junior User (1-6 Months)",Computer,1,21,UPI,female,3,4,Fashion,1,Single,2,1,13.00,5,8,8,201.00,0.63,"2026-06-08 15:34:49"
55169,0,28,"3. Core Loyal (>1 Year)",Mobile Phone,1,8,Credit Card,female,3,4,Grocery,1,Single,8,0,0.0,7,13,8,298.00,0.54,"2026-06-08 15:34:49"
55170,0,31,"3. Core Loyal (>1 Year)",Mobile Phone,1,8,Credit Card,female,4,4,Others,5,Married,5,1,0.0,2,2,6,322.00,1.00,"2026-06-08 15:34:49"
55171,0,29,"3. Core Loyal (>1 Year)",Mobile Phone,1,8,Credit Card,male,3,2,Grocery,1,Married,4,0,14.00,0,2,1,272.00,0.00,"2026-06-08 15:34:49"
55172,0,10,"2. Mid-Loyal (7-12 Months)",Mobile Phone,3,10,E wallet,female,4,4,Laptop & Accessory,4,Single,5,1,17.00,1,2,-1,218.00,0.50,"2026-06-08 15:34:49"
55173,1,1,"1. Junior User (1-6 Months)",Computer,3,8,Debit Card,female,3,6,Mobile Phone,3,Single,3,0,13.00,1,2,1,139.00,0.50,"2026-06-08 15:34:49"
55174,0,4,"1. Junior User (1-6 Months)",Mobile Phone,3,14,E wallet,female,4,4,Laptop & Accessory,5,Married,9,0,15.00,2,2,3,173.00,1.00,"2026-06-08 15:34:49"
55175,0,5,"1. Junior User (1-6 Months)",Mobile Phone,1,15,Debit Card,female,4,4,Grocery,4,Single,5,0,12.00,0,2,1,289.00,0.00,"2026-06-08 15:34:49"
55176,0,8,"2. Mid-Loyal (7-12 Months)",Computer,1,8,UPI,male,4,4,Mobile Phone,5,Married,7,0,15.00,2,2,4,155.00,1.00,"2026-06-08 15:34:49"
55177,1,1,"1. Junior User (1-6 Months)",Mobile Phone,1,15,Debit Card,female,3,5,Mobile Phone,4,Single,3,0,13.00,1,2,1,138.00,0.50,"2026-06-08 15:34:49"
55178,0,1,"1. Junior User (1-6 Months)",Mobile Phone,1,18,Debit Card,male,4,4,Mobile Phone,5,Married,2,0,15.00,2,2,5,146.00,1.00,"2026-06-08 15:34:49"
55179,0,10,"2. Mid-Loyal (7-12 Months)",Mobile Phone,1,11,Debit Card,male,3,5,Laptop & Accessory,1,Single,3,0,17.00,1,2,9,183.00,0.50,"2026-06-08 15:34:49"
55180,0,10,"2. Mid-Loyal (7-12 Months)",Mobile Phone,3,23,E wallet,female,4,5,Laptop & Accessory,5,Married,6,0,14.00,2,2,3,181.00,1.00,"2026-06-08 15:34:49"
55181,0,21,"3. Core Loyal (>1 Year)",Mobile Phone,1,8,Cash on Delivery,male,4,4,Mobile Phone,1,Married,9,0,13.00,2,2,3,159.00,1.00,"2026-06-08 15:34:49"
55182,1,1,"1. Junior User (1-6 Months)",Mobile Phone,3,16,Debit Card,male,4,5,Mobile Phone,5,Married,5,0,13.00,3,3,3,169.00,1.00,"2026-06-08 15:34:49"
55183,0,11,"2. Mid-Loyal (7-12 Months)",Computer,1,12,Cash on Delivery,male,3,2,Mobile Phone,3,Single,2,0,15.00,1,2,4,160.00,0.50,"2026-06-08 15:34:49"
55184,0,30,"3. Core Loyal (>1 Year)",Mobile Phone,1,8,Debit Card,female,3,4,Mobile Phone,5,Married,4,0,23.00,1,2,1,146.00,0.50,"2026-06-08 15:34:49"
55185,0,21,"3. Core Loyal (>1 Year)",Mobile Phone,1,9,Credit Card,female,3,4,Grocery,3,Married,5,0,0.0,3,6,7,297.00,0.50,"2026-06-08 15:34:49"
55186,0,1,"1. Junior User (1-6 Months)",Mobile Phone,3,11,Credit Card,female,3,4,Laptop & Accessory,3,Married,3,1,13.00,2,2,4,167.00,1.00,"2026-06-08 15:34:49"
55187,0,6,"1. Junior User (1-6 Months)",Mobile Phone,3,14,E wallet,male,4,4,Laptop & Accessory,1,Married,6,0,13.00,1,2,-1,217.00,0.50,"2026-06-08 15:34:49"
55188,0,8,"2. Mid-Loyal (7-12 Months)",Mobile Phone,1,8,Debit Card,female,3,5,Mobile Phone,4,Married,7,0,18.00,2,2,3,158.00,1.00,"2026-06-08 15:34:49"
55189,0,15,"3. Core Loyal (>1 Year)",Mobile Phone,1,12,Credit Card,male,3,2,Mobile Phone,3,Married,4,1,13.00,1,2,4,146.00,0.50,"2026-06-08 15:34:49"
55190,0,14,"3. Core Loyal (>1 Year)",Computer,1,16,UPI,male,3,4,Laptop & Accessory,3,Married,5,0,12.00,1,2,8,165.00,0.50,"2026-06-08 15:34:49"
55191,0,5,"1. Junior User (1-6 Months)",Mobile Phone,3,15,Debit Card,male,3,4,Fashion,1,Married,3,0,19.00,3,0,10,233.00,0.00,"2026-06-08 15:34:49"
55192,1,10,"2. Mid-Loyal (7-12 Months)",Mobile Phone,3,16,E wallet,male,3,4,Fashion,1,Married,6,0,12.00,5,5,-1,226.00,1.00,"2026-06-08 15:34:49"
55193,1,3,"1. Junior User (1-6 Months)",Computer,1,9,Debit Card,female,3,5,Mobile Phone,5,Single,4,1,24.00,1,2,1,161.00,0.50,"2026-06-08 15:34:49"
55194,1,1,"1. Junior User (1-6 Months)",Computer,1,8,Debit Card,female,4,2,Fashion,4,Single,3,0,12.00,2,5,8,199.00,0.40,"2026-06-08 15:34:49"
55195,0,19,"3. Core Loyal (>1 Year)",Mobile Phone,1,27,Credit Card,male,4,6,Fashion,5,Married,4,1,19.00,2,0,8,234.00,0.00,"2026-06-08 15:34:49"
55196,0,5,"1. Junior User (1-6 Months)",Mobile Phone,2,15,Credit Card,female,4,2,Mobile Phone,4,Single,11,0,19.00,2,2,3,146.00,1.00,"2026-06-08 15:34:49"
55197,1,1,"1. Junior User (1-6 Months)",Computer,1,9,Debit Card,male,4,4,Mobile Phone,1,Married,8,1,14.00,1,3,3,162.00,0.33,"2026-06-08 15:34:49"
55198,0,19,"3. Core Loyal (>1 Year)",Mobile Phone,1,36,Cash on Delivery,male,3,4,Fashion,1,Married,6,1,19.00,2,2,-1,219.00,1.00,"2026-06-08 15:34:49"
55199,0,22,"3. Core Loyal (>1 Year)",Mobile Phone,3,14,E wallet,male,4,4,Laptop & Accessory,5,Married,6,0,12.00,1,3,3,180.00,0.33,"2026-06-08 15:34:49"
55200,1,1,"1. Junior User (1-6 Months)",Mobile Phone,2,16,Cash on Delivery,female,3,4,Mobile Phone,3,Married,3,0,16.00,3,3,3,152.00,1.00,"2026-06-08 15:34:49"
55201,0,14,"3. Core Loyal (>1 Year)",Computer,1,15,Credit Card,male,3,5,Fashion,4,Married,4,0,12.00,0,5,9,263.00,0.00,"2026-06-08 15:34:49"
55202,0,2,"1. Junior User (1-6 Months)",Mobile Phone,3,12,Credit Card,male,3,4,Laptop & Accessory,5,Single,2,0,19.00,1,2,-1,210.00,0.50,"2026-06-08 15:34:49"
55203,0,18,"3. Core Loyal (>1 Year)",Computer,1,12,Debit Card,male,3,5,Mobile Phone,3,Single,5,0,15.00,1,2,4,157.00,0.50,"2026-06-08 15:34:49"
55204,0,27,"3. Core Loyal (>1 Year)",Mobile Phone,1,9,Credit Card,male,3,2,Grocery,4,Single,6,0,13.00,0,9,9,291.00,0.00,"2026-06-08 15:34:49"
55205,0,23,"3. Core Loyal (>1 Year)",Mobile Phone,1,12,Cash on Delivery,male,4,4,Laptop & Accessory,3,Married,4,0,15.00,1,2,3,192.00,0.50,"2026-06-08 15:34:49"
55206,0,14,"3. Core Loyal (>1 Year)",Mobile Phone,1,9,Credit Card,male,4,4,Mobile Phone,3,Married,4,0,15.00,2,2,3,148.00,1.00,"2026-06-08 15:34:49"
55207,0,18,"3. Core Loyal (>1 Year)",Mobile Phone,1,27,Debit Card,male,3,4,Mobile Phone,4,Single,3,0,14.00,2,2,4,159.00,1.00,"2026-06-08 15:34:49"
55208,0,7,"2. Mid-Loyal (7-12 Months)",Computer,3,14,Credit Card,male,3,4,Laptop & Accessory,5,Married,2,0,15.00,2,2,4,169.00,1.00,"2026-06-08 15:34:49"
55209,0,8,"2. Mid-Loyal (7-12 Months)",Mobile Phone,3,10,UPI,male,3,6,Laptop & Accessory,5,Single,5,0,19.00,3,4,13,173.00,0.75,"2026-06-08 15:34:49"
55210,0,4,"1. Junior User (1-6 Months)",Mobile Phone,3,23,Debit Card,male,4,4,Laptop & Accessory,3,Married,10,0,16.00,2,3,3,178.00,0.67,"2026-06-08 15:34:49"
55211,0,16,"3. Core Loyal (>1 Year)",Computer,1,16,Credit Card,female,4,4,Mobile Phone,1,Single,3,0,14.00,1,6,9,162.00,0.17,"2026-06-08 15:34:49"
55212,0,18,"3. Core Loyal (>1 Year)",Computer,3,8,E wallet,female,4,4,Laptop & Accessory,3,Married,9,0,13.00,1,2,1,173.00,0.50,"2026-06-08 15:34:49"
55213,0,4,"1. Junior User (1-6 Months)",Computer,1,14,Cash on Delivery,male,4,4,Mobile Phone,3,Married,3,0,14.00,1,2,1,138.00,0.50,"2026-06-08 15:34:49"
55214,0,31,"3. Core Loyal (>1 Year)",Mobile Phone,1,8,Debit Card,male,4,2,Laptop & Accessory,3,Married,2,0,25.00,2,3,9,174.00,0.67,"2026-06-08 15:34:49"
55215,0,23,"3. Core Loyal (>1 Year)",Mobile Phone,1,14,Debit Card,male,3,4,Fashion,4,Married,5,0,15.00,1,2,-1,230.00,0.50,"2026-06-08 15:34:49"
55216,0,8,"2. Mid-Loyal (7-12 Months)",Computer,1,22,Credit Card,male,4,4,Grocery,5,Married,9,0,0.0,3,7,10,295.00,0.43,"2026-06-08 15:34:49"
55217,1,1,"1. Junior User (1-6 Months)",Computer,3,8,Cash on Delivery,male,4,4,Mobile Phone,3,Married,5,0,16.00,2,2,3,154.00,1.00,"2026-06-08 15:34:49"
55218,1,1,"1. Junior User (1-6 Months)",Computer,3,20,Cash on Delivery,female,3,4,Laptop & Accessory,4,Single,7,0,12.00,2,2,1,183.00,1.00,"2026-06-08 15:34:49"
55219,1,1,"1. Junior User (1-6 Months)",Mobile Phone,3,31,Credit Card,female,3,5,Laptop & Accessory,4,Single,2,1,24.00,5,11,11,171.00,0.45,"2026-06-08 15:34:49"
55220,0,9,"2. Mid-Loyal (7-12 Months)",Mobile Phone,3,14,Debit Card,male,4,4,Mobile Phone,3,Married,3,0,14.00,1,2,1,149.00,0.50,"2026-06-08 15:34:49"
55221,1,1,"1. Junior User (1-6 Months)",Computer,1,16,Credit Card,male,3,4,Mobile Phone,5,Single,4,1,12.00,1,2,1,157.00,0.50,"2026-06-08 15:34:49"
55222,0,1,"1. Junior User (1-6 Months)",Computer,3,20,Debit Card,female,4,4,Mobile Phone,4,Married,3,0,14.00,1,2,1,145.00,0.50,"2026-06-08 15:34:49"
55223,0,18,"3. Core Loyal (>1 Year)",Computer,1,9,Credit Card,male,3,4,Fashion,3,Single,7,1,19.00,3,3,-1,227.00,1.00,"2026-06-08 15:34:49"
55224,0,3,"1. Junior User (1-6 Months)",Mobile Phone,3,26,Debit Card,male,4,5,Laptop & Accessory,3,Married,3,0,15.00,2,2,-1,211.00,1.00,"2026-06-08 15:34:49"
55225,0,4,"1. Junior User (1-6 Months)",Mobile Phone,2,8,Debit Card,male,3,4,Mobile Phone,3,Married,2,0,22.00,1,2,4,146.00,0.50,"2026-06-08 15:34:49"
55226,0,29,"3. Core Loyal (>1 Year)",Mobile Phone,1,11,Debit Card,male,2,4,Laptop & Accessory,3,Married,2,1,17.00,2,2,3,165.00,1.00,"2026-06-08 15:34:49"
55227,0,7,"2. Mid-Loyal (7-12 Months)",Mobile Phone,1,11,Credit Card,female,3,5,Mobile Phone,4,Married,10,0,12.00,2,2,3,163.00,1.00,"2026-06-08 15:34:49"
55228,0,21,"3. Core Loyal (>1 Year)",Mobile Phone,3,21,Credit Card,female,4,4,Laptop & Accessory,3,Married,5,1,18.00,2,2,3,171.00,1.00,"2026-06-08 15:34:49"
55229,1,1,"1. Junior User (1-6 Months)",Computer,1,9,Credit Card,male,3,5,Mobile Phone,5,Single,9,0,12.00,2,2,1,151.00,1.00,"2026-06-08 15:34:49"
55230,0,2,"1. Junior User (1-6 Months)",Mobile Phone,1,8,Debit Card,male,4,5,Mobile Phone,3,Married,3,0,15.00,1,2,1,141.00,0.50,"2026-06-08 15:34:49"
55231,0,2,"1. Junior User (1-6 Months)",Computer,3,14,Debit Card,male,3,4,Laptop & Accessory,5,Single,2,0,15.00,2,2,4,174.00,1.00,"2026-06-08 15:34:49"
55232,0,23,"3. Core Loyal (>1 Year)",Mobile Phone,1,10,Credit Card,female,3,5,Laptop & Accessory,5,Married,6,0,26.00,1,2,3,173.00,0.50,"2026-06-08 15:34:49"
55233,0,3,"1. Junior User (1-6 Months)",Computer,1,9,Debit Card,female,4,4,Mobile Phone,4,Married,2,0,14.00,2,2,3,157.00,1.00,"2026-06-08 15:34:49"
55234,0,2,"1. Junior User (1-6 Months)",Mobile Phone,1,36,Debit Card,male,4,6,Laptop & Accessory,4,Married,3,0,15.00,1,2,8,190.00,0.50,"2026-06-08 15:34:49"
55235,0,7,"2. Mid-Loyal (7-12 Months)",Mobile Phone,1,15,Debit Card,male,4,4,Laptop & Accessory,3,Single,4,1,18.00,2,2,1,189.00,1.00,"2026-06-08 15:34:49"
55236,0,6,"1. Junior User (1-6 Months)",Mobile Phone,1,17,Credit Card,male,4,4,Fashion,1,Single,4,0,26.00,1,0,1,237.00,0.00,"2026-06-08 15:34:49"
55237,0,28,"3. Core Loyal (>1 Year)",Computer,1,18,Credit Card,female,3,4,Grocery,1,Married,5,0,21.00,0,2,13,285.00,0.00,"2026-06-08 15:34:49"
55238,1,1,"1. Junior User (1-6 Months)",Mobile Phone,1,8,Cash on Delivery,male,4,5,Mobile Phone,5,Single,8,0,14.00,2,2,8,149.00,1.00,"2026-06-08 15:34:49"
55239,0,18,"3. Core Loyal (>1 Year)",Mobile Phone,1,35,Debit Card,male,3,4,Grocery,5,Married,5,0,14.00,0,15,18,288.00,0.00,"2026-06-08 15:34:49"
55240,0,13,"3. Core Loyal (>1 Year)",Mobile Phone,1,13,Debit Card,female,3,4,Fashion,4,Single,6,0,19.00,3,3,3,209.00,1.00,"2026-06-08 15:34:49"
55241,0,20,"3. Core Loyal (>1 Year)",Mobile Phone,3,10,Debit Card,female,3,4,Grocery,4,Married,10,0,13.00,0,6,2,291.00,0.00,"2026-06-08 15:34:49"
55242,0,9,"2. Mid-Loyal (7-12 Months)",Mobile Phone,1,23,Debit Card,female,4,5,Fashion,4,Single,3,0,20.00,4,4,-1,211.00,1.00,"2026-06-08 15:34:49"
55243,0,1,"1. Junior User (1-6 Months)",Mobile Phone,1,27,Debit Card,male,4,4,Laptop & Accessory,3,Single,2,0,15.00,2,2,3,148.00,1.00,"2026-06-08 15:34:49"
55244,1,4,"1. Junior User (1-6 Months)",Mobile Phone,1,16,Debit Card,male,3,4,Mobile Phone,5,Single,5,0,15.00,2,2,1,145.00,1.00,"2026-06-08 15:34:49"
55245,0,8,"2. Mid-Loyal (7-12 Months)",Mobile Phone,3,8,Cash on Delivery,male,4,5,Fashion,3,Married,3,1,15.00,8,9,7,196.00,0.89,"2026-06-08 15:34:49"
55246,1,1,"1. Junior User (1-6 Months)",Computer,1,10,Debit Card,female,3,4,Mobile Phone,3,Single,3,0,13.00,3,8,8,166.00,0.38,"2026-06-08 15:34:49"
55247,0,24,"3. Core Loyal (>1 Year)",Computer,1,29,Credit Card,male,3,6,Grocery,1,Single,3,1,14.00,0,14,10,269.00,0.00,"2026-06-08 15:34:49"
55248,0,8,"2. Mid-Loyal (7-12 Months)",Mobile Phone,3,14,Cash on Delivery,male,3,4,Mobile Phone,3,Married,2,1,26.00,4,6,8,148.00,0.67,"2026-06-08 15:34:49"
55249,0,16,"3. Core Loyal (>1 Year)",Mobile Phone,1,9,Credit Card,male,4,5,Mobile Phone,4,Married,6,0,15.00,1,2,1,173.00,0.50,"2026-06-08 15:34:49"
55250,0,11,"2. Mid-Loyal (7-12 Months)",Mobile Phone,1,20,Credit Card,male,3,4,Laptop & Accessory,1,Married,3,0,18.00,3,4,8,168.00,0.75,"2026-06-08 15:34:49"
55251,0,3,"1. Junior User (1-6 Months)",Mobile Phone,1,15,UPI,female,3,6,Laptop & Accessory,5,Married,5,0,14.00,2,2,-1,222.00,1.00,"2026-06-08 15:34:49"
55252,0,7,"2. Mid-Loyal (7-12 Months)",Mobile Phone,1,32,Debit Card,male,3,5,Laptop & Accessory,4,Single,3,0,14.00,2,2,3,168.00,1.00,"2026-06-08 15:34:49"
55253,0,19,"3. Core Loyal (>1 Year)",Mobile Phone,1,35,Cash on Delivery,male,4,4,Mobile Phone,1,Married,6,0,21.00,2,2,4,146.00,1.00,"2026-06-08 15:34:49"
55254,0,16,"3. Core Loyal (>1 Year)",Computer,1,9,Debit Card,male,3,4,Fashion,1,Married,4,1,15.00,5,14,-1,226.00,0.36,"2026-06-08 15:34:49"
55255,0,14,"3. Core Loyal (>1 Year)",Mobile Phone,3,16,Credit Card,male,3,4,Laptop & Accessory,5,Married,2,0,13.00,8,8,2,180.00,1.00,"2026-06-08 15:34:49"
55256,0,7,"2. Mid-Loyal (7-12 Months)",Mobile Phone,1,35,Debit Card,male,4,4,Laptop & Accessory,3,Married,3,1,13.00,5,6,8,177.00,0.83,"2026-06-08 15:34:49"
55257,0,14,"3. Core Loyal (>1 Year)",Mobile Phone,2,13,Credit Card,male,3,4,Grocery,1,Single,3,1,22.00,0,8,8,289.00,0.00,"2026-06-08 15:34:49"
55258,0,1,"1. Junior User (1-6 Months)",Mobile Phone,1,28,Cash on Delivery,male,3,5,Mobile Phone,5,Married,2,0,15.00,1,2,1,148.00,0.50,"2026-06-08 15:34:49"
55259,0,14,"3. Core Loyal (>1 Year)",Computer,1,15,Debit Card,male,4,4,Laptop & Accessory,1,Married,5,1,19.00,2,3,3,166.00,0.67,"2026-06-08 15:34:49"
55260,0,19,"3. Core Loyal (>1 Year)",Mobile Phone,1,8,Cash on Delivery,male,4,4,Fashion,4,Married,3,0,13.00,4,8,8,199.00,0.50,"2026-06-08 15:34:49"
55261,0,9,"2. Mid-Loyal (7-12 Months)",Mobile Phone,3,35,Debit Card,female,4,5,Mobile Phone,3,Married,2,0,24.00,3,5,3,149.00,0.60,"2026-06-08 15:34:49"
55262,0,6,"1. Junior User (1-6 Months)",Mobile Phone,1,12,Debit Card,female,4,5,Laptop & Accessory,4,Married,5,0,13.00,2,3,6,184.00,0.67,"2026-06-08 15:34:49"
55263,0,10,"2. Mid-Loyal (7-12 Months)",Mobile Phone,3,9,Debit Card,male,4,4,Mobile Phone,1,Single,5,1,22.00,2,2,3,151.00,1.00,"2026-06-08 15:34:49"
55264,0,22,"3. Core Loyal (>1 Year)",Mobile Phone,3,23,Debit Card,female,4,4,Laptop & Accessory,3,Married,10,0,15.00,8,8,8,189.00,1.00,"2026-06-08 15:34:49"
55265,0,3,"1. Junior User (1-6 Months)",Mobile Phone,1,16,Debit Card,male,4,2,Mobile Phone,3,Married,8,0,19.00,1,2,1,150.00,0.50,"2026-06-08 15:34:49"
55266,0,7,"2. Mid-Loyal (7-12 Months)",Mobile Phone,3,15,Debit Card,male,3,4,Laptop & Accessory,5,Married,4,0,14.00,3,3,3,189.00,1.00,"2026-06-08 15:34:49"
55267,1,1,"1. Junior User (1-6 Months)",Mobile Phone,3,8,Debit Card,male,4,5,Laptop & Accessory,5,Married,3,0,12.00,2,7,-1,222.00,0.29,"2026-06-08 15:34:49"
55268,0,12,"2. Mid-Loyal (7-12 Months)",Computer,2,17,UPI,male,4,4,Laptop & Accessory,3,Married,5,0,12.00,1,2,3,186.00,0.50,"2026-06-08 15:34:49"
55269,0,9,"2. Mid-Loyal (7-12 Months)",Mobile Phone,1,8,Credit Card,male,4,5,Mobile Phone,5,Single,3,0,20.00,2,2,3,150.00,1.00,"2026-06-08 15:34:49"
55270,0,8,"2. Mid-Loyal (7-12 Months)",Mobile Phone,3,36,Cash on Delivery,male,3,4,Fashion,4,Married,5,0,13.00,2,2,-1,218.00,1.00,"2026-06-08 15:34:49"
55271,1,1,"1. Junior User (1-6 Months)",Mobile Phone,1,9,Debit Card,female,4,4,Mobile Phone,5,Married,3,1,13.00,2,2,1,146.00,1.00,"2026-06-08 15:34:49"
55272,1,17,"3. Core Loyal (>1 Year)",Mobile Phone,1,9,Cash on Delivery,female,4,5,Fashion,1,Married,2,0,17.00,1,2,-1,227.00,0.50,"2026-06-08 15:34:49"
55273,1,2,"1. Junior User (1-6 Months)",Mobile Phone,1,9,Credit Card,male,3,4,Laptop & Accessory,4,Married,6,0,12.00,2,2,5,174.00,1.00,"2026-06-08 15:34:49"
55274,0,6,"1. Junior User (1-6 Months)",Computer,1,8,Cash on Delivery,male,4,4,Laptop & Accessory,5,Married,6,0,15.00,1,2,3,166.00,0.50,"2026-06-08 15:34:49"
55275,0,22,"3. Core Loyal (>1 Year)",Mobile Phone,1,22,UPI,female,4,4,Mobile Phone,5,Married,10,0,13.00,7,8,7,149.00,0.88,"2026-06-08 15:34:49"
55276,0,8,"2. Mid-Loyal (7-12 Months)",Mobile Phone,1,14,Credit Card,male,3,4,Mobile Phone,1,Single,3,0,14.00,1,2,1,155.00,0.50,"2026-06-08 15:34:49"
55277,0,29,"3. Core Loyal (>1 Year)",Mobile Phone,3,33,E wallet,male,3,5,Others,1,Married,3,0,0.0,1,3,14,321.00,0.33,"2026-06-08 15:34:49"
55278,0,8,"2. Mid-Loyal (7-12 Months)",Mobile Phone,1,8,Debit Card,male,3,4,Laptop & Accessory,1,Married,11,0,18.00,1,3,2,180.00,0.33,"2026-06-08 15:34:49"
55279,0,1,"1. Junior User (1-6 Months)",Mobile Phone,1,10,Debit Card,female,3,4,Mobile Phone,1,Married,3,0,22.00,2,2,1,146.00,1.00,"2026-06-08 15:34:49"
55280,0,12,"2. Mid-Loyal (7-12 Months)",Mobile Phone,3,21,Debit Card,male,4,4,Laptop & Accessory,4,Married,2,0,12.00,4,8,-1,224.00,0.50,"2026-06-08 15:34:49"
55281,0,12,"2. Mid-Loyal (7-12 Months)",Mobile Phone,3,23,Debit Card,female,3,4,Laptop & Accessory,4,Single,4,0,13.00,2,2,3,167.00,1.00,"2026-06-08 15:34:49"
55282,0,10,"2. Mid-Loyal (7-12 Months)",Mobile Phone,3,8,Debit Card,female,4,4,Laptop & Accessory,3,Single,8,0,14.00,2,2,1,193.00,1.00,"2026-06-08 15:34:49"
55283,0,3,"1. Junior User (1-6 Months)",Mobile Phone,1,10,Credit Card,male,3,4,Mobile Phone,5,Single,3,1,19.00,1,2,6,172.00,0.50,"2026-06-08 15:34:49"
55284,0,9,"2. Mid-Loyal (7-12 Months)",Mobile Phone,1,17,Credit Card,female,3,4,Laptop & Accessory,3,Single,5,1,17.00,1,2,5,186.00,0.50,"2026-06-08 15:34:49"
55285,0,13,"3. Core Loyal (>1 Year)",Mobile Phone,3,13,Credit Card,male,3,2,Fashion,3,Married,4,0,12.00,4,8,7,207.00,0.50,"2026-06-08 15:34:49"
55286,0,3,"1. Junior User (1-6 Months)",Computer,1,9,Debit Card,male,3,4,Laptop & Accessory,1,Married,3,0,20.00,2,2,-1,214.00,1.00,"2026-06-08 15:34:49"
55287,0,24,"3. Core Loyal (>1 Year)",Mobile Phone,3,16,E wallet,male,3,4,Others,3,Married,6,1,0.0,1,2,1,318.00,0.50,"2026-06-08 15:34:49"
55288,0,1,"1. Junior User (1-6 Months)",Mobile Phone,1,17,Cash on Delivery,male,3,2,Mobile Phone,3,Married,4,0,17.00,1,3,3,146.00,0.33,"2026-06-08 15:34:49"
55289,0,10,"2. Mid-Loyal (7-12 Months)",Computer,1,13,Debit Card,male,4,2,Laptop & Accessory,5,Married,5,1,14.00,1,2,3,181.00,0.50,"2026-06-08 15:34:49"
55290,0,16,"3. Core Loyal (>1 Year)",Mobile Phone,1,16,UPI,male,4,5,Others,1,Single,10,0,0.0,2,2,2,321.00,1.00,"2026-06-08 15:34:49"
55291,0,9,"2. Mid-Loyal (7-12 Months)",Mobile Phone,1,35,Debit Card,male,3,2,Laptop & Accessory,3,Married,3,0,18.00,7,7,9,159.00,1.00,"2026-06-08 15:34:49"
55292,0,8,"2. Mid-Loyal (7-12 Months)",Computer,1,17,Cash on Delivery,male,4,5,Laptop & Accessory,3,Married,3,0,15.00,2,8,8,176.00,0.25,"2026-06-08 15:34:49"
55293,0,14,"3. Core Loyal (>1 Year)",Mobile Phone,3,21,Debit Card,female,3,4,Laptop & Accessory,5,Married,3,0,16.00,1,2,3,171.00,0.50,"2026-06-08 15:34:49"
55294,0,17,"3. Core Loyal (>1 Year)",Mobile Phone,1,34,Cash on Delivery,male,3,2,Mobile Phone,4,Married,7,0,13.00,2,2,3,174.00,1.00,"2026-06-08 15:34:49"
55295,0,9,"2. Mid-Loyal (7-12 Months)",Mobile Phone,1,14,Debit Card,male,4,5,Mobile Phone,1,Married,3,0,19.00,2,2,2,152.00,1.00,"2026-06-08 15:34:49"
55296,0,20,"3. Core Loyal (>1 Year)",Mobile Phone,3,8,Debit Card,male,3,2,Grocery,5,Single,3,0,0.0,1,2,13,301.00,0.50,"2026-06-08 15:34:49"
55297,1,1,"1. Junior User (1-6 Months)",Mobile Phone,1,31,Credit Card,male,3,4,Mobile Phone,4,Married,3,1,18.00,1,2,1,149.00,0.50,"2026-06-08 15:34:49"
55298,0,1,"1. Junior User (1-6 Months)",Computer,1,33,UPI,female,3,5,Mobile Phone,3,Married,3,1,15.00,2,2,4,153.00,1.00,"2026-06-08 15:34:49"
55299,0,24,"3. Core Loyal (>1 Year)",Computer,1,27,Credit Card,male,3,4,Grocery,3,Married,4,1,16.00,1,0,14,237.00,0.00,"2026-06-08 15:34:49"
55300,0,6,"1. Junior User (1-6 Months)",Mobile Phone,1,12,UPI,female,3,2,Mobile Phone,1,Married,5,0,18.00,2,2,3,158.00,1.00,"2026-06-08 15:34:49"
55301,0,18,"3. Core Loyal (>1 Year)",Mobile Phone,1,14,Credit Card,female,3,4,Others,1,Married,2,1,0.0,1,2,11,315.00,0.50,"2026-06-08 15:34:49"
55302,0,4,"1. Junior User (1-6 Months)",Mobile Phone,1,14,Credit Card,male,3,5,Mobile Phone,4,Married,3,0,13.00,2,2,2,146.00,1.00,"2026-06-08 15:34:49"
55303,0,19,"3. Core Loyal (>1 Year)",Mobile Phone,1,12,Credit Card,female,3,6,Laptop & Accessory,5,Single,3,1,15.00,1,2,5,183.00,0.50,"2026-06-08 15:34:49"
55304,0,19,"3. Core Loyal (>1 Year)",Computer,3,33,E wallet,male,3,5,Laptop & Accessory,5,Married,3,0,16.00,4,5,6,169.00,0.80,"2026-06-08 15:34:49"
55305,0,5,"1. Junior User (1-6 Months)",Computer,3,9,UPI,male,3,4,Laptop & Accessory,5,Single,9,0,14.00,2,2,4,178.00,1.00,"2026-06-08 15:34:49"
55306,0,10,"2. Mid-Loyal (7-12 Months)",Mobile Phone,1,19,Debit Card,female,4,4,Laptop & Accessory,3,Married,11,1,13.00,1,2,2,172.00,0.50,"2026-06-08 15:34:49"
55307,0,8,"2. Mid-Loyal (7-12 Months)",Computer,1,17,Debit Card,male,3,2,Laptop & Accessory,1,Married,3,0,14.00,4,8,3,172.00,0.50,"2026-06-08 15:34:49"
55308,0,23,"3. Core Loyal (>1 Year)",Mobile Phone,1,32,Debit Card,female,3,4,Mobile Phone,5,Married,3,0,15.00,2,2,5,157.00,1.00,"2026-06-08 15:34:49"
55309,0,13,"3. Core Loyal (>1 Year)",Mobile Phone,1,17,Credit Card,male,4,4,Laptop & Accessory,5,Married,4,0,14.00,4,8,8,179.00,0.50,"2026-06-08 15:34:49"
55310,0,1,"1. Junior User (1-6 Months)",Mobile Phone,1,26,UPI,male,4,5,Mobile Phone,5,Married,3,0,12.00,1,2,8,166.00,0.50,"2026-06-08 15:34:49"
55311,0,9,"2. Mid-Loyal (7-12 Months)",Mobile Phone,1,25,Debit Card,male,3,2,Laptop & Accessory,5,Married,3,0,12.00,2,2,11,177.00,1.00,"2026-06-08 15:34:49"
55312,0,2,"1. Junior User (1-6 Months)",Mobile Phone,1,34,Credit Card,female,3,6,Laptop & Accessory,5,Married,2,0,22.00,2,2,1,174.00,1.00,"2026-06-08 15:34:49"
55313,0,1,"1. Junior User (1-6 Months)",Mobile Phone,1,12,Credit Card,male,4,4,Mobile Phone,1,Single,3,0,19.00,1,3,3,156.00,0.33,"2026-06-08 15:34:49"
55314,1,1,"1. Junior User (1-6 Months)",Computer,3,10,Credit Card,female,4,4,Mobile Phone,1,Single,3,1,13.00,2,2,1,141.00,1.00,"2026-06-08 15:34:49"
55315,0,21,"3. Core Loyal (>1 Year)",Mobile Phone,2,33,Debit Card,female,4,4,Others,3,Married,5,0,0.0,2,2,1,322.00,1.00,"2026-06-08 15:34:49"
55316,0,13,"3. Core Loyal (>1 Year)",Mobile Phone,1,10,Credit Card,male,4,5,Laptop & Accessory,3,Married,2,0,16.00,1,2,8,156.00,0.50,"2026-06-08 15:34:49"
55317,0,14,"3. Core Loyal (>1 Year)",Mobile Phone,1,22,Debit Card,female,4,5,Fashion,3,Married,3,0,14.00,7,15,-1,229.00,0.47,"2026-06-08 15:34:49"
55318,0,9,"2. Mid-Loyal (7-12 Months)",Computer,1,15,Debit Card,female,3,4,Laptop & Accessory,3,Married,3,0,13.00,1,3,10,166.00,0.33,"2026-06-08 15:34:49"
55319,0,11,"2. Mid-Loyal (7-12 Months)",Mobile Phone,1,26,Debit Card,male,3,4,Laptop & Accessory,3,Married,5,0,18.00,1,2,3,183.00,0.50,"2026-06-08 15:34:49"
55320,0,13,"3. Core Loyal (>1 Year)",Computer,1,11,Credit Card,female,3,4,Laptop & Accessory,3,Single,2,0,14.00,4,4,9,175.00,1.00,"2026-06-08 15:34:49"
55321,0,19,"3. Core Loyal (>1 Year)",Mobile Phone,1,9,UPI,female,3,5,Laptop & Accessory,1,Married,3,0,20.00,4,4,10,183.00,1.00,"2026-06-08 15:34:49"
55322,0,12,"2. Mid-Loyal (7-12 Months)",Mobile Phone,1,9,Credit Card,female,3,5,Fashion,3,Married,5,1,20.00,1,2,3,203.00,0.50,"2026-06-08 15:34:49"
55323,1,1,"1. Junior User (1-6 Months)",Mobile Phone,3,17,Credit Card,male,3,5,Fashion,5,Married,11,0,18.00,1,7,-1,228.00,0.14,"2026-06-08 15:34:49"
55324,0,11,"2. Mid-Loyal (7-12 Months)",Mobile Phone,1,17,Credit Card,female,4,4,Mobile Phone,4,Married,3,0,12.00,5,8,8,164.00,0.63,"2026-06-08 15:34:49"
55325,0,14,"3. Core Loyal (>1 Year)",Mobile Phone,1,23,Debit Card,female,3,4,Fashion,1,Single,8,1,16.00,4,4,4,204.00,1.00,"2026-06-08 15:34:49"
55326,0,18,"3. Core Loyal (>1 Year)",Computer,2,8,UPI,male,3,4,Laptop & Accessory,1,Married,6,1,12.00,2,2,3,182.00,1.00,"2026-06-08 15:34:49"
55327,0,22,"3. Core Loyal (>1 Year)",Computer,1,11,Credit Card,male,3,5,Grocery,1,Married,4,0,26.00,0,3,3,277.00,0.00,"2026-06-08 15:34:49"
55328,1,1,"1. Junior User (1-6 Months)",Mobile Phone,3,22,Credit Card,male,3,6,Laptop & Accessory,1,Married,8,1,15.00,1,3,3,179.00,0.33,"2026-06-08 15:34:49"
55329,0,1,"1. Junior User (1-6 Months)",Computer,1,9,Cash on Delivery,female,3,4,Mobile Phone,1,Single,3,1,14.00,1,2,4,163.00,0.50,"2026-06-08 15:34:49"
55330,0,1,"1. Junior User (1-6 Months)",Mobile Phone,1,15,Credit Card,female,3,2,Mobile Phone,3,Married,9,0,18.00,1,2,3,160.00,0.50,"2026-06-08 15:34:49"
55331,0,1,"1. Junior User (1-6 Months)",Computer,1,9,Credit Card,male,3,4,Mobile Phone,1,Single,4,0,14.00,1,2,3,151.00,0.50,"2026-06-08 15:34:49"
55332,1,4,"1. Junior User (1-6 Months)",Mobile Phone,1,14,Debit Card,male,4,4,Mobile Phone,5,Single,5,1,15.00,1,2,4,147.00,0.50,"2026-06-08 15:34:49"
55333,0,3,"1. Junior User (1-6 Months)",Mobile Phone,3,17,Credit Card,male,3,5,Laptop & Accessory,3,Single,11,0,12.00,2,2,5,184.00,1.00,"2026-06-08 15:34:49"
55334,0,10,"2. Mid-Loyal (7-12 Months)",Mobile Phone,1,12,Debit Card,female,3,4,Fashion,5,Married,6,0,13.00,2,2,3,205.00,1.00,"2026-06-08 15:34:49"
55335,0,1,"1. Junior User (1-6 Months)",Computer,1,9,Debit Card,male,4,2,Laptop & Accessory,3,Married,3,0,18.00,2,2,8,177.00,1.00,"2026-06-08 15:34:49"
55336,0,13,"3. Core Loyal (>1 Year)",Mobile Phone,1,19,Credit Card,male,4,4,Laptop & Accessory,4,Married,6,0,22.00,2,2,1,178.00,1.00,"2026-06-08 15:34:49"
55337,0,23,"3. Core Loyal (>1 Year)",Mobile Phone,1,29,UPI,female,4,4,Grocery,4,Married,5,0,17.00,0,2,3,289.00,0.00,"2026-06-08 15:34:49"
55338,0,24,"3. Core Loyal (>1 Year)",Mobile Phone,1,24,Debit Card,female,3,5,Fashion,5,Married,7,0,16.00,1,0,12,258.00,0.00,"2026-06-08 15:34:49"
55339,0,1,"1. Junior User (1-6 Months)",Mobile Phone,3,9,Credit Card,female,3,4,Mobile Phone,3,Single,3,0,20.00,1,3,3,153.00,0.33,"2026-06-08 15:34:49"
55340,0,8,"2. Mid-Loyal (7-12 Months)",Mobile Phone,1,10,Debit Card,female,4,4,Laptop & Accessory,4,Married,3,0,13.00,2,8,10,179.00,0.25,"2026-06-08 15:34:49"
55341,0,10,"2. Mid-Loyal (7-12 Months)",Mobile Phone,1,14,Debit Card,male,4,4,Mobile Phone,4,Single,4,0,12.00,1,2,4,145.00,0.50,"2026-06-08 15:34:49"
55342,0,23,"3. Core Loyal (>1 Year)",Mobile Phone,1,13,Debit Card,female,3,5,Grocery,3,Married,4,1,20.00,0,3,13,265.00,0.00,"2026-06-08 15:34:49"
55343,0,10,"2. Mid-Loyal (7-12 Months)",Computer,1,8,Credit Card,female,3,5,Laptop & Accessory,3,Married,2,0,16.00,1,2,3,169.00,0.50,"2026-06-08 15:34:49"
55344,0,10,"2. Mid-Loyal (7-12 Months)",Mobile Phone,1,10,Debit Card,male,4,2,Laptop & Accessory,5,Married,8,0,21.00,1,2,5,193.00,0.50,"2026-06-08 15:34:49"
55345,0,28,"3. Core Loyal (>1 Year)",Mobile Phone,1,29,Credit Card,female,4,4,Grocery,3,Married,5,0,0.0,4,5,8,299.00,0.80,"2026-06-08 15:34:49"
55346,0,17,"3. Core Loyal (>1 Year)",Mobile Phone,1,22,Debit Card,male,4,5,Grocery,3,Married,3,0,0.0,3,7,12,301.00,0.43,"2026-06-08 15:34:49"
55347,1,1,"1. Junior User (1-6 Months)",Computer,3,19,UPI,male,3,4,Laptop & Accessory,1,Single,5,1,25.00,6,7,8,171.00,0.86,"2026-06-08 15:34:49"
55348,0,12,"2. Mid-Loyal (7-12 Months)",Computer,1,8,Debit Card,male,3,4,Laptop & Accessory,1,Married,9,0,16.00,2,3,10,172.00,0.67,"2026-06-08 15:34:49"
55349,0,3,"1. Junior User (1-6 Months)",Mobile Phone,3,12,Credit Card,male,3,5,Laptop & Accessory,4,Married,3,1,14.00,1,2,10,167.00,0.50,"2026-06-08 15:34:49"
55350,0,7,"2. Mid-Loyal (7-12 Months)",Mobile Phone,3,9,Credit Card,male,4,4,Laptop & Accessory,1,Married,3,0,15.00,2,2,5,180.00,1.00,"2026-06-08 15:34:49"
55351,0,6,"1. Junior User (1-6 Months)",Mobile Phone,1,9,Credit Card,male,3,4,Laptop & Accessory,4,Married,2,0,14.00,2,2,7,180.00,1.00,"2026-06-08 15:34:49"
55352,0,5,"1. Junior User (1-6 Months)",Mobile Phone,3,12,Debit Card,female,4,4,Laptop & Accessory,1,Married,3,0,12.00,1,2,3,180.00,0.50,"2026-06-08 15:34:49"
55353,0,23,"3. Core Loyal (>1 Year)",Mobile Phone,1,23,Credit Card,female,4,4,Mobile Phone,5,Married,6,1,17.00,1,3,3,151.00,0.33,"2026-06-08 15:34:49"
55354,0,12,"2. Mid-Loyal (7-12 Months)",Computer,1,9,Credit Card,female,3,5,Mobile Phone,4,Single,3,0,23.00,1,4,4,149.00,0.25,"2026-06-08 15:34:49"
55355,0,21,"3. Core Loyal (>1 Year)",Mobile Phone,3,9,Debit Card,female,3,2,Grocery,4,Married,8,0,15.00,0,2,3,285.00,0.00,"2026-06-08 15:34:49"
55356,0,23,"3. Core Loyal (>1 Year)",Mobile Phone,1,8,Debit Card,male,3,4,Grocery,3,Single,6,0,15.00,0,2,1,279.00,0.00,"2026-06-08 15:34:49"
55357,0,15,"3. Core Loyal (>1 Year)",Mobile Phone,3,30,Debit Card,male,4,4,Fashion,3,Single,5,1,17.00,1,2,3,196.00,0.50,"2026-06-08 15:34:49"
55358,0,1,"1. Junior User (1-6 Months)",Mobile Phone,3,16,Debit Card,male,3,4,Mobile Phone,5,Single,3,0,12.00,1,2,3,152.00,0.50,"2026-06-08 15:34:49"
55359,0,7,"2. Mid-Loyal (7-12 Months)",Computer,3,23,Debit Card,female,3,4,Laptop & Accessory,1,Married,3,1,26.00,1,2,3,179.00,0.50,"2026-06-08 15:34:49"
55360,0,10,"2. Mid-Loyal (7-12 Months)",Mobile Phone,1,33,Debit Card,male,4,4,Laptop & Accessory,3,Married,8,0,15.00,2,2,3,178.00,1.00,"2026-06-08 15:34:49"
55361,0,18,"3. Core Loyal (>1 Year)",Mobile Phone,2,8,Debit Card,female,3,4,Mobile Phone,1,Married,6,1,19.00,3,3,3,157.00,1.00,"2026-06-08 15:34:49"
55362,1,1,"1. Junior User (1-6 Months)",Mobile Phone,1,15,Credit Card,male,4,5,Mobile Phone,3,Single,3,1,12.00,2,2,3,165.00,1.00,"2026-06-08 15:34:49"
55363,0,12,"2. Mid-Loyal (7-12 Months)",Mobile Phone,1,11,Credit Card,female,3,4,Mobile Phone,3,Married,9,0,20.00,1,2,1,158.00,0.50,"2026-06-08 15:34:49"
55364,0,27,"3. Core Loyal (>1 Year)",Mobile Phone,1,31,Credit Card,male,3,2,Fashion,1,Married,5,0,16.00,1,2,3,195.00,0.50,"2026-06-08 15:34:49"
55365,1,12,"2. Mid-Loyal (7-12 Months)",Computer,3,14,Credit Card,female,4,4,Mobile Phone,3,Married,4,1,12.00,2,8,8,152.00,0.25,"2026-06-08 15:34:49"
55366,1,1,"1. Junior User (1-6 Months)",Mobile Phone,1,9,Debit Card,male,4,4,Mobile Phone,4,Single,3,0,13.00,1,2,1,139.00,0.50,"2026-06-08 15:34:49"
55367,0,1,"1. Junior User (1-6 Months)",Computer,1,14,Credit Card,male,4,4,Mobile Phone,1,Single,3,0,21.00,1,6,8,151.00,0.17,"2026-06-08 15:34:49"
55368,0,29,"3. Core Loyal (>1 Year)",Mobile Phone,1,29,Cash on Delivery,male,4,5,Mobile Phone,4,Married,7,0,13.00,2,2,3,160.00,1.00,"2026-06-08 15:34:49"
55369,0,8,"2. Mid-Loyal (7-12 Months)",Mobile Phone,1,12,Credit Card,male,3,5,Laptop & Accessory,1,Married,3,0,15.00,1,5,14,165.00,0.20,"2026-06-08 15:34:49"
55370,0,31,"3. Core Loyal (>1 Year)",Mobile Phone,1,8,Credit Card,male,4,6,Fashion,1,Married,5,0,21.00,2,0,1,234.00,0.00,"2026-06-08 15:34:49"
55371,0,7,"2. Mid-Loyal (7-12 Months)",Mobile Phone,1,28,Credit Card,male,4,2,Mobile Phone,4,Married,3,0,19.00,1,3,14,145.00,0.33,"2026-06-08 15:34:49"
55372,0,11,"2. Mid-Loyal (7-12 Months)",Computer,3,8,Credit Card,male,3,6,Laptop & Accessory,1,Married,3,0,15.00,2,2,-1,220.00,1.00,"2026-06-08 15:34:49"
55373,0,8,"2. Mid-Loyal (7-12 Months)",Mobile Phone,1,26,Debit Card,female,3,5,Mobile Phone,1,Married,3,0,13.00,2,9,8,154.00,0.22,"2026-06-08 15:34:49"
55374,1,1,"1. Junior User (1-6 Months)",Mobile Phone,3,14,Debit Card,male,4,4,Mobile Phone,1,Married,3,1,22.00,2,2,3,148.00,1.00,"2026-06-08 15:34:49"
55375,0,18,"3. Core Loyal (>1 Year)",Mobile Phone,1,9,Debit Card,female,4,2,Fashion,1,Married,3,1,20.00,2,7,8,204.00,0.29,"2026-06-08 15:34:49"
55376,0,9,"2. Mid-Loyal (7-12 Months)",Computer,1,9,Credit Card,male,4,5,Mobile Phone,1,Single,2,1,15.00,2,2,5,174.00,1.00,"2026-06-08 15:34:49"
55377,0,17,"3. Core Loyal (>1 Year)",Mobile Phone,3,9,Credit Card,male,4,4,Laptop & Accessory,1,Married,3,1,18.00,4,9,9,203.00,0.44,"2026-06-08 15:34:49"
55378,0,1,"1. Junior User (1-6 Months)",Mobile Phone,1,16,Credit Card,male,4,2,Mobile Phone,3,Married,3,0,17.00,1,2,5,169.00,0.50,"2026-06-08 15:34:49"
55379,0,15,"3. Core Loyal (>1 Year)",Mobile Phone,3,13,E wallet,male,3,4,Fashion,3,Single,3,0,13.00,4,9,-1,217.00,0.44,"2026-06-08 15:34:49"
55380,0,3,"1. Junior User (1-6 Months)",Mobile Phone,1,16,Credit Card,female,3,4,Mobile Phone,3,Married,11,0,18.00,1,2,3,155.00,0.50,"2026-06-08 15:34:49"
55381,0,10,"2. Mid-Loyal (7-12 Months)",Mobile Phone,3,9,Debit Card,female,3,4,Laptop & Accessory,1,Single,5,0,16.00,7,7,8,170.00,1.00,"2026-06-08 15:34:49"
55382,0,19,"3. Core Loyal (>1 Year)",Computer,1,8,Debit Card,male,4,5,Fashion,3,Married,5,0,24.00,5,0,5,232.00,0.00,"2026-06-08 15:34:49"
55383,1,1,"1. Junior User (1-6 Months)",Mobile Phone,2,29,UPI,male,3,6,Mobile Phone,3,Married,3,0,12.00,1,2,1,141.00,0.50,"2026-06-08 15:34:49"
55384,1,11,"2. Mid-Loyal (7-12 Months)",Computer,3,16,Debit Card,male,3,6,Grocery,3,Married,9,0,12.00,7,0,11,254.00,0.00,"2026-06-08 15:34:49"
55385,0,1,"1. Junior User (1-6 Months)",Mobile Phone,1,24,Credit Card,male,4,6,Mobile Phone,3,Married,3,0,16.00,2,2,3,148.00,1.00,"2026-06-08 15:34:49"
55386,0,19,"3. Core Loyal (>1 Year)",Mobile Phone,1,35,Cash on Delivery,female,3,5,Grocery,4,Single,3,0,0.0,7,9,7,292.00,0.78,"2026-06-08 15:34:49"
55387,0,6,"1. Junior User (1-6 Months)",Computer,1,17,Debit Card,male,3,4,Mobile Phone,3,Married,8,0,14.00,1,2,4,159.00,0.50,"2026-06-08 15:34:49"
55388,0,5,"1. Junior User (1-6 Months)",Mobile Phone,1,9,Debit Card,male,4,4,Mobile Phone,3,Married,3,0,15.00,2,2,4,160.00,1.00,"2026-06-08 15:34:49"
55389,0,15,"3. Core Loyal (>1 Year)",Computer,2,11,UPI,male,3,6,Laptop & Accessory,4,Married,8,0,20.00,1,2,3,189.00,0.50,"2026-06-08 15:34:49"
55390,0,14,"3. Core Loyal (>1 Year)",Mobile Phone,1,15,Debit Card,female,4,4,Laptop & Accessory,5,Married,4,1,17.00,2,2,1,190.00,1.00,"2026-06-08 15:34:49"
55391,0,1,"1. Junior User (1-6 Months)",Mobile Phone,1,36,Credit Card,male,4,4,Mobile Phone,5,Married,3,0,14.00,2,2,3,164.00,1.00,"2026-06-08 15:34:49"
55392,0,20,"3. Core Loyal (>1 Year)",Mobile Phone,1,20,Debit Card,male,3,4,Laptop & Accessory,4,Single,8,0,15.00,2,2,10,181.00,1.00,"2026-06-08 15:34:49"
55393,0,9,"2. Mid-Loyal (7-12 Months)",Mobile Phone,1,34,Debit Card,male,3,4,Laptop & Accessory,3,Married,4,0,17.00,2,2,8,194.00,1.00,"2026-06-08 15:34:49"
55394,0,4,"1. Junior User (1-6 Months)",Mobile Phone,1,23,Debit Card,male,3,4,Mobile Phone,1,Married,3,0,13.00,1,2,9,154.00,0.50,"2026-06-08 15:34:49"
55395,0,21,"3. Core Loyal (>1 Year)",Computer,3,9,E wallet,male,3,4,Laptop & Accessory,4,Married,9,0,12.00,1,2,1,175.00,0.50,"2026-06-08 15:34:49"
55396,0,20,"3. Core Loyal (>1 Year)",Mobile Phone,3,9,Debit Card,male,4,4,Fashion,1,Married,6,1,13.00,1,2,-1,229.00,0.50,"2026-06-08 15:34:49"
55397,1,1,"1. Junior User (1-6 Months)",Mobile Phone,3,20,E wallet,male,4,5,Laptop & Accessory,5,Married,7,1,14.00,2,3,3,186.00,0.67,"2026-06-08 15:34:49"
55398,1,1,"1. Junior User (1-6 Months)",Mobile Phone,3,8,Debit Card,male,3,6,Laptop & Accessory,4,Single,8,0,16.00,1,2,1,192.00,0.50,"2026-06-08 15:34:49"
55399,0,1,"1. Junior User (1-6 Months)",Mobile Phone,1,11,Credit Card,female,3,4,Mobile Phone,4,Single,3,0,14.00,1,2,3,158.00,0.50,"2026-06-08 15:34:49"
55400,0,5,"1. Junior User (1-6 Months)",Computer,1,31,Cash on Delivery,female,2,4,Laptop & Accessory,1,Single,4,0,21.00,1,2,5,177.00,0.50,"2026-06-08 15:34:49"
55401,0,13,"3. Core Loyal (>1 Year)",Computer,1,8,Debit Card,male,4,4,Laptop & Accessory,1,Married,3,1,16.00,1,6,9,190.00,0.17,"2026-06-08 15:34:49"
55402,0,6,"1. Junior User (1-6 Months)",Mobile Phone,3,26,Debit Card,male,4,6,Fashion,3,Married,5,0,14.00,1,2,-1,221.00,0.50,"2026-06-08 15:34:49"
55403,0,14,"3. Core Loyal (>1 Year)",Mobile Phone,3,14,Credit Card,male,3,4,Others,4,Single,3,0,15.00,13,13,9,323.00,1.00,"2026-06-08 15:34:49"
55404,0,19,"3. Core Loyal (>1 Year)",Mobile Phone,2,11,Debit Card,female,3,6,Fashion,3,Married,6,0,22.00,2,2,-1,223.00,1.00,"2026-06-08 15:34:49"
55405,0,4,"1. Junior User (1-6 Months)",Computer,1,9,Cash on Delivery,female,4,5,Mobile Phone,5,Single,2,0,17.00,1,2,8,175.00,0.50,"2026-06-08 15:34:49"
55406,0,1,"1. Junior User (1-6 Months)",Computer,2,17,Credit Card,male,3,4,Mobile Phone,1,Married,2,0,15.00,1,3,2,146.00,0.33,"2026-06-08 15:34:49"
55407,1,1,"1. Junior User (1-6 Months)",Computer,2,15,UPI,female,4,5,Mobile Phone,1,Married,8,0,12.00,2,2,3,147.00,1.00,"2026-06-08 15:34:49"
55408,0,5,"1. Junior User (1-6 Months)",Mobile Phone,3,12,Cash on Delivery,male,3,4,Laptop & Accessory,3,Married,3,0,20.00,2,2,3,208.00,1.00,"2026-06-08 15:34:49"
55409,0,1,"1. Junior User (1-6 Months)",Mobile Phone,1,15,Credit Card,female,4,4,Mobile Phone,1,Single,3,0,12.00,1,2,5,159.00,0.50,"2026-06-08 15:34:49"
55410,1,1,"1. Junior User (1-6 Months)",Mobile Phone,3,16,E wallet,female,3,6,Mobile Phone,4,Single,3,0,14.00,3,3,3,153.00,1.00,"2026-06-08 15:34:49"
55411,0,3,"1. Junior User (1-6 Months)",Computer,1,8,Debit Card,male,4,2,Laptop & Accessory,3,Single,10,1,13.00,2,2,3,188.00,1.00,"2026-06-08 15:34:49"
55412,0,4,"1. Junior User (1-6 Months)",Mobile Phone,3,22,E wallet,male,4,5,Fashion,5,Married,4,0,12.00,2,2,8,196.00,1.00,"2026-06-08 15:34:49"
55413,0,8,"2. Mid-Loyal (7-12 Months)",Mobile Phone,1,9,Credit Card,male,4,2,Mobile Phone,1,Married,2,1,15.00,2,2,3,154.00,1.00,"2026-06-08 15:34:49"
55414,0,7,"2. Mid-Loyal (7-12 Months)",Computer,3,9,E wallet,female,4,4,Laptop & Accessory,4,Single,10,0,16.00,2,2,8,176.00,1.00,"2026-06-08 15:34:49"
55415,0,23,"3. Core Loyal (>1 Year)",Mobile Phone,3,18,E wallet,female,4,4,Laptop & Accessory,1,Single,5,0,13.00,1,2,5,170.00,0.50,"2026-06-08 15:34:49"
55416,1,1,"1. Junior User (1-6 Months)",Mobile Phone,3,23,Debit Card,female,4,4,Fashion,5,Single,4,1,21.00,2,2,-1,211.00,1.00,"2026-06-08 15:34:49"
55417,0,12,"2. Mid-Loyal (7-12 Months)",Computer,1,9,Credit Card,female,4,5,Mobile Phone,4,Married,6,0,15.00,1,2,6,150.00,0.50,"2026-06-08 15:34:49"
55418,1,1,"1. Junior User (1-6 Months)",Mobile Phone,3,23,E wallet,male,4,4,Fashion,3,Married,4,0,14.00,1,2,1,207.00,0.50,"2026-06-08 15:34:49"
55419,0,3,"1. Junior User (1-6 Months)",Mobile Phone,1,11,Cash on Delivery,female,4,5,Mobile Phone,5,Married,3,0,14.00,1,2,1,146.00,0.50,"2026-06-08 15:34:49"
55420,0,4,"1. Junior User (1-6 Months)",Mobile Phone,1,23,Debit Card,male,3,2,Laptop & Accessory,3,Married,5,0,17.00,2,2,8,178.00,1.00,"2026-06-08 15:34:49"
55421,0,6,"1. Junior User (1-6 Months)",Computer,1,12,Cash on Delivery,male,4,4,Mobile Phone,4,Single,4,0,15.00,2,2,8,152.00,1.00,"2026-06-08 15:34:49"
55422,0,12,"2. Mid-Loyal (7-12 Months)",Mobile Phone,1,25,Credit Card,male,3,6,Laptop & Accessory,1,Married,5,1,17.00,1,2,1,183.00,0.50,"2026-06-08 15:34:49"
55423,1,7,"2. Mid-Loyal (7-12 Months)",Computer,1,24,Cash on Delivery,male,3,5,Mobile Phone,3,Married,11,1,17.00,2,2,1,149.00,1.00,"2026-06-08 15:34:49"
55424,0,16,"3. Core Loyal (>1 Year)",Mobile Phone,1,19,Credit Card,male,3,4,Mobile Phone,4,Married,10,0,23.00,2,2,5,153.00,1.00,"2026-06-08 15:34:49"
55425,0,29,"3. Core Loyal (>1 Year)",Mobile Phone,1,9,Credit Card,male,3,5,Others,5,Married,10,0,0.0,2,2,1,315.00,1.00,"2026-06-08 15:34:49"
55426,0,7,"2. Mid-Loyal (7-12 Months)",Computer,1,11,Cash on Delivery,male,3,4,Laptop & Accessory,4,Married,7,0,16.00,1,2,8,156.00,0.50,"2026-06-08 15:34:49"
55427,0,15,"3. Core Loyal (>1 Year)",Mobile Phone,1,16,Debit Card,male,4,4,Mobile Phone,5,Married,3,0,21.00,1,2,5,148.00,0.50,"2026-06-08 15:34:49"
55428,0,8,"2. Mid-Loyal (7-12 Months)",Computer,3,17,Debit Card,male,3,4,Laptop & Accessory,3,Married,3,1,15.00,2,2,8,165.00,1.00,"2026-06-08 15:34:49"
55429,0,27,"3. Core Loyal (>1 Year)",Computer,1,8,Credit Card,female,3,5,Grocery,3,Married,6,1,21.00,2,0,3,255.00,0.00,"2026-06-08 15:34:49"
55430,0,17,"3. Core Loyal (>1 Year)",Mobile Phone,2,9,Debit Card,male,4,4,Mobile Phone,1,Single,2,0,14.00,2,2,9,160.00,1.00,"2026-06-08 15:34:49"
55431,0,8,"2. Mid-Loyal (7-12 Months)",Mobile Phone,3,10,Debit Card,female,3,6,Laptop & Accessory,1,Single,7,0,13.00,3,3,3,185.00,1.00,"2026-06-08 15:34:49"
55432,1,1,"1. Junior User (1-6 Months)",Mobile Phone,3,14,E wallet,male,3,4,Mobile Phone,4,Single,3,0,14.00,1,2,1,152.00,0.50,"2026-06-08 15:34:49"
55433,0,12,"2. Mid-Loyal (7-12 Months)",Mobile Phone,1,13,UPI,female,3,5,Mobile Phone,3,Married,3,0,12.00,2,2,5,162.00,1.00,"2026-06-08 15:34:49"
55434,1,1,"1. Junior User (1-6 Months)",Mobile Phone,1,15,Credit Card,female,4,4,Mobile Phone,5,Married,3,1,18.00,1,2,1,149.00,0.50,"2026-06-08 15:34:49"
55435,0,5,"1. Junior User (1-6 Months)",Mobile Phone,3,36,E wallet,female,4,5,Laptop & Accessory,1,Married,3,0,15.00,1,6,8,180.00,0.17,"2026-06-08 15:34:49"
55436,0,25,"3. Core Loyal (>1 Year)",Mobile Phone,1,10,Cash on Delivery,female,3,4,Fashion,3,Married,4,0,12.00,3,0,3,256.00,0.00,"2026-06-08 15:34:49"
55437,0,11,"2. Mid-Loyal (7-12 Months)",Mobile Phone,3,16,E wallet,male,3,5,Laptop & Accessory,4,Married,3,0,15.00,2,2,4,167.00,1.00,"2026-06-08 15:34:49"
55438,0,20,"3. Core Loyal (>1 Year)",Mobile Phone,1,9,Credit Card,male,3,4,Others,1,Married,9,1,0.0,3,3,3,318.00,1.00,"2026-06-08 15:34:49"
55439,0,10,"2. Mid-Loyal (7-12 Months)",Mobile Phone,1,17,Debit Card,male,3,4,Fashion,5,Married,9,1,14.00,3,6,8,208.00,0.50,"2026-06-08 15:34:49"
55440,1,8,"2. Mid-Loyal (7-12 Months)",Computer,1,8,Credit Card,male,4,4,Mobile Phone,4,Married,3,1,13.00,3,3,4,148.00,1.00,"2026-06-08 15:34:49"
55441,0,11,"2. Mid-Loyal (7-12 Months)",Mobile Phone,2,15,UPI,male,3,4,Laptop & Accessory,4,Married,4,0,14.00,4,5,8,166.00,0.80,"2026-06-08 15:34:49"
55442,1,1,"1. Junior User (1-6 Months)",Mobile Phone,3,34,Debit Card,male,3,4,Laptop & Accessory,1,Single,3,1,19.00,4,8,8,183.00,0.50,"2026-06-08 15:34:49"
55443,0,7,"2. Mid-Loyal (7-12 Months)",Mobile Phone,1,15,Debit Card,male,3,2,Mobile Phone,5,Married,8,0,20.00,4,8,7,156.00,0.50,"2026-06-08 15:34:49"
55444,0,2,"1. Junior User (1-6 Months)",Mobile Phone,1,8,Debit Card,male,3,4,Mobile Phone,1,Married,3,0,12.00,1,2,4,145.00,0.50,"2026-06-08 15:34:49"
55445,0,13,"3. Core Loyal (>1 Year)",Mobile Phone,1,17,Credit Card,male,4,4,Fashion,3,Single,9,0,22.00,3,0,3,260.00,0.00,"2026-06-08 15:34:49"
55446,0,20,"3. Core Loyal (>1 Year)",Computer,3,33,Debit Card,male,4,5,Laptop & Accessory,4,Single,10,0,16.00,2,3,3,205.00,0.67,"2026-06-08 15:34:49"
55447,0,14,"3. Core Loyal (>1 Year)",Mobile Phone,1,9,Debit Card,female,4,4,Mobile Phone,5,Married,6,0,18.00,2,2,3,159.00,1.00,"2026-06-08 15:34:49"
55448,0,16,"3. Core Loyal (>1 Year)",Mobile Phone,1,20,Credit Card,male,4,2,Laptop & Accessory,5,Married,7,0,19.00,2,2,1,180.00,1.00,"2026-06-08 15:34:49"
55449,0,9,"2. Mid-Loyal (7-12 Months)",Computer,1,9,Credit Card,male,3,4,Laptop & Accessory,1,Married,4,0,15.00,2,2,8,183.00,1.00,"2026-06-08 15:34:49"
55450,0,12,"2. Mid-Loyal (7-12 Months)",Computer,2,9,UPI,male,4,4,Mobile Phone,4,Married,7,0,14.00,3,4,9,151.00,0.75,"2026-06-08 15:34:49"
55451,1,1,"1. Junior User (1-6 Months)",Computer,1,16,Debit Card,male,4,4,Laptop & Accessory,5,Married,6,0,18.00,1,2,8,178.00,0.50,"2026-06-08 15:34:49"
55452,1,1,"1. Junior User (1-6 Months)",Mobile Phone,1,17,Credit Card,male,3,4,Laptop & Accessory,5,Single,3,0,16.00,1,2,9,167.00,0.50,"2026-06-08 15:34:49"
55453,0,13,"3. Core Loyal (>1 Year)",Computer,3,27,Debit Card,male,3,4,Laptop & Accessory,1,Married,4,0,19.00,2,3,3,166.00,0.67,"2026-06-08 15:34:49"
55454,0,17,"3. Core Loyal (>1 Year)",Computer,1,16,Debit Card,male,3,4,Mobile Phone,3,Single,6,0,14.00,2,2,3,149.00,1.00,"2026-06-08 15:34:49"
55455,0,15,"3. Core Loyal (>1 Year)",Mobile Phone,1,12,Debit Card,male,3,2,Laptop & Accessory,4,Single,5,0,13.00,1,2,3,194.00,0.50,"2026-06-08 15:34:49"
55456,0,15,"3. Core Loyal (>1 Year)",Mobile Phone,3,11,E wallet,female,3,4,Fashion,3,Married,2,1,14.00,6,14,-1,229.00,0.43,"2026-06-08 15:34:49"
55457,0,4,"1. Junior User (1-6 Months)",Mobile Phone,1,17,Credit Card,female,4,4,Fashion,3,Single,11,0,15.00,1,2,-1,222.00,0.50,"2026-06-08 15:34:49"
55458,1,1,"1. Junior User (1-6 Months)",Mobile Phone,2,27,Credit Card,female,4,4,Mobile Phone,4,Married,2,1,12.00,1,2,5,146.00,0.50,"2026-06-08 15:34:49"
55459,1,10,"2. Mid-Loyal (7-12 Months)",Mobile Phone,1,28,Credit Card,female,4,4,Laptop & Accessory,4,Married,6,0,23.00,4,4,-1,214.00,1.00,"2026-06-08 15:34:49"
55460,0,14,"3. Core Loyal (>1 Year)",Mobile Phone,1,8,Debit Card,female,3,4,Laptop & Accessory,1,Married,6,0,18.00,1,2,4,190.00,0.50,"2026-06-08 15:34:49"
55461,0,8,"2. Mid-Loyal (7-12 Months)",Mobile Phone,3,15,Cash on Delivery,male,4,2,Laptop & Accessory,3,Married,3,0,22.00,3,5,9,193.00,0.60,"2026-06-08 15:34:49"
55462,0,31,"3. Core Loyal (>1 Year)",Computer,3,9,Credit Card,male,3,4,Grocery,4,Married,6,0,23.00,0,15,15,288.00,0.00,"2026-06-08 15:34:49"
55463,0,9,"2. Mid-Loyal (7-12 Months)",Mobile Phone,1,30,Credit Card,male,4,6,Mobile Phone,3,Married,2,0,17.00,1,2,4,152.00,0.50,"2026-06-08 15:34:49"
55464,0,21,"3. Core Loyal (>1 Year)",Mobile Phone,1,11,Debit Card,female,4,5,Fashion,4,Married,10,1,13.00,6,15,-1,228.00,0.40,"2026-06-08 15:34:49"
55465,0,14,"3. Core Loyal (>1 Year)",Mobile Phone,1,19,Debit Card,female,3,4,Laptop & Accessory,5,Married,4,0,13.00,2,8,8,169.00,0.25,"2026-06-08 15:34:49"
55466,0,28,"3. Core Loyal (>1 Year)",Mobile Phone,1,14,Credit Card,female,4,4,Laptop & Accessory,1,Married,6,0,16.00,2,2,8,194.00,1.00,"2026-06-08 15:34:49"
55467,0,5,"1. Junior User (1-6 Months)",Computer,3,14,E wallet,female,4,4,Fashion,5,Married,4,0,15.00,3,3,-1,221.00,1.00,"2026-06-08 15:34:49"
55468,0,2,"1. Junior User (1-6 Months)",Mobile Phone,1,8,Credit Card,female,4,4,Mobile Phone,5,Married,3,0,26.00,2,2,3,161.00,1.00,"2026-06-08 15:34:49"
55469,0,12,"2. Mid-Loyal (7-12 Months)",Mobile Phone,3,9,E wallet,female,4,6,Laptop & Accessory,1,Married,4,1,21.00,1,2,4,179.00,0.50,"2026-06-08 15:34:49"
55470,0,1,"1. Junior User (1-6 Months)",Mobile Phone,3,17,Credit Card,male,3,4,Laptop & Accessory,1,Single,3,0,14.00,2,2,3,172.00,1.00,"2026-06-08 15:34:49"
55471,0,31,"3. Core Loyal (>1 Year)",Computer,1,22,Debit Card,male,3,4,Grocery,3,Married,4,1,15.00,0,3,3,283.00,0.00,"2026-06-08 15:34:49"
55472,0,1,"1. Junior User (1-6 Months)",Computer,1,21,Credit Card,female,3,4,Mobile Phone,3,Single,3,0,17.00,2,2,1,140.00,1.00,"2026-06-08 15:34:49"
55473,1,1,"1. Junior User (1-6 Months)",Mobile Phone,2,25,UPI,male,3,2,Mobile Phone,5,Married,2,0,18.00,2,2,1,155.00,1.00,"2026-06-08 15:34:49"
55474,1,1,"1. Junior User (1-6 Months)",Mobile Phone,2,20,UPI,male,3,5,Mobile Phone,5,Married,6,1,16.00,3,3,1,148.00,1.00,"2026-06-08 15:34:49"
55475,0,19,"3. Core Loyal (>1 Year)",Computer,3,9,Debit Card,female,4,4,Laptop & Accessory,3,Married,6,0,23.00,4,6,8,177.00,0.67,"2026-06-08 15:34:49"
55476,0,10,"2. Mid-Loyal (7-12 Months)",Mobile Phone,1,9,UPI,female,4,4,Laptop & Accessory,4,Married,6,1,23.00,2,2,1,195.00,1.00,"2026-06-08 15:34:49"
55477,0,17,"3. Core Loyal (>1 Year)",Computer,3,9,Debit Card,male,4,4,Laptop & Accessory,1,Married,3,0,21.00,8,8,8,182.00,1.00,"2026-06-08 15:34:49"
55478,0,1,"1. Junior User (1-6 Months)",Computer,1,12,Debit Card,female,3,4,Mobile Phone,1,Single,2,1,15.00,2,2,3,149.00,1.00,"2026-06-08 15:34:49"
55479,0,3,"1. Junior User (1-6 Months)",Computer,1,27,Credit Card,male,3,4,Mobile Phone,1,Married,3,0,14.00,2,4,11,163.00,0.50,"2026-06-08 15:34:49"
55480,0,6,"1. Junior User (1-6 Months)",Computer,3,17,E wallet,male,4,4,Laptop & Accessory,1,Single,10,0,14.00,1,2,1,171.00,0.50,"2026-06-08 15:34:49"
55481,0,16,"3. Core Loyal (>1 Year)",Computer,1,17,Cash on Delivery,male,3,4,Mobile Phone,3,Married,5,0,23.00,4,4,4,154.00,1.00,"2026-06-08 15:34:49"
55482,0,21,"3. Core Loyal (>1 Year)",Mobile Phone,1,16,Debit Card,female,4,4,Mobile Phone,3,Single,6,0,13.00,1,3,1,146.00,0.33,"2026-06-08 15:34:49"
55483,0,20,"3. Core Loyal (>1 Year)",Mobile Phone,1,9,Debit Card,male,3,4,Fashion,1,Married,5,0,15.00,1,5,-1,211.00,0.20,"2026-06-08 15:34:49"
55484,0,2,"1. Junior User (1-6 Months)",Computer,2,8,Debit Card,male,3,4,Mobile Phone,1,Married,3,0,16.00,2,3,3,152.00,0.67,"2026-06-08 15:34:49"
55485,0,3,"1. Junior User (1-6 Months)",Mobile Phone,1,36,Debit Card,male,4,6,Laptop & Accessory,3,Married,10,0,18.00,1,2,7,189.00,0.50,"2026-06-08 15:34:49"
55486,0,16,"3. Core Loyal (>1 Year)",Mobile Phone,1,15,Debit Card,male,3,4,Mobile Phone,3,Single,6,0,14.00,2,2,1,165.00,1.00,"2026-06-08 15:34:49"
55487,1,1,"1. Junior User (1-6 Months)",Mobile Phone,3,9,E wallet,male,3,5,Laptop & Accessory,4,Single,9,1,13.00,2,3,-1,224.00,0.67,"2026-06-08 15:34:49"
55488,0,20,"3. Core Loyal (>1 Year)",Mobile Phone,3,10,Cash on Delivery,female,3,2,Grocery,5,Married,4,0,13.00,3,0,9,257.00,0.00,"2026-06-08 15:34:49"
55489,0,1,"1. Junior User (1-6 Months)",Mobile Phone,3,30,Credit Card,female,3,5,Laptop & Accessory,3,Married,3,0,22.00,4,6,9,160.00,0.67,"2026-06-08 15:34:49"
55490,0,3,"1. Junior User (1-6 Months)",Mobile Phone,2,13,Credit Card,male,3,5,Mobile Phone,4,Married,3,0,12.00,2,2,1,153.00,1.00,"2026-06-08 15:34:49"
55491,0,17,"3. Core Loyal (>1 Year)",Mobile Phone,1,13,Credit Card,female,3,5,Others,3,Married,9,0,0.0,7,7,15,319.00,1.00,"2026-06-08 15:34:49"
55492,0,22,"3. Core Loyal (>1 Year)",Mobile Phone,1,17,Debit Card,male,4,5,Others,4,Married,6,0,0.0,4,13,10,322.00,0.31,"2026-06-08 15:34:49"
55493,1,1,"1. Junior User (1-6 Months)",Computer,1,31,Debit Card,male,4,5,Mobile Phone,1,Single,3,1,25.00,2,2,1,149.00,1.00,"2026-06-08 15:34:49"
55494,1,10,"2. Mid-Loyal (7-12 Months)",Mobile Phone,3,17,Debit Card,female,4,4,Fashion,4,Married,7,0,22.00,2,2,8,198.00,1.00,"2026-06-08 15:34:49"
55495,0,1,"1. Junior User (1-6 Months)",Computer,1,22,Debit Card,female,4,5,Mobile Phone,5,Married,2,0,20.00,1,8,4,173.00,0.13,"2026-06-08 15:34:49"
55496,0,13,"3. Core Loyal (>1 Year)",Mobile Phone,1,26,UPI,male,3,4,Laptop & Accessory,1,Married,10,0,15.00,1,3,3,164.00,0.33,"2026-06-08 15:34:49"
55497,0,29,"3. Core Loyal (>1 Year)",Mobile Phone,1,9,Cash on Delivery,male,4,5,Mobile Phone,1,Married,10,0,21.00,2,2,5,152.00,1.00,"2026-06-08 15:34:49"
55498,0,2,"1. Junior User (1-6 Months)",Mobile Phone,3,10,Credit Card,female,4,4,Mobile Phone,4,Married,3,0,20.00,2,2,1,154.00,1.00,"2026-06-08 15:34:49"
55499,1,1,"1. Junior User (1-6 Months)",Mobile Phone,3,16,Credit Card,male,3,4,Mobile Phone,1,Single,3,0,14.00,1,2,1,136.00,0.50,"2026-06-08 15:34:49"
55500,1,1,"1. Junior User (1-6 Months)",Mobile Phone,1,14,Debit Card,male,4,4,Mobile Phone,4,Single,3,1,24.00,2,2,1,150.00,1.00,"2026-06-08 15:34:49"
55501,0,10,"2. Mid-Loyal (7-12 Months)",Mobile Phone,3,17,Cash on Delivery,female,4,5,Laptop & Accessory,3,Married,3,1,14.00,1,2,8,182.00,0.50,"2026-06-08 15:34:49"
55502,0,5,"1. Junior User (1-6 Months)",Mobile Phone,1,27,Debit Card,male,3,4,Laptop & Accessory,3,Married,3,0,12.00,1,2,3,167.00,0.50,"2026-06-08 15:34:49"
55503,0,8,"2. Mid-Loyal (7-12 Months)",Mobile Phone,3,11,Debit Card,male,4,4,Fashion,1,Married,4,1,14.00,1,2,-1,222.00,0.50,"2026-06-08 15:34:49"
55504,0,3,"1. Junior User (1-6 Months)",Mobile Phone,1,14,Debit Card,male,3,4,Mobile Phone,5,Single,5,0,15.00,1,2,3,146.00,0.50,"2026-06-08 15:34:49"
55505,0,11,"2. Mid-Loyal (7-12 Months)",Mobile Phone,1,14,Credit Card,male,4,4,Laptop & Accessory,5,Married,7,1,23.00,1,2,5,168.00,0.50,"2026-06-08 15:34:49"
55506,0,9,"2. Mid-Loyal (7-12 Months)",Mobile Phone,1,23,UPI,female,3,5,Laptop & Accessory,4,Married,2,1,12.00,1,2,3,173.00,0.50,"2026-06-08 15:34:49"
55507,0,19,"3. Core Loyal (>1 Year)",Mobile Phone,1,32,Debit Card,female,4,5,Laptop & Accessory,1,Married,2,0,14.00,1,4,9,184.00,0.25,"2026-06-08 15:34:49"
55508,0,10,"2. Mid-Loyal (7-12 Months)",Computer,2,9,UPI,male,4,5,Laptop & Accessory,1,Single,3,0,22.00,2,2,9,164.00,1.00,"2026-06-08 15:34:49"
55509,0,14,"3. Core Loyal (>1 Year)",Mobile Phone,1,8,Debit Card,male,4,4,Grocery,5,Married,4,0,0.0,3,12,17,293.00,0.25,"2026-06-08 15:34:49"
55510,0,1,"1. Junior User (1-6 Months)",Mobile Phone,1,8,Debit Card,female,3,5,Mobile Phone,3,Married,3,1,14.00,1,2,1,154.00,0.50,"2026-06-08 15:34:49"
55511,0,1,"1. Junior User (1-6 Months)",Mobile Phone,3,9,Credit Card,female,3,2,Laptop & Accessory,3,Single,2,0,15.00,1,2,8,190.00,0.50,"2026-06-08 15:34:49"
55512,0,22,"3. Core Loyal (>1 Year)",Computer,1,29,Credit Card,female,3,4,Grocery,1,Married,5,0,0.0,2,5,8,297.00,0.40,"2026-06-08 15:34:49"
55513,0,18,"3. Core Loyal (>1 Year)",Mobile Phone,1,8,Debit Card,male,4,2,Laptop & Accessory,5,Married,4,0,16.00,2,3,3,175.00,0.67,"2026-06-08 15:34:49"
55514,1,1,"1. Junior User (1-6 Months)",Computer,1,23,Cash on Delivery,male,3,6,Mobile Phone,5,Married,3,1,24.00,1,4,1,148.00,0.25,"2026-06-08 15:34:49"
55515,1,20,"3. Core Loyal (>1 Year)",Mobile Phone,1,31,Debit Card,male,4,4,Mobile Phone,1,Single,3,0,17.00,1,2,1,151.00,0.50,"2026-06-08 15:34:49"
55516,0,10,"2. Mid-Loyal (7-12 Months)",Mobile Phone,3,24,E wallet,male,3,5,Laptop & Accessory,4,Married,4,0,17.00,2,2,4,180.00,1.00,"2026-06-08 15:34:49"
55517,0,15,"3. Core Loyal (>1 Year)",Mobile Phone,3,15,E wallet,female,3,4,Laptop & Accessory,4,Married,7,0,22.00,1,2,5,169.00,0.50,"2026-06-08 15:34:49"
55518,0,16,"3. Core Loyal (>1 Year)",Mobile Phone,1,13,Credit Card,male,3,4,Fashion,5,Married,11,0,14.00,6,0,8,258.00,0.00,"2026-06-08 15:34:49"
55519,0,5,"1. Junior User (1-6 Months)",Mobile Phone,3,17,Credit Card,female,3,4,Laptop & Accessory,1,Married,4,1,12.00,2,2,5,191.00,1.00,"2026-06-08 15:34:49"
55520,0,8,"2. Mid-Loyal (7-12 Months)",Mobile Phone,3,10,Credit Card,female,4,5,Laptop & Accessory,1,Married,5,1,13.00,1,2,2,206.00,0.50,"2026-06-08 15:34:49"
55521,0,5,"1. Junior User (1-6 Months)",Mobile Phone,1,11,Credit Card,female,4,2,Mobile Phone,3,Married,10,0,13.00,2,3,3,165.00,0.67,"2026-06-08 15:34:49"
55522,0,1,"1. Junior User (1-6 Months)",Computer,1,13,UPI,male,4,2,Mobile Phone,1,Married,2,0,19.00,3,8,8,150.00,0.38,"2026-06-08 15:34:49"
55523,0,19,"3. Core Loyal (>1 Year)",Computer,1,8,Credit Card,male,3,4,Laptop & Accessory,3,Single,6,0,13.00,1,2,4,179.00,0.50,"2026-06-08 15:34:49"
55524,0,7,"2. Mid-Loyal (7-12 Months)",Mobile Phone,3,17,E wallet,male,3,4,Laptop & Accessory,3,Single,3,0,15.00,1,2,10,180.00,0.50,"2026-06-08 15:34:49"
55525,0,2,"1. Junior User (1-6 Months)",Computer,3,8,Debit Card,male,3,5,Laptop & Accessory,1,Married,3,1,13.00,2,2,8,193.00,1.00,"2026-06-08 15:34:49"
55526,1,1,"1. Junior User (1-6 Months)",Computer,3,31,Cash on Delivery,male,3,2,Mobile Phone,5,Single,3,0,18.00,1,2,1,136.00,0.50,"2026-06-08 15:34:49"
55527,0,13,"3. Core Loyal (>1 Year)",Computer,3,28,Debit Card,female,3,6,Laptop & Accessory,3,Married,8,0,20.00,1,2,3,182.00,0.50,"2026-06-08 15:34:49"
55528,0,1,"1. Junior User (1-6 Months)",Mobile Phone,1,9,Cash on Delivery,male,3,4,Mobile Phone,4,Married,3,0,12.00,1,2,3,147.00,0.50,"2026-06-08 15:34:49"
55529,0,8,"2. Mid-Loyal (7-12 Months)",Computer,1,29,UPI,male,3,5,Laptop & Accessory,1,Married,3,1,16.00,4,7,12,182.00,0.57,"2026-06-08 15:34:49"
55530,1,1,"1. Junior User (1-6 Months)",Mobile Phone,3,20,E wallet,female,3,4,Laptop & Accessory,3,Single,5,1,12.00,1,3,-1,224.00,0.33,"2026-06-08 15:34:49"
55531,0,21,"3. Core Loyal (>1 Year)",Computer,1,21,Cash on Delivery,male,4,4,Laptop & Accessory,4,Married,10,0,19.00,1,2,8,180.00,0.50,"2026-06-08 15:34:49"
55532,0,30,"3. Core Loyal (>1 Year)",Mobile Phone,3,18,E wallet,female,3,5,Laptop & Accessory,5,Married,6,0,17.00,1,2,1,179.00,0.50,"2026-06-08 15:34:49"
55533,0,13,"3. Core Loyal (>1 Year)",Mobile Phone,1,16,Credit Card,male,3,4,Laptop & Accessory,5,Married,3,0,26.00,1,8,10,177.00,0.13,"2026-06-08 15:34:49"
55534,0,12,"2. Mid-Loyal (7-12 Months)",Computer,1,15,Credit Card,female,3,5,Laptop & Accessory,4,Married,3,1,17.00,2,2,8,146.00,1.00,"2026-06-08 15:34:49"
55535,0,61,"3. Core Loyal (>1 Year)",Mobile Phone,3,28,Debit Card,female,4,4,Grocery,1,Married,6,1,0.0,1,2,1,304.00,0.50,"2026-06-08 15:34:49"
55536,1,1,"1. Junior User (1-6 Months)",Computer,1,12,Debit Card,female,3,2,Mobile Phone,3,Single,5,1,15.00,1,2,4,149.00,0.50,"2026-06-08 15:34:49"
55537,0,12,"2. Mid-Loyal (7-12 Months)",Mobile Phone,1,16,Debit Card,male,4,4,Mobile Phone,1,Married,4,0,20.00,1,2,4,173.00,0.50,"2026-06-08 15:34:49"
55538,0,23,"3. Core Loyal (>1 Year)",Computer,1,9,Debit Card,male,3,4,Others,1,Married,5,0,0.0,5,5,4,317.00,1.00,"2026-06-08 15:34:49"
55539,0,16,"3. Core Loyal (>1 Year)",Mobile Phone,3,19,E wallet,male,4,4,Laptop & Accessory,1,Married,5,1,13.00,2,2,1,176.00,1.00,"2026-06-08 15:34:49"
55540,1,1,"1. Junior User (1-6 Months)",Computer,2,29,UPI,female,3,5,Mobile Phone,4,Married,3,0,13.00,2,2,1,154.00,1.00,"2026-06-08 15:34:49"
55541,0,9,"2. Mid-Loyal (7-12 Months)",Mobile Phone,3,25,Credit Card,male,4,4,Laptop & Accessory,5,Married,2,0,17.00,2,2,5,181.00,1.00,"2026-06-08 15:34:49"
55542,0,2,"1. Junior User (1-6 Months)",Computer,1,23,Credit Card,male,3,4,Mobile Phone,3,Single,3,0,15.00,1,2,5,146.00,0.50,"2026-06-08 15:34:49"
55543,0,5,"1. Junior User (1-6 Months)",Computer,1,10,Credit Card,male,3,4,Mobile Phone,5,Married,3,1,14.00,3,3,4,156.00,1.00,"2026-06-08 15:34:49"
55544,0,10,"2. Mid-Loyal (7-12 Months)",Computer,1,16,Debit Card,male,4,2,Mobile Phone,4,Married,3,0,23.00,2,2,3,153.00,1.00,"2026-06-08 15:34:49"
55545,0,8,"2. Mid-Loyal (7-12 Months)",Mobile Phone,3,8,E wallet,male,3,4,Fashion,1,Single,3,0,22.00,3,3,-1,224.00,1.00,"2026-06-08 15:34:49"
55546,0,8,"2. Mid-Loyal (7-12 Months)",Mobile Phone,3,20,Credit Card,male,3,4,Fashion,3,Married,3,0,19.00,1,2,-1,211.00,0.50,"2026-06-08 15:34:49"
55547,0,1,"1. Junior User (1-6 Months)",Mobile Phone,1,8,Credit Card,male,4,4,Mobile Phone,5,Single,2,0,14.00,8,8,7,154.00,1.00,"2026-06-08 15:34:49"
55548,0,3,"1. Junior User (1-6 Months)",Mobile Phone,1,8,Debit Card,male,3,4,Laptop & Accessory,5,Married,2,0,13.00,1,2,3,179.00,0.50,"2026-06-08 15:34:49"
55549,0,6,"1. Junior User (1-6 Months)",Computer,1,22,Credit Card,female,3,4,Laptop & Accessory,1,Married,7,0,19.00,1,2,3,192.00,0.50,"2026-06-08 15:34:49"
55550,0,5,"1. Junior User (1-6 Months)",Computer,1,8,Debit Card,male,3,6,Laptop & Accessory,5,Married,3,0,22.00,7,9,8,175.00,0.78,"2026-06-08 15:34:49"
55551,1,1,"1. Junior User (1-6 Months)",Mobile Phone,1,24,Cash on Delivery,male,3,5,Mobile Phone,1,Married,7,0,13.00,2,2,4,149.00,1.00,"2026-06-08 15:34:49"
55552,0,12,"2. Mid-Loyal (7-12 Months)",Mobile Phone,3,8,Debit Card,male,3,5,Mobile Phone,5,Single,6,0,15.00,2,2,1,154.00,1.00,"2026-06-08 15:34:49"
55553,0,9,"2. Mid-Loyal (7-12 Months)",Mobile Phone,3,14,Debit Card,female,3,4,Laptop & Accessory,1,Married,3,1,12.00,2,2,10,177.00,1.00,"2026-06-08 15:34:49"
55554,0,1,"1. Junior User (1-6 Months)",Mobile Phone,3,16,E wallet,male,3,4,Laptop & Accessory,1,Single,3,0,15.00,2,2,8,166.00,1.00,"2026-06-08 15:34:49"
55555,0,6,"1. Junior User (1-6 Months)",Mobile Phone,1,12,Debit Card,male,3,5,Laptop & Accessory,1,Single,10,0,25.00,2,2,-1,222.00,1.00,"2026-06-08 15:34:49"
55556,1,1,"1. Junior User (1-6 Months)",Computer,3,33,E wallet,male,4,4,Laptop & Accessory,1,Married,3,1,12.00,1,2,9,181.00,0.50,"2026-06-08 15:34:49"
55557,1,17,"3. Core Loyal (>1 Year)",Mobile Phone,3,31,Debit Card,male,4,4,Fashion,5,Single,8,1,14.00,1,3,-1,229.00,0.33,"2026-06-08 15:34:49"
55558,0,28,"3. Core Loyal (>1 Year)",Mobile Phone,1,16,Debit Card,female,4,4,Laptop & Accessory,3,Married,5,0,12.00,2,3,4,154.00,0.67,"2026-06-08 15:34:49"
55559,0,7,"2. Mid-Loyal (7-12 Months)",Computer,1,14,Debit Card,male,3,4,Laptop & Accessory,3,Married,3,0,21.00,1,3,9,185.00,0.33,"2026-06-08 15:34:49"
55560,0,17,"3. Core Loyal (>1 Year)",Mobile Phone,1,18,Debit Card,male,2,4,Fashion,3,Married,3,0,18.00,2,2,10,200.00,1.00,"2026-06-08 15:34:49"
55561,0,12,"2. Mid-Loyal (7-12 Months)",Computer,2,8,UPI,male,3,4,Mobile Phone,4,Married,2,1,12.00,1,2,3,155.00,0.50,"2026-06-08 15:34:49"
55562,0,29,"3. Core Loyal (>1 Year)",Mobile Phone,2,33,UPI,male,4,2,Others,4,Married,6,1,0.0,2,2,5,321.00,1.00,"2026-06-08 15:34:49"
55563,0,5,"1. Junior User (1-6 Months)",Mobile Phone,1,9,Credit Card,female,3,6,Mobile Phone,1,Married,3,1,12.00,1,2,1,136.00,0.50,"2026-06-08 15:34:49"
55564,0,13,"3. Core Loyal (>1 Year)",Mobile Phone,3,22,E wallet,male,4,4,Grocery,5,Single,2,0,13.00,5,0,11,258.00,0.00,"2026-06-08 15:34:49"
55565,0,16,"3. Core Loyal (>1 Year)",Computer,1,30,Debit Card,male,3,5,Laptop & Accessory,3,Single,3,0,13.00,4,4,8,168.00,1.00,"2026-06-08 15:34:49"
55566,0,5,"1. Junior User (1-6 Months)",Computer,1,17,Credit Card,female,3,4,Fashion,3,Married,6,0,21.00,4,0,9,235.00,0.00,"2026-06-08 15:34:49"
55567,0,28,"3. Core Loyal (>1 Year)",Mobile Phone,1,17,Credit Card,female,4,4,Laptop & Accessory,5,Single,8,1,20.00,1,2,5,169.00,0.50,"2026-06-08 15:34:49"
55568,0,1,"1. Junior User (1-6 Months)",Mobile Phone,1,8,Debit Card,male,3,5,Laptop & Accessory,3,Single,3,0,13.00,2,2,3,171.00,1.00,"2026-06-08 15:34:49"
55569,0,1,"1. Junior User (1-6 Months)",Mobile Phone,1,19,UPI,male,4,4,Mobile Phone,1,Single,3,0,14.00,2,2,5,151.00,1.00,"2026-06-08 15:34:49"
55570,0,14,"3. Core Loyal (>1 Year)",Computer,1,18,Cash on Delivery,female,4,4,Laptop & Accessory,3,Married,3,0,12.00,8,10,5,188.00,0.80,"2026-06-08 15:34:49"
55571,0,14,"3. Core Loyal (>1 Year)",Mobile Phone,3,9,E wallet,female,4,4,Laptop & Accessory,4,Married,5,0,15.00,2,6,11,182.00,0.33,"2026-06-08 15:34:49"
55572,0,1,"1. Junior User (1-6 Months)",Mobile Phone,2,9,UPI,female,3,4,Mobile Phone,4,Married,6,0,15.00,1,2,3,147.00,0.50,"2026-06-08 15:34:49"
55573,0,4,"1. Junior User (1-6 Months)",Mobile Phone,1,8,Credit Card,male,4,4,Mobile Phone,4,Married,3,0,14.00,2,2,8,162.00,1.00,"2026-06-08 15:34:49"
55574,0,1,"1. Junior User (1-6 Months)",Mobile Phone,1,9,UPI,male,3,4,Mobile Phone,3,Married,8,1,20.00,1,2,3,165.00,0.50,"2026-06-08 15:34:49"
55575,0,21,"3. Core Loyal (>1 Year)",Mobile Phone,1,32,Credit Card,male,3,4,Fashion,3,Single,4,0,24.00,10,13,-1,211.00,0.77,"2026-06-08 15:34:49"
55576,0,7,"2. Mid-Loyal (7-12 Months)",Computer,1,8,Credit Card,male,3,5,Mobile Phone,3,Married,3,0,13.00,1,2,1,145.00,0.50,"2026-06-08 15:34:49"
55577,0,12,"2. Mid-Loyal (7-12 Months)",Mobile Phone,3,8,Debit Card,male,3,4,Laptop & Accessory,4,Married,2,0,16.00,2,6,9,169.00,0.33,"2026-06-08 15:34:49"
55578,0,5,"1. Junior User (1-6 Months)",Mobile Phone,3,9,Debit Card,male,3,4,Mobile Phone,3,Married,2,0,20.00,1,2,3,156.00,0.50,"2026-06-08 15:34:49"
55579,0,12,"2. Mid-Loyal (7-12 Months)",Computer,1,13,Debit Card,male,4,5,Laptop & Accessory,3,Married,4,0,12.00,3,8,8,178.00,0.38,"2026-06-08 15:34:49"
55580,0,16,"3. Core Loyal (>1 Year)",Mobile Phone,1,25,Debit Card,male,3,4,Laptop & Accessory,5,Married,8,1,18.00,2,2,3,179.00,1.00,"2026-06-08 15:34:49"
55581,0,15,"3. Core Loyal (>1 Year)",Mobile Phone,1,8,Debit Card,male,4,4,Mobile Phone,1,Married,5,0,23.00,1,2,1,153.00,0.50,"2026-06-08 15:34:49"
55582,0,21,"3. Core Loyal (>1 Year)",Computer,1,8,Credit Card,female,4,4,Fashion,4,Married,2,0,19.00,1,0,13,245.00,0.00,"2026-06-08 15:34:49"
55583,0,9,"2. Mid-Loyal (7-12 Months)",Mobile Phone,1,18,Credit Card,male,3,4,Mobile Phone,3,Married,9,1,12.00,3,3,3,152.00,1.00,"2026-06-08 15:34:49"
55584,0,1,"1. Junior User (1-6 Months)",Mobile Phone,1,8,Debit Card,male,4,4,Mobile Phone,3,Single,2,0,13.00,2,2,3,159.00,1.00,"2026-06-08 15:34:49"
55585,0,9,"2. Mid-Loyal (7-12 Months)",Mobile Phone,1,16,Credit Card,male,3,4,Laptop & Accessory,3,Single,3,0,20.00,1,2,9,176.00,0.50,"2026-06-08 15:34:49"
55586,0,7,"2. Mid-Loyal (7-12 Months)",Mobile Phone,1,22,Credit Card,female,4,4,Laptop & Accessory,1,Married,2,1,14.00,7,9,2,174.00,0.78,"2026-06-08 15:34:49"
55587,0,6,"1. Junior User (1-6 Months)",Mobile Phone,1,36,Debit Card,female,3,5,Mobile Phone,4,Single,3,0,14.00,1,5,2,153.00,0.20,"2026-06-08 15:34:49"
55588,0,14,"3. Core Loyal (>1 Year)",Mobile Phone,1,8,Debit Card,male,3,4,Mobile Phone,1,Married,10,0,20.00,2,2,1,149.00,1.00,"2026-06-08 15:34:49"
55589,0,6,"1. Junior User (1-6 Months)",Mobile Phone,3,8,Credit Card,male,4,5,Mobile Phone,4,Married,2,0,15.00,3,3,3,148.00,1.00,"2026-06-08 15:34:49"
55590,0,13,"3. Core Loyal (>1 Year)",Mobile Phone,1,31,Debit Card,male,3,4,Laptop & Accessory,1,Single,9,0,14.00,1,2,8,166.00,0.50,"2026-06-08 15:34:49"
55591,0,12,"2. Mid-Loyal (7-12 Months)",Mobile Phone,1,17,Credit Card,female,4,6,Fashion,3,Married,5,0,13.00,1,0,12,257.00,0.00,"2026-06-08 15:34:49"
55592,0,6,"1. Junior User (1-6 Months)",Mobile Phone,3,8,E wallet,female,3,4,Fashion,1,Married,3,0,20.00,1,6,-1,229.00,0.17,"2026-06-08 15:34:49"
55593,0,11,"2. Mid-Loyal (7-12 Months)",Mobile Phone,1,17,Debit Card,female,3,2,Fashion,1,Married,3,1,26.00,0,7,9,262.00,0.00,"2026-06-08 15:34:49"
55594,0,1,"1. Junior User (1-6 Months)",Mobile Phone,3,15,UPI,female,3,4,Laptop & Accessory,3,Married,2,1,23.00,1,2,5,174.00,0.50,"2026-06-08 15:34:49"
55595,0,26,"3. Core Loyal (>1 Year)",Computer,3,36,Debit Card,male,3,4,Mobile Phone,1,Married,4,0,16.00,2,2,1,160.00,1.00,"2026-06-08 15:34:49"
55596,0,18,"3. Core Loyal (>1 Year)",Mobile Phone,1,8,Credit Card,male,3,4,Mobile Phone,1,Single,8,1,13.00,2,2,3,149.00,1.00,"2026-06-08 15:34:49"
55597,0,1,"1. Junior User (1-6 Months)",Mobile Phone,3,12,Credit Card,male,3,4,Mobile Phone,5,Single,3,1,12.00,2,2,3,149.00,1.00,"2026-06-08 15:34:49"
55598,0,13,"3. Core Loyal (>1 Year)",Computer,1,16,Debit Card,male,3,4,Others,1,Single,4,0,0.0,2,2,4,319.00,1.00,"2026-06-08 15:34:49"
55599,1,1,"1. Junior User (1-6 Months)",Computer,3,16,E wallet,male,3,4,Mobile Phone,5,Married,3,0,20.00,2,2,1,143.00,1.00,"2026-06-08 15:34:49"
55600,0,10,"2. Mid-Loyal (7-12 Months)",Mobile Phone,3,10,Credit Card,female,4,5,Fashion,1,Married,2,0,20.00,1,4,5,201.00,0.25,"2026-06-08 15:34:49"
55601,0,10,"2. Mid-Loyal (7-12 Months)",Computer,1,11,Debit Card,female,4,4,Laptop & Accessory,4,Married,9,0,14.00,1,2,3,176.00,0.50,"2026-06-08 15:34:49"
55602,0,30,"3. Core Loyal (>1 Year)",Computer,1,8,Debit Card,male,3,4,Laptop & Accessory,3,Married,3,0,22.00,1,2,10,188.00,0.50,"2026-06-08 15:34:49"
55603,1,1,"1. Junior User (1-6 Months)",Mobile Phone,1,8,Credit Card,male,3,4,Mobile Phone,1,Married,11,1,15.00,3,3,3,173.00,1.00,"2026-06-08 15:34:49"
55604,0,16,"3. Core Loyal (>1 Year)",Mobile Phone,1,9,Debit Card,male,3,4,Others,3,Married,7,0,0.0,1,5,15,314.00,0.20,"2026-06-08 15:34:49"
55605,1,20,"3. Core Loyal (>1 Year)",Mobile Phone,1,14,Cash on Delivery,male,4,4,Mobile Phone,3,Married,10,0,12.00,7,10,9,148.00,0.70,"2026-06-08 15:34:49"
55606,0,15,"3. Core Loyal (>1 Year)",Mobile Phone,1,35,Debit Card,female,3,5,Grocery,4,Married,2,0,24.00,2,2,11,261.00,1.00,"2026-06-08 15:34:49"
55607,0,8,"2. Mid-Loyal (7-12 Months)",Mobile Phone,3,35,E wallet,female,4,5,Laptop & Accessory,3,Married,3,0,22.00,2,2,8,192.00,1.00,"2026-06-08 15:34:49"
55608,0,10,"2. Mid-Loyal (7-12 Months)",Computer,3,22,E wallet,male,3,6,Laptop & Accessory,1,Married,3,0,25.00,6,12,12,179.00,0.50,"2026-06-08 15:34:49"
55609,0,15,"3. Core Loyal (>1 Year)",Mobile Phone,3,10,Debit Card,male,3,5,Laptop & Accessory,4,Married,4,0,12.00,2,2,-1,214.00,1.00,"2026-06-08 15:34:49"
55610,0,6,"1. Junior User (1-6 Months)",Mobile Phone,1,9,Cash on Delivery,male,4,4,Mobile Phone,5,Single,3,0,15.00,1,2,3,149.00,0.50,"2026-06-08 15:34:49"
55611,0,9,"2. Mid-Loyal (7-12 Months)",Mobile Phone,2,33,Debit Card,female,3,4,Fashion,1,Single,3,1,17.00,2,2,-1,213.00,1.00,"2026-06-08 15:34:49"
55612,0,12,"2. Mid-Loyal (7-12 Months)",Mobile Phone,3,17,Debit Card,female,4,4,Laptop & Accessory,1,Married,3,0,12.00,1,2,10,178.00,0.50,"2026-06-08 15:34:49"
55613,1,14,"3. Core Loyal (>1 Year)",Computer,3,8,Debit Card,male,4,4,Laptop & Accessory,3,Married,9,0,13.00,2,2,2,192.00,1.00,"2026-06-08 15:34:49"
55614,0,10,"2. Mid-Loyal (7-12 Months)",Mobile Phone,3,18,E wallet,female,4,5,Laptop & Accessory,1,Married,6,0,14.00,2,2,1,192.00,1.00,"2026-06-08 15:34:49"
55615,0,19,"3. Core Loyal (>1 Year)",Mobile Phone,3,27,Debit Card,female,3,4,Laptop & Accessory,3,Single,10,0,16.00,1,2,2,174.00,0.50,"2026-06-08 15:34:49"
55616,0,14,"3. Core Loyal (>1 Year)",Mobile Phone,1,9,Debit Card,male,1,5,Mobile Phone,3,Single,4,0,15.00,1,3,3,153.00,0.33,"2026-06-08 15:34:49"
55617,0,9,"2. Mid-Loyal (7-12 Months)",Computer,1,25,Debit Card,male,4,4,Laptop & Accessory,3,Married,3,1,15.00,1,2,3,182.00,0.50,"2026-06-08 15:34:49"
55618,0,14,"3. Core Loyal (>1 Year)",Mobile Phone,1,9,Credit Card,female,4,4,Mobile Phone,3,Married,4,0,15.00,1,2,3,145.00,0.50,"2026-06-08 15:34:49"
55619,0,9,"2. Mid-Loyal (7-12 Months)",Mobile Phone,1,8,Debit Card,female,4,6,Mobile Phone,1,Married,3,0,13.00,2,2,2,155.00,1.00,"2026-06-08 15:34:49"
55620,0,3,"1. Junior User (1-6 Months)",Mobile Phone,1,20,UPI,male,3,5,Laptop & Accessory,4,Married,6,1,14.00,1,2,4,165.00,0.50,"2026-06-08 15:34:49"
55621,0,3,"1. Junior User (1-6 Months)",Mobile Phone,1,35,Credit Card,female,4,5,Mobile Phone,5,Single,3,0,15.00,1,2,5,163.00,0.50,"2026-06-08 15:34:49"
55622,1,14,"3. Core Loyal (>1 Year)",Mobile Phone,3,35,E wallet,male,3,5,Fashion,5,Married,6,1,14.00,3,0,1,234.00,0.00,"2026-06-08 15:34:49"
55623,0,13,"3. Core Loyal (>1 Year)",Mobile Phone,3,31,E wallet,female,3,5,Grocery,1,Married,2,0,12.00,4,0,7,245.00,0.00,"2026-06-08 15:34:49"
55624,0,5,"1. Junior User (1-6 Months)",Computer,1,12,Credit Card,male,4,4,Laptop & Accessory,5,Single,2,0,20.00,2,2,-1,224.00,1.00,"2026-06-08 15:34:49"
55625,0,1,"1. Junior User (1-6 Months)",Mobile Phone,3,12,UPI,female,2,5,Mobile Phone,3,Single,2,0,19.00,2,2,1,155.00,1.00,"2026-06-08 15:34:49"
55626,0,10,"2. Mid-Loyal (7-12 Months)",Computer,1,30,Credit Card,male,3,2,Laptop & Accessory,1,Married,6,0,18.00,1,2,4,151.00,0.50,"2026-06-08 15:34:49"
55627,0,13,"3. Core Loyal (>1 Year)",Mobile Phone,1,13,Credit Card,male,3,5,Fashion,5,Married,6,0,16.00,1,2,-1,225.00,0.50,"2026-06-08 15:34:49"
55628,0,1,"1. Junior User (1-6 Months)",Mobile Phone,1,11,Debit Card,male,3,2,Laptop & Accessory,4,Married,3,1,21.00,1,2,4,186.00,0.50,"2026-06-08 15:34:49"
55629,0,23,"3. Core Loyal (>1 Year)",Computer,3,9,Credit Card,male,4,5,Laptop & Accessory,4,Married,4,0,15.00,2,2,9,179.00,1.00,"2026-06-08 15:34:49"
55630,0,8,"2. Mid-Loyal (7-12 Months)",Mobile Phone,1,15,Credit Card,male,3,2,Laptop & Accessory,3,Married,4,0,13.00,2,2,3,169.00,1.00,"2026-06-08 15:34:49"
